scenario,rho,axis,value,method,reference,metric,n,mean_difference,ci95_low,ci95_high,interpretation
burst,0.5,main,,bwc,jbsq,class0_p99_us,10,1.43232585075,1.3171802557425003,1.5525063127400003,higher
burst,0.5,main,,bwc,jbsq,control_cpu_mean,10,1.125611839348,1.122682522250025,1.12795215443025,higher
burst,0.5,main,,bwc,jbsq,p999_us,10,0.049577640700002236,-0.04689138200000116,0.1691309867000058,uncertain
burst,0.5,main,,bwc,jbsq,p99_us,10,0.07104982950000079,0.01772235140000191,0.12444802020000054,higher
burst,0.5,main,,bwc,jbsq,slo_miss_rate,10,-0.005311794918400016,-0.007978962711207531,-0.002452903460725009,lower
burst,0.5,main,,bwc,jsw,class0_p99_us,10,-2.33442876669,-2.6337188156404996,-2.0776823493695002,lower
burst,0.5,main,,bwc,jsw,control_cpu_mean,10,0.727211839344,0.7242825222460251,0.7295521544262501,higher
burst,0.5,main,,bwc,jsw,p999_us,10,-0.1700141206000012,-0.31870316063000625,-0.04812592039999686,lower
burst,0.5,main,,bwc,jsw,p99_us,10,-0.4811588945999915,-0.5554051410299876,-0.3916937240799893,lower
burst,0.5,main,,bwc,jsw,slo_miss_rate,10,-0.016319963622500037,-0.025236032287432538,-0.009871216890800043,lower
burst,0.5,main,,bwc,qbr,class0_p99_us,10,-2.2197904098399994,-2.5623952962655,-1.9377830007235002,lower
burst,0.5,main,,bwc,qbr,control_cpu_mean,10,-0.880271366917,-0.88221062621385,-0.87799649116415,lower
burst,0.5,main,,bwc,qbr,p999_us,10,-0.2410844486000002,-0.46317123783000097,-0.050013941800000336,lower
burst,0.5,main,,bwc,qbr,p99_us,10,-0.46356211669999536,-0.5908846253249962,-0.3550544433949934,lower
burst,0.5,main,,bwc,qbr,slo_miss_rate,10,-0.01670585450900003,-0.022411140010785032,-0.011176402591782507,lower
burst,0.5,main,,bwc,single,class0_p99_us,10,-2.40607743138,-2.75679368058025,-2.1081727866335,lower
burst,0.5,main,,bwc,single,control_cpu_mean,10,-0.874049566892,-0.876500768770625,-0.871777053796975,lower
burst,0.5,main,,bwc,single,p999_us,10,-0.26414726980000014,-0.5322662949999966,-0.04691482770000164,lower
burst,0.5,main,,bwc,single,p99_us,10,-0.3919766435999946,-0.49729603727750554,-0.30245881873999014,lower
burst,0.5,main,,bwc,single,slo_miss_rate,10,-0.015551014716800038,-0.020896925983425043,-0.010417823209300037,lower
burst,0.5,main,,bwc,steal,class0_p99_us,10,-2.65482878174,-3.032395179043,-2.3325637280297498,lower
burst,0.5,main,,bwc,steal,control_cpu_mean,10,-3.142505884833,-3.1962031014800747,-3.085476777017725,lower
burst,0.5,main,,bwc,steal,p999_us,10,-0.31356193869999915,-0.580664262545001,-0.07193020405500045,lower
burst,0.5,main,,bwc,steal,p99_us,10,-0.4635083784999921,-0.5887042068499928,-0.33854307499998976,lower
burst,0.5,main,,bwc,steal,slo_miss_rate,10,-0.014043647485800018,-0.018615867766505013,-0.009855529084375024,lower
burst,0.5,main,,bwc,threshold,class0_p99_us,10,-2.7958347696199994,-3.2561583828404994,-2.4244601865307502,lower
burst,0.5,main,,bwc,threshold,control_cpu_mean,10,-1.0438479389320001,-1.0508666264685251,-1.03608282142945,lower
burst,0.5,main,,bwc,threshold,p999_us,10,-0.43878285000000117,-0.7343677553999981,-0.1711298123000006,lower
burst,0.5,main,,bwc,threshold,p99_us,10,-0.37457541259999233,-0.4644889992999879,-0.28482195508999525,lower
burst,0.5,main,,bwc,threshold,slo_miss_rate,10,-0.021429559605700033,-0.03391461307930002,-0.01064810239320005,lower
burst,0.5,main,,jbsq,jsw,class0_p99_us,10,-3.76675461744,-4.083697359538499,-3.44338576786325,lower
burst,0.5,main,,jbsq,jsw,control_cpu_mean,10,-0.398400000004,-0.398400000004,-0.398400000004,lower
burst,0.5,main,,jbsq,jsw,p999_us,10,-0.21959176130000344,-0.3943198103100069,-0.07250302640000257,lower
burst,0.5,main,,jbsq,jsw,p99_us,10,-0.5522087240999923,-0.6233992277999875,-0.4792349363999939,lower
burst,0.5,main,,jbsq,jsw,slo_miss_rate,10,-0.01100816870410002,-0.019349999678940015,-0.0047457638568175215,lower
burst,0.5,main,,jbsq,qbr,class0_p99_us,10,-3.6521162605899997,-3.9798755308942497,-3.3486600074379997,lower
burst,0.5,main,,jbsq,qbr,control_cpu_mean,10,-2.0058832062649996,-2.008158626919675,-2.003308618248725,lower
burst,0.5,main,,jbsq,qbr,p999_us,10,-0.2906620893000024,-0.4640268747100019,-0.12123399790000064,lower
burst,0.5,main,,jbsq,qbr,p99_us,10,-0.5346119461999962,-0.643193678910001,-0.4445211165674985,lower
burst,0.5,main,,jbsq,qbr,slo_miss_rate,10,-0.011394059590600011,-0.016733767141535,-0.0058884326743675166,lower
burst,0.5,main,,jbsq,single,class0_p99_us,10,-3.8384032821300003,-4.196360631646001,-3.4797277804752507,lower
burst,0.5,main,,jbsq,single,control_cpu_mean,10,-1.99966140624,-2.0010736171775,-1.99830573045875,lower
burst,0.5,main,,jbsq,single,p999_us,10,-0.31372491050000234,-0.5786263667000014,-0.09837764930000503,lower
burst,0.5,main,,jbsq,single,p99_us,10,-0.46302647309999545,-0.5347858404049887,-0.39199251149749154,lower
burst,0.5,main,,jbsq,single,slo_miss_rate,10,-0.010239219798400022,-0.015344830614780043,-0.0056999933768000065,lower
burst,0.5,main,,jbsq,steal,class0_p99_us,10,-4.08715463249,-4.45400177721575,-3.7403411051204998,lower
burst,0.5,main,,jbsq,steal,control_cpu_mean,10,-4.268117724181,-4.3222092113918755,-4.2107351787746,lower
burst,0.5,main,,jbsq,steal,p999_us,10,-0.36313957940000136,-0.6566002354525035,-0.09873657840000191,lower
burst,0.5,main,,jbsq,steal,p99_us,10,-0.5345582079999929,-0.6234599802474949,-0.44537458119999374,lower
burst,0.5,main,,jbsq,steal,slo_miss_rate,10,-0.0087318525674,-0.012505610954700009,-0.004943556061850003,lower
burst,0.5,main,,jbsq,threshold,class0_p99_us,10,-4.22816062037,-4.6732667967765,-3.8159918234004997,lower
burst,0.5,main,,jbsq,threshold,control_cpu_mean,10,-2.16945977828,-2.17822827311015,-2.1598251254737,lower
burst,0.5,main,,jbsq,threshold,p999_us,10,-0.4883604907000034,-0.8289500955000022,-0.19534926550000478,lower
burst,0.5,main,,jbsq,threshold,p99_us,10,-0.4456252420999931,-0.5172984873724882,-0.37263064281250136,lower
burst,0.5,main,,jbsq,threshold,slo_miss_rate,10,-0.016117764687300012,-0.027313109671932505,-0.00666020873189502,lower
burst,0.5,main,,jsw,jbsq,class0_p99_us,10,3.76675461744,3.4433857678632496,4.083697359538499,higher
burst,0.5,main,,jsw,jbsq,control_cpu_mean,10,0.398400000004,0.398400000004,0.398400000004,higher
burst,0.5,main,,jsw,jbsq,p999_us,10,0.21959176130000344,0.07250302640000257,0.39431981031000685,higher
burst,0.5,main,,jsw,jbsq,p99_us,10,0.5522087240999923,0.4792349363999939,0.6233992277999875,higher
burst,0.5,main,,jsw,jbsq,slo_miss_rate,10,0.01100816870410002,0.0047457638568175215,0.019349999678940015,higher
burst,0.5,main,,jsw,qbr,class0_p99_us,10,0.11463835685000028,-0.05735982737099907,0.2917124464300006,uncertain
burst,0.5,main,,jsw,qbr,control_cpu_mean,10,-1.607483206261,-1.6097586269156747,-1.604908618244725,lower
burst,0.5,main,,jsw,qbr,p999_us,10,-0.07107032799999899,-0.31017843629999503,0.17293268980250032,uncertain
burst,0.5,main,,jsw,qbr,p99_us,10,0.01759677789999614,-0.10772904043000907,0.12500254775999273,uncertain
burst,0.5,main,,jsw,qbr,slo_miss_rate,10,-0.0003858908864999913,-0.005691890947149995,0.005681007771052503,uncertain
burst,0.5,main,,jsw,single,class0_p99_us,10,-0.07164866469000017,-0.20771376001450148,0.05524467819174906,uncertain
burst,0.5,main,,jsw,single,control_cpu_mean,10,-1.601261406236,-1.6026736171734997,-1.59990573045475,lower
burst,0.5,main,,jsw,single,p999_us,10,-0.0941331491999989,-0.3845720018999913,0.17507437339999968,uncertain
burst,0.5,main,,jsw,single,p99_us,10,0.08918225099999688,0.0002494279000018196,0.17792044488249545,higher
burst,0.5,main,,jsw,single,slo_miss_rate,10,0.0007689489056999978,-0.007185770095127501,0.010247988635757512,uncertain
burst,0.5,main,,jsw,steal,class0_p99_us,10,-0.32040001505000004,-0.5224834349400002,-0.14152977218575008,lower
burst,0.5,main,,jsw,steal,control_cpu_mean,10,-3.8697177241770007,-3.9238092113878746,-3.8123351787706006,lower
burst,0.5,main,,jsw,steal,p999_us,10,-0.14354781809999792,-0.3871942192999967,0.05214877720000288,uncertain
burst,0.5,main,,jsw,steal,p99_us,10,0.017650516099999437,-0.054130630600005246,0.0893418921000034,uncertain
burst,0.5,main,,jsw,steal,slo_miss_rate,10,0.002276316136700018,-0.00396716741519498,0.010615760850392505,uncertain
burst,0.5,main,,jsw,threshold,class0_p99_us,10,-0.46140600292999956,-0.6557955923784999,-0.28735389518850035,lower
burst,0.5,main,,jsw,threshold,control_cpu_mean,10,-1.771059778276,-1.77982827310615,-1.7614251254697,lower
burst,0.5,main,,jsw,threshold,p999_us,10,-0.26876872939999996,-0.5640155982999943,-0.022217096500003208,lower
burst,0.5,main,,jsw,threshold,p99_us,10,0.1065834819999992,0.03560502119999853,0.17758054120249708,higher
burst,0.5,main,,jsw,threshold,slo_miss_rate,10,-0.005109595983199995,-0.01210812901192,0.0013550756324875093,uncertain
burst,0.5,main,,p2c,jbsq,class0_p99_us,10,3.35922763896,2.7653898080975003,3.971771441129999,higher
burst,0.5,main,,p2c,jbsq,control_cpu_mean,10,0.398400000004,0.398400000004,0.398400000004,higher
burst,0.5,main,,p2c,jbsq,p999_us,10,0.3602263763000025,0.07214085060000172,0.7200145606000007,higher
burst,0.5,main,,p2c,jbsq,p99_us,10,0.3378106235999951,0.2131324486524941,0.478882589914991,higher
burst,0.5,main,,p2c,jbsq,slo_miss_rate,10,0.14067068676940003,0.1095228122752525,0.16900160789236746,higher
burst,0.5,main,,p2c,jsw,class0_p99_us,10,-0.40752697847999997,-0.7358609460067496,-0.05995491789174959,lower
burst,0.5,main,,p2c,jsw,control_cpu_mean,10,0.0,0.0,0.0,uncertain
burst,0.5,main,,p2c,jsw,p999_us,10,0.14063461499999902,-0.19780522009999685,0.5275130909999973,uncertain
burst,0.5,main,,p2c,jsw,p99_us,10,-0.21439810049999722,-0.3567306705149976,-0.07236946052249686,lower
burst,0.5,main,,p2c,jsw,slo_miss_rate,10,0.1296625180653,0.09847602341558999,0.1579567601005525,higher
burst,0.5,main,,p2c,qbr,class0_p99_us,10,-0.2928886216299997,-0.6496638796899992,0.0515408091689999,uncertain
burst,0.5,main,,p2c,qbr,control_cpu_mean,10,-1.607483206261,-1.6097586269156747,-1.604908618244725,lower
burst,0.5,main,,p2c,qbr,p999_us,10,0.06956428700000003,-0.21600955889999512,0.4300036432000013,uncertain
burst,0.5,main,,p2c,qbr,p99_us,10,-0.19680132260000108,-0.35849992635500394,-0.053346113104996255,lower
burst,0.5,main,,p2c,qbr,slo_miss_rate,10,0.1292766271788,0.0976162110074475,0.158185264105715,higher
burst,0.5,main,,p2c,single,class0_p99_us,10,-0.47917564317000017,-0.8061850792337496,-0.15512210538300045,lower
burst,0.5,main,,p2c,single,control_cpu_mean,10,-1.601261406236,-1.6026736171734997,-1.59990573045475,lower
burst,0.5,main,,p2c,single,p999_us,10,0.04650146580000012,-0.07490851260000397,0.21441291000000434,uncertain
burst,0.5,main,,p2c,single,p99_us,10,-0.12521584950000034,-0.28500086928000357,0.03494647455499993,uncertain
burst,0.5,main,,p2c,single,slo_miss_rate,10,0.130431466971,0.09989234822318249,0.15879169578920996,higher
burst,0.5,main,,p2c,steal,class0_p99_us,10,-0.72792699353,-1.0787273878695003,-0.4173542306424997,lower
burst,0.5,main,,p2c,steal,control_cpu_mean,10,-3.8697177241770007,-3.9238092113878746,-3.8123351787706006,lower
burst,0.5,main,,p2c,steal,p999_us,10,-0.0029132030999988955,-0.2432587651999995,0.26090149570000276,uncertain
burst,0.5,main,,p2c,steal,p99_us,10,-0.1967475843999978,-0.3760224270774966,-0.034999944239996035,lower
burst,0.5,main,,p2c,steal,slo_miss_rate,10,0.131938834202,0.10018013068071249,0.161197817138395,higher
burst,0.5,main,,p2c,threshold,class0_p99_us,10,-0.8689329814099995,-1.1452200263844992,-0.6164767789167503,lower
burst,0.5,main,,p2c,threshold,control_cpu_mean,10,-1.771059778276,-1.77982827310615,-1.7614251254697,lower
burst,0.5,main,,p2c,threshold,p999_us,10,-0.12813411440000094,-0.4941601789775009,0.3030863995999994,uncertain
burst,0.5,main,,p2c,threshold,p99_us,10,-0.107814618499998,-0.2683518956049978,0.03496371099249955,uncertain
burst,0.5,main,,p2c,threshold,slo_miss_rate,10,0.1245529220821,0.09698739583676001,0.15103947043422247,higher
burst,0.5,main,,qbr,jbsq,class0_p99_us,10,3.6521162605899997,3.3486600074379997,3.9798755308942493,higher
burst,0.5,main,,qbr,jbsq,control_cpu_mean,10,2.0058832062649996,2.003308618248725,2.008158626919675,higher
burst,0.5,main,,qbr,jbsq,p999_us,10,0.2906620893000024,0.12123399790000064,0.4640268747100017,higher
burst,0.5,main,,qbr,jbsq,p99_us,10,0.5346119461999962,0.4445211165674985,0.643193678910001,higher
burst,0.5,main,,qbr,jbsq,slo_miss_rate,10,0.011394059590600011,0.005888432674367516,0.016733767141535,higher
burst,0.5,main,,qbr,jsw,class0_p99_us,10,-0.11463835685000028,-0.2917124464300006,0.05735982737099895,uncertain
burst,0.5,main,,qbr,jsw,control_cpu_mean,10,1.607483206261,1.604908618244725,1.6097586269156747,higher
burst,0.5,main,,qbr,jsw,p999_us,10,0.07107032799999899,-0.17293268980250034,0.31017843629999503,uncertain
burst,0.5,main,,qbr,jsw,p99_us,10,-0.01759677789999614,-0.12500254775999273,0.10772904043000904,uncertain
burst,0.5,main,,qbr,jsw,slo_miss_rate,10,0.0003858908864999913,-0.005681007771052503,0.005691890947149995,uncertain
burst,0.5,main,,qbr,single,class0_p99_us,10,-0.18628702154000046,-0.34555560625975074,-0.016068661178750845,lower
burst,0.5,main,,qbr,single,control_cpu_mean,10,0.006221800025000002,0.004718824377849969,0.007505873226200001,higher
burst,0.5,main,,qbr,single,p999_us,10,-0.023062821199999917,-0.24199071249999804,0.1910696911899934,uncertain
burst,0.5,main,,qbr,single,p99_us,10,0.07158547310000074,-0.017794515447500246,0.17888166170000092,uncertain
burst,0.5,main,,qbr,single,slo_miss_rate,10,0.0011548397921999892,-0.0050945806464000164,0.006834605792969989,uncertain
burst,0.5,main,,qbr,steal,class0_p99_us,10,-0.43503837190000033,-0.6272457021380001,-0.24459272820350023,lower
burst,0.5,main,,qbr,steal,control_cpu_mean,10,-2.2622345179159997,-2.3152069303204,-2.20577256350425,lower
burst,0.5,main,,qbr,steal,p999_us,10,-0.07247749009999893,-0.338934844342497,0.19671263513749784,uncertain
burst,0.5,main,,qbr,steal,p99_us,10,5.373820000329488e-05,-0.10797700700249727,0.10813777810000716,uncertain
burst,0.5,main,,qbr,steal,slo_miss_rate,10,0.0026622070232000094,-0.0031918023989875024,0.008155674135997508,uncertain
burst,0.5,main,,qbr,threshold,class0_p99_us,10,-0.5760443597799998,-0.7680002477819999,-0.37136411174775,lower
burst,0.5,main,,qbr,threshold,control_cpu_mean,10,-0.16357657201500003,-0.1708574876447,-0.15552119583962504,lower
burst,0.5,main,,qbr,threshold,p999_us,10,-0.197698401400001,-0.44130657199999634,0.04228953449999153,uncertain
burst,0.5,main,,qbr,threshold,p99_us,10,0.08898670410000306,-0.018542384227498727,0.1963743496725035,uncertain
burst,0.5,main,,qbr,threshold,slo_miss_rate,10,-0.004723705096700004,-0.014561561394072496,0.004184373645764995,uncertain
burst,0.5,main,,single,jbsq,class0_p99_us,10,3.8384032821300003,3.47972778047525,4.196360631646,higher
burst,0.5,main,,single,jbsq,control_cpu_mean,10,1.99966140624,1.99830573045875,2.0010736171775,higher
burst,0.5,main,,single,jbsq,p999_us,10,0.31372491050000234,0.09837764930000503,0.5786263667000014,higher
burst,0.5,main,,single,jbsq,p99_us,10,0.46302647309999545,0.39199251149749154,0.5347858404049887,higher
burst,0.5,main,,single,jbsq,slo_miss_rate,10,0.010239219798400022,0.0056999933768000065,0.015344830614780041,higher
burst,0.5,main,,single,jsw,class0_p99_us,10,0.07164866469000017,-0.0552446781917492,0.2077137600145014,uncertain
burst,0.5,main,,single,jsw,control_cpu_mean,10,1.601261406236,1.59990573045475,1.6026736171734997,higher
burst,0.5,main,,single,jsw,p999_us,10,0.0941331491999989,-0.17507437339999968,0.3845720018999913,uncertain
burst,0.5,main,,single,jsw,p99_us,10,-0.08918225099999688,-0.17792044488249545,-0.0002494279000018196,lower
burst,0.5,main,,single,jsw,slo_miss_rate,10,-0.0007689489056999978,-0.010247988635757512,0.0071857700951275,uncertain
burst,0.5,main,,single,qbr,class0_p99_us,10,0.18628702154000046,0.01606866117875071,0.3455556062597506,higher
burst,0.5,main,,single,qbr,control_cpu_mean,10,-0.006221800025000002,-0.007505873226200003,-0.004718824377849971,lower
burst,0.5,main,,single,qbr,p999_us,10,0.023062821199999917,-0.1910696911899938,0.24199071249999804,uncertain
burst,0.5,main,,single,qbr,p99_us,10,-0.07158547310000074,-0.17888166170000092,0.017794515447500228,uncertain
burst,0.5,main,,single,qbr,slo_miss_rate,10,-0.0011548397921999892,-0.00683460579296999,0.0050945806464000164,uncertain
burst,0.5,main,,single,steal,class0_p99_us,10,-0.2487513503599999,-0.49522670543274944,-0.012350941064999168,lower
burst,0.5,main,,single,steal,control_cpu_mean,10,-2.268456317941,-2.3224183216413494,-2.211446932926875,lower
burst,0.5,main,,single,steal,p999_us,10,-0.049414668899999015,-0.24476590549250127,0.11976685929999746,uncertain
burst,0.5,main,,single,steal,p99_us,10,-0.07153173489999745,-0.1789727108999955,0.01782866780000063,uncertain
burst,0.5,main,,single,steal,slo_miss_rate,10,0.0015073672310000202,-0.0026772562148074854,0.005485162371012513,uncertain
burst,0.5,main,,single,threshold,class0_p99_us,10,-0.38975733823999936,-0.5532012190797505,-0.23175148777174887,lower
burst,0.5,main,,single,threshold,control_cpu_mean,10,-0.16979837204000003,-0.17747408480287502,-0.16128900704185006,lower
burst,0.5,main,,single,threshold,p999_us,10,-0.17463558020000108,-0.49317651369999566,0.11737464069999533,uncertain
burst,0.5,main,,single,threshold,p99_us,10,0.017401231000002328,-0.07192230446749584,0.10663593702999818,uncertain
burst,0.5,main,,single,threshold,slo_miss_rate,10,-0.005878544888899993,-0.016117386055917494,0.0018966182720999997,uncertain
burst,0.5,main,,steal,jbsq,class0_p99_us,10,4.08715463249,3.7403411051204998,4.45400177721575,higher
burst,0.5,main,,steal,jbsq,control_cpu_mean,10,4.268117724181,4.2107351787746,4.3222092113918755,higher
burst,0.5,main,,steal,jbsq,p999_us,10,0.36313957940000136,0.09873657840000191,0.6566002354525035,higher
burst,0.5,main,,steal,jbsq,p99_us,10,0.5345582079999929,0.44537458119999374,0.6234599802474949,higher
burst,0.5,main,,steal,jbsq,slo_miss_rate,10,0.0087318525674,0.0049435560618500025,0.012505610954700009,higher
burst,0.5,main,,steal,jsw,class0_p99_us,10,0.32040001505000004,0.14152977218575005,0.5224834349400002,higher
burst,0.5,main,,steal,jsw,control_cpu_mean,10,3.8697177241770007,3.8123351787706006,3.9238092113878746,higher
burst,0.5,main,,steal,jsw,p999_us,10,0.14354781809999792,-0.05214877720000288,0.3871942192999967,uncertain
burst,0.5,main,,steal,jsw,p99_us,10,-0.017650516099999437,-0.0893418921000034,0.054130630600005246,uncertain
burst,0.5,main,,steal,jsw,slo_miss_rate,10,-0.002276316136700018,-0.010615760850392507,0.00396716741519498,uncertain
burst,0.5,main,,steal,qbr,class0_p99_us,10,0.43503837190000033,0.24459272820350014,0.6272457021380001,higher
burst,0.5,main,,steal,qbr,control_cpu_mean,10,2.2622345179159997,2.20577256350425,2.3152069303204,higher
burst,0.5,main,,steal,qbr,p999_us,10,0.07247749009999893,-0.1967126351374983,0.3389348443424969,uncertain
burst,0.5,main,,steal,qbr,p99_us,10,-5.373820000329488e-05,-0.10813777810000716,0.10797700700249727,uncertain
burst,0.5,main,,steal,qbr,slo_miss_rate,10,-0.0026622070232000094,-0.008155674135997508,0.003191802398987501,uncertain
burst,0.5,main,,steal,single,class0_p99_us,10,0.2487513503599999,0.012350941064999009,0.4952267054327494,higher
burst,0.5,main,,steal,single,control_cpu_mean,10,2.268456317941,2.211446932926875,2.3224183216413494,higher
burst,0.5,main,,steal,single,p999_us,10,0.049414668899999015,-0.11976685929999746,0.24476590549250124,uncertain
burst,0.5,main,,steal,single,p99_us,10,0.07153173489999745,-0.01782866780000063,0.1789727108999955,uncertain
burst,0.5,main,,steal,single,slo_miss_rate,10,-0.0015073672310000202,-0.005485162371012514,0.0026772562148074854,uncertain
burst,0.5,main,,steal,threshold,class0_p99_us,10,-0.1410059878799995,-0.34062319531949975,0.1400142366292497,uncertain
burst,0.5,main,,steal,threshold,control_cpu_mean,10,2.0986579459010004,2.0425325964228755,2.1527037780769507,higher
burst,0.5,main,,steal,threshold,p999_us,10,-0.12522091130000207,-0.3729577465999995,0.07082660339999905,uncertain
burst,0.5,main,,steal,threshold,p99_us,10,0.08893296589999977,8.726025007634237e-07,0.16017906828749892,higher
burst,0.5,main,,steal,threshold,slo_miss_rate,10,-0.007385912119900013,-0.01781940935467501,0.0002107535810800081,uncertain
burst,0.5,main,,threshold,jbsq,class0_p99_us,10,4.22816062037,3.8159918234004997,4.6732667967765,higher
burst,0.5,main,,threshold,jbsq,control_cpu_mean,10,2.16945977828,2.1598251254737,2.17822827311015,higher
burst,0.5,main,,threshold,jbsq,p999_us,10,0.4883604907000034,0.19534926550000478,0.8289500955000022,higher
burst,0.5,main,,threshold,jbsq,p99_us,10,0.4456252420999931,0.37263064281250136,0.5172984873724882,higher
burst,0.5,main,,threshold,jbsq,slo_miss_rate,10,0.016117764687300012,0.006660208731895019,0.027313109671932453,higher
burst,0.5,main,,threshold,jsw,class0_p99_us,10,0.46140600292999956,0.28735389518850024,0.6557955923784998,higher
burst,0.5,main,,threshold,jsw,control_cpu_mean,10,1.771059778276,1.7614251254697,1.77982827310615,higher
burst,0.5,main,,threshold,jsw,p999_us,10,0.26876872939999996,0.022217096500003208,0.5640155982999943,higher
burst,0.5,main,,threshold,jsw,p99_us,10,-0.1065834819999992,-0.17758054120249708,-0.03560502119999853,lower
burst,0.5,main,,threshold,jsw,slo_miss_rate,10,0.005109595983199995,-0.0013550756324875093,0.01210812901192,uncertain
burst,0.5,main,,threshold,qbr,class0_p99_us,10,0.5760443597799998,0.37136411174774986,0.7680002477819999,higher
burst,0.5,main,,threshold,qbr,control_cpu_mean,10,0.16357657201500003,0.15552119583962504,0.1708574876447,higher
burst,0.5,main,,threshold,qbr,p999_us,10,0.197698401400001,-0.04228953449999153,0.44130657199999634,uncertain
burst,0.5,main,,threshold,qbr,p99_us,10,-0.08898670410000306,-0.1963743496725035,0.018542384227498727,uncertain
burst,0.5,main,,threshold,qbr,slo_miss_rate,10,0.004723705096700004,-0.004184373645764997,0.01456156139407249,uncertain
burst,0.5,main,,threshold,single,class0_p99_us,10,0.38975733823999936,0.23175148777174856,0.5532012190797502,higher
burst,0.5,main,,threshold,single,control_cpu_mean,10,0.16979837204000003,0.16128900704185006,0.17747408480287502,higher
burst,0.5,main,,threshold,single,p999_us,10,0.17463558020000108,-0.11737464069999533,0.49317651369999566,uncertain
burst,0.5,main,,threshold,single,p99_us,10,-0.017401231000002328,-0.10663593702999818,0.07192230446749584,uncertain
burst,0.5,main,,threshold,single,slo_miss_rate,10,0.005878544888899993,-0.0018966182720999997,0.01611738605591749,uncertain
burst,0.5,main,,threshold,steal,class0_p99_us,10,0.1410059878799995,-0.1400142366292498,0.3406231953194997,uncertain
burst,0.5,main,,threshold,steal,control_cpu_mean,10,-2.0986579459010004,-2.1527037780769507,-2.0425325964228755,lower
burst,0.5,main,,threshold,steal,p999_us,10,0.12522091130000207,-0.07082660339999905,0.3729577465999995,uncertain
burst,0.5,main,,threshold,steal,p99_us,10,-0.08893296589999977,-0.16017906828749895,-8.726025007700687e-07,lower
burst,0.5,main,,threshold,steal,slo_miss_rate,10,0.007385912119900013,-0.00021075358108000827,0.017819409354674947,uncertain
burst,0.5,main,,work,jbsq,class0_p99_us,10,1.7110436778599998,1.64233023496,1.7766836601254996,higher
burst,0.5,main,,work,jbsq,control_cpu_mean,10,0.398400000004,0.398400000004,0.398400000004,higher
burst,0.5,main,,work,jbsq,p999_us,10,0.0015238132000007453,-0.07033707300000173,0.07490851260000397,uncertain
burst,0.5,main,,work,jbsq,p99_us,10,0.12439497759999937,0.053237979000002156,0.19599725799999468,higher
burst,0.5,main,,work,jbsq,slo_miss_rate,10,-0.004933454375999997,-0.008138174534665029,-0.0017007094973799785,lower
burst,0.5,main,,work,jsw,class0_p99_us,10,-2.05571093958,-2.3710671620870016,-1.7586126049905004,lower
burst,0.5,main,,work,jsw,control_cpu_mean,10,0.0,0.0,0.0,uncertain
burst,0.5,main,,work,jsw,p999_us,10,-0.21806794810000268,-0.3927908244075062,-0.07097840510000139,lower
burst,0.5,main,,work,jsw,p99_us,10,-0.42781374649999293,-0.5010053039974889,-0.33745387411749583,lower
burst,0.5,main,,work,jsw,slo_miss_rate,10,-0.01594162308010002,-0.025214337270020024,-0.009104977811317517,lower
burst,0.5,main,,work,qbr,class0_p99_us,10,-1.94107258273,-2.2782647395612505,-1.6485463398717501,lower
burst,0.5,main,,work,qbr,control_cpu_mean,10,-1.607483206261,-1.6097586269156747,-1.604908618244725,lower
burst,0.5,main,,work,qbr,p999_us,10,-0.2891382761000017,-0.5043157780600017,-0.09622787370000196,lower
burst,0.5,main,,work,qbr,p99_us,10,-0.4102169685999968,-0.5545307001899937,-0.2840899670125006,lower
burst,0.5,main,,work,qbr,slo_miss_rate,10,-0.01632751396660001,-0.02243299960231252,-0.010415064469830019,lower
burst,0.5,main,,work,single,class0_p99_us,10,-2.1273596042700005,-2.4855777623437505,-1.7876369876600002,lower
burst,0.5,main,,work,single,control_cpu_mean,10,-1.601261406236,-1.6026736171734997,-1.59990573045475,lower
burst,0.5,main,,work,single,p999_us,10,-0.3122010973000016,-0.5777645978374981,-0.09508887390000212,lower
burst,0.5,main,,work,single,p99_us,10,-0.33863149549999605,-0.42958251932498825,-0.23129964954249765,lower
burst,0.5,main,,work,single,slo_miss_rate,10,-0.01517267417440002,-0.02103806996115753,-0.009658456006625028,lower
burst,0.5,main,,work,steal,class0_p99_us,10,-2.37611095463,-2.7453760987117506,-2.0507103075735,lower
burst,0.5,main,,work,steal,control_cpu_mean,10,-3.8697177241770007,-3.9238092113878746,-3.8123351787706006,lower
burst,0.5,main,,work,steal,p999_us,10,-0.36161576620000063,-0.6746965252100026,-0.09380157509999947,lower
burst,0.5,main,,work,steal,p99_us,10,-0.4101632303999935,-0.5191157508999904,-0.2844984234700035,lower
burst,0.5,main,,work,steal,slo_miss_rate,10,-0.013665306943399999,-0.01863276826861999,-0.008923084605077496,lower
burst,0.5,main,,work,threshold,class0_p99_us,10,-2.5171169425099995,-2.972269081081999,-2.1109696983622506,lower
burst,0.5,main,,work,threshold,control_cpu_mean,10,-1.771059778276,-1.77982827310615,-1.7614251254697,lower
burst,0.5,main,,work,threshold,p999_us,10,-0.4868366775000027,-0.8289535751400022,-0.1925662338000052,lower
burst,0.5,main,,work,threshold,p99_us,10,-0.3212302644999937,-0.41116216049999255,-0.24855729766249382,lower
burst,0.5,main,,work,threshold,slo_miss_rate,10,-0.021051219063300007,-0.03375557726733751,-0.010218772413142514,lower
burst,0.7,main,,bwc,jbsq,class0_p99_us,10,68.79433313153999,65.55147684351749,71.84379578503702,higher
burst,0.7,main,,bwc,jbsq,control_cpu_mean,10,1.3683384917659998,1.36515322486615,1.372105944140275,higher
burst,0.7,main,,bwc,jbsq,p999_us,10,42.390549283,37.43177615987501,47.18876401728749,higher
burst,0.7,main,,bwc,jbsq,p99_us,10,38.29797688570001,33.742130961205,43.1292165829175,higher
burst,0.7,main,,bwc,jbsq,slo_miss_rate,10,16.397234362241,15.308403322344377,17.374388120728828,higher
burst,0.7,main,,bwc,jsw,class0_p99_us,10,63.67643286764,60.220578960324495,66.95445641763325,higher
burst,0.7,main,,bwc,jsw,control_cpu_mean,10,0.969938491762,0.96675322486215,0.9737059441362749,higher
burst,0.7,main,,bwc,jsw,p999_us,10,39.639116605599995,34.950262645972494,44.21156113118,higher
burst,0.7,main,,bwc,jsw,p99_us,10,35.498990395700005,31.050154473512503,40.24312417802999,higher
burst,0.7,main,,bwc,jsw,slo_miss_rate,10,14.159834512040998,13.156720286563901,15.126317271263702,higher
burst,0.7,main,,bwc,qbr,class0_p99_us,10,63.82859855554,60.564583351479754,66.92354804907575,higher
burst,0.7,main,,bwc,qbr,control_cpu_mean,10,-0.8049241692300002,-0.8124063961148752,-0.7969329361982501,lower
burst,0.7,main,,bwc,qbr,p999_us,10,39.9754967635,34.83908883088249,44.91530279976498,higher
burst,0.7,main,,bwc,qbr,p99_us,10,35.369415086500005,30.941562305075,40.29658545645749,higher
burst,0.7,main,,bwc,qbr,slo_miss_rate,10,14.237406791289999,13.156388231412427,15.242817497314352,higher
burst,0.7,main,,bwc,single,class0_p99_us,10,63.57918783949,60.44597292262925,66.5584021780065,higher
burst,0.7,main,,bwc,single,control_cpu_mean,10,-0.784346509739,-0.7908412253986,-0.7774446554721252,lower
burst,0.7,main,,bwc,single,p999_us,10,39.190159512899996,34.33804560018002,43.967474506902484,higher
burst,0.7,main,,bwc,single,p99_us,10,35.55544738099999,31.197475715684995,40.38398484707499,higher
burst,0.7,main,,bwc,single,slo_miss_rate,10,14.195151457319003,13.147106649554551,15.192567674675626,higher
burst,0.7,main,,bwc,steal,class0_p99_us,10,64.04937033684999,60.57830127302326,67.41060731890349,higher
burst,0.7,main,,bwc,steal,control_cpu_mean,10,-5.02476116016,-5.1046438372570515,-4.9507186309633,lower
burst,0.7,main,,bwc,steal,p999_us,10,38.58315959899999,33.77746503486499,43.55421393286249,higher
burst,0.7,main,,bwc,steal,p99_us,10,35.5555426041,31.15776567343499,40.342122350305,higher
burst,0.7,main,,bwc,steal,slo_miss_rate,10,14.268138482474,13.24313766667655,15.230400122822227,higher
burst,0.7,main,,bwc,threshold,class0_p99_us,10,64.53482137512,60.983179025494756,67.8786970576695,higher
burst,0.7,main,,bwc,threshold,control_cpu_mean,10,-1.910063832618,-1.9423807217825246,-1.8773416008367747,lower
burst,0.7,main,,bwc,threshold,p999_us,10,39.349596167899996,34.35761752542,44.5744440024575,higher
burst,0.7,main,,bwc,threshold,p99_us,10,35.61682672999999,30.96321243844749,40.52140976122999,higher
burst,0.7,main,,bwc,threshold,slo_miss_rate,10,14.129629001276001,13.068086149697125,15.142884484875351,higher
burst,0.7,main,,jbsq,jsw,class0_p99_us,10,-5.1179002638999975,-6.020514380075,-4.087255854354746,lower
burst,0.7,main,,jbsq,jsw,control_cpu_mean,10,-0.398400000004,-0.398400000004,-0.398400000004,lower
burst,0.7,main,,jbsq,jsw,p999_us,10,-2.7514326774000013,-4.179462587240003,-1.5510342361000027,lower
burst,0.7,main,,jbsq,jsw,p99_us,10,-2.7989864900000017,-3.092278571147503,-2.501406852597499,lower
burst,0.7,main,,jbsq,jsw,slo_miss_rate,10,-2.2373998502,-2.4967628595431495,-1.9793320114414252,lower
burst,0.7,main,,jbsq,qbr,class0_p99_us,10,-4.965734576000001,-5.439943386172748,-4.437750894097001,lower
burst,0.7,main,,jbsq,qbr,control_cpu_mean,10,-2.173262660996,-2.18137429458975,-2.1648640034960005,lower
burst,0.7,main,,jbsq,qbr,p999_us,10,-2.415052519500006,-3.2592325231400068,-1.6019261223800048,lower
burst,0.7,main,,jbsq,qbr,p99_us,10,-2.928561799200003,-3.2990302291149995,-2.5303190283775043,lower
burst,0.7,main,,jbsq,qbr,slo_miss_rate,10,-2.159827570951,-2.35436957879075,-1.9664858407738754,lower
burst,0.7,main,,jbsq,single,class0_p99_us,10,-5.215145292050001,-6.2031635014390005,-4.1317035153354995,lower
burst,0.7,main,,jbsq,single,control_cpu_mean,10,-2.1526850015049996,-2.1605328414244998,-2.144386667996625,lower
burst,0.7,main,,jbsq,single,p999_us,10,-3.200389770099997,-4.651824988119993,-1.9936016257224913,lower
burst,0.7,main,,jbsq,single,p99_us,10,-2.7425295047000104,-3.1019472292800137,-2.306856624305013,lower
burst,0.7,main,,jbsq,single,slo_miss_rate,10,-2.202082904922,-2.4661496305505493,-1.9319075290677503,lower
burst,0.7,main,,jbsq,steal,class0_p99_us,10,-4.744962794689999,-5.579312553336999,-3.8581857533052513,lower
burst,0.7,main,,jbsq,steal,control_cpu_mean,10,-6.393099651926,-6.472155605159349,-6.31931307314355,lower
burst,0.7,main,,jbsq,steal,p999_us,10,-3.807389684000006,-5.521225008725009,-2.5449228891375077,lower
burst,0.7,main,,jbsq,steal,p99_us,10,-2.7424342816000062,-3.105047164322507,-2.3729186947325056,lower
burst,0.7,main,,jbsq,steal,slo_miss_rate,10,-2.1290958797669997,-2.321473316183575,-1.9376559992368754,lower
burst,0.7,main,,jbsq,threshold,class0_p99_us,10,-4.259511756420001,-5.075326091020251,-3.473680981757003,lower
burst,0.7,main,,jbsq,threshold,control_cpu_mean,10,-3.2784023243839995,-3.3119114822304496,-3.2439429863513496,lower
burst,0.7,main,,jbsq,threshold,p999_us,10,-3.0409531151000038,-4.029454825780006,-2.0895297923000014,lower
burst,0.7,main,,jbsq,threshold,p99_us,10,-2.6811501557000073,-2.978122210210004,-2.4203787085900053,lower
burst,0.7,main,,jbsq,threshold,slo_miss_rate,10,-2.2676053609650006,-2.480219890818375,-2.0452172987114503,lower
burst,0.7,main,,jsw,jbsq,class0_p99_us,10,5.1179002638999975,4.087255854354745,6.020514380075,higher
burst,0.7,main,,jsw,jbsq,control_cpu_mean,10,0.398400000004,0.398400000004,0.398400000004,higher
burst,0.7,main,,jsw,jbsq,p999_us,10,2.7514326774000013,1.5510342361000027,4.179462587240002,higher
burst,0.7,main,,jsw,jbsq,p99_us,10,2.7989864900000017,2.501406852597499,3.0922785711475025,higher
burst,0.7,main,,jsw,jbsq,slo_miss_rate,10,2.2373998502,1.9793320114414252,2.4967628595431495,higher
burst,0.7,main,,jsw,qbr,class0_p99_us,10,0.15216568789999627,-0.595725847451752,0.8465140305854953,uncertain
burst,0.7,main,,jsw,qbr,control_cpu_mean,10,-1.7748626609920002,-1.78297429458575,-1.766464003492,lower
burst,0.7,main,,jsw,qbr,p999_us,10,0.3363801578999954,-1.1988663634025059,1.8988146886800026,uncertain
burst,0.7,main,,jsw,qbr,p99_us,10,-0.12957530920000124,-0.4516664186999975,0.19004993181999652,uncertain
burst,0.7,main,,jsw,qbr,slo_miss_rate,10,0.07757227924900009,-0.0410946259477249,0.18150453208965026,uncertain
burst,0.7,main,,jsw,single,class0_p99_us,10,-0.09724502815000306,-0.573133164396253,0.4972028016819986,uncertain
burst,0.7,main,,jsw,single,control_cpu_mean,10,-1.754285001501,-1.7621328414205,-1.745986667992625,lower
burst,0.7,main,,jsw,single,p999_us,10,-0.448957092699996,-1.154356052689993,0.5136268608375042,uncertain
burst,0.7,main,,jsw,single,p99_us,10,0.05645698529999095,-0.2960665972700075,0.4289171715699884,uncertain
burst,0.7,main,,jsw,single,slo_miss_rate,10,0.03531694527800028,-0.1111672300929998,0.17746649150797544,uncertain
burst,0.7,main,,jsw,steal,class0_p99_us,10,0.3729374692099981,-0.2839190614027523,1.054664345837499,uncertain
burst,0.7,main,,jsw,steal,control_cpu_mean,10,-5.994699651922001,-6.073755605155351,-5.920913073139551,lower
burst,0.7,main,,jsw,steal,p999_us,10,-1.0559570066000048,-2.200265181012508,0.12263787942498913,uncertain
burst,0.7,main,,jsw,steal,p99_us,10,0.056552208399995155,-0.20294445478501236,0.2984795265574933,uncertain
burst,0.7,main,,jsw,steal,slo_miss_rate,10,0.10830397043300007,-0.004226328671099844,0.21346559648979999,uncertain
burst,0.7,main,,jsw,threshold,class0_p99_us,10,0.8583885074799966,0.30559176797724674,1.4216753342784967,higher
burst,0.7,main,,jsw,threshold,control_cpu_mean,10,-2.88000232438,-2.9135114822264496,-2.8455429863473496,lower
burst,0.7,main,,jsw,threshold,p999_us,10,-0.28952043770000274,-1.6733963747975042,1.0740471877499949,uncertain
burst,0.7,main,,jsw,threshold,p99_us,10,0.1178363342999944,-0.22262999308000758,0.4655689936974781,uncertain
burst,0.7,main,,jsw,threshold,slo_miss_rate,10,-0.030205510765000103,-0.14402003623557533,0.08024092826057501,uncertain
burst,0.7,main,,p2c,jbsq,class0_p99_us,10,20.2846388434,18.6742680880625,21.983719302964488,higher
burst,0.7,main,,p2c,jbsq,control_cpu_mean,10,0.398400000004,0.398400000004,0.398400000004,higher
burst,0.7,main,,p2c,jbsq,p999_us,10,7.816590809900001,6.185587742802504,9.572882941262513,higher
burst,0.7,main,,p2c,jbsq,p99_us,10,5.546081826100004,5.004542111180015,6.0933606541825,higher
burst,0.7,main,,p2c,jbsq,slo_miss_rate,10,2.8022011628729997,2.42998910817895,3.1659246777819,higher
burst,0.7,main,,p2c,jsw,class0_p99_us,10,15.166738579499997,13.14671832800175,17.048342064009994,higher
burst,0.7,main,,p2c,jsw,control_cpu_mean,10,0.0,0.0,0.0,uncertain
burst,0.7,main,,p2c,jsw,p999_us,10,5.0651581325,3.4848260381899983,6.939017312907494,higher
burst,0.7,main,,p2c,jsw,p99_us,10,2.747095336100003,2.2980431165649984,3.1631357185824998,higher
burst,0.7,main,,p2c,jsw,slo_miss_rate,10,0.5648013126729998,0.30383468016837484,0.8503374075522738,higher
burst,0.7,main,,p2c,qbr,class0_p99_us,10,15.318904267399995,13.623597606592998,16.968199680582746,higher
burst,0.7,main,,p2c,qbr,control_cpu_mean,10,-1.7748626609920002,-1.78297429458575,-1.766464003492,lower
burst,0.7,main,,p2c,qbr,p999_us,10,5.401538290399995,3.9197188038649973,7.017278223427494,higher
burst,0.7,main,,p2c,qbr,p99_us,10,2.6175200269000016,2.036278520012498,3.156756905500006,higher
burst,0.7,main,,p2c,qbr,slo_miss_rate,10,0.6423735919219998,0.40872434357342485,0.8902549564151001,higher
burst,0.7,main,,p2c,single,class0_p99_us,10,15.069493551349996,12.908889196914998,17.038555468858746,higher
burst,0.7,main,,p2c,single,control_cpu_mean,10,-1.754285001501,-1.7621328414205,-1.745986667992625,lower
burst,0.7,main,,p2c,single,p999_us,10,4.6162010398000035,3.227374165650003,6.275872999097499,higher
burst,0.7,main,,p2c,single,p99_us,10,2.8035523213999936,2.322543664619989,3.2544203240374916,higher
burst,0.7,main,,p2c,single,slo_miss_rate,10,0.600118257951,0.3589051103486003,0.8415315481401252,higher
burst,0.7,main,,p2c,steal,class0_p99_us,10,15.539676048709998,13.878986750998502,17.029298547632745,higher
burst,0.7,main,,p2c,steal,control_cpu_mean,10,-5.994699651922001,-6.073755605155351,-5.920913073139551,lower
burst,0.7,main,,p2c,steal,p999_us,10,4.0092011258999944,2.9388217347099954,5.175874396547493,higher
burst,0.7,main,,p2c,steal,p99_us,10,2.8036475444999978,2.3007377977049925,3.2979339310424973,higher
burst,0.7,main,,p2c,steal,slo_miss_rate,10,0.6731052831059998,0.42611412074299987,0.9087133397014494,higher
burst,0.7,main,,p2c,threshold,class0_p99_us,10,16.025127086979996,14.157665098747746,17.827614908732745,higher
burst,0.7,main,,p2c,threshold,control_cpu_mean,10,-2.88000232438,-2.9135114822264496,-2.8455429863473496,lower
burst,0.7,main,,p2c,threshold,p999_us,10,4.775637694799997,3.542049218704995,6.035449892712488,higher
burst,0.7,main,,p2c,threshold,p99_us,10,2.864931670399997,2.2404248356074916,3.440410724212496,higher
burst,0.7,main,,p2c,threshold,slo_miss_rate,10,0.5345958019079996,0.29975516277382463,0.7762941760219995,higher
burst,0.7,main,,qbr,jbsq,class0_p99_us,10,4.965734576000001,4.437750894097001,5.439943386172748,higher
burst,0.7,main,,qbr,jbsq,control_cpu_mean,10,2.173262660996,2.1648640034960005,2.18137429458975,higher
burst,0.7,main,,qbr,jbsq,p999_us,10,2.415052519500006,1.6019261223800039,3.2592325231400063,higher
burst,0.7,main,,qbr,jbsq,p99_us,10,2.928561799200003,2.530319028377504,3.299030229114999,higher
burst,0.7,main,,qbr,jbsq,slo_miss_rate,10,2.159827570951,1.9664858407738754,2.35436957879075,higher
burst,0.7,main,,qbr,jsw,class0_p99_us,10,-0.15216568789999627,-0.8465140305854955,0.5957258474517511,uncertain
burst,0.7,main,,qbr,jsw,control_cpu_mean,10,1.7748626609920002,1.766464003492,1.78297429458575,higher
burst,0.7,main,,qbr,jsw,p999_us,10,-0.3363801578999954,-1.8988146886800028,1.1988663634025056,uncertain
burst,0.7,main,,qbr,jsw,p99_us,10,0.12957530920000124,-0.19004993181999674,0.4516664186999975,uncertain
burst,0.7,main,,qbr,jsw,slo_miss_rate,10,-0.07757227924900009,-0.18150453208965037,0.04109462594772486,uncertain
burst,0.7,main,,qbr,single,class0_p99_us,10,-0.24941071604999934,-0.9361058881247506,0.42277949219100297,uncertain
burst,0.7,main,,qbr,single,control_cpu_mean,10,0.020577659490999996,0.01429619100599997,0.02626118940139999,higher
burst,0.7,main,,qbr,single,p999_us,10,-0.7853372505999914,-2.114441166392485,0.46143347203750573,uncertain
burst,0.7,main,,qbr,single,p99_us,10,0.1860322944999922,-0.09561088965750351,0.48333379582248653,uncertain
burst,0.7,main,,qbr,single,slo_miss_rate,10,-0.04225533397099982,-0.1981773374866499,0.10028340755820021,uncertain
burst,0.7,main,,qbr,steal,class0_p99_us,10,0.2207717813100018,-0.18000628790424789,0.7256748497592497,uncertain
burst,0.7,main,,qbr,steal,control_cpu_mean,10,-4.21983699093,-4.303313248814251,-4.141069818707375,lower
burst,0.7,main,,qbr,steal,p999_us,10,-1.3923371645000002,-2.9992435207975046,-0.2810459872825036,lower
burst,0.7,main,,qbr,steal,p99_us,10,0.1861275175999964,-0.07849092870000333,0.45096709028749565,uncertain
burst,0.7,main,,qbr,steal,slo_miss_rate,10,0.030731691183999987,-0.06386472292039967,0.13206845065930006,uncertain
burst,0.7,main,,qbr,threshold,class0_p99_us,10,0.7062228195800003,0.07657017562450087,1.3730651957282476,higher
burst,0.7,main,,qbr,threshold,control_cpu_mean,10,-1.105139663388,-1.1331552059435996,-1.0774722678047,lower
burst,0.7,main,,qbr,threshold,p999_us,10,-0.6259005955999981,-1.5833938939449994,0.2371526379450003,uncertain
burst,0.7,main,,qbr,threshold,p99_us,10,0.24741164349999564,-0.08869825686250521,0.5892816256199963,uncertain
burst,0.7,main,,qbr,threshold,slo_miss_rate,10,-0.1077777900140002,-0.1946456660836254,8.670236169998576e-05,uncertain
burst,0.7,main,,single,jbsq,class0_p99_us,10,5.215145292050001,4.1317035153354995,6.203163501439,higher
burst,0.7,main,,single,jbsq,control_cpu_mean,10,2.1526850015049996,2.144386667996625,2.1605328414244998,higher
burst,0.7,main,,single,jbsq,p999_us,10,3.200389770099997,1.9936016257224913,4.651824988119992,higher
burst,0.7,main,,single,jbsq,p99_us,10,2.7425295047000104,2.3068566243050124,3.1019472292800137,higher
burst,0.7,main,,single,jbsq,slo_miss_rate,10,2.202082904922,1.93190752906775,2.4661496305505493,higher
burst,0.7,main,,single,jsw,class0_p99_us,10,0.09724502815000306,-0.4972028016819986,0.5731331643962527,uncertain
burst,0.7,main,,single,jsw,control_cpu_mean,10,1.754285001501,1.745986667992625,1.7621328414205,higher
burst,0.7,main,,single,jsw,p999_us,10,0.448957092699996,-0.5136268608375043,1.1543560526899928,uncertain
burst,0.7,main,,single,jsw,p99_us,10,-0.05645698529999095,-0.42891717156998843,0.29606659727000745,uncertain
burst,0.7,main,,single,jsw,slo_miss_rate,10,-0.03531694527800028,-0.17746649150797553,0.11116723009299974,uncertain
burst,0.7,main,,single,qbr,class0_p99_us,10,0.24941071604999934,-0.42277949219100325,0.9361058881247503,uncertain
burst,0.7,main,,single,qbr,control_cpu_mean,10,-0.020577659490999996,-0.026261189401399994,-0.01429619100599997,lower
burst,0.7,main,,single,qbr,p999_us,10,0.7853372505999914,-0.46143347203750595,2.114441166392485,uncertain
burst,0.7,main,,single,qbr,p99_us,10,-0.1860322944999922,-0.48333379582248676,0.09561088965750349,uncertain
burst,0.7,main,,single,qbr,slo_miss_rate,10,0.04225533397099982,-0.10028340755820044,0.19817733748664967,uncertain
burst,0.7,main,,single,steal,class0_p99_us,10,0.4701824973600012,-0.2518681323440006,1.1916291920100022,uncertain
burst,0.7,main,,single,steal,control_cpu_mean,10,-4.240414650421,-4.3242488619811255,-4.161467275059575,lower
burst,0.7,main,,single,steal,p999_us,10,-0.6069999139000088,-1.4485787125200096,0.1903903142249928,uncertain
burst,0.7,main,,single,steal,p99_us,10,9.522310000420475e-05,-0.2263067181874917,0.27971309445750103,uncertain
burst,0.7,main,,single,steal,slo_miss_rate,10,0.0729870251549998,-0.04310063372815041,0.19967767681172485,uncertain
burst,0.7,main,,single,threshold,class0_p99_us,10,0.9556335356299996,0.16063092983324914,1.7538007501640007,higher
burst,0.7,main,,single,threshold,control_cpu_mean,10,-1.1257173228789996,-1.1521229912133748,-1.098512116170125,lower
burst,0.7,main,,single,threshold,p999_us,10,0.15943665499999327,-1.0157538528250019,1.301852059399988,uncertain
burst,0.7,main,,single,threshold,p99_us,10,0.061379349000003455,-0.3324982795774939,0.4391819517824979,uncertain
burst,0.7,main,,single,threshold,slo_miss_rate,10,-0.06552245604300037,-0.18438146983795028,0.06628384647234921,uncertain
burst,0.7,main,,steal,jbsq,class0_p99_us,10,4.744962794689999,3.8581857533052504,5.579312553336999,higher
burst,0.7,main,,steal,jbsq,control_cpu_mean,10,6.393099651926,6.319313073143549,6.472155605159349,higher
burst,0.7,main,,steal,jbsq,p999_us,10,3.807389684000006,2.544922889137505,5.521225008725009,higher
burst,0.7,main,,steal,jbsq,p99_us,10,2.7424342816000062,2.372918694732505,3.105047164322507,higher
burst,0.7,main,,steal,jbsq,slo_miss_rate,10,2.1290958797669997,1.9376559992368754,2.321473316183575,higher
burst,0.7,main,,steal,jsw,class0_p99_us,10,-0.3729374692099981,-1.0546643458374991,0.28391906140275164,uncertain
burst,0.7,main,,steal,jsw,control_cpu_mean,10,5.994699651922001,5.92091307313955,6.073755605155351,higher
burst,0.7,main,,steal,jsw,p999_us,10,1.0559570066000048,-0.12263787942499242,2.2002651810125067,uncertain
burst,0.7,main,,steal,jsw,p99_us,10,-0.056552208399995155,-0.2984795265574934,0.2029444547850123,uncertain
burst,0.7,main,,steal,jsw,slo_miss_rate,10,-0.10830397043300007,-0.21346559648979999,0.004226328671099697,uncertain
burst,0.7,main,,steal,qbr,class0_p99_us,10,-0.2207717813100018,-0.7256748497592505,0.18000628790424736,uncertain
burst,0.7,main,,steal,qbr,control_cpu_mean,10,4.21983699093,4.141069818707375,4.303313248814251,higher
burst,0.7,main,,steal,qbr,p999_us,10,1.3923371645000002,0.2810459872825032,2.999243520797504,higher
burst,0.7,main,,steal,qbr,p99_us,10,-0.1861275175999964,-0.4509670902874958,0.07849092870000333,uncertain
burst,0.7,main,,steal,qbr,slo_miss_rate,10,-0.030731691183999987,-0.13206845065930015,0.06386472292039967,uncertain
burst,0.7,main,,steal,single,class0_p99_us,10,-0.4701824973600012,-1.1916291920100022,0.25186813234399996,uncertain
burst,0.7,main,,steal,single,control_cpu_mean,10,4.240414650421,4.161467275059575,4.3242488619811255,higher
burst,0.7,main,,steal,single,p999_us,10,0.6069999139000088,-0.19039031422499283,1.4485787125200087,uncertain
burst,0.7,main,,steal,single,p99_us,10,-9.522310000420475e-05,-0.2797130944575011,0.22630671818749168,uncertain
burst,0.7,main,,steal,single,slo_miss_rate,10,-0.0729870251549998,-0.199677676811725,0.04310063372815026,uncertain
burst,0.7,main,,steal,threshold,class0_p99_us,10,0.48545103826999847,-0.16372381912399944,1.2190526493937435,uncertain
burst,0.7,main,,steal,threshold,control_cpu_mean,10,3.1146973275420007,3.01767904978685,3.218773558944875,higher
burst,0.7,main,,steal,threshold,p999_us,10,0.7664365689000021,0.048300900132502496,1.6588905727274998,higher
burst,0.7,main,,steal,threshold,p99_us,10,0.06128412589999925,-0.25923449609999805,0.42334620619999724,uncertain
burst,0.7,main,,steal,threshold,slo_miss_rate,10,-0.1385094811980002,-0.19287218679797527,-0.08329923621512503,lower
burst,0.7,main,,threshold,jbsq,class0_p99_us,10,4.259511756420001,3.473680981757002,5.0753260910202505,higher
burst,0.7,main,,threshold,jbsq,control_cpu_mean,10,3.2784023243839995,3.2439429863513496,3.3119114822304496,higher
burst,0.7,main,,threshold,jbsq,p999_us,10,3.0409531151000038,2.0895297923000014,4.029454825780006,higher
burst,0.7,main,,threshold,jbsq,p99_us,10,2.6811501557000073,2.4203787085900053,2.9781222102100036,higher
burst,0.7,main,,threshold,jbsq,slo_miss_rate,10,2.2676053609650006,2.04521729871145,2.480219890818375,higher
burst,0.7,main,,threshold,jsw,class0_p99_us,10,-0.8583885074799966,-1.4216753342784967,-0.3055917679772472,lower
burst,0.7,main,,threshold,jsw,control_cpu_mean,10,2.88000232438,2.8455429863473496,2.9135114822264496,higher
burst,0.7,main,,threshold,jsw,p999_us,10,0.28952043770000274,-1.074047187749995,1.673396374797504,uncertain
burst,0.7,main,,threshold,jsw,p99_us,10,-0.1178363342999944,-0.4655689936974876,0.22262999308000758,uncertain
burst,0.7,main,,threshold,jsw,slo_miss_rate,10,0.030205510765000103,-0.08024092826057509,0.14402003623557522,uncertain
burst,0.7,main,,threshold,qbr,class0_p99_us,10,-0.7062228195800003,-1.3730651957282476,-0.07657017562450123,lower
burst,0.7,main,,threshold,qbr,control_cpu_mean,10,1.105139663388,1.0774722678047,1.1331552059435996,higher
burst,0.7,main,,threshold,qbr,p999_us,10,0.6259005955999981,-0.23715263794500047,1.5833938939449992,uncertain
burst,0.7,main,,threshold,qbr,p99_us,10,-0.24741164349999564,-0.5892816256199963,0.08869825686250501,uncertain
burst,0.7,main,,threshold,qbr,slo_miss_rate,10,0.1077777900140002,-8.670236170002757e-05,0.1946456660836254,uncertain
burst,0.7,main,,threshold,single,class0_p99_us,10,-0.9556335356299996,-1.7538007501640014,-0.16063092983325025,lower
burst,0.7,main,,threshold,single,control_cpu_mean,10,1.1257173228789996,1.098512116170125,1.1521229912133748,higher
burst,0.7,main,,threshold,single,p999_us,10,-0.15943665499999327,-1.301852059399988,1.015753852825,uncertain
burst,0.7,main,,threshold,single,p99_us,10,-0.061379349000003455,-0.4391819517824979,0.3324982795774938,uncertain
burst,0.7,main,,threshold,single,slo_miss_rate,10,0.06552245604300037,-0.06628384647234939,0.1843814698379502,uncertain
burst,0.7,main,,threshold,steal,class0_p99_us,10,-0.48545103826999847,-1.2190526493937455,0.1637238191239973,uncertain
burst,0.7,main,,threshold,steal,control_cpu_mean,10,-3.1146973275420007,-3.218773558944875,-3.01767904978685,lower
burst,0.7,main,,threshold,steal,p999_us,10,-0.7664365689000021,-1.6588905727275005,-0.04830090013250255,lower
burst,0.7,main,,threshold,steal,p99_us,10,-0.06128412589999925,-0.42334620619999724,0.25923449609999805,uncertain
burst,0.7,main,,threshold,steal,slo_miss_rate,10,0.1385094811980002,0.083299236215125,0.19287218679797527,higher
burst,0.7,main,,work,jbsq,class0_p99_us,10,48.13170204184,46.08476846818125,50.41630317346824,higher
burst,0.7,main,,work,jbsq,control_cpu_mean,10,0.398400000004,0.398400000004,0.398400000004,higher
burst,0.7,main,,work,jbsq,p999_us,10,25.9687028306,22.718682057845008,28.930323365347498,higher
burst,0.7,main,,work,jbsq,p99_us,10,23.605568731500004,20.66451986769501,26.701765459097498,higher
burst,0.7,main,,work,jbsq,slo_miss_rate,10,12.448004704811,11.455191297593649,13.332406519972475,higher
burst,0.7,main,,work,jsw,class0_p99_us,10,43.01380177794,40.81851742464124,45.54929235341825,higher
burst,0.7,main,,work,jsw,control_cpu_mean,10,0.0,0.0,0.0,uncertain
burst,0.7,main,,work,jsw,p999_us,10,23.2172701532,20.24650445115251,25.965460630657493,higher
burst,0.7,main,,work,jsw,p99_us,10,20.806582241500003,17.9408719993675,23.786440363440008,higher
burst,0.7,main,,work,jsw,slo_miss_rate,10,10.210604854610999,9.326962031123802,11.041033274340197,higher
burst,0.7,main,,work,qbr,class0_p99_us,10,43.16596746584,41.1673699670225,45.380392334811994,higher
burst,0.7,main,,work,qbr,control_cpu_mean,10,-1.7748626609920002,-1.78297429458575,-1.766464003492,lower
burst,0.7,main,,work,qbr,p999_us,10,23.553650311099997,20.217634953739992,26.504849099082488,higher
burst,0.7,main,,work,qbr,p99_us,10,20.6770069323,17.806556855412506,23.858824765739993,higher
burst,0.7,main,,work,qbr,slo_miss_rate,10,10.28817713386,9.33511587618795,11.151777263190674,higher
burst,0.7,main,,work,single,class0_p99_us,10,42.91655674979,41.02357813145225,45.140326361878245,higher
burst,0.7,main,,work,single,control_cpu_mean,10,-1.754285001501,-1.7621328414205,-1.745986667992625,lower
burst,0.7,main,,work,single,p999_us,10,22.768313060500006,19.605864941592507,25.622051178429995,higher
burst,0.7,main,,work,single,p99_us,10,20.86303922679999,18.090415218407493,23.885652405557487,higher
burst,0.7,main,,work,single,slo_miss_rate,10,10.245921799888999,9.373597981868599,11.050298913577699,higher
burst,0.7,main,,work,steal,class0_p99_us,10,43.386739247150004,41.08817014837049,46.00355236599299,higher
burst,0.7,main,,work,steal,control_cpu_mean,10,-5.994699651922001,-6.073755605155351,-5.920913073139551,lower
burst,0.7,main,,work,steal,p999_us,10,22.161313146599998,19.264596859334997,25.055172159842503,higher
burst,0.7,main,,work,steal,p99_us,10,20.863134449899995,18.0581026197275,23.85554541702249,higher
burst,0.7,main,,work,steal,slo_miss_rate,10,10.318908825044,9.412325723343725,11.160611294346248,higher
burst,0.7,main,,work,threshold,class0_p99_us,10,43.87219028542,41.45729401331874,46.41293407005524,higher
burst,0.7,main,,work,threshold,control_cpu_mean,10,-2.88000232438,-2.9135114822264496,-2.8455429863473496,lower
burst,0.7,main,,work,threshold,p999_us,10,22.9277497155,19.74914096703251,26.094149111619995,higher
burst,0.7,main,,work,threshold,p99_us,10,20.924418575799997,17.891211741162493,24.131433937392494,higher
burst,0.7,main,,work,threshold,slo_miss_rate,10,10.180399343846,9.234096369127199,11.065509739705748,higher
burst,0.85,main,,bwc,jbsq,class0_p99_us,10,796.7246018582,739.9932202751551,862.8231181421149,higher
burst,0.85,main,,bwc,jbsq,control_cpu_mean,10,1.5593694019120001,1.5561334090768248,1.5627327812558998,higher
burst,0.85,main,,bwc,jbsq,p999_us,10,789.8781028685,731.99291852747,856.2460757180927,higher
burst,0.85,main,,bwc,jbsq,p99_us,10,787.3224093346,727.6507295426826,855.3745769736224,higher
burst,0.85,main,,bwc,jbsq,slo_miss_rate,10,64.75246355307,63.70034132387651,65.67490793279573,higher
burst,0.85,main,,bwc,jsw,class0_p99_us,10,788.571158621,732.4980313465975,853.4463641811199,higher
burst,0.85,main,,bwc,jsw,control_cpu_mean,10,1.160969401908,1.1577334090728248,1.1643327812519,higher
burst,0.85,main,,bwc,jsw,p999_us,10,784.8549117026,726.8754330834549,851.4819496760927,higher
burst,0.85,main,,bwc,jsw,p99_us,10,782.0761479002999,722.5953809423099,849.9844428318524,higher
burst,0.85,main,,bwc,jsw,slo_miss_rate,10,63.208969382380005,62.201819202708506,64.06612000263624,higher
burst,0.85,main,,bwc,qbr,class0_p99_us,10,789.3817634217,732.8516439278475,854.7498917929025,higher
burst,0.85,main,,bwc,qbr,control_cpu_mean,10,-0.9777312783900001,-0.9877026944296751,-0.9686273584440751,lower
burst,0.85,main,,bwc,qbr,p999_us,10,785.9806406741001,728.1888075532001,852.708369583,higher
burst,0.85,main,,bwc,qbr,p99_us,10,782.0546073085,722.4626808972125,850.1249155528949,higher
burst,0.85,main,,bwc,qbr,slo_miss_rate,10,63.20400251553,62.1549943461045,64.0767910033415,higher
burst,0.85,main,,bwc,single,class0_p99_us,10,788.8307463299,732.67587534517,854.1095614498724,higher
burst,0.85,main,,bwc,single,control_cpu_mean,10,-0.95323486074,-0.9630003573191248,-0.9423426258926999,lower
burst,0.85,main,,bwc,single,p999_us,10,785.5023174036,727.838098818815,851.9780247422127,higher
burst,0.85,main,,bwc,single,p99_us,10,782.2695906670999,722.8451860594699,850.2087390396199,higher
burst,0.85,main,,bwc,single,slo_miss_rate,10,63.28714102341,62.32142762040125,64.096672177193,higher
burst,0.85,main,,bwc,steal,class0_p99_us,10,789.184416327,732.8274077577599,854.470466415005,higher
burst,0.85,main,,bwc,steal,control_cpu_mean,10,-3.185500195757,-3.25305131448175,-3.116015867889149,lower
burst,0.85,main,,bwc,steal,p999_us,10,785.8557075818001,728.3136480601275,852.099118034575,higher
burst,0.85,main,,bwc,steal,p99_us,10,782.3752289829999,722.4597951556849,850.64014782454,higher
burst,0.85,main,,bwc,steal,slo_miss_rate,10,63.39884699717,62.399828670607,64.24617031694599,higher
burst,0.85,main,,bwc,threshold,class0_p99_us,10,788.4485729521999,732.1898290703548,854.02226947707,higher
burst,0.85,main,,bwc,threshold,control_cpu_mean,10,-3.530128021574,-3.5665117985373005,-3.4994344508341255,lower
burst,0.85,main,,bwc,threshold,p999_us,10,784.3247112365001,725.8169574269225,850.8201650072675,higher
burst,0.85,main,,bwc,threshold,p99_us,10,782.5472989936,723.1962040856399,850.4675444414873,higher
burst,0.85,main,,bwc,threshold,slo_miss_rate,10,63.207585679240005,62.206820505135994,64.04368283645725,higher
burst,0.85,main,,jbsq,jsw,class0_p99_us,10,-8.153443237200003,-9.539764778307504,-6.835011334022501,lower
burst,0.85,main,,jbsq,jsw,control_cpu_mean,10,-0.398400000004,-0.398400000004,-0.398400000004,lower
burst,0.85,main,,jbsq,jsw,p999_us,10,-5.023191165899999,-6.094274592454998,-4.018495092925015,lower
burst,0.85,main,,jbsq,jsw,p99_us,10,-5.246261434300015,-5.798848875292518,-4.702937815700011,lower
burst,0.85,main,,jbsq,jsw,slo_miss_rate,10,-1.5434941706900003,-1.7045607547267492,-1.3803980581840007,lower
burst,0.85,main,,jbsq,qbr,class0_p99_us,10,-7.3428384365,-8.583261268320003,-6.194487969057504,lower
burst,0.85,main,,jbsq,qbr,control_cpu_mean,10,-2.5371006803019998,-2.5462098021457504,-2.5298017524192,lower
burst,0.85,main,,jbsq,qbr,p999_us,10,-3.8974621944000036,-5.62622799936251,-2.1414898515125036,lower
burst,0.85,main,,jbsq,qbr,p99_us,10,-5.267802026099997,-5.530678463724991,-4.961619054455002,lower
burst,0.85,main,,jbsq,qbr,slo_miss_rate,10,-1.5484610375400003,-1.7103082117565005,-1.4019412507125002,lower
burst,0.85,main,,jbsq,single,class0_p99_us,10,-7.893855528300006,-8.870758717295013,-6.959735130857499,lower
burst,0.85,main,,jbsq,single,control_cpu_mean,10,-2.512604262652,-2.52086211528895,-2.5031861756053253,lower
burst,0.85,main,,jbsq,single,p999_us,10,-4.3757854649000025,-5.679611288264997,-2.9696023545124977,lower
burst,0.85,main,,jbsq,single,p99_us,10,-5.052818667500008,-5.57154417971751,-4.50409079830001,lower
burst,0.85,main,,jbsq,single,slo_miss_rate,10,-1.4653225296599999,-1.6860997753887517,-1.2713246080522498,lower
burst,0.85,main,,jbsq,steal,class0_p99_us,10,-7.540185531200004,-8.784159430322509,-6.3109236237824975,lower
burst,0.85,main,,jbsq,steal,control_cpu_mean,10,-4.744869597669,-4.813252585571376,-4.674119695023499,lower
burst,0.85,main,,jbsq,steal,p999_us,10,-4.022395286699992,-5.591213342262496,-2.277272120547489,lower
burst,0.85,main,,jbsq,steal,p99_us,10,-4.9471803516000135,-5.681767176067522,-4.177959811590012,lower
burst,0.85,main,,jbsq,steal,slo_miss_rate,10,-1.3536165559000002,-1.5101434062805006,-1.190134351754,lower
burst,0.85,main,,jbsq,threshold,class0_p99_us,10,-8.276028906000008,-9.269326723557509,-7.410018837502507,lower
burst,0.85,main,,jbsq,threshold,control_cpu_mean,10,-5.089497423486,-5.1252530874977,-5.05981455571225,lower
burst,0.85,main,,jbsq,threshold,p999_us,10,-5.553391632,-6.876601655142498,-4.284307485377508,lower
burst,0.85,main,,jbsq,threshold,p99_us,10,-4.77511034100001,-5.367882360752515,-4.187837544660016,lower
burst,0.85,main,,jbsq,threshold,slo_miss_rate,10,-1.54487787383,-1.6979335646217515,-1.3940835844545016,lower
burst,0.85,main,,jsw,jbsq,class0_p99_us,10,8.153443237200003,6.835011334022501,9.539764778307504,higher
burst,0.85,main,,jsw,jbsq,control_cpu_mean,10,0.398400000004,0.398400000004,0.398400000004,higher
burst,0.85,main,,jsw,jbsq,p999_us,10,5.023191165899999,4.018495092925013,6.094274592454997,higher
burst,0.85,main,,jsw,jbsq,p99_us,10,5.246261434300015,4.702937815700011,5.798848875292516,higher
burst,0.85,main,,jsw,jbsq,slo_miss_rate,10,1.5434941706900003,1.3803980581840007,1.7045607547267492,higher
burst,0.85,main,,jsw,qbr,class0_p99_us,10,0.8106048007000026,-0.26180012261749314,1.8779012371150037,uncertain
burst,0.85,main,,jsw,qbr,control_cpu_mean,10,-2.1387006802979998,-2.14780980214175,-2.1314017524152002,lower
burst,0.85,main,,jsw,qbr,p999_us,10,1.1257289714999956,0.05419805461748681,2.1441313096225043,higher
burst,0.85,main,,jsw,qbr,p99_us,10,-0.02154059179998171,-0.49250098089748207,0.4817968416250243,uncertain
burst,0.85,main,,jsw,qbr,slo_miss_rate,10,-0.004966866850000251,-0.11568203738649972,0.11972409083349939,uncertain
burst,0.85,main,,jsw,single,class0_p99_us,10,0.259587708899997,-0.5113660508900046,1.0225115174324957,uncertain
burst,0.85,main,,jsw,single,control_cpu_mean,10,-2.1142042626479998,-2.12246211528495,-2.1047861756013244,lower
burst,0.85,main,,jsw,single,p999_us,10,0.6474057009999967,-0.3879372183375041,1.666565136034995,uncertain
burst,0.85,main,,jsw,single,p99_us,10,0.19344276680000688,-0.3014402138249974,0.7060274201775049,uncertain
burst,0.85,main,,jsw,single,slo_miss_rate,10,0.0781716410300004,-0.09101524003549906,0.2490977525437491,uncertain
burst,0.85,main,,jsw,steal,class0_p99_us,10,0.6132577059999988,-0.3297192010300055,1.8086017660174973,uncertain
burst,0.85,main,,jsw,steal,control_cpu_mean,10,-4.346469597665,-4.414852585567375,-4.275719695019501,lower
burst,0.85,main,,jsw,steal,p999_us,10,1.0007958792000067,-0.6449299802975038,2.875490778105013,uncertain
burst,0.85,main,,jsw,steal,p99_us,10,0.29908108270000183,-0.3513987203524918,1.1164986453625072,uncertain
burst,0.85,main,,jsw,steal,slo_miss_rate,10,0.18987761478999998,0.10912746289224967,0.2890251776642498,higher
burst,0.85,main,,jsw,threshold,class0_p99_us,10,-0.12258566880000502,-0.9476322797000052,0.6473476686724953,uncertain
burst,0.85,main,,jsw,threshold,control_cpu_mean,10,-4.691097423482001,-4.7268530874937005,-4.66141455570825,lower
burst,0.85,main,,jsw,threshold,p999_us,10,-0.5302004661000013,-1.509859322377487,0.5881734980274951,uncertain
burst,0.85,main,,jsw,threshold,p99_us,10,0.47115109330000565,0.0032635239275090595,0.9414194833974926,higher
burst,0.85,main,,jsw,threshold,slo_miss_rate,10,-0.0013837031399999145,-0.09535792403499943,0.1039544023047499,uncertain
burst,0.85,main,,p2c,jbsq,class0_p99_us,10,32.4217875244,29.874728222790004,34.826746004025004,higher
burst,0.85,main,,p2c,jbsq,control_cpu_mean,10,0.398400000004,0.398400000004,0.398400000004,higher
burst,0.85,main,,p2c,jbsq,p999_us,10,24.475006942200004,20.763305786947516,28.53464387989749,higher
burst,0.85,main,,p2c,jbsq,p99_us,10,15.444291175000012,14.425794973247516,16.43220526357251,higher
burst,0.85,main,,p2c,jbsq,slo_miss_rate,10,2.050590218980001,1.8108808143752508,2.3109802860265005,higher
burst,0.85,main,,p2c,jsw,class0_p99_us,10,24.2683442872,22.060768119675004,26.620165126894985,higher
burst,0.85,main,,p2c,jsw,control_cpu_mean,10,0.0,0.0,0.0,uncertain
burst,0.85,main,,p2c,jsw,p999_us,10,19.451815776300002,15.916285755089989,23.387403855627504,higher
burst,0.85,main,,p2c,jsw,p99_us,10,10.198029740699997,9.321639763150001,11.123615093669992,higher
burst,0.85,main,,p2c,jsw,slo_miss_rate,10,0.5070960482900005,0.33980356751275037,0.669751060963,higher
burst,0.85,main,,p2c,qbr,class0_p99_us,10,25.078949087900003,23.286765342832503,26.957235781869997,higher
burst,0.85,main,,p2c,qbr,control_cpu_mean,10,-2.1387006802979998,-2.14780980214175,-2.1314017524152002,lower
burst,0.85,main,,p2c,qbr,p999_us,10,20.577544747799998,16.750957861335003,25.022300425135008,higher
burst,0.85,main,,p2c,qbr,p99_us,10,10.176489148900014,9.247090795420009,11.135444433105027,higher
burst,0.85,main,,p2c,qbr,slo_miss_rate,10,0.5021291814400003,0.30984391650050075,0.7537914173347491,higher
burst,0.85,main,,p2c,single,class0_p99_us,10,24.527931996099998,22.348667886825,26.744315239634986,higher
burst,0.85,main,,p2c,single,control_cpu_mean,10,-2.1142042626479998,-2.12246211528495,-2.1047861756013244,lower
burst,0.85,main,,p2c,single,p999_us,10,20.0992214773,15.99496582878251,24.735956461264976,higher
burst,0.85,main,,p2c,single,p99_us,10,10.391472507500003,9.411095052907516,11.333942941479998,higher
burst,0.85,main,,p2c,single,slo_miss_rate,10,0.5852676893200008,0.38030714786350006,0.8297406625067495,higher
burst,0.85,main,,p2c,steal,class0_p99_us,10,24.8816019932,22.8629533816,26.963834630339992,higher
burst,0.85,main,,p2c,steal,control_cpu_mean,10,-4.346469597665,-4.414852585567375,-4.275719695019501,lower
burst,0.85,main,,p2c,steal,p999_us,10,20.45261165550001,16.818547345380015,24.89888190308001,higher
burst,0.85,main,,p2c,steal,p99_us,10,10.497110823399998,9.653732768095008,11.262021595764985,higher
burst,0.85,main,,p2c,steal,slo_miss_rate,10,0.6969736630800005,0.5059644100212503,0.90605675745625,higher
burst,0.85,main,,p2c,threshold,class0_p99_us,10,24.145758618399995,21.934818476344994,26.325632325284996,higher
burst,0.85,main,,p2c,threshold,control_cpu_mean,10,-4.691097423482001,-4.7268530874937005,-4.66141455570825,lower
burst,0.85,main,,p2c,threshold,p999_us,10,18.921615310200004,15.307456911290014,22.612872091499998,higher
burst,0.85,main,,p2c,threshold,p99_us,10,10.669180834000002,9.841331176197494,11.4393722741825,higher
burst,0.85,main,,p2c,threshold,slo_miss_rate,10,0.5057123451500006,0.3417169250372507,0.6982902739422496,higher
burst,0.85,main,,qbr,jbsq,class0_p99_us,10,7.3428384365,6.194487969057504,8.583261268320003,higher
burst,0.85,main,,qbr,jbsq,control_cpu_mean,10,2.5371006803019998,2.5298017524192,2.5462098021457504,higher
burst,0.85,main,,qbr,jbsq,p999_us,10,3.8974621944000036,2.141489851512502,5.626227999362509,higher
burst,0.85,main,,qbr,jbsq,p99_us,10,5.267802026099997,4.961619054455001,5.530678463724991,higher
burst,0.85,main,,qbr,jbsq,slo_miss_rate,10,1.5484610375400003,1.4019412507125002,1.7103082117565005,higher
burst,0.85,main,,qbr,jsw,class0_p99_us,10,-0.8106048007000026,-1.877901237115004,0.2618001226174919,uncertain
burst,0.85,main,,qbr,jsw,control_cpu_mean,10,2.1387006802979998,2.1314017524152002,2.14780980214175,higher
burst,0.85,main,,qbr,jsw,p999_us,10,-1.1257289714999956,-2.1441313096225048,-0.05419805461748686,lower
burst,0.85,main,,qbr,jsw,p99_us,10,0.02154059179998171,-0.4817968416250243,0.49250098089748195,uncertain
burst,0.85,main,,qbr,jsw,slo_miss_rate,10,0.004966866850000251,-0.11972409083349948,0.11568203738649968,uncertain
burst,0.85,main,,qbr,single,class0_p99_us,10,-0.5510170918000057,-1.4907595247399987,0.3754872466274935,uncertain
burst,0.85,main,,qbr,single,control_cpu_mean,10,0.024496417650000067,0.01688349033707501,0.03238289531862507,higher
burst,0.85,main,,qbr,single,p999_us,10,-0.4783232704999989,-1.4461564057074983,0.476834430957503,uncertain
burst,0.85,main,,qbr,single,p99_us,10,0.2149833585999886,-0.22309440728000268,0.6585523657474933,uncertain
burst,0.85,main,,qbr,single,slo_miss_rate,10,0.08313850788000066,-0.018923418863999574,0.1948426072999998,uncertain
burst,0.85,main,,qbr,steal,class0_p99_us,10,-0.19734709470000383,-1.318110144632508,0.8930540952399989,uncertain
burst,0.85,main,,qbr,steal,control_cpu_mean,10,-2.207768917367,-2.2806082131117003,-2.131769786967525,lower
burst,0.85,main,,qbr,steal,p999_us,10,-0.12493309229998886,-1.7862078107999992,1.6958351141825208,uncertain
burst,0.85,main,,qbr,steal,p99_us,10,0.3206216744999836,-0.3266799180375088,1.0529741458699928,uncertain
burst,0.85,main,,qbr,steal,slo_miss_rate,10,0.19484448164000023,0.07582238661399994,0.3101424033097505,higher
burst,0.85,main,,qbr,threshold,class0_p99_us,10,-0.9331904695000077,-1.9269837896800028,0.13990755591248658,uncertain
burst,0.85,main,,qbr,threshold,control_cpu_mean,10,-2.5523967431840004,-2.579501324116675,-2.529166172213325,lower
burst,0.85,main,,qbr,threshold,p999_us,10,-1.655929437599997,-3.154396177220008,-0.3722721222075013,lower
burst,0.85,main,,qbr,threshold,p99_us,10,0.49269168509998734,-0.061700063895009115,1.002731876037485,uncertain
burst,0.85,main,,qbr,threshold,slo_miss_rate,10,0.0035831637100003366,-0.08237969950000035,0.07786319717224974,uncertain
burst,0.85,main,,single,jbsq,class0_p99_us,10,7.893855528300006,6.959735130857498,8.870758717295013,higher
burst,0.85,main,,single,jbsq,control_cpu_mean,10,2.512604262652,2.5031861756053253,2.52086211528895,higher
burst,0.85,main,,single,jbsq,p999_us,10,4.3757854649000025,2.9696023545124968,5.679611288264996,higher
burst,0.85,main,,single,jbsq,p99_us,10,5.052818667500008,4.50409079830001,5.57154417971751,higher
burst,0.85,main,,single,jbsq,slo_miss_rate,10,1.4653225296599999,1.2713246080522498,1.6860997753887514,higher
burst,0.85,main,,single,jsw,class0_p99_us,10,-0.259587708899997,-1.0225115174324964,0.5113660508900043,uncertain
burst,0.85,main,,single,jsw,control_cpu_mean,10,2.1142042626479998,2.1047861756013244,2.12246211528495,higher
burst,0.85,main,,single,jsw,p999_us,10,-0.6474057009999967,-1.6665651360349971,0.38793721833750383,uncertain
burst,0.85,main,,single,jsw,p99_us,10,-0.19344276680000688,-0.7060274201775052,0.30144021382499736,uncertain
burst,0.85,main,,single,jsw,slo_miss_rate,10,-0.0781716410300004,-0.2490977525437492,0.09101524003549906,uncertain
burst,0.85,main,,single,qbr,class0_p99_us,10,0.5510170918000057,-0.37548724662749433,1.4907595247399987,uncertain
burst,0.85,main,,single,qbr,control_cpu_mean,10,-0.024496417650000067,-0.03238289531862508,-0.016883490337075015,lower
burst,0.85,main,,single,qbr,p999_us,10,0.4783232704999989,-0.47683443095750405,1.446156405707498,uncertain
burst,0.85,main,,single,qbr,p99_us,10,-0.2149833585999886,-0.6585523657474935,0.2230944072800026,uncertain
burst,0.85,main,,single,qbr,slo_miss_rate,10,-0.08313850788000066,-0.1948426072999998,0.0189234188639995,uncertain
burst,0.85,main,,single,steal,class0_p99_us,10,0.35366999710000185,-0.5816598607775006,1.5281760370299984,uncertain
burst,0.85,main,,single,steal,control_cpu_mean,10,-2.2322653350170003,-2.30886589146795,-2.1537942595106,lower
burst,0.85,main,,single,steal,p999_us,10,0.35339017820001006,-0.9579129749799936,1.957946961142517,uncertain
burst,0.85,main,,single,steal,p99_us,10,0.10563831589999495,-0.47097344324751306,0.6962536453899851,uncertain
burst,0.85,main,,single,steal,slo_miss_rate,10,0.11170597375999958,-0.038051889789999724,0.26567082342224974,uncertain
burst,0.85,main,,single,threshold,class0_p99_us,10,-0.382173377700002,-1.1638625728750012,0.32350717140249935,uncertain
burst,0.85,main,,single,threshold,control_cpu_mean,10,-2.576893160834,-2.6075558984053004,-2.5543565918416253,lower
burst,0.85,main,,single,threshold,p999_us,10,-1.177606167099998,-2.6997479458675024,0.37620350831500127,uncertain
burst,0.85,main,,single,threshold,p99_us,10,0.27770832649999877,-0.2765628343450027,0.8045899406600022,uncertain
burst,0.85,main,,single,threshold,slo_miss_rate,10,-0.07955534417000032,-0.17233956165574998,0.018097049646999753,uncertain
burst,0.85,main,,steal,jbsq,class0_p99_us,10,7.540185531200004,6.310923623782497,8.784159430322509,higher
burst,0.85,main,,steal,jbsq,control_cpu_mean,10,4.744869597669,4.674119695023499,4.813252585571376,higher
burst,0.85,main,,steal,jbsq,p999_us,10,4.022395286699992,2.2772721205474875,5.591213342262496,higher
burst,0.85,main,,steal,jbsq,p99_us,10,4.9471803516000135,4.177959811590012,5.681767176067522,higher
burst,0.85,main,,steal,jbsq,slo_miss_rate,10,1.3536165559000002,1.1901343517539997,1.5101434062805006,higher
burst,0.85,main,,steal,jsw,class0_p99_us,10,-0.6132577059999988,-1.8086017660174976,0.329719201030005,uncertain
burst,0.85,main,,steal,jsw,control_cpu_mean,10,4.346469597665,4.275719695019501,4.414852585567375,higher
burst,0.85,main,,steal,jsw,p999_us,10,-1.0007958792000067,-2.8754907781050134,0.6449299802975036,uncertain
burst,0.85,main,,steal,jsw,p99_us,10,-0.29908108270000183,-1.1164986453625072,0.35139872035249126,uncertain
burst,0.85,main,,steal,jsw,slo_miss_rate,10,-0.18987761478999998,-0.2890251776642498,-0.10912746289224969,lower
burst,0.85,main,,steal,qbr,class0_p99_us,10,0.19734709470000383,-0.8930540952399993,1.318110144632508,uncertain
burst,0.85,main,,steal,qbr,control_cpu_mean,10,2.207768917367,2.131769786967525,2.2806082131117003,higher
burst,0.85,main,,steal,qbr,p999_us,10,0.12493309229998886,-1.695835114182523,1.7862078107999992,uncertain
burst,0.85,main,,steal,qbr,p99_us,10,-0.3206216744999836,-1.0529741458699935,0.32667991803750784,uncertain
burst,0.85,main,,steal,qbr,slo_miss_rate,10,-0.19484448164000023,-0.3101424033097505,-0.07582238661399994,lower
burst,0.85,main,,steal,single,class0_p99_us,10,-0.35366999710000185,-1.5281760370300004,0.5816598607775006,uncertain
burst,0.85,main,,steal,single,control_cpu_mean,10,2.2322653350170003,2.1537942595106,2.30886589146795,higher
burst,0.85,main,,steal,single,p999_us,10,-0.35339017820001006,-1.9579469611425195,0.9579129749799925,uncertain
burst,0.85,main,,steal,single,p99_us,10,-0.10563831589999495,-0.6962536453899852,0.4709734432475128,uncertain
burst,0.85,main,,steal,single,slo_miss_rate,10,-0.11170597375999958,-0.2656708234222498,0.03805188978999969,uncertain
burst,0.85,main,,steal,threshold,class0_p99_us,10,-0.7358433748000038,-1.7718193458850067,0.17559700204249248,uncertain
burst,0.85,main,,steal,threshold,control_cpu_mean,10,-0.344627825817,-0.44617378536460006,-0.24963244688862507,lower
burst,0.85,main,,steal,threshold,p999_us,10,-1.530996345300008,-3.6872634432250067,0.41501020199748945,uncertain
burst,0.85,main,,steal,threshold,p99_us,10,0.1720700106000038,-0.7062897595649985,0.9968534479450077,uncertain
burst,0.85,main,,steal,threshold,slo_miss_rate,10,-0.1912613179299999,-0.2539334279249997,-0.11674560310525024,lower
burst,0.85,main,,threshold,jbsq,class0_p99_us,10,8.276028906000008,7.410018837502507,9.269326723557505,higher
burst,0.85,main,,threshold,jbsq,control_cpu_mean,10,5.089497423486,5.05981455571225,5.1252530874977,higher
burst,0.85,main,,threshold,jbsq,p999_us,10,5.553391632,4.284307485377507,6.876601655142496,higher
burst,0.85,main,,threshold,jbsq,p99_us,10,4.77511034100001,4.187837544660016,5.367882360752515,higher
burst,0.85,main,,threshold,jbsq,slo_miss_rate,10,1.54487787383,1.3940835844545016,1.6979335646217513,higher
burst,0.85,main,,threshold,jsw,class0_p99_us,10,0.12258566880000502,-0.6473476686724959,0.9476322797000052,uncertain
burst,0.85,main,,threshold,jsw,control_cpu_mean,10,4.691097423482001,4.66141455570825,4.7268530874937005,higher
burst,0.85,main,,threshold,jsw,p999_us,10,0.5302004661000013,-0.5881734980274952,1.5098593223774868,uncertain
burst,0.85,main,,threshold,jsw,p99_us,10,-0.47115109330000565,-0.9414194833974926,-0.0032635239275092334,lower
burst,0.85,main,,threshold,jsw,slo_miss_rate,10,0.0013837031399999145,-0.10395440230474996,0.09535792403499943,uncertain
burst,0.85,main,,threshold,qbr,class0_p99_us,10,0.9331904695000077,-0.13990755591248788,1.9269837896800024,uncertain
burst,0.85,main,,threshold,qbr,control_cpu_mean,10,2.5523967431840004,2.529166172213325,2.579501324116675,higher
burst,0.85,main,,threshold,qbr,p999_us,10,1.655929437599997,0.37227212220750117,3.1543961772200078,higher
burst,0.85,main,,threshold,qbr,p99_us,10,-0.49269168509998734,-1.0027318760374886,0.06170006389500896,uncertain
burst,0.85,main,,threshold,qbr,slo_miss_rate,10,-0.0035831637100003366,-0.07786319717224975,0.08237969950000035,uncertain
burst,0.85,main,,threshold,single,class0_p99_us,10,0.382173377700002,-0.32350717140250024,1.1638625728749998,uncertain
burst,0.85,main,,threshold,single,control_cpu_mean,10,2.576893160834,2.5543565918416253,2.6075558984053004,higher
burst,0.85,main,,threshold,single,p999_us,10,1.177606167099998,-0.3762035083150016,2.699747945867501,uncertain
burst,0.85,main,,threshold,single,p99_us,10,-0.27770832649999877,-0.8045899406600023,0.2765628343450022,uncertain
burst,0.85,main,,threshold,single,slo_miss_rate,10,0.07955534417000032,-0.018097049646999763,0.17233956165574998,uncertain
burst,0.85,main,,threshold,steal,class0_p99_us,10,0.7358433748000038,-0.17559700204249348,1.7718193458850058,uncertain
burst,0.85,main,,threshold,steal,control_cpu_mean,10,0.344627825817,0.24963244688862501,0.4461737853646,higher
burst,0.85,main,,threshold,steal,p999_us,10,1.530996345300008,-0.4150102019974898,3.6872634432250067,uncertain
burst,0.85,main,,threshold,steal,p99_us,10,-0.1720700106000038,-0.996853447945008,0.7062897595649965,uncertain
burst,0.85,main,,threshold,steal,slo_miss_rate,10,0.1912613179299999,0.11674560310525016,0.2539334279249997,higher
burst,0.85,main,,work,jbsq,class0_p99_us,10,275.83687825310005,209.08952605502,342.9397591085275,higher
burst,0.85,main,,work,jbsq,control_cpu_mean,10,0.398400000004,0.398400000004,0.398400000004,higher
burst,0.85,main,,work,jbsq,p999_us,10,272.59772669029996,211.67787042421003,334.0154648334875,higher
burst,0.85,main,,work,jbsq,p99_us,10,273.9987239507001,213.78038779508753,334.18201504448007,higher
burst,0.85,main,,work,jbsq,slo_miss_rate,10,62.6499877774,61.6549842945365,63.58956395268375,higher
burst,0.85,main,,work,jsw,class0_p99_us,10,267.6834350159,201.72105633025748,334.11619086008255,higher
burst,0.85,main,,work,jsw,control_cpu_mean,10,0.0,0.0,0.0,uncertain
burst,0.85,main,,work,jsw,p999_us,10,267.57453552439995,206.27791361554503,328.9871245552123,higher
burst,0.85,main,,work,jsw,p99_us,10,268.7524625164,208.91486972308502,328.51840344747245,higher
burst,0.85,main,,work,jsw,slo_miss_rate,10,61.10649360671,60.1927594163445,61.9706033930435,higher
burst,0.85,main,,work,qbr,class0_p99_us,10,268.49403981660004,202.174527070315,335.35697366972494,higher
burst,0.85,main,,work,qbr,control_cpu_mean,10,-2.1387006802979998,-2.14780980214175,-2.1314017524152002,lower
burst,0.85,main,,work,qbr,p999_us,10,268.7002644959,207.3281731813325,329.7423007971799,higher
burst,0.85,main,,work,qbr,p99_us,10,268.7309219246,208.83741593421001,328.6772501240099,higher
burst,0.85,main,,work,qbr,slo_miss_rate,10,61.10152673985999,60.14633548310649,62.02765688123225,higher
burst,0.85,main,,work,single,class0_p99_us,10,267.9430227248,201.9225523895325,334.49762482262,higher
burst,0.85,main,,work,single,control_cpu_mean,10,-2.1142042626479998,-2.12246211528495,-2.1047861756013244,lower
burst,0.85,main,,work,single,p999_us,10,268.2219412254,207.2326017700125,329.29302860904,higher
burst,0.85,main,,work,single,p99_us,10,268.9459052832,209.06153850963497,328.7802639401249,higher
burst,0.85,main,,work,single,slo_miss_rate,10,61.18466524774,60.231110899004,62.1016939918625,higher
burst,0.85,main,,work,steal,class0_p99_us,10,268.29669272190006,201.63290110287502,334.95992766255245,higher
burst,0.85,main,,work,steal,control_cpu_mean,10,-4.346469597665,-4.414852585567375,-4.275719695019501,lower
burst,0.85,main,,work,steal,p999_us,10,268.5753314036,207.00899195302753,330.25045222792494,higher
burst,0.85,main,,work,steal,p99_us,10,269.0515435991,208.89140900255,328.8976535241373,higher
burst,0.85,main,,work,steal,slo_miss_rate,10,61.296371221499996,60.361778557060745,62.16537404803999,higher
burst,0.85,main,,work,threshold,class0_p99_us,10,267.5608493471,201.38400880491,334.1138077050475,higher
burst,0.85,main,,work,threshold,control_cpu_mean,10,-4.691097423482001,-4.7268530874937005,-4.66141455570825,lower
burst,0.85,main,,work,threshold,p999_us,10,267.0443350583,205.61167754118247,328.79272672249,higher
burst,0.85,main,,work,threshold,p99_us,10,269.2236136097,209.42840646848,329.01344143525745,higher
burst,0.85,main,,work,threshold,slo_miss_rate,10,61.105109903569996,60.171992062148746,61.992670160659756,higher
burst,0.95,main,,bwc,jbsq,class0_p99_us,10,3053.1985475726005,2984.8676334722677,3134.1350583145027,higher
burst,0.95,main,,bwc,jbsq,control_cpu_mean,10,1.5577530584040002,1.5546527165996997,1.561118638080575,higher
burst,0.95,main,,bwc,jbsq,p999_us,10,3038.8420752955,2972.2647691657153,3116.94823887802,higher
burst,0.95,main,,bwc,jbsq,p99_us,10,3013.3981380213,2949.84161166219,3088.211594451217,higher
burst,0.95,main,,bwc,jbsq,slo_miss_rate,10,1.08429077469,0.8038015687714996,1.3689592674012478,higher
burst,0.95,main,,bwc,jsw,class0_p99_us,10,3032.7185215253003,2964.9628285202975,3112.669589354022,higher
burst,0.95,main,,bwc,jsw,control_cpu_mean,10,1.1593530584,1.1562527165956997,1.1627186380765748,higher
burst,0.95,main,,bwc,jsw,p999_us,10,3020.8228540681,2953.8462064281175,3099.175062442297,higher
burst,0.95,main,,bwc,jsw,p99_us,10,3000.4141827683,2936.9948898391326,3075.391770980745,higher
burst,0.95,main,,bwc,jsw,slo_miss_rate,10,0.9306088457700012,0.6852092830125007,1.1773461922345019,higher
burst,0.95,main,,bwc,qbr,class0_p99_us,10,3035.1252243722,2966.9626843665396,3114.8085208681896,higher
burst,0.95,main,,bwc,qbr,control_cpu_mean,10,-1.4378947031,-1.4496065615893499,-1.4270312392272,lower
burst,0.95,main,,bwc,qbr,p999_us,10,3020.1569949655,2951.851427653573,3100.488900628797,higher
burst,0.95,main,,bwc,qbr,p99_us,10,3000.8123139980003,2937.68338676047,3075.1889326273154,higher
burst,0.95,main,,bwc,qbr,slo_miss_rate,10,0.9129032778200008,0.6625870166537501,1.1697915695832517,higher
burst,0.95,main,,bwc,single,class0_p99_us,10,3033.9903293657,2965.2731445808827,3114.8111860402373,higher
burst,0.95,main,,bwc,single,control_cpu_mean,10,-1.435458435365,-1.452680810670375,-1.4214781724236247,lower
burst,0.95,main,,bwc,single,p999_us,10,3021.2153387634003,2955.23093741195,3098.180542377725,higher
burst,0.95,main,,bwc,single,p99_us,10,3001.8716997093,2938.004444335205,3076.754857448095,higher
burst,0.95,main,,bwc,single,slo_miss_rate,10,0.9300860865799999,0.679607742797001,1.1785279072259973,higher
burst,0.95,main,,bwc,steal,class0_p99_us,10,3034.1483531256,2965.702625534053,3115.4311828436,higher
burst,0.95,main,,bwc,steal,control_cpu_mean,10,-0.429707052484,-0.4330983920738749,-0.4259333402624249,lower
burst,0.95,main,,bwc,steal,p999_us,10,3022.0664737004,2955.0625559491473,3101.038712037305,higher
burst,0.95,main,,bwc,steal,p99_us,10,3001.4799773004997,2938.0773405614027,3075.959420690187,higher
burst,0.95,main,,bwc,steal,slo_miss_rate,10,0.9164971327700011,0.6656861740052502,1.1724926419100012,higher
burst,0.95,main,,bwc,threshold,class0_p99_us,10,3035.071083295,2966.9744004807003,3115.228487034525,higher
burst,0.95,main,,bwc,threshold,control_cpu_mean,10,-5.370781918926,-5.3734270318718504,-5.368030697641051,lower
burst,0.95,main,,bwc,threshold,p999_us,10,3023.0884281897,2956.3370531449855,3101.9199827395,higher
burst,0.95,main,,bwc,threshold,p99_us,10,3001.3876177144,2937.8942232646523,3077.126853958925,higher
burst,0.95,main,,bwc,threshold,slo_miss_rate,10,0.9248076150700013,0.677542079131501,1.1707863390560027,higher
burst,0.95,main,,jbsq,jsw,class0_p99_us,10,-20.480026047300008,-22.59662210074001,-18.27572075907752,lower
burst,0.95,main,,jbsq,jsw,control_cpu_mean,10,-0.398400000004,-0.398400000004,-0.398400000004,lower
burst,0.95,main,,jbsq,jsw,p999_us,10,-18.0192212274,-20.022641293555022,-15.961382804870007,lower
burst,0.95,main,,jbsq,jsw,p99_us,10,-12.983955252999987,-14.663245174915005,-11.386777672992478,lower
burst,0.95,main,,jbsq,jsw,slo_miss_rate,10,-0.15368192891999866,-0.19983016903999729,-0.1094738290052483,lower
burst,0.95,main,,jbsq,qbr,class0_p99_us,10,-18.07332320039999,-20.210440060467487,-15.80166103100749,lower
burst,0.95,main,,jbsq,qbr,control_cpu_mean,10,-2.9956477615040003,-3.0081409177539995,-2.98367037371535,lower
burst,0.95,main,,jbsq,qbr,p999_us,10,-18.685080329999995,-21.279630024642497,-16.02897274060251,lower
burst,0.95,main,,jbsq,qbr,p99_us,10,-12.585824023299983,-14.275557851322507,-10.987685970812498,lower
burst,0.95,main,,jbsq,qbr,slo_miss_rate,10,-0.1713874968699991,-0.21166719350324795,-0.1297211500845011,lower
burst,0.95,main,,jbsq,single,class0_p99_us,10,-19.208218206899993,-21.123950575677483,-17.165794324629985,lower
burst,0.95,main,,jbsq,single,control_cpu_mean,10,-2.993211493769,-3.0100670021637748,-2.978506858078125,lower
burst,0.95,main,,jbsq,single,p999_us,10,-17.626736532099994,-19.708826273885023,-15.573289732827488,lower
burst,0.95,main,,jbsq,single,p99_us,10,-11.526438311999993,-12.52568272554001,-10.603795621472495,lower
burst,0.95,main,,jbsq,single,slo_miss_rate,10,-0.1542046881100001,-0.20123828977075173,-0.10470563114999609,lower
burst,0.95,main,,jbsq,steal,class0_p99_us,10,-19.05019444699999,-20.4480559051,-17.645340484102498,lower
burst,0.95,main,,jbsq,steal,control_cpu_mean,10,-1.9874601108880001,-1.9884850555461502,-1.9866225313628252,lower
burst,0.95,main,,jbsq,steal,p999_us,10,-16.7756015951,-19.367787132574996,-14.187661406225004,lower
burst,0.95,main,,jbsq,steal,p99_us,10,-11.918160720800017,-12.961524907897529,-10.906690200227525,lower
burst,0.95,main,,jbsq,steal,slo_miss_rate,10,-0.1677936419199988,-0.21809744920174648,-0.11801816982875318,lower
burst,0.95,main,,jbsq,threshold,class0_p99_us,10,-18.127464277599973,-20.59571495585999,-15.841480354057454,lower
burst,0.95,main,,jbsq,threshold,control_cpu_mean,10,-6.92853497733,-6.929494871861274,-6.92758532182335,lower
burst,0.95,main,,jbsq,threshold,p999_us,10,-15.753647105799995,-17.641814261997514,-14.151944548515003,lower
burst,0.95,main,,jbsq,threshold,p99_us,10,-12.01052030689998,-13.876195264212484,-10.31894381784749,lower
burst,0.95,main,,jbsq,threshold,slo_miss_rate,10,-0.1594831596199986,-0.20327462268099758,-0.11600337895024894,lower
burst,0.95,main,,jsw,jbsq,class0_p99_us,10,20.480026047300008,18.27572075907752,22.59662210074001,higher
burst,0.95,main,,jsw,jbsq,control_cpu_mean,10,0.398400000004,0.398400000004,0.398400000004,higher
burst,0.95,main,,jsw,jbsq,p999_us,10,18.0192212274,15.961382804870004,20.022641293555022,higher
burst,0.95,main,,jsw,jbsq,p99_us,10,12.983955252999987,11.386777672992476,14.663245174915003,higher
burst,0.95,main,,jsw,jbsq,slo_miss_rate,10,0.15368192891999866,0.10947382900524821,0.19983016903999729,higher
burst,0.95,main,,jsw,qbr,class0_p99_us,10,2.4067028469000205,0.5011069496025322,4.4357342671149915,higher
burst,0.95,main,,jsw,qbr,control_cpu_mean,10,-2.5972477615000003,-2.6097409177499995,-2.58527037371135,lower
burst,0.95,main,,jsw,qbr,p999_us,10,-0.6658591025999954,-3.286763427337503,1.9893434510274939,uncertain
burst,0.95,main,,jsw,qbr,p99_us,10,0.3981312297000045,-0.5235923872175039,1.392085921522514,uncertain
burst,0.95,main,,jsw,qbr,slo_miss_rate,10,-0.017705567950000445,-0.03783682714450251,-0.0028786855765009184,lower
burst,0.95,main,,jsw,single,class0_p99_us,10,1.2718078404000153,-0.9647495652449999,3.5408051518825174,uncertain
burst,0.95,main,,jsw,single,control_cpu_mean,10,-2.594811493765,-2.6116670021597748,-2.5801068580741253,lower
burst,0.95,main,,jsw,single,p999_us,10,0.3924846953000042,-1.9964110852874932,2.7370695865825034,uncertain
burst,0.95,main,,jsw,single,p99_us,10,1.4575169409999944,0.19675107159249677,2.996455638544973,higher
burst,0.95,main,,jsw,single,slo_miss_rate,10,-0.0005227591900014428,-0.022100298639003646,0.019926337350497623,uncertain
burst,0.95,main,,jsw,steal,class0_p99_us,10,1.4298316003000195,-1.5213893433999828,4.455314408600032,uncertain
burst,0.95,main,,jsw,steal,control_cpu_mean,10,-1.5890601108840001,-1.5900850555421497,-1.5882225313588247,lower
burst,0.95,main,,jsw,steal,p999_us,10,1.243619632299999,-0.7655379651425042,3.292579047290003,uncertain
burst,0.95,main,,jsw,steal,p99_us,10,1.0657945321999704,-0.08079360989003873,2.110772559884948,uncertain
burst,0.95,main,,jsw,steal,slo_miss_rate,10,-0.014111713000000137,-0.03490867001474862,0.005820575558747317,uncertain
burst,0.95,main,,jsw,threshold,class0_p99_us,10,2.352561769700037,-0.43736155637496005,4.846933608437538,uncertain
burst,0.95,main,,jsw,threshold,control_cpu_mean,10,-6.530134977326,-6.531094871857276,-6.529185321819352,lower
burst,0.95,main,,jsw,threshold,p999_us,10,2.2655741216000025,0.25326992067002946,4.266594899390001,higher
burst,0.95,main,,jsw,threshold,p99_us,10,0.9734349461000079,-0.23572692749999077,2.2412241274375213,uncertain
burst,0.95,main,,jsw,threshold,slo_miss_rate,10,-0.0058012306999999375,-0.017288453275247917,0.004691030470252848,uncertain
burst,0.95,main,,p2c,jbsq,class0_p99_us,10,74.13719538059999,67.37855836670997,81.73762910730248,higher
burst,0.95,main,,p2c,jbsq,control_cpu_mean,10,0.398400000004,0.398400000004,0.398400000004,higher
burst,0.95,main,,p2c,jbsq,p999_us,10,74.07984125459998,63.71767046135998,84.30866121833247,higher
burst,0.95,main,,p2c,jbsq,p99_us,10,52.98441620709998,46.754903805634974,59.12479739937746,higher
burst,0.95,main,,p2c,jbsq,slo_miss_rate,10,0.03271299946999928,0.00022851804274884378,0.06687782072549843,higher
burst,0.95,main,,p2c,jsw,class0_p99_us,10,53.65716933329999,47.56710313326001,60.63487035169998,higher
burst,0.95,main,,p2c,jsw,control_cpu_mean,10,0.0,0.0,0.0,uncertain
burst,0.95,main,,p2c,jsw,p999_us,10,56.06062002719999,45.39086588801249,66.57394110988248,higher
burst,0.95,main,,p2c,jsw,p99_us,10,40.00046095409999,34.41379346799502,45.64059927305248,higher
burst,0.95,main,,p2c,jsw,slo_miss_rate,10,-0.12096892944999937,-0.1672453020032513,-0.0785898369719995,lower
burst,0.95,main,,p2c,qbr,class0_p99_us,10,56.06387218020001,49.71694704495249,62.924908311002504,higher
burst,0.95,main,,p2c,qbr,control_cpu_mean,10,-2.5972477615000003,-2.6097409177499995,-2.58527037371135,lower
burst,0.95,main,,p2c,qbr,p999_us,10,55.39476092459999,44.471492987972496,66.03279790264996,higher
burst,0.95,main,,p2c,qbr,p99_us,10,40.3985921838,34.78746537262252,45.899679837099974,higher
burst,0.95,main,,p2c,qbr,slo_miss_rate,10,-0.13867449739999982,-0.17870670503324626,-0.10427268290775106,lower
burst,0.95,main,,p2c,single,class0_p99_us,10,54.928977173700005,47.80011003705501,62.51527196420249,higher
burst,0.95,main,,p2c,single,control_cpu_mean,10,-2.594811493765,-2.6116670021597748,-2.5801068580741253,lower
burst,0.95,main,,p2c,single,p999_us,10,56.453104722499994,46.317777380125,66.92033132756248,higher
burst,0.95,main,,p2c,single,p99_us,10,41.45797789509999,35.5803509428275,47.45963483482997,higher
burst,0.95,main,,p2c,single,slo_miss_rate,10,-0.12149168864000082,-0.16763196358249974,-0.07868291200275049,lower
burst,0.95,main,,p2c,steal,class0_p99_us,10,55.08700093360001,47.71858182241751,62.74411744227503,higher
burst,0.95,main,,p2c,steal,control_cpu_mean,10,-1.5890601108840001,-1.5900850555421497,-1.5882225313588247,lower
burst,0.95,main,,p2c,steal,p999_us,10,57.30423965949999,46.401769319229984,67.87096771773999,higher
burst,0.95,main,,p2c,steal,p99_us,10,41.066255486299966,35.57384582818998,46.65835961169745,higher
burst,0.95,main,,p2c,steal,slo_miss_rate,10,-0.1350806424499995,-0.18075702734225077,-0.09414011271575215,lower
burst,0.95,main,,p2c,threshold,class0_p99_us,10,56.00973110300002,49.153714430550046,63.262552166657514,higher
burst,0.95,main,,p2c,threshold,control_cpu_mean,10,-6.530134977326,-6.531094871857276,-6.529185321819352,lower
burst,0.95,main,,p2c,threshold,p999_us,10,58.32619414879999,47.93473461903,68.51649598281747,higher
burst,0.95,main,,p2c,threshold,p99_us,10,40.9738959002,35.24292465314749,46.52958624378749,higher
burst,0.95,main,,p2c,threshold,slo_miss_rate,10,-0.1267701601499993,-0.17454544226749832,-0.08600079510524962,lower
burst,0.95,main,,qbr,jbsq,class0_p99_us,10,18.07332320039999,15.801661031007487,20.210440060467487,higher
burst,0.95,main,,qbr,jbsq,control_cpu_mean,10,2.9956477615040003,2.98367037371535,3.0081409177539995,higher
burst,0.95,main,,qbr,jbsq,p999_us,10,18.685080329999995,16.028972740602505,21.279630024642497,higher
burst,0.95,main,,qbr,jbsq,p99_us,10,12.585824023299983,10.987685970812498,14.275557851322507,higher
burst,0.95,main,,qbr,jbsq,slo_miss_rate,10,0.1713874968699991,0.1297211500845011,0.21166719350324795,higher
burst,0.95,main,,qbr,jsw,class0_p99_us,10,-2.4067028469000205,-4.435734267114993,-0.5011069496025332,lower
burst,0.95,main,,qbr,jsw,control_cpu_mean,10,2.5972477615000003,2.58527037371135,2.6097409177499995,higher
burst,0.95,main,,qbr,jsw,p999_us,10,0.6658591025999954,-1.9893434510274977,3.286763427337503,uncertain
burst,0.95,main,,qbr,jsw,p99_us,10,-0.3981312297000045,-1.3920859215225143,0.5235923872175033,uncertain
burst,0.95,main,,qbr,jsw,slo_miss_rate,10,0.017705567950000445,0.002878685576500895,0.03783682714450248,higher
burst,0.95,main,,qbr,single,class0_p99_us,10,-1.1348950065000054,-4.552455571115022,1.8502380161050236,uncertain
burst,0.95,main,,qbr,single,control_cpu_mean,10,0.0024362677349999695,-0.008230807368624995,0.012202448855025028,uncertain
burst,0.95,main,,qbr,single,p999_us,10,1.0583437978999997,-1.903007483787508,3.841755598735005,uncertain
burst,0.95,main,,qbr,single,p99_us,10,1.0593857112999898,-0.18588166969000042,2.4606056312699875,uncertain
burst,0.95,main,,qbr,single,slo_miss_rate,10,0.017182808759999002,-0.005289430046254484,0.04036721787925415,uncertain
burst,0.95,main,,qbr,steal,class0_p99_us,10,-0.9768712466000011,-3.638253069362474,1.6854647533125053,uncertain
burst,0.95,main,,qbr,steal,control_cpu_mean,10,1.008187650616,0.996330320057575,1.0208566692019998,higher
burst,0.95,main,,qbr,steal,p999_us,10,1.9094787348999944,-1.1786486949774921,4.893881833147499,uncertain
burst,0.95,main,,qbr,steal,p99_us,10,0.667663302499966,-0.6098668127875135,1.956674013542466,uncertain
burst,0.95,main,,qbr,steal,slo_miss_rate,10,0.003593854950000308,-0.013256221379749772,0.01956412416024979,uncertain
burst,0.95,main,,qbr,threshold,class0_p99_us,10,-0.05414107719998355,-2.3716860391999717,2.1996466126725456,uncertain
burst,0.95,main,,qbr,threshold,control_cpu_mean,10,-3.9328872158260006,-3.9448546306144743,-3.9205244978477003,lower
burst,0.95,main,,qbr,threshold,p999_us,10,2.931433224199998,0.3404139548200133,5.288119316017462,higher
burst,0.95,main,,qbr,threshold,p99_us,10,0.5753037164000034,-1.0412621705125134,2.2127461918875126,uncertain
burst,0.95,main,,qbr,threshold,slo_miss_rate,10,0.011904337250000507,-0.004210339952000597,0.028117832856752234,uncertain
burst,0.95,main,,single,jbsq,class0_p99_us,10,19.208218206899993,17.16579432462998,21.123950575677483,higher
burst,0.95,main,,single,jbsq,control_cpu_mean,10,2.993211493769,2.978506858078125,3.0100670021637748,higher
burst,0.95,main,,single,jbsq,p999_us,10,17.626736532099994,15.573289732827488,19.708826273885023,higher
burst,0.95,main,,single,jbsq,p99_us,10,11.526438311999993,10.603795621472493,12.52568272554001,higher
burst,0.95,main,,single,jbsq,slo_miss_rate,10,0.1542046881100001,0.10470563114999609,0.20123828977075173,higher
burst,0.95,main,,single,jsw,class0_p99_us,10,-1.2718078404000153,-3.5408051518825174,0.9647495652449992,uncertain
burst,0.95,main,,single,jsw,control_cpu_mean,10,2.594811493765,2.5801068580741253,2.6116670021597748,higher
burst,0.95,main,,single,jsw,p999_us,10,-0.3924846953000042,-2.737069586582504,1.9964110852874926,uncertain
burst,0.95,main,,single,jsw,p99_us,10,-1.4575169409999944,-2.996455638544974,-0.19675107159249702,lower
burst,0.95,main,,single,jsw,slo_miss_rate,10,0.0005227591900014428,-0.019926337350497647,0.022100298639003643,uncertain
burst,0.95,main,,single,qbr,class0_p99_us,10,1.1348950065000054,-1.8502380161050236,4.552455571115021,uncertain
burst,0.95,main,,single,qbr,control_cpu_mean,10,-0.0024362677349999695,-0.012202448855025042,0.008230807368624993,uncertain
burst,0.95,main,,single,qbr,p999_us,10,-1.0583437978999997,-3.841755598735006,1.903007483787506,uncertain
burst,0.95,main,,single,qbr,p99_us,10,-1.0593857112999898,-2.460605631269988,0.1858816696900002,uncertain
burst,0.95,main,,single,qbr,slo_miss_rate,10,-0.017182808759999002,-0.04036721787925415,0.005289430046254482,uncertain
burst,0.95,main,,single,steal,class0_p99_us,10,0.15802375990000428,-2.0970980388850116,2.385499334235009,uncertain
burst,0.95,main,,single,steal,control_cpu_mean,10,1.005751382881,0.9909713403489498,1.022641042244075,higher
burst,0.95,main,,single,steal,p999_us,10,0.8511349369999948,-2.5216238939774955,4.423870021379994,uncertain
burst,0.95,main,,single,steal,p99_us,10,-0.3917224088000239,-1.3330390630600286,0.5157271596124597,uncertain
burst,0.95,main,,single,steal,slo_miss_rate,10,-0.013588953809998694,-0.034800209298998325,0.007333713134252107,uncertain
burst,0.95,main,,single,threshold,class0_p99_us,10,1.080753929300022,-1.454102806800006,3.5698193840525265,uncertain
burst,0.95,main,,single,threshold,control_cpu_mean,10,-3.9353234835610005,-3.94972955731055,-3.9186643231387754,lower
burst,0.95,main,,single,threshold,p999_us,10,1.8730894262999982,-0.81760357190499,4.658284460592506,uncertain
burst,0.95,main,,single,threshold,p99_us,10,-0.4840819948999865,-2.0877208484049885,0.8794003542325174,uncertain
burst,0.95,main,,single,threshold,slo_miss_rate,10,-0.005278471509998495,-0.020524700170998583,0.012499524931750742,uncertain
burst,0.95,main,,steal,jbsq,class0_p99_us,10,19.05019444699999,17.645340484102498,20.4480559051,higher
burst,0.95,main,,steal,jbsq,control_cpu_mean,10,1.9874601108880001,1.9866225313628252,1.9884850555461502,higher
burst,0.95,main,,steal,jbsq,p999_us,10,16.7756015951,14.187661406225002,19.367787132574993,higher
burst,0.95,main,,steal,jbsq,p99_us,10,11.918160720800017,10.906690200227525,12.961524907897527,higher
burst,0.95,main,,steal,jbsq,slo_miss_rate,10,0.1677936419199988,0.11801816982875318,0.21809744920174648,higher
burst,0.95,main,,steal,jsw,class0_p99_us,10,-1.4298316003000195,-4.455314408600032,1.5213893433999828,uncertain
burst,0.95,main,,steal,jsw,control_cpu_mean,10,1.5890601108840001,1.5882225313588247,1.5900850555421497,higher
burst,0.95,main,,steal,jsw,p999_us,10,-1.243619632299999,-3.292579047290004,0.7655379651425016,uncertain
burst,0.95,main,,steal,jsw,p99_us,10,-1.0657945321999704,-2.1107725598849485,0.08079360989003793,uncertain
burst,0.95,main,,steal,jsw,slo_miss_rate,10,0.014111713000000137,-0.005820575558747321,0.03490867001474859,uncertain
burst,0.95,main,,steal,qbr,class0_p99_us,10,0.9768712466000011,-1.6854647533125062,3.6382530693624733,uncertain
burst,0.95,main,,steal,qbr,control_cpu_mean,10,-1.008187650616,-1.0208566692019998,-0.996330320057575,lower
burst,0.95,main,,steal,qbr,p999_us,10,-1.9094787348999944,-4.8938818331475,1.1786486949774886,uncertain
burst,0.95,main,,steal,qbr,p99_us,10,-0.667663302499966,-1.9566740135424667,0.6098668127875129,uncertain
burst,0.95,main,,steal,qbr,slo_miss_rate,10,-0.003593854950000308,-0.0195641241602498,0.013256221379749765,uncertain
burst,0.95,main,,steal,single,class0_p99_us,10,-0.15802375990000428,-2.385499334235009,2.0970980388850107,uncertain
burst,0.95,main,,steal,single,control_cpu_mean,10,-1.005751382881,-1.022641042244075,-0.9909713403489498,lower
burst,0.95,main,,steal,single,p999_us,10,-0.8511349369999948,-4.423870021380003,2.5216238939774893,uncertain
burst,0.95,main,,steal,single,p99_us,10,0.3917224088000239,-0.5157271596124602,1.3330390630600284,uncertain
burst,0.95,main,,steal,single,slo_miss_rate,10,0.013588953809998694,-0.007333713134252128,0.03480020929899832,uncertain
burst,0.95,main,,steal,threshold,class0_p99_us,10,0.9227301694000175,-1.3009997460524934,3.014486445457528,uncertain
burst,0.95,main,,steal,threshold,control_cpu_mean,10,-4.941074866442,-4.942814944800575,-4.9391772025141005,lower
burst,0.95,main,,steal,threshold,p999_us,10,1.0219544893000034,-0.8516799990124865,2.842000157762488,uncertain
burst,0.95,main,,steal,threshold,p99_us,10,-0.0923595860999626,-1.28195814269496,1.0570107494175418,uncertain
burst,0.95,main,,steal,threshold,slo_miss_rate,10,0.0083104823000002,-0.014327200249751149,0.031270698695749194,uncertain
burst,0.95,main,,threshold,jbsq,class0_p99_us,10,18.127464277599973,15.841480354057454,20.59571495585999,higher
burst,0.95,main,,threshold,jbsq,control_cpu_mean,10,6.92853497733,6.92758532182335,6.929494871861274,higher
burst,0.95,main,,threshold,jbsq,p999_us,10,15.753647105799995,14.151944548515,17.641814261997506,higher
burst,0.95,main,,threshold,jbsq,p99_us,10,12.01052030689998,10.318943817847488,13.876195264212482,higher
burst,0.95,main,,threshold,jbsq,slo_miss_rate,10,0.1594831596199986,0.11600337895024893,0.20327462268099755,higher
burst,0.95,main,,threshold,jsw,class0_p99_us,10,-2.352561769700037,-4.8469336084375385,0.4373615563749558,uncertain
burst,0.95,main,,threshold,jsw,control_cpu_mean,10,6.530134977326,6.529185321819352,6.531094871857276,higher
burst,0.95,main,,threshold,jsw,p999_us,10,-2.2655741216000025,-4.266594899390002,-0.2532699206700298,lower
burst,0.95,main,,threshold,jsw,p99_us,10,-0.9734349461000079,-2.2412241274375218,0.23572692749999077,uncertain
burst,0.95,main,,threshold,jsw,slo_miss_rate,10,0.0058012306999999375,-0.004691030470252849,0.017288453275247914,uncertain
burst,0.95,main,,threshold,qbr,class0_p99_us,10,0.05414107719998355,-2.199646612672547,2.3716860391999717,uncertain
burst,0.95,main,,threshold,qbr,control_cpu_mean,10,3.9328872158260006,3.9205244978477003,3.9448546306144743,higher
burst,0.95,main,,threshold,qbr,p999_us,10,-2.931433224199998,-5.288119316017463,-0.3404139548200181,lower
burst,0.95,main,,threshold,qbr,p99_us,10,-0.5753037164000034,-2.2127461918875126,1.0412621705125114,uncertain
burst,0.95,main,,threshold,qbr,slo_miss_rate,10,-0.011904337250000507,-0.028117832856752234,0.004210339952000593,uncertain
burst,0.95,main,,threshold,single,class0_p99_us,10,-1.080753929300022,-3.569819384052528,1.454102806800006,uncertain
burst,0.95,main,,threshold,single,control_cpu_mean,10,3.9353234835610005,3.9186643231387754,3.94972955731055,higher
burst,0.95,main,,threshold,single,p999_us,10,-1.8730894262999982,-4.658284460592509,0.8176035719049889,uncertain
burst,0.95,main,,threshold,single,p99_us,10,0.4840819948999865,-0.8794003542325174,2.0877208484049867,uncertain
burst,0.95,main,,threshold,single,slo_miss_rate,10,0.005278471509998495,-0.012499524931750744,0.020524700170998583,uncertain
burst,0.95,main,,threshold,steal,class0_p99_us,10,-0.9227301694000175,-3.014486445457528,1.3009997460524898,uncertain
burst,0.95,main,,threshold,steal,control_cpu_mean,10,4.941074866442,4.9391772025141005,4.942814944800575,higher
burst,0.95,main,,threshold,steal,p999_us,10,-1.0219544893000034,-2.8420001577624916,0.8516799990124828,uncertain
burst,0.95,main,,threshold,steal,p99_us,10,0.0923595860999626,-1.057010749417542,1.281958142694958,uncertain
burst,0.95,main,,threshold,steal,slo_miss_rate,10,-0.0083104823000002,-0.031270698695749194,0.014327200249751135,uncertain
burst,0.95,main,,work,jbsq,class0_p99_us,10,2220.5359029295996,2172.6764891190523,2271.96811601167,higher
burst,0.95,main,,work,jbsq,control_cpu_mean,10,0.398400000004,0.398400000004,0.398400000004,higher
burst,0.95,main,,work,jbsq,p999_us,10,2212.7603723825,2168.1241673809677,2259.871745667795,higher
burst,0.95,main,,work,jbsq,p99_us,10,2203.9746676922996,2161.5860283447255,2248.8226018071273,higher
burst,0.95,main,,work,jbsq,slo_miss_rate,10,1.08429077469,0.8038015687714996,1.3689592674012478,higher
burst,0.95,main,,work,jsw,class0_p99_us,10,2200.0558768823,2153.0682532264195,2249.9652257766847,higher
burst,0.95,main,,work,jsw,control_cpu_mean,10,0.0,0.0,0.0,uncertain
burst,0.95,main,,work,jsw,p999_us,10,2194.7411511551,2149.8947978378396,2242.312332848048,higher
burst,0.95,main,,work,jsw,p99_us,10,2190.9907124393,2148.639680398322,2235.70754190724,higher
burst,0.95,main,,work,jsw,slo_miss_rate,10,0.9306088457700012,0.6852092830125007,1.1773461922345019,higher
burst,0.95,main,,work,qbr,class0_p99_us,10,2202.4625797292,2155.461647909578,2253.000945007187,higher
burst,0.95,main,,work,qbr,control_cpu_mean,10,-2.5972477615000003,-2.6097409177499995,-2.58527037371135,lower
burst,0.95,main,,work,qbr,p999_us,10,2194.0752920525,2148.6441120284,2242.207570018217,higher
burst,0.95,main,,work,qbr,p99_us,10,2191.3888436690004,2149.348984106065,2235.607593198935,higher
burst,0.95,main,,work,qbr,slo_miss_rate,10,0.9129032778200008,0.6625870166537501,1.1697915695832517,higher
burst,0.95,main,,work,single,class0_p99_us,10,2201.3276847227,2153.236831355765,2252.712370697112,higher
burst,0.95,main,,work,single,control_cpu_mean,10,-2.594811493765,-2.6116670021597748,-2.5801068580741253,lower
burst,0.95,main,,work,single,p999_us,10,2195.1336358504,2151.2197587510923,2241.5970391880774,higher
burst,0.95,main,,work,single,p99_us,10,2192.4482293803,2149.682095149195,2237.33011007939,higher
burst,0.95,main,,work,single,slo_miss_rate,10,0.9300860865799999,0.679607742797001,1.1785279072259973,higher
burst,0.95,main,,work,steal,class0_p99_us,10,2201.4857084826003,2153.396270742627,2253.3608217029723,higher
burst,0.95,main,,work,steal,control_cpu_mean,10,-1.5890601108840001,-1.5900850555421497,-1.5882225313588247,lower
burst,0.95,main,,work,steal,p999_us,10,2195.9847707874,2150.4576559416023,2244.7450222561724,higher
burst,0.95,main,,work,steal,p99_us,10,2192.0565069715,2149.724751941201,2236.842511140405,higher
burst,0.95,main,,work,steal,slo_miss_rate,10,0.9164971327700011,0.6656861740052502,1.1724926419100012,higher
burst,0.95,main,,work,threshold,class0_p99_us,10,2202.408438652,2155.2220111385977,2252.92493451391,higher
burst,0.95,main,,work,threshold,control_cpu_mean,10,-6.530134977326,-6.531094871857276,-6.529185321819352,lower
burst,0.95,main,,work,threshold,p999_us,10,2197.0067252767,2152.5164769267194,2244.239884566362,higher
burst,0.95,main,,work,threshold,p99_us,10,2191.9641473854003,2149.1563818564855,2237.4537136791123,higher
burst,0.95,main,,work,threshold,slo_miss_rate,10,0.9248076150700013,0.677542079131501,1.1707863390560027,higher
capacity,0.5,main,,bwc,jbsq,class0_p99_us,10,-13.00537355197,-14.691058219037748,-10.243942009699502,lower
capacity,0.5,main,,bwc,jbsq,control_cpu_mean,10,1.076556972093,1.07476199364335,1.078335311703375,higher
capacity,0.5,main,,bwc,jbsq,p999_us,10,-122.54843446970001,-130.39682247898753,-113.82903214500749,lower
capacity,0.5,main,,bwc,jbsq,p99_us,10,-15.305806544100005,-16.497833219565006,-14.194904553060002,lower
capacity,0.5,main,,bwc,jbsq,slo_miss_rate,10,-0.6076981349627,-0.6633779894495175,-0.5367079945182726,lower
capacity,0.5,main,,bwc,jsw,class0_p99_us,10,-4.80148714259,-7.0020928368215,-1.4927004072135037,lower
capacity,0.5,main,,bwc,jsw,control_cpu_mean,10,0.678156972089,0.6763619936393499,0.679935311699375,higher
capacity,0.5,main,,bwc,jsw,p999_us,10,-14.2168167375,-28.192924515722492,-2.2058872854175027,lower
capacity,0.5,main,,bwc,jsw,p99_us,10,-0.7263167307000031,-1.2975641144950083,-0.2069950471075003,lower
capacity,0.5,main,,bwc,jsw,slo_miss_rate,10,-0.04115017035570002,-0.10247002761364998,0.03838192296513497,uncertain
capacity,0.5,main,,bwc,qbr,class0_p99_us,10,-4.42658860831,-6.19617759262,-1.8652654255215009,lower
capacity,0.5,main,,bwc,qbr,control_cpu_mean,10,-0.9222052927060002,-0.9248770887045,-0.9197433006645002,lower
capacity,0.5,main,,bwc,qbr,p999_us,10,-10.821264709299992,-23.08687896715,-0.6919751296700285,lower
capacity,0.5,main,,bwc,qbr,p99_us,10,-0.9155419263000028,-1.4129953628150012,-0.4105743381800031,lower
capacity,0.5,main,,bwc,qbr,slo_miss_rate,10,-0.031408771702999994,-0.0880586895523075,0.0398042415394699,uncertain
capacity,0.5,main,,bwc,single,class0_p99_us,10,-4.99367932738,-6.9357641733325,-2.3027419312125015,lower
capacity,0.5,main,,bwc,single,control_cpu_mean,10,-0.917710509733,-0.9194682216478001,-0.9157266415780249,lower
capacity,0.5,main,,bwc,single,p999_us,10,-16.376240121000002,-26.464656773677515,-6.594245894682512,lower
capacity,0.5,main,,bwc,single,p99_us,10,-0.6158416304000042,-1.196072992187503,-0.09132016090000547,lower
capacity,0.5,main,,bwc,single,slo_miss_rate,10,-0.04995597220100001,-0.09998195053678502,0.018236311694097437,uncertain
capacity,0.5,main,,bwc,steal,class0_p99_us,10,-5.2775246860900005,-7.228043833764749,-2.2306363554352506,lower
capacity,0.5,main,,bwc,steal,control_cpu_mean,10,-2.880467883233,-2.95498452864795,-2.8039686745662746,lower
capacity,0.5,main,,bwc,steal,p999_us,10,-5.461148650500002,-14.597398320537499,2.96616286715501,uncertain
capacity,0.5,main,,bwc,steal,p99_us,10,-0.6519405658000039,-1.1516584653325042,-0.18731086203999878,lower
capacity,0.5,main,,bwc,steal,slo_miss_rate,10,-0.03339077072680001,-0.09177485408005502,0.04266330865186746,uncertain
capacity,0.5,main,,bwc,threshold,class0_p99_us,10,-4.58030372343,-6.397262854288749,-1.8462251800877543,lower
capacity,0.5,main,,bwc,threshold,control_cpu_mean,10,-1.0279322600140002,-1.0318338847087,-1.024229037420925,lower
capacity,0.5,main,,bwc,threshold,p999_us,10,-9.584321557599997,-19.6250395017625,-1.696486050250007,lower
capacity,0.5,main,,bwc,threshold,p99_us,10,-1.0252716969000033,-1.4145184571350011,-0.616863301115009,lower
capacity,0.5,main,,bwc,threshold,slo_miss_rate,10,-0.03362255542160001,-0.08414631716340001,0.036096354193994935,uncertain
capacity,0.5,main,,jbsq,jsw,class0_p99_us,10,8.203886409379999,7.395617419891498,8.9975772615815,higher
capacity,0.5,main,,jbsq,jsw,control_cpu_mean,10,-0.398400000004,-0.398400000004,-0.398400000004,lower
capacity,0.5,main,,jbsq,jsw,p999_us,10,108.33161773220002,94.14700727147752,121.70559010736504,higher
capacity,0.5,main,,jbsq,jsw,p99_us,10,14.579489813400002,13.459580032160007,15.623159655270003,higher
capacity,0.5,main,,jbsq,jsw,slo_miss_rate,10,0.5665479646069999,0.5430468278839424,0.5907409643086949,higher
capacity,0.5,main,,jbsq,qbr,class0_p99_us,10,8.578784943659999,7.933310659125747,9.202821061209997,higher
capacity,0.5,main,,jbsq,qbr,control_cpu_mean,10,-1.9987622647989998,-2.0001477096862996,-1.9976048915212499,lower
capacity,0.5,main,,jbsq,qbr,p999_us,10,111.72716976040002,96.83972605445001,125.72727864473002,higher
capacity,0.5,main,,jbsq,qbr,p99_us,10,14.390264617800003,13.150914449912495,15.591772657425,higher
capacity,0.5,main,,jbsq,qbr,slo_miss_rate,10,0.5762893632596999,0.5559235937910649,0.5984551318789999,higher
capacity,0.5,main,,jbsq,single,class0_p99_us,10,8.011694224589998,7.124842897836749,9.039607538032996,higher
capacity,0.5,main,,jbsq,single,control_cpu_mean,10,-1.9942674818259998,-1.9951354549363498,-1.99344856385725,lower
capacity,0.5,main,,jbsq,single,p999_us,10,106.1721943487,95.47618949703751,117.55609580029751,higher
capacity,0.5,main,,jbsq,single,p99_us,10,14.6899649137,13.549815320367506,15.750799234634998,higher
capacity,0.5,main,,jbsq,single,slo_miss_rate,10,0.5577421627617001,0.5348272600730776,0.5782762520565999,higher
capacity,0.5,main,,jbsq,steal,class0_p99_us,10,7.727848865879999,7.3414952430854985,8.119400144377499,higher
capacity,0.5,main,,jbsq,steal,control_cpu_mean,10,-3.957024855326,-4.03225309673635,-3.8799203997304503,lower
capacity,0.5,main,,jbsq,steal,p999_us,10,117.08728581919999,106.3316147956675,127.64380306266747,higher
capacity,0.5,main,,jbsq,steal,p99_us,10,14.6538659783,13.53819166125,15.717281516057506,higher
capacity,0.5,main,,jbsq,steal,slo_miss_rate,10,0.5743073642359,0.55295423500852,0.5926320504008175,higher
capacity,0.5,main,,jbsq,threshold,class0_p99_us,10,8.425069828539998,7.751484697768248,9.122617186738996,higher
capacity,0.5,main,,jbsq,threshold,control_cpu_mean,10,-2.1044892321070003,-2.10894304454765,-2.09998727352125,lower
capacity,0.5,main,,jbsq,threshold,p999_us,10,112.96411291210002,100.99005826892004,123.7788384809825,higher
capacity,0.5,main,,jbsq,threshold,p99_us,10,14.280534847200002,13.288301625160004,15.232289293239997,higher
capacity,0.5,main,,jbsq,threshold,slo_miss_rate,10,0.5740755795410999,0.5506102321770898,0.5955085488961,higher
capacity,0.5,main,,jsw,jbsq,class0_p99_us,10,-8.203886409379999,-8.9975772615815,-7.395617419891499,lower
capacity,0.5,main,,jsw,jbsq,control_cpu_mean,10,0.398400000004,0.398400000004,0.398400000004,higher
capacity,0.5,main,,jsw,jbsq,p999_us,10,-108.33161773220002,-121.70559010736504,-94.14700727147752,lower
capacity,0.5,main,,jsw,jbsq,p99_us,10,-14.579489813400002,-15.623159655270005,-13.459580032160007,lower
capacity,0.5,main,,jsw,jbsq,slo_miss_rate,10,-0.5665479646069999,-0.5907409643086949,-0.5430468278839424,lower
capacity,0.5,main,,jsw,qbr,class0_p99_us,10,0.3748985342800001,-0.6304802589174995,1.2899683695974986,uncertain
capacity,0.5,main,,jsw,qbr,control_cpu_mean,10,-1.600362264795,-1.6017477096822998,-1.59920489151725,lower
capacity,0.5,main,,jsw,qbr,p999_us,10,3.3955520282000067,-4.350174589619985,11.27215288105995,uncertain
capacity,0.5,main,,jsw,qbr,p99_us,10,-0.18922519559999956,-0.4908026808375075,0.11053450966250472,uncertain
capacity,0.5,main,,jsw,qbr,slo_miss_rate,10,0.009741398652700019,-0.012517360680789916,0.03277858922860003,uncertain
capacity,0.5,main,,jsw,single,class0_p99_us,10,-0.19219218478999983,-1.6765092360274998,1.2947607112007493,uncertain
capacity,0.5,main,,jsw,single,control_cpu_mean,10,-1.5958674818219998,-1.5967354549323498,-1.59504856385325,lower
capacity,0.5,main,,jsw,single,p999_us,10,-2.159423383500001,-14.29253420810999,11.002126949409995,uncertain
capacity,0.5,main,,jsw,single,p99_us,10,0.11047510029999899,-0.09613082510000197,0.3525495316250013,uncertain
capacity,0.5,main,,jsw,single,slo_miss_rate,10,-0.008805801845299995,-0.041873079972845,0.021269977885025,uncertain
capacity,0.5,main,,jsw,steal,class0_p99_us,10,-0.47603754349999966,-1.1225138847792497,0.21341777701999973,uncertain
capacity,0.5,main,,jsw,steal,control_cpu_mean,10,-3.5586248553220003,-3.633853096732351,-3.4815203997264503,lower
capacity,0.5,main,,jsw,steal,p999_us,10,8.755668086999998,-1.2692191264824813,20.38430751041748,uncertain
capacity,0.5,main,,jsw,steal,p99_us,10,0.07437616489999925,-0.16836605126500018,0.3539538132074996,uncertain
capacity,0.5,main,,jsw,steal,slo_miss_rate,10,0.007759399628900002,-0.01012317182635252,0.027805755786329975,uncertain
capacity,0.5,main,,jsw,threshold,class0_p99_us,10,0.22118341915999978,-0.5606156104350001,0.9377071162729994,uncertain
capacity,0.5,main,,jsw,threshold,control_cpu_mean,10,-1.706089232103,-1.7105430445436498,-1.70158727351725,lower
capacity,0.5,main,,jsw,threshold,p999_us,10,4.632495179900002,-5.406270755484988,14.56562402635998,uncertain
capacity,0.5,main,,jsw,threshold,p99_us,10,-0.29895496620000017,-0.7080141806524952,0.036194092512495495,uncertain
capacity,0.5,main,,jsw,threshold,slo_miss_rate,10,0.007527614934099998,-0.015105310302962499,0.02813781907872,uncertain
capacity,0.5,main,,p2c,jbsq,class0_p99_us,10,15.269250299800001,14.1284491875385,16.303229357200745,higher
capacity,0.5,main,,p2c,jbsq,control_cpu_mean,10,0.398400000004,0.398400000004,0.398400000004,higher
capacity,0.5,main,,p2c,jbsq,p999_us,10,28.063482106399977,10.94593191504748,45.931747403022456,higher
capacity,0.5,main,,p2c,jbsq,p99_us,10,12.628261325799997,10.845103252099994,14.636025104742503,higher
capacity,0.5,main,,p2c,jbsq,slo_miss_rate,10,1.1938615217269999,1.1358683178564002,1.2519689171805748,higher
capacity,0.5,main,,p2c,jsw,class0_p99_us,10,23.473136709179997,21.92539077305925,24.900028259099994,higher
capacity,0.5,main,,p2c,jsw,control_cpu_mean,10,0.0,0.0,0.0,uncertain
capacity,0.5,main,,p2c,jsw,p999_us,10,136.39509983859995,124.46618363491748,149.40944105329993,higher
capacity,0.5,main,,p2c,jsw,p99_us,10,27.207751139200003,25.430290191685,29.562716352412497,higher
capacity,0.5,main,,p2c,jsw,slo_miss_rate,10,1.7604094863340003,1.6975167530505098,1.820814302309695,higher
capacity,0.5,main,,p2c,qbr,class0_p99_us,10,23.848035243459996,22.564736030980747,24.9735904496455,higher
capacity,0.5,main,,p2c,qbr,control_cpu_mean,10,-1.600362264795,-1.6017477096822998,-1.59920489151725,lower
capacity,0.5,main,,p2c,qbr,p999_us,10,139.79065186679998,129.6407593276725,150.51835539151244,higher
capacity,0.5,main,,p2c,qbr,p99_us,10,27.018525943600004,25.20611519089,29.448779760180003,higher
capacity,0.5,main,,p2c,qbr,slo_miss_rate,10,1.7701508849867,1.7178016394371274,1.8189180348611274,higher
capacity,0.5,main,,p2c,single,class0_p99_us,10,23.28094452439,22.573414959152252,24.09128039411375,higher
capacity,0.5,main,,p2c,single,control_cpu_mean,10,-1.5958674818219998,-1.5967354549323498,-1.59504856385325,lower
capacity,0.5,main,,p2c,single,p999_us,10,134.23567645509996,121.30215366848998,148.17604974421744,higher
capacity,0.5,main,,p2c,single,p99_us,10,27.318226239499996,25.506764310907496,29.699084557447502,higher
capacity,0.5,main,,p2c,single,slo_miss_rate,10,1.7516036844886997,1.7035402041393273,1.7998180099805627,higher
capacity,0.5,main,,p2c,steal,class0_p99_us,10,22.997099165679998,21.9537505565805,23.991608227317496,higher
capacity,0.5,main,,p2c,steal,control_cpu_mean,10,-3.5586248553220003,-3.633853096732351,-3.4815203997264503,lower
capacity,0.5,main,,p2c,steal,p999_us,10,145.15076792559995,133.30726909750499,156.02971150209996,higher
capacity,0.5,main,,p2c,steal,p99_us,10,27.282127304099998,25.561627898554995,29.629690002989992,higher
capacity,0.5,main,,p2c,steal,slo_miss_rate,10,1.7681688859629001,1.722184487428175,1.813205127626905,higher
capacity,0.5,main,,p2c,threshold,class0_p99_us,10,23.69432012834,22.451175502206496,24.72887855621475,higher
capacity,0.5,main,,p2c,threshold,control_cpu_mean,10,-1.706089232103,-1.7105430445436498,-1.70158727351725,lower
capacity,0.5,main,,p2c,threshold,p999_us,10,141.0275950185,131.38462909429998,150.07880055431497,higher
capacity,0.5,main,,p2c,threshold,p99_us,10,26.908796172999995,25.22687559688,29.0885035247025,higher
capacity,0.5,main,,p2c,threshold,slo_miss_rate,10,1.7679371012681002,1.7176318361071499,1.8165744316257426,higher
capacity,0.5,main,,qbr,jbsq,class0_p99_us,10,-8.578784943659999,-9.202821061209999,-7.933310659125747,lower
capacity,0.5,main,,qbr,jbsq,control_cpu_mean,10,1.9987622647989998,1.9976048915212499,2.0001477096862996,higher
capacity,0.5,main,,qbr,jbsq,p999_us,10,-111.72716976040002,-125.72727864473002,-96.83972605445004,lower
capacity,0.5,main,,qbr,jbsq,p99_us,10,-14.390264617800003,-15.591772657425,-13.150914449912497,lower
capacity,0.5,main,,qbr,jbsq,slo_miss_rate,10,-0.5762893632596999,-0.5984551318789999,-0.5559235937910649,lower
capacity,0.5,main,,qbr,jsw,class0_p99_us,10,-0.3748985342800001,-1.2899683695975,0.6304802589174989,uncertain
capacity,0.5,main,,qbr,jsw,control_cpu_mean,10,1.600362264795,1.59920489151725,1.6017477096822998,higher
capacity,0.5,main,,qbr,jsw,p999_us,10,-3.3955520282000067,-11.272152881059986,4.350174589619977,uncertain
capacity,0.5,main,,qbr,jsw,p99_us,10,0.18922519559999956,-0.11053450966250473,0.49080268083750733,uncertain
capacity,0.5,main,,qbr,jsw,slo_miss_rate,10,-0.009741398652700019,-0.03277858922860003,0.012517360680789914,uncertain
capacity,0.5,main,,qbr,single,class0_p99_us,10,-0.56709071907,-1.4542671392712498,0.36384865562499724,uncertain
capacity,0.5,main,,qbr,single,control_cpu_mean,10,0.004494782973000072,0.0031646908464751464,0.005986614243325063,higher
capacity,0.5,main,,qbr,single,p999_us,10,-5.554975411700008,-17.025486669042525,6.663413029262485,uncertain
capacity,0.5,main,,qbr,single,p99_us,10,0.2997002958999985,0.07510267857249446,0.5447595834750045,higher
capacity,0.5,main,,qbr,single,slo_miss_rate,10,-0.018547200498000016,-0.03993177583329995,0.0015877187199949392,uncertain
capacity,0.5,main,,qbr,steal,class0_p99_us,10,-0.8509360777799998,-1.7301541634622506,0.018804664732750435,uncertain
capacity,0.5,main,,qbr,steal,control_cpu_mean,10,-1.958262590527,-2.03355449440595,-1.8812654194578,lower
capacity,0.5,main,,qbr,steal,p999_us,10,5.360116058799991,-3.4942962285300143,14.117870695779997,uncertain
capacity,0.5,main,,qbr,steal,p99_us,10,0.2636013604999988,-0.0001868164550075586,0.602150792499998,uncertain
capacity,0.5,main,,qbr,steal,slo_miss_rate,10,-0.00198199902380002,-0.017231129731274986,0.011225651702582459,uncertain
capacity,0.5,main,,qbr,threshold,class0_p99_us,10,-0.15371511512000033,-0.8511139586267501,0.5221410906629992,uncertain
capacity,0.5,main,,qbr,threshold,control_cpu_mean,10,-0.10572696730799995,-0.10983531776195005,-0.10133634609714995,lower
capacity,0.5,main,,qbr,threshold,p999_us,10,1.2369431516999954,-5.037383630352512,7.206409019027499,uncertain
capacity,0.5,main,,qbr,threshold,p99_us,10,-0.10972977060000062,-0.5194104116800036,0.22688322909750042,uncertain
capacity,0.5,main,,qbr,threshold,slo_miss_rate,10,-0.0022137837186000237,-0.016676526967710013,0.01351426757165741,uncertain
capacity,0.5,main,,single,jbsq,class0_p99_us,10,-8.011694224589998,-9.039607538032998,-7.124842897836751,lower
capacity,0.5,main,,single,jbsq,control_cpu_mean,10,1.9942674818259998,1.99344856385725,1.9951354549363498,higher
capacity,0.5,main,,single,jbsq,p999_us,10,-106.1721943487,-117.55609580029751,-95.47618949703751,lower
capacity,0.5,main,,single,jbsq,p99_us,10,-14.6899649137,-15.750799234634998,-13.549815320367507,lower
capacity,0.5,main,,single,jbsq,slo_miss_rate,10,-0.5577421627617001,-0.5782762520565999,-0.5348272600730776,lower
capacity,0.5,main,,single,jsw,class0_p99_us,10,0.19219218478999983,-1.29476071120075,1.676509236027499,uncertain
capacity,0.5,main,,single,jsw,control_cpu_mean,10,1.5958674818219998,1.59504856385325,1.5967354549323498,higher
capacity,0.5,main,,single,jsw,p999_us,10,2.159423383500001,-11.002126949409995,14.292534208109986,uncertain
capacity,0.5,main,,single,jsw,p99_us,10,-0.11047510029999899,-0.3525495316250013,0.09613082510000197,uncertain
capacity,0.5,main,,single,jsw,slo_miss_rate,10,0.008805801845299995,-0.021269977885025,0.041873079972844986,uncertain
capacity,0.5,main,,single,qbr,class0_p99_us,10,0.56709071907,-0.3638486556249999,1.4542671392712494,uncertain
capacity,0.5,main,,single,qbr,control_cpu_mean,10,-0.004494782973000072,-0.005986614243325063,-0.0031646908464751473,lower
capacity,0.5,main,,single,qbr,p999_us,10,5.554975411700008,-6.6634130292624905,17.025486669042525,uncertain
capacity,0.5,main,,single,qbr,p99_us,10,-0.2997002958999985,-0.5447595834750045,-0.07510267857249446,lower
capacity,0.5,main,,single,qbr,slo_miss_rate,10,0.018547200498000016,-0.00158771871999494,0.03993177583329995,uncertain
capacity,0.5,main,,single,steal,class0_p99_us,10,-0.28384535870999983,-1.4118626474899993,0.7529590085362508,uncertain
capacity,0.5,main,,single,steal,control_cpu_mean,10,-1.9627573735,-2.0377287694854997,-1.8860992524529747,lower
capacity,0.5,main,,single,steal,p999_us,10,10.915091470499998,0.36973984279748845,22.666322040280008,higher
capacity,0.5,main,,single,steal,p99_us,10,-0.03609893539999973,-0.24199267050999815,0.17007212601000105,uncertain
capacity,0.5,main,,single,steal,slo_miss_rate,10,0.0165652014742,-0.0020218872129799817,0.03765025363335248,uncertain
capacity,0.5,main,,single,threshold,class0_p99_us,10,0.4133756039499996,-0.5740315593560007,1.379519091271248,uncertain
capacity,0.5,main,,single,threshold,control_cpu_mean,10,-0.11022175028100004,-0.11443235632459994,-0.10585877188432512,lower
capacity,0.5,main,,single,threshold,p999_us,10,6.791918563400003,-4.234621628650011,18.4935417309975,uncertain
capacity,0.5,main,,single,threshold,p99_us,10,-0.40943006649999913,-0.8005257712174957,-0.07526213320750233,lower
capacity,0.5,main,,single,threshold,slo_miss_rate,10,0.01633341677939999,0.005123757460414976,0.029149964247972497,higher
capacity,0.5,main,,steal,jbsq,class0_p99_us,10,-7.727848865879999,-8.119400144377499,-7.341495243085499,lower
capacity,0.5,main,,steal,jbsq,control_cpu_mean,10,3.957024855326,3.8799203997304503,4.03225309673635,higher
capacity,0.5,main,,steal,jbsq,p999_us,10,-117.08728581919999,-127.64380306266747,-106.33161479566752,lower
capacity,0.5,main,,steal,jbsq,p99_us,10,-14.6538659783,-15.717281516057506,-13.538191661250002,lower
capacity,0.5,main,,steal,jbsq,slo_miss_rate,10,-0.5743073642359,-0.5926320504008175,-0.55295423500852,lower
capacity,0.5,main,,steal,jsw,class0_p99_us,10,0.47603754349999966,-0.21341777701999973,1.122513884779249,uncertain
capacity,0.5,main,,steal,jsw,control_cpu_mean,10,3.5586248553220003,3.4815203997264503,3.633853096732351,higher
capacity,0.5,main,,steal,jsw,p999_us,10,-8.755668086999998,-20.384307510417493,1.2692191264824788,uncertain
capacity,0.5,main,,steal,jsw,p99_us,10,-0.07437616489999925,-0.35395381320749963,0.16836605126500018,uncertain
capacity,0.5,main,,steal,jsw,slo_miss_rate,10,-0.007759399628900002,-0.027805755786329985,0.010123171826352438,uncertain
capacity,0.5,main,,steal,qbr,class0_p99_us,10,0.8509360777799998,-0.01880466473275076,1.7301541634622506,uncertain
capacity,0.5,main,,steal,qbr,control_cpu_mean,10,1.958262590527,1.8812654194578,2.03355449440595,higher
capacity,0.5,main,,steal,qbr,p999_us,10,-5.360116058799991,-14.117870695779999,3.4942962285300037,uncertain
capacity,0.5,main,,steal,qbr,p99_us,10,-0.2636013604999988,-0.602150792499998,0.00018681645500753864,uncertain
capacity,0.5,main,,steal,qbr,slo_miss_rate,10,0.00198199902380002,-0.011225651702582459,0.017231129731274983,uncertain
capacity,0.5,main,,steal,single,class0_p99_us,10,0.28384535870999983,-0.7529590085362508,1.4118626474899993,uncertain
capacity,0.5,main,,steal,single,control_cpu_mean,10,1.9627573735,1.8860992524529747,2.0377287694854997,higher
capacity,0.5,main,,steal,single,p999_us,10,-10.915091470499998,-22.666322040280015,-0.3697398427974988,lower
capacity,0.5,main,,steal,single,p99_us,10,0.03609893539999973,-0.17007212601000105,0.24199267050999815,uncertain
capacity,0.5,main,,steal,single,slo_miss_rate,10,-0.0165652014742,-0.03765025363335254,0.0020218872129799774,uncertain
capacity,0.5,main,,steal,threshold,class0_p99_us,10,0.6972209626599994,0.003318854905749362,1.4443450670627491,higher
capacity,0.5,main,,steal,threshold,control_cpu_mean,10,1.852535623219,1.779201755945175,1.924636717845875,higher
capacity,0.5,main,,steal,threshold,p999_us,10,-4.123172907099996,-9.219568364152504,1.035556104404996,uncertain
capacity,0.5,main,,steal,threshold,p99_us,10,-0.37333113109999944,-0.7465160185200018,-0.018965390067499678,lower
capacity,0.5,main,,steal,threshold,slo_miss_rate,10,-0.0002317846948000045,-0.013904312364660002,0.014080454867934928,uncertain
capacity,0.5,main,,threshold,jbsq,class0_p99_us,10,-8.425069828539998,-9.122617186738996,-7.751484697768249,lower
capacity,0.5,main,,threshold,jbsq,control_cpu_mean,10,2.1044892321070003,2.09998727352125,2.10894304454765,higher
capacity,0.5,main,,threshold,jbsq,p999_us,10,-112.96411291210002,-123.7788384809825,-100.99005826892004,lower
capacity,0.5,main,,threshold,jbsq,p99_us,10,-14.280534847200002,-15.23228929324,-13.288301625160004,lower
capacity,0.5,main,,threshold,jbsq,slo_miss_rate,10,-0.5740755795410999,-0.5955085488961,-0.5506102321770898,lower
capacity,0.5,main,,threshold,jsw,class0_p99_us,10,-0.22118341915999978,-0.9377071162729996,0.560615610434999,uncertain
capacity,0.5,main,,threshold,jsw,control_cpu_mean,10,1.706089232103,1.70158727351725,1.7105430445436498,higher
capacity,0.5,main,,threshold,jsw,p999_us,10,-4.632495179900002,-14.56562402635999,5.406270755484983,uncertain
capacity,0.5,main,,threshold,jsw,p99_us,10,0.29895496620000017,-0.0361940925124955,0.7080141806524952,uncertain
capacity,0.5,main,,threshold,jsw,slo_miss_rate,10,-0.007527614934099998,-0.02813781907872,0.015105310302962487,uncertain
capacity,0.5,main,,threshold,qbr,class0_p99_us,10,0.15371511512000033,-0.5221410906629995,0.8511139586267498,uncertain
capacity,0.5,main,,threshold,qbr,control_cpu_mean,10,0.10572696730799995,0.10133634609714995,0.10983531776195005,higher
capacity,0.5,main,,threshold,qbr,p999_us,10,-1.2369431516999954,-7.206409019027502,5.03738363035251,uncertain
capacity,0.5,main,,threshold,qbr,p99_us,10,0.10972977060000062,-0.22688322909750042,0.5194104116800035,uncertain
capacity,0.5,main,,threshold,qbr,slo_miss_rate,10,0.0022137837186000237,-0.013514267571657464,0.016676526967710013,uncertain
capacity,0.5,main,,threshold,single,class0_p99_us,10,-0.4133756039499996,-1.3795190912712494,0.5740315593559994,uncertain
capacity,0.5,main,,threshold,single,control_cpu_mean,10,0.11022175028100004,0.10585877188432512,0.11443235632459994,higher
capacity,0.5,main,,threshold,single,p999_us,10,-6.791918563400003,-18.49354173099751,4.234621628650005,uncertain
capacity,0.5,main,,threshold,single,p99_us,10,0.40943006649999913,0.07526213320750223,0.8005257712174956,higher
capacity,0.5,main,,threshold,single,slo_miss_rate,10,-0.01633341677939999,-0.0291499642479725,-0.005123757460414979,lower
capacity,0.5,main,,threshold,steal,class0_p99_us,10,-0.6972209626599994,-1.4443450670627493,-0.003318854905749427,lower
capacity,0.5,main,,threshold,steal,control_cpu_mean,10,-1.852535623219,-1.924636717845875,-1.779201755945175,lower
capacity,0.5,main,,threshold,steal,p999_us,10,4.123172907099996,-1.0355561044050048,9.219568364152503,uncertain
capacity,0.5,main,,threshold,steal,p99_us,10,0.37333113109999944,0.018965390067499612,0.7465160185200017,higher
capacity,0.5,main,,threshold,steal,slo_miss_rate,10,0.0002317846948000045,-0.014080454867934968,0.013904312364660002,uncertain
capacity,0.5,main,,work,jbsq,class0_p99_us,10,-14.323440454099998,-14.727319438129,-13.80835371641575,lower
capacity,0.5,main,,work,jbsq,control_cpu_mean,10,0.398400000004,0.398400000004,0.398400000004,higher
capacity,0.5,main,,work,jbsq,p999_us,10,-119.3641050042,-132.96174840622498,-105.55112707495,lower
capacity,0.5,main,,work,jbsq,p99_us,10,-14.914847408400004,-16.058257290917506,-13.754883967125,lower
capacity,0.5,main,,work,jbsq,slo_miss_rate,10,-0.6467441508931,-0.6860555375356976,-0.60155548356104,lower
capacity,0.5,main,,work,jsw,class0_p99_us,10,-6.119554044720001,-6.9182216703875,-5.341511247826752,lower
capacity,0.5,main,,work,jsw,control_cpu_mean,10,0.0,0.0,0.0,uncertain
capacity,0.5,main,,work,jsw,p999_us,10,-11.032487271999997,-20.409805550887498,-0.846451012575013,lower
capacity,0.5,main,,work,jsw,p99_us,10,-0.3353575950000021,-0.6511329489400065,-0.0560981862999995,lower
capacity,0.5,main,,work,jsw,slo_miss_rate,10,-0.0801961862861,-0.11956149914155746,-0.04169165238398255,lower
capacity,0.5,main,,work,qbr,class0_p99_us,10,-5.74465551044,-6.550163870318,-4.920378170600001,lower
capacity,0.5,main,,work,qbr,control_cpu_mean,10,-1.600362264795,-1.6017477096822998,-1.59920489151725,lower
capacity,0.5,main,,work,qbr,p999_us,10,-7.636935243799991,-15.429109417814995,0.2692471185400111,uncertain
capacity,0.5,main,,work,qbr,p99_us,10,-0.5245827906000017,-0.8462937918000051,-0.20423017729999912,lower
capacity,0.5,main,,work,qbr,slo_miss_rate,10,-0.07045478763339999,-0.10675923035979994,-0.030515113367305013,lower
capacity,0.5,main,,work,single,class0_p99_us,10,-6.311746229510001,-7.25166773825925,-5.307055340856251,lower
capacity,0.5,main,,work,single,control_cpu_mean,10,-1.5958674818219998,-1.5967354549323498,-1.59504856385325,lower
capacity,0.5,main,,work,single,p999_us,10,-13.1919106555,-22.0114870655025,-2.3116923448374993,lower
capacity,0.5,main,,work,single,p99_us,10,-0.22488249470000313,-0.5595896534000048,0.09085243978999613,uncertain
capacity,0.5,main,,work,single,slo_miss_rate,10,-0.08900198813139998,-0.12364499490673252,-0.05036114693975498,lower
capacity,0.5,main,,work,steal,class0_p99_us,10,-6.5955915882200005,-6.9462373848085,-6.215999328261501,lower
capacity,0.5,main,,work,steal,control_cpu_mean,10,-3.5586248553220003,-3.633853096732351,-3.4815203997264503,lower
capacity,0.5,main,,work,steal,p999_us,10,-2.2768191849999995,-12.992772342762509,8.887233352402472,uncertain
capacity,0.5,main,,work,steal,p99_us,10,-0.26098143010000285,-0.5202099030475105,-0.01917056529249921,lower
capacity,0.5,main,,work,steal,slo_miss_rate,10,-0.07243678665719999,-0.1029518497044625,-0.040306250207809986,lower
capacity,0.5,main,,work,threshold,class0_p99_us,10,-5.89837062556,-6.42536594608025,-5.3036535294545,lower
capacity,0.5,main,,work,threshold,control_cpu_mean,10,-1.706089232103,-1.7105430445436498,-1.70158727351725,lower
capacity,0.5,main,,work,threshold,p999_us,10,-6.399992092099995,-16.909336276064987,3.6044772269799887,uncertain
capacity,0.5,main,,work,threshold,p99_us,10,-0.6343125612000022,-0.987030380834998,-0.2616753977550022,lower
capacity,0.5,main,,work,threshold,slo_miss_rate,10,-0.072668571352,-0.10409467979650754,-0.03973282824986,lower
capacity,0.7,main,,bwc,jbsq,class0_p99_us,10,8.20971780536,2.31665974309875,14.202712695999502,higher
capacity,0.7,main,,bwc,jbsq,control_cpu_mean,10,1.306309120691,1.3020123159180002,1.3112871263617,higher
capacity,0.7,main,,bwc,jbsq,p999_us,10,2.3899924274,-6.096105903629999,10.633041197289986,uncertain
capacity,0.7,main,,bwc,jbsq,p99_us,10,3.9430154345999995,1.753393642212504,6.281864175784995,higher
capacity,0.7,main,,bwc,jbsq,slo_miss_rate,10,2.091244158228,0.7592262014341749,3.4745181820486,higher
capacity,0.7,main,,bwc,jsw,class0_p99_us,10,11.917145293530002,6.697000657152,17.168362229230006,higher
capacity,0.7,main,,bwc,jsw,control_cpu_mean,10,0.907909120687,0.9036123159139999,0.9128871263577,higher
capacity,0.7,main,,bwc,jsw,p999_us,10,105.82134186590001,93.8766990463625,116.5636594607725,higher
capacity,0.7,main,,bwc,jsw,p99_us,10,15.490553423799998,13.481670203437506,17.534582463957495,higher
capacity,0.7,main,,bwc,jsw,slo_miss_rate,10,2.3895570429619997,1.248507149523,3.604256629909674,higher
capacity,0.7,main,,bwc,qbr,class0_p99_us,10,12.59467683331,6.940681250586252,18.36644765812325,higher
capacity,0.7,main,,bwc,qbr,control_cpu_mean,10,-0.804720455356,-0.8112045088025,-0.7979121925355249,lower
capacity,0.7,main,,bwc,qbr,p999_us,10,106.70652680309999,97.554637754815,114.536059960845,higher
capacity,0.7,main,,bwc,qbr,p99_us,10,15.528639592900003,13.293480458707505,17.8451978996825,higher
capacity,0.7,main,,bwc,qbr,slo_miss_rate,10,2.4814172480749996,1.287425993760575,3.7430093450698236,higher
capacity,0.7,main,,bwc,single,class0_p99_us,10,12.79762345051,6.96010572970925,18.469168320711,higher
capacity,0.7,main,,bwc,single,control_cpu_mean,10,-0.7819765171110001,-0.7883411801499499,-0.7749757854010751,lower
capacity,0.7,main,,bwc,single,p999_us,10,106.1022270661,99.347216719955,112.59686295571998,higher
capacity,0.7,main,,bwc,single,p99_us,10,15.6611548562,13.499354383200004,17.862859085787505,higher
capacity,0.7,main,,bwc,single,slo_miss_rate,10,2.518341629997,1.3053761773368249,3.786208927752974,higher
capacity,0.7,main,,bwc,steal,class0_p99_us,10,13.377699140059999,7.77743810119325,19.007042064243745,higher
capacity,0.7,main,,bwc,steal,control_cpu_mean,10,-5.28307104282,-5.35277955978855,-5.217509990392275,lower
capacity,0.7,main,,bwc,steal,p999_us,10,103.9110691653,96.13817825589499,111.94629764703,higher
capacity,0.7,main,,bwc,steal,p99_us,10,16.018877917600005,13.853150301612505,18.1908751242225,higher
capacity,0.7,main,,bwc,steal,slo_miss_rate,10,2.5908328685079995,1.4139490484898998,3.8301233976023243,higher
capacity,0.7,main,,bwc,threshold,class0_p99_us,10,12.68960291977,7.156943000895249,18.24163001098,higher
capacity,0.7,main,,bwc,threshold,control_cpu_mean,10,-1.696299027804,-1.7227901751549248,-1.6697121470590253,lower
capacity,0.7,main,,bwc,threshold,p999_us,10,108.4262377992,101.8544975570225,115.42997716939749,higher
capacity,0.7,main,,bwc,threshold,p99_us,10,15.585314514,13.491164249492497,17.742676958962495,higher
capacity,0.7,main,,bwc,threshold,slo_miss_rate,10,2.509676470409,1.3019097848980001,3.7824644687157742,higher
capacity,0.7,main,,jbsq,jsw,class0_p99_us,10,3.7074274881700013,2.792859684712251,4.602850524766251,higher
capacity,0.7,main,,jbsq,jsw,control_cpu_mean,10,-0.398400000004,-0.398400000004,-0.398400000004,lower
capacity,0.7,main,,jbsq,jsw,p999_us,10,103.4313494385,95.7830857300325,109.99211873818,higher
capacity,0.7,main,,jbsq,jsw,p99_us,10,11.547537989199999,10.881345069999998,12.209739973675003,higher
capacity,0.7,main,,jbsq,jsw,slo_miss_rate,10,0.29831288473400014,0.06708701860152505,0.4978046673314751,higher
capacity,0.7,main,,jbsq,qbr,class0_p99_us,10,4.384959027950001,3.825157159320001,5.086995574251499,higher
capacity,0.7,main,,jbsq,qbr,control_cpu_mean,10,-2.111029576047,-2.118257135179425,-2.1025132326980756,lower
capacity,0.7,main,,jbsq,qbr,p999_us,10,104.31653437569999,95.1147434026725,112.86129357091251,higher
capacity,0.7,main,,jbsq,qbr,p99_us,10,11.585624158300003,10.77649125860751,12.361414364727505,higher
capacity,0.7,main,,jbsq,qbr,slo_miss_rate,10,0.39017308984700005,0.23385471291900006,0.5420337353902247,higher
capacity,0.7,main,,jbsq,single,class0_p99_us,10,4.58790564515,3.5133143048462516,5.6512869523859965,higher
capacity,0.7,main,,jbsq,single,control_cpu_mean,10,-2.0882856378019996,-2.0953676835837496,-2.08024932794115,lower
capacity,0.7,main,,jbsq,single,p999_us,10,103.71223463869998,93.76140103738749,111.08103298471248,higher
capacity,0.7,main,,jbsq,single,p99_us,10,11.7181394216,10.9360293385375,12.4938017584,higher
capacity,0.7,main,,jbsq,single,slo_miss_rate,10,0.42709747176900004,0.2307582316719251,0.5936693646796251,higher
capacity,0.7,main,,jbsq,steal,class0_p99_us,10,5.1679813347,4.58290771351475,5.801141069885251,higher
capacity,0.7,main,,jbsq,steal,control_cpu_mean,10,-6.589380163511,-6.656823778551974,-6.5259089008843,lower
capacity,0.7,main,,jbsq,steal,p999_us,10,101.52107673789999,89.84178048627,111.69372596482249,higher
capacity,0.7,main,,jbsq,steal,p99_us,10,12.075862483000005,11.262699800360004,12.896765165412505,higher
capacity,0.7,main,,jbsq,steal,slo_miss_rate,10,0.49958871028,0.3314634747989751,0.6544799913670499,higher
capacity,0.7,main,,jbsq,threshold,class0_p99_us,10,4.47988511441,3.767086992349999,5.184897387833249,higher
capacity,0.7,main,,jbsq,threshold,control_cpu_mean,10,-3.002608148495,-3.0319735614587495,-2.97351918252225,lower
capacity,0.7,main,,jbsq,threshold,p999_us,10,106.0362453718,97.63093040908748,115.9561032597625,higher
capacity,0.7,main,,jbsq,threshold,p99_us,10,11.6422990794,10.931299644910005,12.406277734257506,higher
capacity,0.7,main,,jbsq,threshold,slo_miss_rate,10,0.41843231218100013,0.2607424262607,0.5602634898999997,higher
capacity,0.7,main,,jsw,jbsq,class0_p99_us,10,-3.7074274881700013,-4.602850524766252,-2.7928596847122527,lower
capacity,0.7,main,,jsw,jbsq,control_cpu_mean,10,0.398400000004,0.398400000004,0.398400000004,higher
capacity,0.7,main,,jsw,jbsq,p999_us,10,-103.4313494385,-109.99211873818,-95.7830857300325,lower
capacity,0.7,main,,jsw,jbsq,p99_us,10,-11.547537989199999,-12.209739973675005,-10.881345069999998,lower
capacity,0.7,main,,jsw,jbsq,slo_miss_rate,10,-0.29831288473400014,-0.4978046673314752,-0.06708701860152541,lower
capacity,0.7,main,,jsw,qbr,class0_p99_us,10,0.6775315397799992,0.059055068095499944,1.4108818635382492,higher
capacity,0.7,main,,jsw,qbr,control_cpu_mean,10,-1.7126295760430001,-1.719857135175425,-1.7041132326940749,lower
capacity,0.7,main,,jsw,qbr,p999_us,10,0.8851849372000004,-8.461816830339986,10.74945246282749,uncertain
capacity,0.7,main,,jsw,qbr,p99_us,10,0.038086169100006374,-0.4917452476674932,0.5283121108725043,uncertain
capacity,0.7,main,,jsw,qbr,slo_miss_rate,10,0.09186020511299993,0.01677401054237488,0.18182781705969994,higher
capacity,0.7,main,,jsw,single,class0_p99_us,10,0.8804781569799985,0.06297712167724936,1.609090805268497,higher
capacity,0.7,main,,jsw,single,control_cpu_mean,10,-1.689885637798,-1.69696768357975,-1.68184932793715,lower
capacity,0.7,main,,jsw,single,p999_us,10,0.2808852001999981,-7.7053714921624925,9.33748349039747,uncertain
capacity,0.7,main,,jsw,single,p99_us,10,0.1706014324000023,-0.3233185704699983,0.591295042607504,uncertain
capacity,0.7,main,,jsw,single,slo_miss_rate,10,0.12878458703499995,0.023106483264574956,0.22160069255782494,higher
capacity,0.7,main,,jsw,steal,class0_p99_us,10,1.4605538465299985,1.0298388322340004,1.9414837089172488,higher
capacity,0.7,main,,jsw,steal,control_cpu_mean,10,-6.1909801635070005,-6.258423778547975,-6.127508900880301,lower
capacity,0.7,main,,jsw,steal,p999_us,10,-1.9102727006000009,-14.680744295459998,10.535045413224994,uncertain
capacity,0.7,main,,jsw,steal,p99_us,10,0.5283244938000081,-0.06110442586499238,1.0543565233650076,uncertain
capacity,0.7,main,,jsw,steal,slo_miss_rate,10,0.20127582554599996,0.13260529386487485,0.28304597111880003,higher
capacity,0.7,main,,jsw,threshold,class0_p99_us,10,0.7724576262399985,0.2150323818992487,1.3955321038969986,higher
capacity,0.7,main,,jsw,threshold,control_cpu_mean,10,-2.604208148491,-2.63357356145475,-2.57511918251825,lower
capacity,0.7,main,,jsw,threshold,p999_us,10,2.6048959333000026,-7.05721898474749,16.470910535769992,uncertain
capacity,0.7,main,,jsw,threshold,p99_us,10,0.09476109020000364,-0.36130151439999453,0.5171119727600028,uncertain
capacity,0.7,main,,jsw,threshold,slo_miss_rate,10,0.12011942744699997,0.043444810283174914,0.207139245405225,higher
capacity,0.7,main,,p2c,jbsq,class0_p99_us,10,79.02117536902999,73.80471610247548,85.07191568910198,higher
capacity,0.7,main,,p2c,jbsq,control_cpu_mean,10,0.398400000004,0.398400000004,0.398400000004,higher
capacity,0.7,main,,p2c,jbsq,p999_us,10,73.69309522720002,64.979714209,81.93787854998251,higher
capacity,0.7,main,,p2c,jbsq,p99_us,10,21.9757144045,19.4380186408025,24.304566987942504,higher
capacity,0.7,main,,p2c,jbsq,slo_miss_rate,10,2.625941168826,2.5056814909895246,2.7498927787864003,higher
capacity,0.7,main,,p2c,jsw,class0_p99_us,10,82.7286028572,77.821718071606,88.31436719761649,higher
capacity,0.7,main,,p2c,jsw,control_cpu_mean,10,0.0,0.0,0.0,uncertain
capacity,0.7,main,,p2c,jsw,p999_us,10,177.1244446657,165.1984981921425,188.31268939373004,higher
capacity,0.7,main,,p2c,jsw,p99_us,10,33.52325239369999,31.114396264582496,35.85376385473249,higher
capacity,0.7,main,,p2c,jsw,slo_miss_rate,10,2.92425405356,2.8087664980611002,3.0196913731351,higher
capacity,0.7,main,,p2c,qbr,class0_p99_us,10,83.40613439697998,78.20146708848974,89.34484745381876,higher
capacity,0.7,main,,p2c,qbr,control_cpu_mean,10,-1.7126295760430001,-1.719857135175425,-1.7041132326940749,lower
capacity,0.7,main,,p2c,qbr,p999_us,10,178.00962960290002,165.590249038965,191.52389230746,higher
capacity,0.7,main,,p2c,qbr,p99_us,10,33.5613385628,31.201453048282513,35.92407824775749,higher
capacity,0.7,main,,p2c,qbr,slo_miss_rate,10,3.016114258673,2.96351417341075,3.07490214949965,higher
capacity,0.7,main,,p2c,single,class0_p99_us,10,83.60908101417999,78.62081713148324,89.40280553212075,higher
capacity,0.7,main,,p2c,single,control_cpu_mean,10,-1.689885637798,-1.69696768357975,-1.68184932793715,lower
capacity,0.7,main,,p2c,single,p999_us,10,177.4053298659,165.989116290235,189.163713423675,higher
capacity,0.7,main,,p2c,single,p99_us,10,33.693853826099996,31.312089556405,36.09647137765749,higher
capacity,0.7,main,,p2c,single,slo_miss_rate,10,3.0530386405949996,2.9428786388333,3.1632972308188747,higher
capacity,0.7,main,,p2c,steal,class0_p99_us,10,84.18915670372999,79.15534658073076,89.87773065623324,higher
capacity,0.7,main,,p2c,steal,control_cpu_mean,10,-6.1909801635070005,-6.258423778547975,-6.127508900880301,lower
capacity,0.7,main,,p2c,steal,p999_us,10,175.2141719651,162.868624749755,187.38577484992751,higher
capacity,0.7,main,,p2c,steal,p99_us,10,34.051576887500005,31.82275692060751,36.263441193487495,higher
capacity,0.7,main,,p2c,steal,slo_miss_rate,10,3.125529879106,3.0572674028213997,3.1982171330277254,higher
capacity,0.7,main,,p2c,threshold,class0_p99_us,10,83.50106048344,78.19510162547526,89.55514221363799,higher
capacity,0.7,main,,p2c,threshold,control_cpu_mean,10,-2.604208148491,-2.63357356145475,-2.57511918251825,lower
capacity,0.7,main,,p2c,threshold,p999_us,10,179.72934059900004,166.6606415703975,191.43072306198752,higher
capacity,0.7,main,,p2c,threshold,p99_us,10,33.6180134839,31.395581406737502,35.825058939049995,higher
capacity,0.7,main,,p2c,threshold,slo_miss_rate,10,3.044373481007,2.997526578954425,3.088707396151,higher
capacity,0.7,main,,qbr,jbsq,class0_p99_us,10,-4.384959027950001,-5.0869955742515,-3.825157159320001,lower
capacity,0.7,main,,qbr,jbsq,control_cpu_mean,10,2.111029576047,2.1025132326980756,2.118257135179425,higher
capacity,0.7,main,,qbr,jbsq,p999_us,10,-104.31653437569999,-112.86129357091251,-95.1147434026725,lower
capacity,0.7,main,,qbr,jbsq,p99_us,10,-11.585624158300003,-12.361414364727505,-10.77649125860751,lower
capacity,0.7,main,,qbr,jbsq,slo_miss_rate,10,-0.39017308984700005,-0.5420337353902249,-0.23385471291900006,lower
capacity,0.7,main,,qbr,jsw,class0_p99_us,10,-0.6775315397799992,-1.4108818635382498,-0.05905506809550015,lower
capacity,0.7,main,,qbr,jsw,control_cpu_mean,10,1.7126295760430001,1.7041132326940749,1.719857135175425,higher
capacity,0.7,main,,qbr,jsw,p999_us,10,-0.8851849372000004,-10.749452462827492,8.461816830339979,uncertain
capacity,0.7,main,,qbr,jsw,p99_us,10,-0.038086169100006374,-0.5283121108725045,0.49174524766749317,uncertain
capacity,0.7,main,,qbr,jsw,slo_miss_rate,10,-0.09186020511299993,-0.18182781705969994,-0.01677401054237496,lower
capacity,0.7,main,,qbr,single,class0_p99_us,10,0.20294661719999924,-0.7183903442207499,1.0477767359604984,uncertain
capacity,0.7,main,,qbr,single,control_cpu_mean,10,0.02274393824499999,0.0191418759817,0.02634321656475001,higher
capacity,0.7,main,,qbr,single,p999_us,10,-0.6042997370000023,-6.506207776014997,5.694390250054975,uncertain
capacity,0.7,main,,qbr,single,p99_us,10,0.1325152632999959,-0.1322170887999988,0.416848020417492,uncertain
capacity,0.7,main,,qbr,single,slo_miss_rate,10,0.03692438192200005,-0.047828683301999894,0.12471777320672504,uncertain
capacity,0.7,main,,qbr,steal,class0_p99_us,10,0.7830223067499993,0.4193858462982475,1.119768072959749,higher
capacity,0.7,main,,qbr,steal,control_cpu_mean,10,-4.478350587464,-4.54965540443415,-4.41038104932535,lower
capacity,0.7,main,,qbr,steal,p999_us,10,-2.795457637800001,-10.569491200412491,5.423555740029999,uncertain
capacity,0.7,main,,qbr,steal,p99_us,10,0.4902383247000017,0.10994215036750661,0.8673277800224948,higher
capacity,0.7,main,,qbr,steal,slo_miss_rate,10,0.10941562043300002,0.06849748852995004,0.14588665342600002,higher
capacity,0.7,main,,qbr,threshold,class0_p99_us,10,0.09492608645999923,-0.5371168078562505,0.7071478164077493,uncertain
capacity,0.7,main,,qbr,threshold,control_cpu_mean,10,-0.8915785724480001,-0.9149279480744501,-0.86869911302165,lower
capacity,0.7,main,,qbr,threshold,p999_us,10,1.7197109961000023,-7.309724961027485,10.792280634307492,uncertain
capacity,0.7,main,,qbr,threshold,p99_us,10,0.05667492109999728,-0.22828813288250124,0.3971028319924901,uncertain
capacity,0.7,main,,qbr,threshold,slo_miss_rate,10,0.02825922233400004,-0.03107862579557497,0.08588836356014998,uncertain
capacity,0.7,main,,single,jbsq,class0_p99_us,10,-4.58790564515,-5.651286952385999,-3.513314304846253,lower
capacity,0.7,main,,single,jbsq,control_cpu_mean,10,2.0882856378019996,2.08024932794115,2.0953676835837496,higher
capacity,0.7,main,,single,jbsq,p999_us,10,-103.71223463869998,-111.08103298471248,-93.7614010373875,lower
capacity,0.7,main,,single,jbsq,p99_us,10,-11.7181394216,-12.4938017584,-10.9360293385375,lower
capacity,0.7,main,,single,jbsq,slo_miss_rate,10,-0.42709747176900004,-0.5936693646796251,-0.23075823167192513,lower
capacity,0.7,main,,single,jsw,class0_p99_us,10,-0.8804781569799985,-1.6090908052684976,-0.06297712167724977,lower
capacity,0.7,main,,single,jsw,control_cpu_mean,10,1.689885637798,1.68184932793715,1.69696768357975,higher
capacity,0.7,main,,single,jsw,p999_us,10,-0.2808852001999981,-9.337483490397478,7.70537149216249,uncertain
capacity,0.7,main,,single,jsw,p99_us,10,-0.1706014324000023,-0.5912950426075044,0.3233185704699982,uncertain
capacity,0.7,main,,single,jsw,slo_miss_rate,10,-0.12878458703499995,-0.22160069255782494,-0.023106483264575057,lower
capacity,0.7,main,,single,qbr,class0_p99_us,10,-0.20294661719999924,-1.0477767359604986,0.7183903442207463,uncertain
capacity,0.7,main,,single,qbr,control_cpu_mean,10,-0.02274393824499999,-0.026343216564750013,-0.0191418759817,lower
capacity,0.7,main,,single,qbr,p999_us,10,0.6042997370000023,-5.694390250054981,6.506207776014991,uncertain
capacity,0.7,main,,single,qbr,p99_us,10,-0.1325152632999959,-0.41684802041749214,0.1322170887999988,uncertain
capacity,0.7,main,,single,qbr,slo_miss_rate,10,-0.03692438192200005,-0.12471777320672504,0.047828683301999755,uncertain
capacity,0.7,main,,single,steal,class0_p99_us,10,0.5800756895500001,-0.16240727895124799,1.3395255785267484,uncertain
capacity,0.7,main,,single,steal,control_cpu_mean,10,-4.501094525708999,-4.572579609240523,-4.432975936204725,lower
capacity,0.7,main,,single,steal,p999_us,10,-2.191157900799999,-11.596883578859998,6.619961423204995,uncertain
capacity,0.7,main,,single,steal,p99_us,10,0.3577230614000058,0.037438502912505674,0.6743742678900039,higher
capacity,0.7,main,,single,steal,slo_miss_rate,10,0.07249123851099995,-0.01648801262352503,0.15741979976614992,uncertain
capacity,0.7,main,,single,threshold,class0_p99_us,10,-0.10802053074,-0.9547058114262492,0.6820569297357483,uncertain
capacity,0.7,main,,single,threshold,control_cpu_mean,10,-0.914322510693,-0.9379341354062499,-0.8906833334797502,lower
capacity,0.7,main,,single,threshold,p999_us,10,2.3240107331000046,-4.706811723544997,10.220098870949993,uncertain
capacity,0.7,main,,single,threshold,p99_us,10,-0.07584034219999865,-0.34300318694249704,0.1337514434275028,uncertain
capacity,0.7,main,,single,threshold,slo_miss_rate,10,-0.008665159588000014,-0.1085029840380501,0.084543855605725,uncertain
capacity,0.7,main,,steal,jbsq,class0_p99_us,10,-5.1679813347,-5.801141069885252,-4.58290771351475,lower
capacity,0.7,main,,steal,jbsq,control_cpu_mean,10,6.589380163511,6.5259089008843,6.656823778551974,higher
capacity,0.7,main,,steal,jbsq,p999_us,10,-101.52107673789999,-111.69372596482252,-89.84178048627,lower
capacity,0.7,main,,steal,jbsq,p99_us,10,-12.075862483000005,-12.896765165412505,-11.262699800360005,lower
capacity,0.7,main,,steal,jbsq,slo_miss_rate,10,-0.49958871028,-0.65447999136705,-0.33146347479897514,lower
capacity,0.7,main,,steal,jsw,class0_p99_us,10,-1.4605538465299985,-1.9414837089172488,-1.0298388322340009,lower
capacity,0.7,main,,steal,jsw,control_cpu_mean,10,6.1909801635070005,6.127508900880301,6.258423778547975,higher
capacity,0.7,main,,steal,jsw,p999_us,10,1.9102727006000009,-10.535045413225001,14.680744295459993,uncertain
capacity,0.7,main,,steal,jsw,p99_us,10,-0.5283244938000081,-1.0543565233650078,0.061104425864991964,uncertain
capacity,0.7,main,,steal,jsw,slo_miss_rate,10,-0.20127582554599996,-0.28304597111880003,-0.1326052938648749,lower
capacity,0.7,main,,steal,qbr,class0_p99_us,10,-0.7830223067499993,-1.119768072959749,-0.41938584629824827,lower
capacity,0.7,main,,steal,qbr,control_cpu_mean,10,4.478350587464,4.41038104932535,4.54965540443415,higher
capacity,0.7,main,,steal,qbr,p999_us,10,2.795457637800001,-5.423555740030001,10.569491200412486,uncertain
capacity,0.7,main,,steal,qbr,p99_us,10,-0.4902383247000017,-0.8673277800224948,-0.10994215036750697,lower
capacity,0.7,main,,steal,qbr,slo_miss_rate,10,-0.10941562043300002,-0.14588665342600002,-0.06849748852995004,lower
capacity,0.7,main,,steal,single,class0_p99_us,10,-0.5800756895500001,-1.3395255785267484,0.1624072789512477,uncertain
capacity,0.7,main,,steal,single,control_cpu_mean,10,4.501094525708999,4.432975936204725,4.572579609240523,higher
capacity,0.7,main,,steal,single,p999_us,10,2.191157900799999,-6.619961423204997,11.596883578859996,uncertain
capacity,0.7,main,,steal,single,p99_us,10,-0.3577230614000058,-0.6743742678900041,-0.037438502912505674,lower
capacity,0.7,main,,steal,single,slo_miss_rate,10,-0.07249123851099995,-0.15741979976614995,0.016488012623524975,uncertain
capacity,0.7,main,,steal,threshold,class0_p99_us,10,-0.6880962202900001,-1.2515693094225007,-0.08772665456875009,lower
capacity,0.7,main,,steal,threshold,control_cpu_mean,10,3.586772015016,3.504955051567,3.671568440283625,higher
capacity,0.7,main,,steal,threshold,p999_us,10,4.515168633900004,-8.339164689197487,17.31892329321249,uncertain
capacity,0.7,main,,steal,threshold,p99_us,10,-0.43356340360000445,-0.7364467924450034,-0.11421115579750776,lower
capacity,0.7,main,,steal,threshold,slo_miss_rate,10,-0.08115639809899997,-0.149820025662075,-0.003909757150424947,lower
capacity,0.7,main,,threshold,jbsq,class0_p99_us,10,-4.47988511441,-5.184897387833249,-3.7670869923500003,lower
capacity,0.7,main,,threshold,jbsq,control_cpu_mean,10,3.002608148495,2.97351918252225,3.0319735614587495,higher
capacity,0.7,main,,threshold,jbsq,p999_us,10,-106.0362453718,-115.95610325976251,-97.63093040908748,lower
capacity,0.7,main,,threshold,jbsq,p99_us,10,-11.6422990794,-12.406277734257506,-10.931299644910005,lower
capacity,0.7,main,,threshold,jbsq,slo_miss_rate,10,-0.41843231218100013,-0.5602634899000001,-0.26074242626070065,lower
capacity,0.7,main,,threshold,jsw,class0_p99_us,10,-0.7724576262399985,-1.3955321038969986,-0.21503238189924911,lower
capacity,0.7,main,,threshold,jsw,control_cpu_mean,10,2.604208148491,2.57511918251825,2.63357356145475,higher
capacity,0.7,main,,threshold,jsw,p999_us,10,-2.6048959333000026,-16.47091053577,7.057218984747486,uncertain
capacity,0.7,main,,threshold,jsw,p99_us,10,-0.09476109020000364,-0.5171119727600069,0.36130151439999453,uncertain
capacity,0.7,main,,threshold,jsw,slo_miss_rate,10,-0.12011942744699997,-0.20713924540522502,-0.043444810283174914,lower
capacity,0.7,main,,threshold,qbr,class0_p99_us,10,-0.09492608645999923,-0.7071478164077494,0.5371168078562503,uncertain
capacity,0.7,main,,threshold,qbr,control_cpu_mean,10,0.8915785724480001,0.86869911302165,0.91492794807445,higher
capacity,0.7,main,,threshold,qbr,p999_us,10,-1.7197109961000023,-10.792280634307494,7.309724961027484,uncertain
capacity,0.7,main,,threshold,qbr,p99_us,10,-0.05667492109999728,-0.39710283199249014,0.22828813288250113,uncertain
capacity,0.7,main,,threshold,qbr,slo_miss_rate,10,-0.02825922233400004,-0.08588836356015003,0.03107862579557489,uncertain
capacity,0.7,main,,threshold,single,class0_p99_us,10,0.10802053074,-0.6820569297357488,0.9547058114262483,uncertain
capacity,0.7,main,,threshold,single,control_cpu_mean,10,0.914322510693,0.8906833334797502,0.9379341354062499,higher
capacity,0.7,main,,threshold,single,p999_us,10,-2.3240107331000046,-10.220098870950004,4.706811723544995,uncertain
capacity,0.7,main,,threshold,single,p99_us,10,0.07584034219999865,-0.1337514434275028,0.343003186942497,uncertain
capacity,0.7,main,,threshold,single,slo_miss_rate,10,0.008665159588000014,-0.08454385560572501,0.10850298403805007,uncertain
capacity,0.7,main,,threshold,steal,class0_p99_us,10,0.6880962202900001,0.08772665456875005,1.2515693094224996,higher
capacity,0.7,main,,threshold,steal,control_cpu_mean,10,-3.586772015016,-3.671568440283625,-3.504955051567,lower
capacity,0.7,main,,threshold,steal,p999_us,10,-4.515168633900004,-17.318923293212492,8.33916468919748,uncertain
capacity,0.7,main,,threshold,steal,p99_us,10,0.43356340360000445,0.1142111557975077,0.7364467924450031,higher
capacity,0.7,main,,threshold,steal,slo_miss_rate,10,0.08115639809899997,0.003909757150424914,0.14982002566207497,higher
capacity,0.7,main,,work,jbsq,class0_p99_us,10,-5.897469727640001,-10.467599742513249,-1.2863872304260031,lower
capacity,0.7,main,,work,jbsq,control_cpu_mean,10,0.398400000004,0.398400000004,0.398400000004,higher
capacity,0.7,main,,work,jbsq,p999_us,10,-14.555020005499994,-25.16022859796499,-2.9042394535650002,lower
capacity,0.7,main,,work,jbsq,p99_us,10,-1.4270965711000059,-3.270883731297508,0.5721774054924973,uncertain
capacity,0.7,main,,work,jbsq,slo_miss_rate,10,-0.031566212063000074,-0.6578478207964751,0.7165693086852248,uncertain
capacity,0.7,main,,work,jsw,class0_p99_us,10,-2.190042239469999,-6.194239021044249,1.8583963202094993,uncertain
capacity,0.7,main,,work,jsw,control_cpu_mean,10,0.0,0.0,0.0,uncertain
capacity,0.7,main,,work,jsw,p999_us,10,88.876329433,75.9168587861225,101.16397153186499,higher
capacity,0.7,main,,work,jsw,p99_us,10,10.120441418099992,8.409057535059993,11.828771921897486,higher
capacity,0.7,main,,work,jsw,slo_miss_rate,10,0.26674667267100005,-0.20356684106344997,0.8177409335179486,uncertain
capacity,0.7,main,,work,qbr,class0_p99_us,10,-1.5125106996899997,-5.770095643150248,2.7743412618572494,uncertain
capacity,0.7,main,,work,qbr,control_cpu_mean,10,-1.7126295760430001,-1.719857135175425,-1.7041132326940749,lower
capacity,0.7,main,,work,qbr,p999_us,10,89.7615143702,79.3821565157075,100.8623784693225,higher
capacity,0.7,main,,work,qbr,p99_us,10,10.158527587199998,8.216762223309996,12.134000962879993,higher
capacity,0.7,main,,work,qbr,slo_miss_rate,10,0.35860687778399997,-0.15388133347365002,0.9733809797413248,uncertain
capacity,0.7,main,,work,single,class0_p99_us,10,-1.3095640824900006,-5.911577319205999,3.0240198436052483,uncertain
capacity,0.7,main,,work,single,control_cpu_mean,10,-1.689885637798,-1.69696768357975,-1.68184932793715,lower
capacity,0.7,main,,work,single,p999_us,10,89.1572146332,81.3582499030175,97.10869772385749,higher
capacity,0.7,main,,work,single,p99_us,10,10.291042850499995,8.493701252482486,12.191639114542493,higher
capacity,0.7,main,,work,single,slo_miss_rate,10,0.395531259706,-0.13012994894572494,0.9886075058371747,uncertain
capacity,0.7,main,,work,steal,class0_p99_us,10,-0.7294883929400005,-5.024199470580251,3.526364045906996,uncertain
capacity,0.7,main,,work,steal,control_cpu_mean,10,-6.1909801635070005,-6.258423778547975,-6.127508900880301,lower
capacity,0.7,main,,work,steal,p999_us,10,86.9660567324,77.27311891900001,97.19350727048996,higher
capacity,0.7,main,,work,steal,p99_us,10,10.6487659119,8.894593043094998,12.502956790942507,higher
capacity,0.7,main,,work,steal,slo_miss_rate,10,0.46802249821700004,-0.044607954742425036,1.0801598047909984,uncertain
capacity,0.7,main,,work,threshold,class0_p99_us,10,-1.4175846132300005,-5.685421515077749,2.8129274860847473,uncertain
capacity,0.7,main,,work,threshold,control_cpu_mean,10,-2.604208148491,-2.63357356145475,-2.57511918251825,lower
capacity,0.7,main,,work,threshold,p999_us,10,91.48122536630001,79.0594303186225,102.40170015188998,higher
capacity,0.7,main,,work,threshold,p99_us,10,10.215202508299996,8.489296196302496,12.089360961067491,higher
capacity,0.7,main,,work,threshold,slo_miss_rate,10,0.38686610011799993,-0.12255689702197498,0.9963224937076989,uncertain
capacity,0.85,main,,bwc,jbsq,class0_p99_us,10,571.1651377431,510.5205222919175,626.9291779795199,higher
capacity,0.85,main,,bwc,jbsq,control_cpu_mean,10,1.5038151571519998,1.5013337084668,1.5060320358280002,higher
capacity,0.85,main,,bwc,jbsq,p999_us,10,370.0243261306,313.71819956661255,423.4732499835224,higher
capacity,0.85,main,,bwc,jbsq,p99_us,10,559.3020378522999,500.70330632626,614.4629510604474,higher
capacity,0.85,main,,bwc,jbsq,slo_miss_rate,10,81.89134208471,80.179154653265,83.42869999528475,higher
capacity,0.85,main,,bwc,jsw,class0_p99_us,10,561.4206057199001,504.87814647581746,613.3122147134999,higher
capacity,0.85,main,,bwc,jsw,control_cpu_mean,10,1.105415157148,1.1029337084628,1.1076320358240002,higher
capacity,0.85,main,,bwc,jsw,p999_us,10,488.66893617000005,431.7078153143924,543.0528113878349,higher
capacity,0.85,main,,bwc,jsw,p99_us,10,552.6728199710001,493.7896384984675,608.36297755786,higher
capacity,0.85,main,,bwc,jsw,slo_miss_rate,10,72.23008668434,70.97611074241226,73.536042179739,higher
capacity,0.85,main,,bwc,qbr,class0_p99_us,10,562.5870966347,506.4735246250325,614.117548729545,higher
capacity,0.85,main,,bwc,qbr,control_cpu_mean,10,-0.9639742367109999,-0.9794273939036501,-0.9488955347642749,lower
capacity,0.85,main,,bwc,qbr,p999_us,10,489.1423393917,430.8878972404175,543.7910834509875,higher
capacity,0.85,main,,bwc,qbr,p99_us,10,552.9586668441001,493.79272790394003,608.4203803521825,higher
capacity,0.85,main,,bwc,qbr,slo_miss_rate,10,72.27240711009001,70.98272157907124,73.66936359740976,higher
capacity,0.85,main,,bwc,single,class0_p99_us,10,562.4206510468,505.70646361219497,614.283005918955,higher
capacity,0.85,main,,bwc,single,control_cpu_mean,10,-0.9341797502760001,-0.9446744236512001,-0.92441663014,lower
capacity,0.85,main,,bwc,single,p999_us,10,494.8182846564,434.78680286733254,550.6917996145398,higher
capacity,0.85,main,,bwc,single,p99_us,10,552.3777918869,493.28761756304004,608.1498366670451,higher
capacity,0.85,main,,bwc,single,slo_miss_rate,10,72.28236643713001,71.03708604280126,73.59575910362051,higher
capacity,0.85,main,,bwc,steal,class0_p99_us,10,561.8844531849002,505.37086769401003,613.2872213246675,higher
capacity,0.85,main,,bwc,steal,control_cpu_mean,10,-3.5849404264299998,-3.6552517504943,-3.505469831597625,lower
capacity,0.85,main,,bwc,steal,p999_us,10,492.1298925206,430.22649665051006,551.60413073169,higher
capacity,0.85,main,,bwc,steal,p99_us,10,553.2252859777,494.05697616159244,609.138932775585,higher
capacity,0.85,main,,bwc,steal,slo_miss_rate,10,72.35700579201,71.06133089225652,73.72964378237475,higher
capacity,0.85,main,,bwc,threshold,class0_p99_us,10,562.4496650952,505.6978880295425,614.3271552339676,higher
capacity,0.85,main,,bwc,threshold,control_cpu_mean,10,-3.220992181484,-3.2507668107055747,-3.1914021154808503,lower
capacity,0.85,main,,bwc,threshold,p999_us,10,492.2854821987001,436.791520472395,546.3102666105699,higher
capacity,0.85,main,,bwc,threshold,p99_us,10,552.8613598385,493.7569420068125,608.6253568804648,higher
capacity,0.85,main,,bwc,threshold,slo_miss_rate,10,72.37096930149,71.064897072386,73.74225026329852,higher
capacity,0.85,main,,jbsq,jsw,class0_p99_us,10,-9.7445320232,-16.125565415822503,-3.949686710587503,lower
capacity,0.85,main,,jbsq,jsw,control_cpu_mean,10,-0.398400000004,-0.398400000004,-0.398400000004,lower
capacity,0.85,main,,jbsq,jsw,p999_us,10,118.64461003939998,111.02223306410498,126.45883199960998,higher
capacity,0.85,main,,jbsq,jsw,p99_us,10,-6.629217881299996,-7.7578070987175005,-5.333265840999997,lower
capacity,0.85,main,,jbsq,jsw,slo_miss_rate,10,-9.661255400369999,-10.48412230097825,-8.780209442620249,lower
capacity,0.85,main,,jbsq,qbr,class0_p99_us,10,-8.578041108399999,-15.5664638372,-2.731593845765,lower
capacity,0.85,main,,jbsq,qbr,control_cpu_mean,10,-2.467789393863,-2.482533502602,-2.453609319146525,lower
capacity,0.85,main,,jbsq,qbr,p999_us,10,119.11801326109999,108.8208172523425,129.45271943143248,higher
capacity,0.85,main,,jbsq,qbr,p99_us,10,-6.343371008199997,-7.806945663182498,-4.848633111637501,lower
capacity,0.85,main,,jbsq,qbr,slo_miss_rate,10,-9.61893497462,-10.440715276298999,-8.758185498642,lower
capacity,0.85,main,,jbsq,single,class0_p99_us,10,-8.744486696300005,-14.920790359830004,-3.2327670772350046,lower
capacity,0.85,main,,jbsq,single,control_cpu_mean,10,-2.437994907428,-2.4490112945509503,-2.42774660983115,lower
capacity,0.85,main,,jbsq,single,p999_us,10,124.79395852579998,116.04750222553997,134.19794705125247,higher
capacity,0.85,main,,jbsq,single,p99_us,10,-6.924245965399999,-8.120948807922499,-5.7093526776425,lower
capacity,0.85,main,,jbsq,single,slo_miss_rate,10,-9.60897564758,-10.4561645784055,-8.761432378937748,lower
capacity,0.85,main,,jbsq,steal,class0_p99_us,10,-9.280684558200004,-15.239070888362503,-3.745426274037504,lower
capacity,0.85,main,,jbsq,steal,control_cpu_mean,10,-5.088755583582,-5.1601136670528,-5.006871869137,lower
capacity,0.85,main,,jbsq,steal,p999_us,10,122.10556638999999,112.02901852584749,133.28311729846004,higher
capacity,0.85,main,,jbsq,steal,p99_us,10,-6.076751874599995,-7.054857603842493,-4.985570885354993,lower
capacity,0.85,main,,jbsq,steal,slo_miss_rate,10,-9.5343362927,-10.418624748845753,-8.598375843804002,lower
capacity,0.85,main,,jbsq,threshold,class0_p99_us,10,-8.715472647900004,-15.282865501200003,-2.997147007560008,lower
capacity,0.85,main,,jbsq,threshold,control_cpu_mean,10,-4.724807338636,-4.753698618639775,-4.696079598912201,lower
capacity,0.85,main,,jbsq,threshold,p999_us,10,122.2611560681,112.93008506240247,130.9976967544825,higher
capacity,0.85,main,,jbsq,threshold,p99_us,10,-6.440678013799999,-7.667536698530011,-5.113559466592498,lower
capacity,0.85,main,,jbsq,threshold,slo_miss_rate,10,-9.52037278322,-10.362772464264001,-8.684700162550753,lower
capacity,0.85,main,,jsw,jbsq,class0_p99_us,10,9.7445320232,3.949686710587499,16.1255654158225,higher
capacity,0.85,main,,jsw,jbsq,control_cpu_mean,10,0.398400000004,0.398400000004,0.398400000004,higher
capacity,0.85,main,,jsw,jbsq,p999_us,10,-118.64461003939998,-126.45883199961,-111.02223306410498,lower
capacity,0.85,main,,jsw,jbsq,p99_us,10,6.629217881299996,5.333265840999997,7.7578070987175,higher
capacity,0.85,main,,jsw,jbsq,slo_miss_rate,10,9.661255400369999,8.780209442620249,10.48412230097825,higher
capacity,0.85,main,,jsw,qbr,class0_p99_us,10,1.1664909148000007,-0.2667225195474951,2.5529484928174977,uncertain
capacity,0.85,main,,jsw,qbr,control_cpu_mean,10,-2.069389393859,-2.084133502598,-2.0552093191425245,lower
capacity,0.85,main,,jsw,qbr,p999_us,10,0.47340322170000493,-8.914517745057495,10.954138235635007,uncertain
capacity,0.85,main,,jsw,qbr,p99_us,10,0.2858468730999988,-0.48921461925249643,1.061351552437496,uncertain
capacity,0.85,main,,jsw,qbr,slo_miss_rate,10,0.042320425750000126,-0.13077909152399966,0.21591469936199895,uncertain
capacity,0.85,main,,jsw,single,class0_p99_us,10,1.0000453268999947,-0.3739334333450095,2.432776745079998,uncertain
capacity,0.85,main,,jsw,single,control_cpu_mean,10,-2.0395949074239996,-2.05061129454695,-2.02934660982715,lower
capacity,0.85,main,,jsw,single,p999_us,10,6.149348486400004,1.576095024597503,9.64528796904749,higher
capacity,0.85,main,,jsw,single,p99_us,10,-0.29502808410000225,-0.9974189122675016,0.35274937059499584,uncertain
capacity,0.85,main,,jsw,single,slo_miss_rate,10,0.05227975279000069,-0.12242218433224876,0.2333222176487504,uncertain
capacity,0.85,main,,jsw,steal,class0_p99_us,10,0.46384746499999635,-0.9045921706000044,1.8089667378574896,uncertain
capacity,0.85,main,,jsw,steal,control_cpu_mean,10,-4.6903555835779995,-4.7617136670488005,-4.608471869133,lower
capacity,0.85,main,,jsw,steal,p999_us,10,3.4609563506000143,-3.45905236064748,11.429302282010005,uncertain
capacity,0.85,main,,jsw,steal,p99_us,10,0.5524660067000013,0.018836407800006328,1.2220505653299973,higher
capacity,0.85,main,,jsw,steal,slo_miss_rate,10,0.12691910766999992,0.01923655350575064,0.23460201100999942,higher
capacity,0.85,main,,jsw,threshold,class0_p99_us,10,1.0290593752999968,-0.476432459185005,2.597273421402496,uncertain
capacity,0.85,main,,jsw,threshold,control_cpu_mean,10,-4.326407338632,-4.355298618635776,-4.297679598908201,lower
capacity,0.85,main,,jsw,threshold,p999_us,10,3.6165460286999975,-3.319297262867497,10.877720144332496,uncertain
capacity,0.85,main,,jsw,threshold,p99_us,10,0.18853986749999763,-0.16105652654500296,0.4791726482224991,uncertain
capacity,0.85,main,,jsw,threshold,slo_miss_rate,10,0.1408826171500005,-0.003721350970998223,0.279692053684752,uncertain
capacity,0.85,main,,p2c,jbsq,class0_p99_us,10,136.6591291656,131.28994280614248,141.88301094209748,higher
capacity,0.85,main,,p2c,jbsq,control_cpu_mean,10,0.398400000004,0.398400000004,0.398400000004,higher
capacity,0.85,main,,p2c,jbsq,p999_us,10,111.5968000303,99.1864353254775,125.12976558189003,higher
capacity,0.85,main,,p2c,jbsq,p99_us,10,98.91229720319998,91.24082840838749,107.09197229489999,higher
capacity,0.85,main,,p2c,jbsq,slo_miss_rate,10,5.62573743634,4.979409350024999,6.2222511448015,higher
capacity,0.85,main,,p2c,jsw,class0_p99_us,10,126.9145971424,121.0750643331225,134.2414487066,higher
capacity,0.85,main,,p2c,jsw,control_cpu_mean,10,0.0,0.0,0.0,uncertain
capacity,0.85,main,,p2c,jsw,p999_us,10,230.24141006970004,218.98562131433002,242.02483623407494,higher
capacity,0.85,main,,p2c,jsw,p99_us,10,92.28307932189999,84.6309521067675,100.66646807499498,higher
capacity,0.85,main,,p2c,jsw,slo_miss_rate,10,-4.03551796403,-4.716477777809751,-3.401380978920002,lower
capacity,0.85,main,,p2c,qbr,class0_p99_us,10,128.0810880572,122.24497624921001,135.20075737554748,higher
capacity,0.85,main,,p2c,qbr,control_cpu_mean,10,-2.069389393859,-2.084133502598,-2.0552093191425245,lower
capacity,0.85,main,,p2c,qbr,p999_us,10,230.71481329140002,216.42036906409498,247.30494202827248,higher
capacity,0.85,main,,p2c,qbr,p99_us,10,92.56892619499999,85.36114855482249,100.35678338013497,higher
capacity,0.85,main,,p2c,qbr,slo_miss_rate,10,-3.9931975382800005,-4.79541679091025,-3.2726716673725016,lower
capacity,0.85,main,,p2c,single,class0_p99_us,10,127.91464246929999,122.35275059639999,134.84833623031,higher
capacity,0.85,main,,p2c,single,control_cpu_mean,10,-2.0395949074239996,-2.05061129454695,-2.02934660982715,lower
capacity,0.85,main,,p2c,single,p999_us,10,236.39075855610002,222.87802317551498,249.9248801125425,higher
capacity,0.85,main,,p2c,single,p99_us,10,91.9880512378,84.61678062585248,99.9166328323925,higher
capacity,0.85,main,,p2c,single,slo_miss_rate,10,-3.9832382112400007,-4.7133602107904995,-3.3181399467860007,lower
capacity,0.85,main,,p2c,steal,class0_p99_us,10,127.37844460740003,121.64156388379999,134.57873570569748,higher
capacity,0.85,main,,p2c,steal,control_cpu_mean,10,-4.6903555835779995,-4.7617136670488005,-4.608471869133,lower
capacity,0.85,main,,p2c,steal,p999_us,10,233.70236642030005,223.1962784817775,243.38901250429248,higher
capacity,0.85,main,,p2c,steal,p99_us,10,92.83554532859999,85.24781504495749,101.00896315572496,higher
capacity,0.85,main,,p2c,steal,slo_miss_rate,10,-3.9085988563600003,-4.665661822652251,-3.199031761917753,lower
capacity,0.85,main,,p2c,threshold,class0_p99_us,10,127.94365651769999,121.76632338319999,135.56813498317,higher
capacity,0.85,main,,p2c,threshold,control_cpu_mean,10,-4.326407338632,-4.355298618635776,-4.297679598908201,lower
capacity,0.85,main,,p2c,threshold,p999_us,10,233.85795609839997,225.5751469742675,241.35254499837498,higher
capacity,0.85,main,,p2c,threshold,p99_us,10,92.47161918939999,84.94905534009249,100.744759736835,higher
capacity,0.85,main,,p2c,threshold,slo_miss_rate,10,-3.89463534688,-4.633997931308001,-3.2307156604792517,lower
capacity,0.85,main,,qbr,jbsq,class0_p99_us,10,8.578041108399999,2.731593845764999,15.5664638372,higher
capacity,0.85,main,,qbr,jbsq,control_cpu_mean,10,2.467789393863,2.453609319146525,2.482533502602,higher
capacity,0.85,main,,qbr,jbsq,p999_us,10,-119.11801326109999,-129.4527194314325,-108.8208172523425,lower
capacity,0.85,main,,qbr,jbsq,p99_us,10,6.343371008199997,4.848633111637499,7.806945663182496,higher
capacity,0.85,main,,qbr,jbsq,slo_miss_rate,10,9.61893497462,8.758185498642,10.440715276298999,higher
capacity,0.85,main,,qbr,jsw,class0_p99_us,10,-1.1664909148000007,-2.5529484928174986,0.2667225195474934,uncertain
capacity,0.85,main,,qbr,jsw,control_cpu_mean,10,2.069389393859,2.0552093191425245,2.084133502598,higher
capacity,0.85,main,,qbr,jsw,p999_us,10,-0.47340322170000493,-10.954138235635012,8.914517745057495,uncertain
capacity,0.85,main,,qbr,jsw,p99_us,10,-0.2858468730999988,-1.0613515524374961,0.4892146192524948,uncertain
capacity,0.85,main,,qbr,jsw,slo_miss_rate,10,-0.042320425750000126,-0.21591469936199906,0.1307790915239996,uncertain
capacity,0.85,main,,qbr,single,class0_p99_us,10,-0.16644558790000588,-1.6039292670575038,1.2702997570374908,uncertain
capacity,0.85,main,,qbr,single,control_cpu_mean,10,0.029794486434999955,0.018065354688975,0.041975333123424954,higher
capacity,0.85,main,,qbr,single,p999_us,10,5.675945264699999,-4.791873326362501,15.389954581034985,uncertain
capacity,0.85,main,,qbr,single,p99_us,10,-0.580874957200001,-1.4029343697000014,0.14630661132750442,uncertain
capacity,0.85,main,,qbr,single,slo_miss_rate,10,0.009959327040000576,-0.1781240455792517,0.2209803882362511,uncertain
capacity,0.85,main,,qbr,steal,class0_p99_us,10,-0.7026434498000043,-1.8761227085375005,0.8362227636424954,uncertain
capacity,0.85,main,,qbr,steal,control_cpu_mean,10,-2.6209661897189998,-2.70279492532305,-2.5315060730655,lower
capacity,0.85,main,,qbr,steal,p999_us,10,2.9875531289000095,-8.157695966762507,13.765237901600017,uncertain
capacity,0.85,main,,qbr,steal,p99_us,10,0.26661913360000256,-0.609942688815002,1.2112702159700002,uncertain
capacity,0.85,main,,qbr,steal,slo_miss_rate,10,0.08459868191999981,-0.06502485704474897,0.24313670845549948,uncertain
capacity,0.85,main,,qbr,threshold,class0_p99_us,10,-0.13743153950000392,-1.5109241219625031,1.1719551808224904,uncertain
capacity,0.85,main,,qbr,threshold,control_cpu_mean,10,-2.2570179447729997,-2.2733757340423746,-2.2402539040365754,lower
capacity,0.85,main,,qbr,threshold,p999_us,10,3.1431428069999923,-7.4362776921575,12.634730608429994,uncertain
capacity,0.85,main,,qbr,threshold,p99_us,10,-0.09730700560000116,-0.8188337331225026,0.6966260072674978,uncertain
capacity,0.85,main,,qbr,threshold,slo_miss_rate,10,0.09856219140000039,-0.07679468803224948,0.26560642257675005,uncertain
capacity,0.85,main,,single,jbsq,class0_p99_us,10,8.744486696300005,3.2327670772350032,14.920790359829997,higher
capacity,0.85,main,,single,jbsq,control_cpu_mean,10,2.437994907428,2.42774660983115,2.4490112945509503,higher
capacity,0.85,main,,single,jbsq,p999_us,10,-124.79395852579998,-134.19794705125247,-116.04750222553999,lower
capacity,0.85,main,,single,jbsq,p99_us,10,6.924245965399999,5.7093526776425,8.120948807922497,higher
capacity,0.85,main,,single,jbsq,slo_miss_rate,10,9.60897564758,8.761432378937748,10.456164578405499,higher
capacity,0.85,main,,single,jsw,class0_p99_us,10,-1.0000453268999947,-2.432776745079999,0.37393343334500906,uncertain
capacity,0.85,main,,single,jsw,control_cpu_mean,10,2.0395949074239996,2.02934660982715,2.05061129454695,higher
capacity,0.85,main,,single,jsw,p999_us,10,-6.149348486400004,-9.645287969047493,-1.5760950245975045,lower
capacity,0.85,main,,single,jsw,p99_us,10,0.29502808410000225,-0.3527493705949959,0.9974189122675015,uncertain
capacity,0.85,main,,single,jsw,slo_miss_rate,10,-0.05227975279000069,-0.2333222176487504,0.12242218433224875,uncertain
capacity,0.85,main,,single,qbr,class0_p99_us,10,0.16644558790000588,-1.2702997570374912,1.6039292670575036,uncertain
capacity,0.85,main,,single,qbr,control_cpu_mean,10,-0.029794486434999955,-0.04197533312342496,-0.018065354688975015,lower
capacity,0.85,main,,single,qbr,p999_us,10,-5.675945264699999,-15.389954581035,4.791873326362495,uncertain
capacity,0.85,main,,single,qbr,p99_us,10,0.580874957200001,-0.14630661132750453,1.4029343697,uncertain
capacity,0.85,main,,single,qbr,slo_miss_rate,10,-0.009959327040000576,-0.2209803882362512,0.17812404557925152,uncertain
capacity,0.85,main,,single,steal,class0_p99_us,10,-0.5361978618999984,-1.6214581125000007,0.425959016085004,uncertain
capacity,0.85,main,,single,steal,control_cpu_mean,10,-2.650760676154,-2.7280693891189505,-2.564747589936525,lower
capacity,0.85,main,,single,steal,p999_us,10,-2.6883921357999894,-9.34534242541249,4.721933301542506,uncertain
capacity,0.85,main,,single,steal,p99_us,10,0.8474940908000036,0.1702144875325073,1.463411783862501,higher
capacity,0.85,main,,single,steal,slo_miss_rate,10,0.07463935487999923,-0.1716666354465015,0.30042182700749864,uncertain
capacity,0.85,main,,single,threshold,class0_p99_us,10,0.02901404840000197,-0.8187453051199951,0.9171855346999991,uncertain
capacity,0.85,main,,single,threshold,control_cpu_mean,10,-2.286812431208,-2.309076225303125,-2.2634239673778254,lower
capacity,0.85,main,,single,threshold,p999_us,10,-2.5328024577000066,-11.509755777145015,7.910153337227479,uncertain
capacity,0.85,main,,single,threshold,p99_us,10,0.4835679515999999,-0.05736036853250589,1.0658450595849964,uncertain
capacity,0.85,main,,single,threshold,slo_miss_rate,10,0.08860286435999981,-0.027234855458748992,0.19647586952125093,uncertain
capacity,0.85,main,,steal,jbsq,class0_p99_us,10,9.280684558200004,3.745426274037502,15.2390708883625,higher
capacity,0.85,main,,steal,jbsq,control_cpu_mean,10,5.088755583582,5.006871869137,5.1601136670528,higher
capacity,0.85,main,,steal,jbsq,p999_us,10,-122.10556638999999,-133.28311729846004,-112.0290185258475,lower
capacity,0.85,main,,steal,jbsq,p99_us,10,6.076751874599995,4.985570885354992,7.054857603842493,higher
capacity,0.85,main,,steal,jbsq,slo_miss_rate,10,9.5343362927,8.598375843804,10.418624748845753,higher
capacity,0.85,main,,steal,jsw,class0_p99_us,10,-0.46384746499999635,-1.8089667378574903,0.9045921706000044,uncertain
capacity,0.85,main,,steal,jsw,control_cpu_mean,10,4.6903555835779995,4.608471869133,4.7617136670488005,higher
capacity,0.85,main,,steal,jsw,p999_us,10,-3.4609563506000143,-11.429302282010008,3.459052360647479,uncertain
capacity,0.85,main,,steal,jsw,p99_us,10,-0.5524660067000013,-1.222050565329998,-0.018836407800006328,lower
capacity,0.85,main,,steal,jsw,slo_miss_rate,10,-0.12691910766999992,-0.23460201100999942,-0.019236553505750643,lower
capacity,0.85,main,,steal,qbr,class0_p99_us,10,0.7026434498000043,-0.836222763642496,1.8761227085374996,uncertain
capacity,0.85,main,,steal,qbr,control_cpu_mean,10,2.6209661897189998,2.5315060730655,2.70279492532305,higher
capacity,0.85,main,,steal,qbr,p999_us,10,-2.9875531289000095,-13.765237901600017,8.157695966762503,uncertain
capacity,0.85,main,,steal,qbr,p99_us,10,-0.26661913360000256,-1.2112702159700006,0.6099426888150015,uncertain
capacity,0.85,main,,steal,qbr,slo_miss_rate,10,-0.08459868191999981,-0.24313670845549967,0.06502485704474893,uncertain
capacity,0.85,main,,steal,single,class0_p99_us,10,0.5361978618999984,-0.4259590160850045,1.6214581125,uncertain
capacity,0.85,main,,steal,single,control_cpu_mean,10,2.650760676154,2.564747589936525,2.7280693891189505,higher
capacity,0.85,main,,steal,single,p999_us,10,2.6883921357999894,-4.721933301542506,9.345342425412488,uncertain
capacity,0.85,main,,steal,single,p99_us,10,-0.8474940908000036,-1.4634117838625018,-0.1702144875325073,lower
capacity,0.85,main,,steal,single,slo_miss_rate,10,-0.07463935487999923,-0.3004218270074988,0.17166663544650115,uncertain
capacity,0.85,main,,steal,threshold,class0_p99_us,10,0.5652119103000004,-0.5387519999725038,1.6424504092075065,uncertain
capacity,0.85,main,,steal,threshold,control_cpu_mean,10,0.3639482449460002,0.2623487744894501,0.45665443958932495,higher
capacity,0.85,main,,steal,threshold,p999_us,10,0.1555896780999831,-9.376788665165023,10.189774356462479,uncertain
capacity,0.85,main,,steal,threshold,p99_us,10,-0.3639261392000037,-0.9826333291475011,0.18750501856499643,uncertain
capacity,0.85,main,,steal,threshold,slo_miss_rate,10,0.01396350948000058,-0.16300421063074924,0.2085650969120007,uncertain
capacity,0.85,main,,threshold,jbsq,class0_p99_us,10,8.715472647900004,2.997147007560003,15.282865501200003,higher
capacity,0.85,main,,threshold,jbsq,control_cpu_mean,10,4.724807338636,4.696079598912201,4.753698618639775,higher
capacity,0.85,main,,threshold,jbsq,p999_us,10,-122.2611560681,-130.9976967544825,-112.93008506240248,lower
capacity,0.85,main,,threshold,jbsq,p99_us,10,6.440678013799999,5.113559466592498,7.66753669853001,higher
capacity,0.85,main,,threshold,jbsq,slo_miss_rate,10,9.52037278322,8.684700162550751,10.362772464264001,higher
capacity,0.85,main,,threshold,jsw,class0_p99_us,10,-1.0290593752999968,-2.5972734214024964,0.4764324591850032,uncertain
capacity,0.85,main,,threshold,jsw,control_cpu_mean,10,4.326407338632,4.297679598908201,4.355298618635776,higher
capacity,0.85,main,,threshold,jsw,p999_us,10,-3.6165460286999975,-10.877720144332502,3.319297262867479,uncertain
capacity,0.85,main,,threshold,jsw,p99_us,10,-0.18853986749999763,-0.4791726482224992,0.16105652654500266,uncertain
capacity,0.85,main,,threshold,jsw,slo_miss_rate,10,-0.1408826171500005,-0.2796920536847521,0.0037213509709981465,uncertain
capacity,0.85,main,,threshold,qbr,class0_p99_us,10,0.13743153950000392,-1.1719551808224924,1.5109241219625014,uncertain
capacity,0.85,main,,threshold,qbr,control_cpu_mean,10,2.2570179447729997,2.2402539040365754,2.2733757340423746,higher
capacity,0.85,main,,threshold,qbr,p999_us,10,-3.1431428069999923,-12.634730608429999,7.436277692157482,uncertain
capacity,0.85,main,,threshold,qbr,p99_us,10,0.09730700560000116,-0.6966260072674999,0.8188337331225016,uncertain
capacity,0.85,main,,threshold,qbr,slo_miss_rate,10,-0.09856219140000039,-0.2656064225767501,0.0767946880322493,uncertain
capacity,0.85,main,,threshold,single,class0_p99_us,10,-0.02901404840000197,-0.9171855346999991,0.8187453051199942,uncertain
capacity,0.85,main,,threshold,single,control_cpu_mean,10,2.286812431208,2.2634239673778254,2.309076225303125,higher
capacity,0.85,main,,threshold,single,p999_us,10,2.5328024577000066,-7.91015333722749,11.509755777145013,uncertain
capacity,0.85,main,,threshold,single,p99_us,10,-0.4835679515999999,-1.0658450595849966,0.05736036853250577,uncertain
capacity,0.85,main,,threshold,single,slo_miss_rate,10,-0.08860286435999981,-0.19647586952125093,0.027234855458748982,uncertain
capacity,0.85,main,,threshold,steal,class0_p99_us,10,-0.5652119103000004,-1.6424504092075078,0.5387519999725034,uncertain
capacity,0.85,main,,threshold,steal,control_cpu_mean,10,-0.3639482449460002,-0.45665443958932506,-0.2623487744894503,lower
capacity,0.85,main,,threshold,steal,p999_us,10,-0.1555896780999831,-10.189774356462484,9.376788665165021,uncertain
capacity,0.85,main,,threshold,steal,p99_us,10,0.3639261392000037,-0.18750501856499682,0.9826333291475009,uncertain
capacity,0.85,main,,threshold,steal,slo_miss_rate,10,-0.01396350948000058,-0.20856509691200076,0.16300421063074919,uncertain
capacity,0.85,main,,work,jbsq,class0_p99_us,10,144.7465503364,114.31881604778249,175.51306519159496,higher
capacity,0.85,main,,work,jbsq,control_cpu_mean,10,0.398400000004,0.398400000004,0.398400000004,higher
capacity,0.85,main,,work,jbsq,p999_us,10,33.1878268554,7.793258444262498,63.42979774082499,higher
capacity,0.85,main,,work,jbsq,p99_us,10,150.3511605603,127.3771305052775,175.94362455364998,higher
capacity,0.85,main,,work,jbsq,slo_miss_rate,10,67.97140158259,63.845965309616744,72.31024241952,higher
capacity,0.85,main,,work,jsw,class0_p99_us,10,135.0020183132,108.7412799143525,162.08992261479497,higher
capacity,0.85,main,,work,jsw,control_cpu_mean,10,0.0,0.0,0.0,uncertain
capacity,0.85,main,,work,jsw,p999_us,10,151.8324368948,125.79275598325249,181.93476459377746,higher
capacity,0.85,main,,work,jsw,p99_us,10,143.72194267900002,120.264401701045,169.54806124229998,higher
capacity,0.85,main,,work,jsw,slo_miss_rate,10,58.31014618222,54.413843079676006,62.353621207825746,higher
capacity,0.85,main,,work,qbr,class0_p99_us,10,136.168509228,109.722240040835,163.69347842324999,higher
capacity,0.85,main,,work,qbr,control_cpu_mean,10,-2.069389393859,-2.084133502598,-2.0552093191425245,lower
capacity,0.85,main,,work,qbr,p999_us,10,152.3058401165,128.8392818166725,178.82935131603747,higher
capacity,0.85,main,,work,qbr,p99_us,10,144.0077895521,120.4425863058325,170.1697415613175,higher
capacity,0.85,main,,work,qbr,slo_miss_rate,10,58.35246660797001,54.393732522055245,62.484198174300495,higher
capacity,0.85,main,,work,single,class0_p99_us,10,136.00206364009998,109.42015474317748,164.07482857629,higher
capacity,0.85,main,,work,single,control_cpu_mean,10,-2.0395949074239996,-2.05061129454695,-2.02934660982715,lower
capacity,0.85,main,,work,single,p999_us,10,157.98178538119998,131.08093143722496,188.52031537132999,higher
capacity,0.85,main,,work,single,p99_us,10,143.4269145949,119.8367660099025,169.40043656487248,higher
capacity,0.85,main,,work,single,slo_miss_rate,10,58.362425935009995,54.33270037783801,62.484091353241745,higher
capacity,0.85,main,,work,steal,class0_p99_us,10,135.4658657782,109.20989486911749,162.88377213495747,higher
capacity,0.85,main,,work,steal,control_cpu_mean,10,-4.6903555835779995,-4.7617136670488005,-4.608471869133,lower
capacity,0.85,main,,work,steal,p999_us,10,155.29339324539998,127.27092058046003,188.3840976523725,higher
capacity,0.85,main,,work,steal,p99_us,10,144.27440868570002,120.7992877941125,169.9669603680975,higher
capacity,0.85,main,,work,steal,slo_miss_rate,10,58.43706528989001,54.55586651182751,62.4401493084035,higher
capacity,0.85,main,,work,threshold,class0_p99_us,10,136.0310776885,109.34241628476748,163.9903230909275,higher
capacity,0.85,main,,work,threshold,control_cpu_mean,10,-4.326407338632,-4.355298618635776,-4.297679598908201,lower
capacity,0.85,main,,work,threshold,p999_us,10,155.44898292349998,131.84986383311247,182.17150835273995,higher
capacity,0.85,main,,work,threshold,p99_us,10,143.9104825465,120.25511482023249,169.838862030225,higher
capacity,0.85,main,,work,threshold,slo_miss_rate,10,58.45102879937001,54.4373854641855,62.59579313059974,higher
capacity,0.95,main,,bwc,jbsq,class0_p99_us,10,2839.9080467357007,2783.955204390243,2902.7421654849927,higher
capacity,0.95,main,,bwc,jbsq,control_cpu_mean,10,1.5039688669709999,1.5016848687970001,1.506097810091225,higher
capacity,0.95,main,,bwc,jbsq,p999_us,10,2655.4964964202,2596.948928492457,2724.15342042873,higher
capacity,0.95,main,,bwc,jbsq,p99_us,10,2790.4987401547996,2741.614645095475,2847.9606015657378,higher
capacity,0.95,main,,bwc,jbsq,slo_miss_rate,10,6.26968972072,3.322085110777,9.730337637420748,higher
capacity,0.95,main,,bwc,jsw,class0_p99_us,10,2767.8587297751997,2710.4005088684457,2834.8637783118475,higher
capacity,0.95,main,,bwc,jsw,control_cpu_mean,10,1.1055688669669999,1.1032848687930001,1.1076978100872252,higher
capacity,0.95,main,,bwc,jsw,p999_us,10,2529.8698903229,2420.9094205126125,2638.8322042122722,higher
capacity,0.95,main,,bwc,jsw,p99_us,10,2744.1694691375,2694.2395089130478,2803.1139850175423,higher
capacity,0.95,main,,bwc,jsw,slo_miss_rate,10,4.386194260949998,2.5119737057794986,6.591486806042498,higher
capacity,0.95,main,,bwc,qbr,class0_p99_us,10,2769.8831731810997,2712.418802518741,2835.9722100929725,higher
capacity,0.95,main,,bwc,qbr,control_cpu_mean,10,-1.618847918019,-1.649044558845675,-1.5855398820653002,lower
capacity,0.95,main,,bwc,qbr,p999_us,10,2538.279818038,2430.1463016951607,2643.15130591054,higher
capacity,0.95,main,,bwc,qbr,p99_us,10,2745.7116530905996,2695.1335278402003,2805.8364753813526,higher
capacity,0.95,main,,bwc,qbr,slo_miss_rate,10,4.385350352070001,2.5042496780115013,6.5986785839917514,higher
capacity,0.95,main,,bwc,single,class0_p99_us,10,2770.8222523322,2714.8582375661877,2836.379302253595,higher
capacity,0.95,main,,bwc,single,control_cpu_mean,10,-1.624199611561,-1.6499972769515499,-1.59327419485795,lower
capacity,0.95,main,,bwc,single,p999_us,10,2531.4536726415,2430.8515146528675,2633.792583822685,higher
capacity,0.95,main,,bwc,single,p99_us,10,2744.6281198261995,2694.087961504455,2805.1334165730495,higher
capacity,0.95,main,,bwc,single,slo_miss_rate,10,4.3876478387,2.548623995828999,6.534432667133004,higher
capacity,0.95,main,,bwc,steal,class0_p99_us,10,2768.2444821219,2711.572092009592,2834.5867458471976,higher
capacity,0.95,main,,bwc,steal,control_cpu_mean,10,-0.53375140865,-0.552512995918625,-0.5170257683000001,lower
capacity,0.95,main,,bwc,steal,p999_us,10,2526.6034583971004,2420.7588612992176,2634.3046235504903,higher
capacity,0.95,main,,bwc,steal,p99_us,10,2743.5937697866,2693.5014801519073,2803.575671021652,higher
capacity,0.95,main,,bwc,steal,slo_miss_rate,10,4.3376990512999996,2.4789361476769978,6.516725156647496,higher
capacity,0.95,main,,bwc,threshold,class0_p99_us,10,2768.9645155741,2712.4350373246075,2834.668875194235,higher
capacity,0.95,main,,bwc,threshold,control_cpu_mean,10,-5.354155916512999,-5.381769492278675,-5.318846310681,lower
capacity,0.95,main,,bwc,threshold,p999_us,10,2534.7585701161,2433.3504355466675,2637.6105470269895,higher
capacity,0.95,main,,bwc,threshold,p99_us,10,2744.3367224199,2695.2558439700174,2802.89227489245,higher
capacity,0.95,main,,bwc,threshold,slo_miss_rate,10,4.344865286049999,2.4821088669047495,6.527208502678247,higher
capacity,0.95,main,,jbsq,jsw,class0_p99_us,10,-72.04931696049998,-86.85636179587998,-57.9325225235225,lower
capacity,0.95,main,,jbsq,jsw,control_cpu_mean,10,-0.398400000004,-0.398400000004,-0.398400000004,lower
capacity,0.95,main,,jbsq,jsw,p999_us,10,-125.62660609730001,-240.2761950645275,-14.704510343560084,lower
capacity,0.95,main,,jbsq,jsw,p99_us,10,-46.3292710173,-59.35104622460501,-34.225850179002485,lower
capacity,0.95,main,,jbsq,jsw,slo_miss_rate,10,-1.8834954597700015,-3.1404868455825015,-0.8058974995637551,lower
capacity,0.95,main,,jbsq,qbr,class0_p99_us,10,-70.02487355460002,-84.17289588026001,-56.213502672112526,lower
capacity,0.95,main,,jbsq,qbr,control_cpu_mean,10,-3.12281678499,-3.15207928708375,-3.09084488099,lower
capacity,0.95,main,,jbsq,qbr,p999_us,10,-117.21667838219996,-226.32211177387245,-9.351181227112505,lower
capacity,0.95,main,,jbsq,qbr,p99_us,10,-44.78708706420001,-57.20916778432251,-33.64738333061751,lower
capacity,0.95,main,,jbsq,qbr,slo_miss_rate,10,-1.8843393686499987,-3.1163483577397484,-0.8212877125672492,lower
capacity,0.95,main,,jbsq,single,class0_p99_us,10,-69.08579440349999,-83.020255343655,-56.00725794124501,lower
capacity,0.95,main,,jbsq,single,control_cpu_mean,10,-3.128168478532,-3.153067184085975,-3.0985906333992252,lower
capacity,0.95,main,,jbsq,single,p999_us,10,-124.0428237787,-232.69809008499996,-18.48879790885764,lower
capacity,0.95,main,,jbsq,single,p99_us,10,-45.8706203286,-57.63730969271751,-34.92104895057751,lower
capacity,0.95,main,,jbsq,single,slo_miss_rate,10,-1.8820418820199993,-3.174372366282498,-0.7616847048312486,lower
capacity,0.95,main,,jbsq,steal,class0_p99_us,10,-71.6635646138,-85.94159264344002,-58.00703308000503,lower
capacity,0.95,main,,jbsq,steal,control_cpu_mean,10,-2.0377202756209996,-2.0578739621369504,-2.02031978300465,lower
capacity,0.95,main,,jbsq,steal,p999_us,10,-128.89303802309996,-243.0381665170075,-14.919521453245066,lower
capacity,0.95,main,,jbsq,steal,p99_us,10,-46.90497036820001,-60.37896598679001,-34.27994155156001,lower
capacity,0.95,main,,jbsq,steal,slo_miss_rate,10,-1.9319906694200006,-3.2175402866234992,-0.8269034160967509,lower
capacity,0.95,main,,jbsq,threshold,class0_p99_us,10,-70.94353116160002,-84.65739700689,-57.601185437202545,lower
capacity,0.95,main,,jbsq,threshold,control_cpu_mean,10,-6.858124783484,-6.884753646174225,-6.82417413895655,lower
capacity,0.95,main,,jbsq,threshold,p999_us,10,-120.73792630410003,-224.78150164733498,-17.373191492830117,lower
capacity,0.95,main,,jbsq,threshold,p99_us,10,-46.162017734900004,-56.46005255902,-36.24856744219501,lower
capacity,0.95,main,,jbsq,threshold,slo_miss_rate,10,-1.924824434670001,-3.1973564093462494,-0.8444227033437538,lower
capacity,0.95,main,,jsw,jbsq,class0_p99_us,10,72.04931696049998,57.93252252352249,86.85636179587996,higher
capacity,0.95,main,,jsw,jbsq,control_cpu_mean,10,0.398400000004,0.398400000004,0.398400000004,higher
capacity,0.95,main,,jsw,jbsq,p999_us,10,125.62660609730001,14.704510343560013,240.27619506452743,higher
capacity,0.95,main,,jsw,jbsq,p99_us,10,46.3292710173,34.22585017900248,59.35104622460501,higher
capacity,0.95,main,,jsw,jbsq,slo_miss_rate,10,1.8834954597700015,0.805897499563753,3.1404868455825015,higher
capacity,0.95,main,,jsw,qbr,class0_p99_us,10,2.0244434058999845,0.24890839115499092,4.0301877192324795,higher
capacity,0.95,main,,jsw,qbr,control_cpu_mean,10,-2.724416784986,-2.75367928707975,-2.6924448809860007,lower
capacity,0.95,main,,jsw,qbr,p999_us,10,8.40992771510002,-20.648706578414973,35.80802641443746,uncertain
capacity,0.95,main,,jsw,qbr,p99_us,10,1.5421839530999932,-0.7849432636100112,4.181511563922491,uncertain
capacity,0.95,main,,jsw,qbr,slo_miss_rate,10,-0.0008439088799971906,-0.11131363101249772,0.1220804821515019,uncertain
capacity,0.95,main,,jsw,single,class0_p99_us,10,2.9635225569999877,0.4905565412624768,5.863559257810027,higher
capacity,0.95,main,,jsw,single,control_cpu_mean,10,-2.729768478528,-2.754667184081975,-2.7001906333952252,lower
capacity,0.95,main,,jsw,single,p999_us,10,1.583782318599998,-12.240607171834972,15.152538490554972,uncertain
capacity,0.95,main,,jsw,single,p99_us,10,0.4586506886999985,-3.47209625963999,4.583398197714994,uncertain
capacity,0.95,main,,jsw,single,slo_miss_rate,10,0.0014535777500024327,-0.0690182138899964,0.06946091829500266,uncertain
capacity,0.95,main,,jsw,steal,class0_p99_us,10,0.3857523466999851,-1.7113182773900193,2.573791849882487,uncertain
capacity,0.95,main,,jsw,steal,control_cpu_mean,10,-1.6393202756169998,-1.65947396213295,-1.6219197830006498,lower
capacity,0.95,main,,jsw,steal,p999_us,10,-3.2664319257999863,-26.474885734344998,18.33624493534248,uncertain
capacity,0.95,main,,jsw,steal,p99_us,10,-0.5756993509000097,-3.8010223538650267,2.3963132607724913,uncertain
capacity,0.95,main,,jsw,steal,slo_miss_rate,10,-0.048495209649999094,-0.10779493659199998,0.01711155113775195,uncertain
capacity,0.95,main,,jsw,threshold,class0_p99_us,10,1.1057857988999842,-1.130180228735019,3.3516283559474638,uncertain
capacity,0.95,main,,jsw,threshold,control_cpu_mean,10,-6.4597247834800005,-6.486353646170224,-6.4257741389525505,lower
capacity,0.95,main,,jsw,threshold,p999_us,10,4.888679793199986,-11.883670210000009,21.74276355890497,uncertain
capacity,0.95,main,,jsw,threshold,p99_us,10,0.16725328239999157,-2.539482916790018,3.414918961444989,uncertain
capacity,0.95,main,,jsw,threshold,slo_miss_rate,10,-0.04132897489999898,-0.11960078296149973,0.05548637920199995,uncertain
capacity,0.95,main,,p2c,jbsq,class0_p99_us,10,289.1312091339,244.74744614743,331.2749719888875,higher
capacity,0.95,main,,p2c,jbsq,control_cpu_mean,10,0.398400000004,0.398400000004,0.398400000004,higher
capacity,0.95,main,,p2c,jbsq,p999_us,10,363.19581061060006,294.76122089529997,430.91423468884494,higher
capacity,0.95,main,,p2c,jbsq,p99_us,10,255.09498331480003,213.99573791199748,295.0432016474699,higher
capacity,0.95,main,,p2c,jbsq,slo_miss_rate,10,0.19936109531,-0.343391604492501,0.8388361747935,uncertain
capacity,0.95,main,,p2c,jsw,class0_p99_us,10,217.0818921734,180.21952679129748,251.84743493830499,higher
capacity,0.95,main,,p2c,jsw,control_cpu_mean,10,0.0,0.0,0.0,uncertain
capacity,0.95,main,,p2c,jsw,p999_us,10,237.56920451329998,183.396505707965,288.2656253267475,higher
capacity,0.95,main,,p2c,jsw,p99_us,10,208.7657122975,177.04615979964,238.28711487906,higher
capacity,0.95,main,,p2c,jsw,slo_miss_rate,10,-1.6841343644600015,-2.5075799536775025,-1.0218651075927534,lower
capacity,0.95,main,,p2c,qbr,class0_p99_us,10,219.10633557929995,182.84606939061996,253.26641989127498,higher
capacity,0.95,main,,p2c,qbr,control_cpu_mean,10,-2.724416784986,-2.75367928707975,-2.6924448809860007,lower
capacity,0.95,main,,p2c,qbr,p999_us,10,245.97913222840003,196.48035448800005,290.7801677865175,higher
capacity,0.95,main,,p2c,qbr,p99_us,10,210.30789625059998,178.36819776943253,240.33053766782498,higher
capacity,0.95,main,,p2c,qbr,slo_miss_rate,10,-1.6849782733399987,-2.4304833889169988,-1.0516703473929998,lower
capacity,0.95,main,,p2c,single,class0_p99_us,10,220.04541473039998,184.00011149860998,254.25996997809995,higher
capacity,0.95,main,,p2c,single,control_cpu_mean,10,-2.729768478528,-2.754667184081975,-2.7001906333952252,lower
capacity,0.95,main,,p2c,single,p999_us,10,239.1529868319,193.51089664631252,281.9626029225599,higher
capacity,0.95,main,,p2c,single,p99_us,10,209.2243629862,177.068650516085,240.05020596647748,higher
capacity,0.95,main,,p2c,single,slo_miss_rate,10,-1.682680786709999,-2.522697611221246,-0.9938649612580007,lower
capacity,0.95,main,,p2c,steal,class0_p99_us,10,217.46764452009998,181.23118295308748,252.05530243284502,higher
capacity,0.95,main,,p2c,steal,control_cpu_mean,10,-1.6393202756169998,-1.65947396213295,-1.6219197830006498,lower
capacity,0.95,main,,p2c,steal,p999_us,10,234.30277258750002,180.28541728493758,286.1940817939125,higher
capacity,0.95,main,,p2c,steal,p99_us,10,208.19001294659998,177.60434275000998,236.86788429242498,higher
capacity,0.95,main,,p2c,steal,slo_miss_rate,10,-1.7326295741100008,-2.5854351327212513,-1.0568243520212481,lower
capacity,0.95,main,,p2c,threshold,class0_p99_us,10,218.18767797229998,181.39413372339,253.29005111199996,higher
capacity,0.95,main,,p2c,threshold,control_cpu_mean,10,-6.4597247834800005,-6.486353646170224,-6.4257741389525505,lower
capacity,0.95,main,,p2c,threshold,p999_us,10,242.4578843065,200.76351393680002,283.65296441713247,higher
capacity,0.95,main,,p2c,threshold,p99_us,10,208.93296557989999,175.714847409015,240.29903583584243,higher
capacity,0.95,main,,p2c,threshold,slo_miss_rate,10,-1.7254633393600005,-2.5536305814922504,-1.0678511570095013,lower
capacity,0.95,main,,qbr,jbsq,class0_p99_us,10,70.02487355460002,56.21350267211252,84.17289588026,higher
capacity,0.95,main,,qbr,jbsq,control_cpu_mean,10,3.12281678499,3.09084488099,3.15207928708375,higher
capacity,0.95,main,,qbr,jbsq,p999_us,10,117.21667838219996,9.35118122711248,226.32211177387245,higher
capacity,0.95,main,,qbr,jbsq,p99_us,10,44.78708706420001,33.6473833306175,57.20916778432251,higher
capacity,0.95,main,,qbr,jbsq,slo_miss_rate,10,1.8843393686499987,0.821287712567249,3.1163483577397484,higher
capacity,0.95,main,,qbr,jsw,class0_p99_us,10,-2.0244434058999845,-4.030187719232483,-0.2489083911549919,lower
capacity,0.95,main,,qbr,jsw,control_cpu_mean,10,2.724416784986,2.6924448809860007,2.75367928707975,higher
capacity,0.95,main,,qbr,jsw,p999_us,10,-8.40992771510002,-35.808026414437485,20.64870657841497,uncertain
capacity,0.95,main,,qbr,jsw,p99_us,10,-1.5421839530999932,-4.181511563922493,0.78494326361001,uncertain
capacity,0.95,main,,qbr,jsw,slo_miss_rate,10,0.0008439088799971906,-0.12208048215150205,0.11131363101249768,uncertain
capacity,0.95,main,,qbr,single,class0_p99_us,10,0.9390791511000032,-2.6386986196574957,4.756337395760016,uncertain
capacity,0.95,main,,qbr,single,control_cpu_mean,10,-0.0053516935419998385,-0.014976572569674784,0.005518090951800041,uncertain
capacity,0.95,main,,qbr,single,p999_us,10,-6.826145396500022,-29.698401713462534,22.02813560884495,uncertain
capacity,0.95,main,,qbr,single,p99_us,10,-1.0835332643999949,-3.8858005353999876,2.5294409176449957,uncertain
capacity,0.95,main,,qbr,single,slo_miss_rate,10,0.0022974866299996233,-0.10905449251474911,0.08169749351624765,uncertain
capacity,0.95,main,,qbr,steal,class0_p99_us,10,-1.6386910591999992,-5.119802205932496,1.8576287937025115,uncertain
capacity,0.95,main,,qbr,steal,control_cpu_mean,10,1.085096509369,1.03401595135925,1.1289542525317504,higher
capacity,0.95,main,,qbr,steal,p999_us,10,-11.676359640900007,-39.76100776474999,12.318383233562487,uncertain
capacity,0.95,main,,qbr,steal,p99_us,10,-2.117883304000003,-5.518869901927503,0.90216852715999,uncertain
capacity,0.95,main,,qbr,steal,slo_miss_rate,10,-0.0476513007700019,-0.20952322798700185,0.08467525203749733,uncertain
capacity,0.95,main,,qbr,threshold,class0_p99_us,10,-0.9186576070000001,-3.0379921572875035,1.2412512706999963,uncertain
capacity,0.95,main,,qbr,threshold,control_cpu_mean,10,-3.7353079984939996,-3.7553818423193492,-3.7150178151120996,lower
capacity,0.95,main,,qbr,threshold,p999_us,10,-3.521247921900033,-23.21852128260503,20.51245559879743,uncertain
capacity,0.95,main,,qbr,threshold,p99_us,10,-1.3749306707000017,-4.266427951500003,2.1690084340975084,uncertain
capacity,0.95,main,,qbr,threshold,slo_miss_rate,10,-0.04048506602000179,-0.1907630514742517,0.08010363788874869,uncertain
capacity,0.95,main,,single,jbsq,class0_p99_us,10,69.08579440349999,56.007257941245,83.02025534365497,higher
capacity,0.95,main,,single,jbsq,control_cpu_mean,10,3.128168478532,3.0985906333992252,3.153067184085975,higher
capacity,0.95,main,,single,jbsq,p999_us,10,124.0428237787,18.488797908857528,232.69809008499996,higher
capacity,0.95,main,,single,jbsq,p99_us,10,45.8706203286,34.9210489505775,57.637309692717494,higher
capacity,0.95,main,,single,jbsq,slo_miss_rate,10,1.8820418820199993,0.7616847048312484,3.1743723662824976,higher
capacity,0.95,main,,single,jsw,class0_p99_us,10,-2.9635225569999877,-5.863559257810031,-0.49055654126248405,lower
capacity,0.95,main,,single,jsw,control_cpu_mean,10,2.729768478528,2.7001906333952252,2.754667184081975,higher
capacity,0.95,main,,single,jsw,p999_us,10,-1.583782318599998,-15.152538490554974,12.240607171834958,uncertain
capacity,0.95,main,,single,jsw,p99_us,10,-0.4586506886999985,-4.583398197714994,3.4720962596399896,uncertain
capacity,0.95,main,,single,jsw,slo_miss_rate,10,-0.0014535777500024327,-0.06946091829500267,0.0690182138899964,uncertain
capacity,0.95,main,,single,qbr,class0_p99_us,10,-0.9390791511000032,-4.756337395760019,2.638698619657495,uncertain
capacity,0.95,main,,single,qbr,control_cpu_mean,10,0.0053516935419998385,-0.005518090951800043,0.014976572569674782,uncertain
capacity,0.95,main,,single,qbr,p999_us,10,6.826145396500022,-22.02813560884498,29.698401713462516,uncertain
capacity,0.95,main,,single,qbr,p99_us,10,1.0835332643999949,-2.529440917644998,3.8858005353999867,uncertain
capacity,0.95,main,,single,qbr,slo_miss_rate,10,-0.0022974866299996233,-0.0816974935162477,0.1090544925147491,uncertain
capacity,0.95,main,,single,steal,class0_p99_us,10,-2.5777702103000024,-4.766618896699998,-0.7048203521299882,lower
capacity,0.95,main,,single,steal,control_cpu_mean,10,1.0904482029109999,1.0410486938338248,1.1309029356300249,higher
capacity,0.95,main,,single,steal,p999_us,10,-4.850214244399984,-24.403279025030006,10.863267890007506,uncertain
capacity,0.95,main,,single,steal,p99_us,10,-1.034350039600008,-3.694360551722488,2.0878818933349943,uncertain
capacity,0.95,main,,single,steal,slo_miss_rate,10,-0.049948787400001526,-0.11686371672800255,0.020823899600747774,uncertain
capacity,0.95,main,,single,threshold,class0_p99_us,10,-1.8577367581000033,-4.7482532036825145,1.1317668630699915,uncertain
capacity,0.95,main,,single,threshold,control_cpu_mean,10,-3.729956304952,-3.7434220363320003,-3.716090331918,lower
capacity,0.95,main,,single,threshold,p999_us,10,3.3048974745999886,-5.065454212219975,12.24747318245497,uncertain
capacity,0.95,main,,single,threshold,p99_us,10,-0.2913974063000069,-2.912464189207501,3.0024935558849815,uncertain
capacity,0.95,main,,single,threshold,slo_miss_rate,10,-0.042782552650001415,-0.12724260788700237,0.07199511573574799,uncertain
capacity,0.95,main,,steal,jbsq,class0_p99_us,10,71.6635646138,58.00703308000503,85.94159264343999,higher
capacity,0.95,main,,steal,jbsq,control_cpu_mean,10,2.0377202756209996,2.02031978300465,2.0578739621369504,higher
capacity,0.95,main,,steal,jbsq,p999_us,10,128.89303802309996,14.919521453244998,243.03816651700748,higher
capacity,0.95,main,,steal,jbsq,p99_us,10,46.90497036820001,34.27994155155999,60.37896598679001,higher
capacity,0.95,main,,steal,jbsq,slo_miss_rate,10,1.9319906694200006,0.8269034160967499,3.217540286623499,higher
capacity,0.95,main,,steal,jsw,class0_p99_us,10,-0.3857523466999851,-2.5737918498824888,1.7113182773900173,uncertain
capacity,0.95,main,,steal,jsw,control_cpu_mean,10,1.6393202756169998,1.6219197830006498,1.65947396213295,higher
capacity,0.95,main,,steal,jsw,p999_us,10,3.2664319257999863,-18.33624493534249,26.474885734344987,uncertain
capacity,0.95,main,,steal,jsw,p99_us,10,0.5756993509000097,-2.3963132607724917,3.801022353865026,uncertain
capacity,0.95,main,,steal,jsw,slo_miss_rate,10,0.048495209649999094,-0.01711155113775198,0.10779493659199997,uncertain
capacity,0.95,main,,steal,qbr,class0_p99_us,10,1.6386910591999992,-1.8576287937025135,5.119802205932493,uncertain
capacity,0.95,main,,steal,qbr,control_cpu_mean,10,-1.085096509369,-1.1289542525317504,-1.0340159513592502,lower
capacity,0.95,main,,steal,qbr,p999_us,10,11.676359640900007,-12.31838323356249,39.76100776474993,uncertain
capacity,0.95,main,,steal,qbr,p99_us,10,2.117883304000003,-0.9021685271599931,5.518869901927502,uncertain
capacity,0.95,main,,steal,qbr,slo_miss_rate,10,0.0476513007700019,-0.08467525203749734,0.20952322798700165,uncertain
capacity,0.95,main,,steal,single,class0_p99_us,10,2.5777702103000024,0.7048203521299882,4.766618896699998,higher
capacity,0.95,main,,steal,single,control_cpu_mean,10,-1.0904482029109999,-1.1309029356300249,-1.0410486938338248,lower
capacity,0.95,main,,steal,single,p999_us,10,4.850214244399984,-10.86326789000751,24.40327902503,uncertain
capacity,0.95,main,,steal,single,p99_us,10,1.034350039600008,-2.0878818933349943,3.694360551722487,uncertain
capacity,0.95,main,,steal,single,slo_miss_rate,10,0.049948787400001526,-0.020823899600747955,0.11686371672800246,uncertain
capacity,0.95,main,,steal,threshold,class0_p99_us,10,0.7200334521999991,-2.4415279345025236,3.954969396414994,uncertain
capacity,0.95,main,,steal,threshold,control_cpu_mean,10,-4.8204045078630005,-4.86419548470945,-4.766657752079125,lower
capacity,0.95,main,,steal,threshold,p999_us,10,8.155111718999972,-7.301524117365023,27.926071806992457,uncertain
capacity,0.95,main,,steal,threshold,p99_us,10,0.7429526333000013,-2.966157137947499,4.825237779277517,uncertain
capacity,0.95,main,,steal,threshold,slo_miss_rate,10,0.007166234750000111,-0.09089215389824759,0.1245713349092487,uncertain
capacity,0.95,main,,threshold,jbsq,class0_p99_us,10,70.94353116160002,57.60118543720253,84.65739700688998,higher
capacity,0.95,main,,threshold,jbsq,control_cpu_mean,10,6.858124783484,6.82417413895655,6.884753646174225,higher
capacity,0.95,main,,threshold,jbsq,p999_us,10,120.73792630410003,17.373191492830045,224.78150164733498,higher
capacity,0.95,main,,threshold,jbsq,p99_us,10,46.162017734900004,36.248567442195004,56.46005255902,higher
capacity,0.95,main,,threshold,jbsq,slo_miss_rate,10,1.924824434670001,0.8444227033437529,3.1973564093462485,higher
capacity,0.95,main,,threshold,jsw,class0_p99_us,10,-1.1057857988999842,-3.351628355947466,1.1301802287350182,uncertain
capacity,0.95,main,,threshold,jsw,control_cpu_mean,10,6.4597247834800005,6.4257741389525505,6.486353646170224,higher
capacity,0.95,main,,threshold,jsw,p999_us,10,-4.888679793199986,-21.742763558904972,11.883670210000009,uncertain
capacity,0.95,main,,threshold,jsw,p99_us,10,-0.16725328239999157,-3.4149189614450006,2.5394829167900177,uncertain
capacity,0.95,main,,threshold,jsw,slo_miss_rate,10,0.04132897489999898,-0.05548637920200019,0.11960078296149973,uncertain
capacity,0.95,main,,threshold,qbr,class0_p99_us,10,0.9186576070000001,-1.2412512706999963,3.037992157287502,uncertain
capacity,0.95,main,,threshold,qbr,control_cpu_mean,10,3.7353079984939996,3.7150178151120996,3.7553818423193492,higher
capacity,0.95,main,,threshold,qbr,p999_us,10,3.521247921900033,-20.512455598797434,23.21852128260501,uncertain
capacity,0.95,main,,threshold,qbr,p99_us,10,1.3749306707000017,-2.1690084340975107,4.266427951500003,uncertain
capacity,0.95,main,,threshold,qbr,slo_miss_rate,10,0.04048506602000179,-0.08010363788874869,0.19076305147425168,uncertain
capacity,0.95,main,,threshold,single,class0_p99_us,10,1.8577367581000033,-1.1317668630699922,4.7482532036825145,uncertain
capacity,0.95,main,,threshold,single,control_cpu_mean,10,3.729956304952,3.716090331918,3.7434220363320003,higher
capacity,0.95,main,,threshold,single,p999_us,10,-3.3048974745999886,-12.24747318245499,5.06545421221997,uncertain
capacity,0.95,main,,threshold,single,p99_us,10,0.2913974063000069,-3.0024935558849877,2.912464189207498,uncertain
capacity,0.95,main,,threshold,single,slo_miss_rate,10,0.042782552650001415,-0.07199511573574807,0.12724260788700237,uncertain
capacity,0.95,main,,threshold,steal,class0_p99_us,10,-0.7200334521999991,-3.954969396414999,2.4415279345025227,uncertain
capacity,0.95,main,,threshold,steal,control_cpu_mean,10,4.8204045078630005,4.766657752079125,4.86419548470945,higher
capacity,0.95,main,,threshold,steal,p999_us,10,-8.155111718999972,-27.92607180699246,7.3015241173650205,uncertain
capacity,0.95,main,,threshold,steal,p99_us,10,-0.7429526333000013,-4.825237779277518,2.9661571379474974,uncertain
capacity,0.95,main,,threshold,steal,slo_miss_rate,10,-0.007166234750000111,-0.12457133490924882,0.09089215389824758,uncertain
capacity,0.95,main,,work,jbsq,class0_p99_us,10,2071.2352062527,2014.5033812833997,2129.6936511913254,higher
capacity,0.95,main,,work,jbsq,control_cpu_mean,10,0.398400000004,0.398400000004,0.398400000004,higher
capacity,0.95,main,,work,jbsq,p999_us,10,1898.1648371712,1842.8488612982476,1956.7138557735925,higher
capacity,0.95,main,,work,jbsq,p99_us,10,2047.7788820618002,1995.8517334421424,2100.7324696191254,higher
capacity,0.95,main,,work,jbsq,slo_miss_rate,10,6.26968972072,3.322085110777,9.730337637420748,higher
capacity,0.95,main,,work,jsw,class0_p99_us,10,1999.1858892921998,1942.4368710777974,2058.3326592265075,higher
capacity,0.95,main,,work,jsw,control_cpu_mean,10,0.0,0.0,0.0,uncertain
capacity,0.95,main,,work,jsw,p999_us,10,1772.5382310738999,1667.5634809652577,1874.5867491870001,higher
capacity,0.95,main,,work,jsw,p99_us,10,2001.4496110444998,1951.5853514510648,2054.265791010655,higher
capacity,0.95,main,,work,jsw,slo_miss_rate,10,4.386194260949998,2.5119737057794986,6.591486806042498,higher
capacity,0.95,main,,work,qbr,class0_p99_us,10,2001.2103326981,1945.7896553362152,2059.17773621038,higher
capacity,0.95,main,,work,qbr,control_cpu_mean,10,-2.724416784986,-2.75367928707975,-2.6924448809860007,lower
capacity,0.95,main,,work,qbr,p999_us,10,1780.948158789,1683.2447131324202,1873.113686759635,higher
capacity,0.95,main,,work,qbr,p99_us,10,2002.9917949976,1952.0839190947177,2056.17493908299,higher
capacity,0.95,main,,work,qbr,slo_miss_rate,10,4.385350352070001,2.5042496780115013,6.5986785839917514,higher
capacity,0.95,main,,work,single,class0_p99_us,10,2002.1494118492003,1945.5572427374132,2060.613384461628,higher
capacity,0.95,main,,work,single,control_cpu_mean,10,-2.729768478528,-2.754667184081975,-2.7001906333952252,lower
capacity,0.95,main,,work,single,p999_us,10,1774.1220133924999,1678.864898129797,1866.12969889155,higher
capacity,0.95,main,,work,single,p99_us,10,2001.9082617331999,1949.554227753355,2057.031693999332,higher
capacity,0.95,main,,work,single,slo_miss_rate,10,4.3876478387,2.548623995828999,6.534432667133004,higher
capacity,0.95,main,,work,steal,class0_p99_us,10,1999.5716416388998,1941.9285001266926,2059.182699842765,higher
capacity,0.95,main,,work,steal,control_cpu_mean,10,-1.6393202756169998,-1.65947396213295,-1.6219197830006498,lower
capacity,0.95,main,,work,steal,p999_us,10,1769.2717991481,1671.6760504044748,1868.079481087472,higher
capacity,0.95,main,,work,steal,p99_us,10,2000.8739116936001,1949.6562698724028,2054.9489374205973,higher
capacity,0.95,main,,work,steal,slo_miss_rate,10,4.3376990512999996,2.4789361476769978,6.516725156647496,higher
capacity,0.95,main,,work,threshold,class0_p99_us,10,2000.2916750911002,1944.7676423539176,2058.2342609033203,higher
capacity,0.95,main,,work,threshold,control_cpu_mean,10,-6.4597247834800005,-6.486353646170224,-6.4257741389525505,lower
capacity,0.95,main,,work,threshold,p999_us,10,1777.4269108671,1683.3760774560596,1869.498678099057,higher
capacity,0.95,main,,work,threshold,p99_us,10,2001.6168643268998,1951.5135750169477,2054.6151693590973,higher
capacity,0.95,main,,work,threshold,slo_miss_rate,10,4.344865286049999,2.4821088669047495,6.527208502678247,higher
heavy,0.5,main,,bwc,jbsq,class0_p99_us,10,0.5498801026000002,0.4380859627810002,0.6718568384175,higher
heavy,0.5,main,,bwc,jbsq,control_cpu_mean,10,1.1004350000099998,1.09761987501,1.10276500001,higher
heavy,0.5,main,,bwc,jbsq,p999_us,10,0.0,0.0,0.0,uncertain
heavy,0.5,main,,bwc,jbsq,p99_us,10,0.03286860139999703,0.0,0.0986058041999911,uncertain
heavy,0.5,main,,bwc,jbsq,slo_miss_rate,10,0.04182675545900002,0.03744301479810016,0.04614569476499991,higher
heavy,0.5,main,,bwc,jsw,class0_p99_us,10,0.2429249970800001,0.1304232848695011,0.3666518670874988,higher
heavy,0.5,main,,bwc,jsw,control_cpu_mean,10,0.7020350000059999,0.6992198750059999,0.704365000006,higher
heavy,0.5,main,,bwc,jsw,p999_us,10,0.0,0.0,0.0,uncertain
heavy,0.5,main,,bwc,jsw,p99_us,10,-0.1965391082999986,-0.36026785059998473,-0.03397080060000235,lower
heavy,0.5,main,,bwc,jsw,slo_miss_rate,10,0.01734841249799987,0.01123308281604986,0.02330158232899983,higher
heavy,0.5,main,,bwc,qbr,class0_p99_us,10,0.23027073806000048,0.13387699515275228,0.33163627193574896,higher
heavy,0.5,main,,bwc,qbr,control_cpu_mean,10,-0.89735882786,-0.901269692425175,-0.8942186895983999,lower
heavy,0.5,main,,bwc,qbr,p999_us,10,-0.07648507469999685,-0.22945522409999058,0.0,uncertain
heavy,0.5,main,,bwc,qbr,p99_us,10,-0.0996889522999993,-0.19981644910000113,0.0,uncertain
heavy,0.5,main,,bwc,qbr,slo_miss_rate,10,0.01573439526199996,0.009997449512600027,0.02168563507474989,higher
heavy,0.5,main,,bwc,single,class0_p99_us,10,0.26290970443000033,0.18969458869875147,0.3434383197704998,higher
heavy,0.5,main,,bwc,single,control_cpu_mean,10,-0.8927803274790002,-0.89576633737645,-0.8903089426357502,lower
heavy,0.5,main,,bwc,single,p999_us,10,0.0,0.0,0.0,uncertain
heavy,0.5,main,,bwc,single,p99_us,10,0.0,0.0,0.0,uncertain
heavy,0.5,main,,bwc,single,slo_miss_rate,10,0.019003232416999888,0.011013955174874909,0.02679666184362481,higher
heavy,0.5,main,,bwc,steal,class0_p99_us,10,0.32328314178999945,0.23117063744874958,0.4285856088954996,higher
heavy,0.5,main,,bwc,steal,control_cpu_mean,10,-2.0553301688279997,-2.12544074569875,-1.9903003195190998,lower
heavy,0.5,main,,bwc,steal,p999_us,10,-0.6888204025999926,-2.0664612077999776,0.0,uncertain
heavy,0.5,main,,bwc,steal,p99_us,10,-0.06594528279999849,-0.1642700599999955,0.0,uncertain
heavy,0.5,main,,bwc,steal,slo_miss_rate,10,0.02040824392899994,0.015252979042124918,0.02654812416294989,higher
heavy,0.5,main,,bwc,threshold,class0_p99_us,10,0.28269545540999985,0.1773269527222491,0.4096039785157487,higher
heavy,0.5,main,,bwc,threshold,control_cpu_mean,10,-0.9324207343140001,-0.9371643648848,-0.9280221052451002,lower
heavy,0.5,main,,bwc,threshold,p999_us,10,-0.07648507469999685,-0.22945522409999058,0.0,uncertain
heavy,0.5,main,,bwc,threshold,p99_us,10,-0.03353225609999981,-0.10059676829999945,0.0,uncertain
heavy,0.5,main,,bwc,threshold,slo_miss_rate,10,0.017562666094999985,0.01182086443277509,0.02391019618057497,higher
heavy,0.5,main,,jbsq,jsw,class0_p99_us,10,-0.30695510552000016,-0.45887824497725155,-0.18370323711749836,lower
heavy,0.5,main,,jbsq,jsw,control_cpu_mean,10,-0.398400000004,-0.398400000004,-0.398400000004,lower
heavy,0.5,main,,jbsq,jsw,p999_us,10,0.0,0.0,0.0,uncertain
heavy,0.5,main,,jbsq,jsw,p99_us,10,-0.22940770969999563,-0.39220582450000163,-0.06753658900000233,lower
heavy,0.5,main,,jbsq,jsw,slo_miss_rate,10,-0.024478342961000155,-0.030871939106900042,-0.01795073676500024,lower
heavy,0.5,main,,jbsq,qbr,class0_p99_us,10,-0.3196093645399998,-0.4140860057280004,-0.23570195639250052,lower
heavy,0.5,main,,jbsq,qbr,control_cpu_mean,10,-1.9977938278699998,-1.99940930034975,-1.996450929340575,lower
heavy,0.5,main,,jbsq,qbr,p999_us,10,-0.07648507469999685,-0.22945522409999058,0.0,uncertain
heavy,0.5,main,,jbsq,qbr,p99_us,10,-0.13255755369999633,-0.23295264620249284,-0.03286860139999703,lower
heavy,0.5,main,,jbsq,qbr,slo_miss_rate,10,-0.026092360197000064,-0.0299387256117499,-0.02185363386400012,lower
heavy,0.5,main,,jbsq,single,class0_p99_us,10,-0.2869703981699999,-0.38642301257824957,-0.19258442558249866,lower
heavy,0.5,main,,jbsq,single,control_cpu_mean,10,-1.9932153274889999,-1.9939033747307002,-1.9923916889821498,lower
heavy,0.5,main,,jbsq,single,p999_us,10,0.0,0.0,0.0,uncertain
heavy,0.5,main,,jbsq,single,p99_us,10,-0.03286860139999703,-0.0986058041999911,0.0,uncertain
heavy,0.5,main,,jbsq,single,slo_miss_rate,10,-0.022823523042000138,-0.02910189808275002,-0.017176914118050245,lower
heavy,0.5,main,,jbsq,steal,class0_p99_us,10,-0.22659696081000077,-0.284551948126501,-0.16873725363000103,lower
heavy,0.5,main,,jbsq,steal,control_cpu_mean,10,-3.155765168838,-3.22378147230495,-3.0924184041572005,lower
heavy,0.5,main,,jbsq,steal,p999_us,10,-0.6888204025999926,-2.0664612077999776,0.0,uncertain
heavy,0.5,main,,jbsq,steal,p99_us,10,-0.09881388419999552,-0.1981220773999897,0.0,uncertain
heavy,0.5,main,,jbsq,steal,slo_miss_rate,10,-0.021418511530000087,-0.026327192191899856,-0.01625859280500027,lower
heavy,0.5,main,,jbsq,threshold,class0_p99_us,10,-0.2671846471900004,-0.3355280915792502,-0.2053093720047497,lower
heavy,0.5,main,,jbsq,threshold,control_cpu_mean,10,-2.032855734324,-2.0369675954549,-2.0289930373176,lower
heavy,0.5,main,,jbsq,threshold,p999_us,10,-0.07648507469999685,-0.22945522409999058,0.0,uncertain
heavy,0.5,main,,jbsq,threshold,p99_us,10,-0.06640085749999684,-0.16500666169998796,0.0,uncertain
heavy,0.5,main,,jbsq,threshold,slo_miss_rate,10,-0.02426408936400004,-0.028773006458774994,-0.020025560027675086,lower
heavy,0.5,main,,jsw,jbsq,class0_p99_us,10,0.30695510552000016,0.1837032371174982,0.45887824497725155,higher
heavy,0.5,main,,jsw,jbsq,control_cpu_mean,10,0.398400000004,0.398400000004,0.398400000004,higher
heavy,0.5,main,,jsw,jbsq,p999_us,10,0.0,0.0,0.0,uncertain
heavy,0.5,main,,jsw,jbsq,p99_us,10,0.22940770969999563,0.06753658900000233,0.39220582450000163,higher
heavy,0.5,main,,jsw,jbsq,slo_miss_rate,10,0.024478342961000155,0.01795073676500024,0.030871939106900042,higher
heavy,0.5,main,,jsw,qbr,class0_p99_us,10,-0.012654259019999614,-0.09787585542325153,0.08393277252475233,uncertain
heavy,0.5,main,,jsw,qbr,control_cpu_mean,10,-1.599393827866,-1.6010093003457497,-1.5980509293365748,lower
heavy,0.5,main,,jsw,qbr,p999_us,10,-0.07648507469999685,-0.22945522409999058,0.0,uncertain
heavy,0.5,main,,jsw,qbr,p99_us,10,0.09685015599999929,-0.09921687549999661,0.29628025486500054,uncertain
heavy,0.5,main,,jsw,qbr,slo_miss_rate,10,-0.0016140172359999094,-0.007956766737674882,0.004330616077075069,uncertain
heavy,0.5,main,,jsw,single,class0_p99_us,10,0.019984707350000262,-0.08093788965650073,0.12108492001849983,uncertain
heavy,0.5,main,,jsw,single,control_cpu_mean,10,-1.5948153274849999,-1.5955033747266998,-1.5939916889781498,lower
heavy,0.5,main,,jsw,single,p999_us,10,0.0,0.0,0.0,uncertain
heavy,0.5,main,,jsw,single,p99_us,10,0.1965391082999986,0.03397080060000235,0.36026785059998473,higher
heavy,0.5,main,,jsw,single,slo_miss_rate,10,0.0016548199190000168,-0.007882191301724982,0.010820988528549822,uncertain
heavy,0.5,main,,jsw,steal,class0_p99_us,10,0.08035814470999939,-0.01206992439325175,0.2011104089400007,uncertain
heavy,0.5,main,,jsw,steal,control_cpu_mean,10,-2.7573651688339997,-2.82538147230095,-2.6940184041531996,lower
heavy,0.5,main,,jsw,steal,p999_us,10,-0.6888204025999926,-2.0664612077999776,0.0,uncertain
heavy,0.5,main,,jsw,steal,p99_us,10,0.1305938255000001,0.0,0.2643055044000107,uncertain
heavy,0.5,main,,jsw,steal,slo_miss_rate,10,0.003059831431000068,-0.002449246248599938,0.008991463847350051,uncertain
heavy,0.5,main,,jsw,threshold,class0_p99_us,10,0.03977045832999977,-0.0738885947265,0.19635142668000044,uncertain
heavy,0.5,main,,jsw,threshold,control_cpu_mean,10,-1.6344557343200001,-1.6385675954508998,-1.6305930373136,lower
heavy,0.5,main,,jsw,threshold,p999_us,10,-0.07648507469999685,-0.22945522409999058,0.0,uncertain
heavy,0.5,main,,jsw,threshold,p99_us,10,0.16300685219999878,-0.002853361199998972,0.3583702119024833,uncertain
heavy,0.5,main,,jsw,threshold,slo_miss_rate,10,0.0002142535970001136,-0.006315922880574991,0.006764131429600156,uncertain
heavy,0.5,main,,p2c,jbsq,class0_p99_us,10,0.15643779341000014,0.0645904969355,0.2633899412917506,higher
heavy,0.5,main,,p2c,jbsq,control_cpu_mean,10,0.398400000004,0.398400000004,0.398400000004,higher
heavy,0.5,main,,p2c,jbsq,p999_us,10,0.0,0.0,0.0,uncertain
heavy,0.5,main,,p2c,jbsq,p99_us,10,0.03237949439999852,0.0,0.09713848319999556,uncertain
heavy,0.5,main,,p2c,jbsq,slo_miss_rate,10,0.00976621091800002,0.005304161550100059,0.01484296834085005,higher
heavy,0.5,main,,p2c,jsw,class0_p99_us,10,-0.15051731211000002,-0.2550794419457499,-0.042185175370747605,lower
heavy,0.5,main,,p2c,jsw,control_cpu_mean,10,0.0,0.0,0.0,uncertain
heavy,0.5,main,,p2c,jsw,p999_us,10,0.0,0.0,0.0,uncertain
heavy,0.5,main,,p2c,jsw,p99_us,10,-0.1970282152999971,-0.32811211421000863,-0.06638267449999943,lower
heavy,0.5,main,,p2c,jsw,slo_miss_rate,10,-0.014712132043000134,-0.022162478413250225,-0.0073473372881752074,lower
heavy,0.5,main,,p2c,qbr,class0_p99_us,10,-0.16317157112999964,-0.21070033901224916,-0.11389355578424969,lower
heavy,0.5,main,,p2c,qbr,control_cpu_mean,10,-1.599393827866,-1.6010093003457497,-1.5980509293365748,lower
heavy,0.5,main,,p2c,qbr,p999_us,10,-0.07648507469999685,-0.22945522409999058,0.0,uncertain
heavy,0.5,main,,p2c,qbr,p99_us,10,-0.10017805929999782,-0.2320569823799906,0.03142033149999861,uncertain
heavy,0.5,main,,p2c,qbr,slo_miss_rate,10,-0.016326149279000043,-0.02045439140495005,-0.012443819333349962,lower
heavy,0.5,main,,p2c,single,class0_p99_us,10,-0.13053260475999978,-0.20817793627000042,-0.05294678080600026,lower
heavy,0.5,main,,p2c,single,control_cpu_mean,10,-1.5948153274849999,-1.5955033747266998,-1.5939916889781498,lower
heavy,0.5,main,,p2c,single,p999_us,10,0.0,0.0,0.0,uncertain
heavy,0.5,main,,p2c,single,p99_us,10,-0.0004891069999985121,-0.0986058041999911,0.09713848319999556,uncertain
heavy,0.5,main,,p2c,single,slo_miss_rate,10,-0.013057312124000117,-0.020564942276324986,-0.0055373879205252744,lower
heavy,0.5,main,,p2c,steal,class0_p99_us,10,-0.07015916740000065,-0.1399423515392508,-0.0008912473714995132,lower
heavy,0.5,main,,p2c,steal,control_cpu_mean,10,-2.7573651688339997,-2.82538147230095,-2.6940184041531996,lower
heavy,0.5,main,,p2c,steal,p999_us,10,-0.6888204025999926,-2.0664612077999776,0.0,uncertain
heavy,0.5,main,,p2c,steal,p99_us,10,-0.06643438979999701,-0.16573738099999105,0.0,uncertain
heavy,0.5,main,,p2c,steal,slo_miss_rate,10,-0.011652300612000066,-0.018166415396774906,-0.005511869567675321,lower
heavy,0.5,main,,p2c,threshold,class0_p99_us,10,-0.11074685378000027,-0.18859728348875043,-0.018490151880001093,lower
heavy,0.5,main,,p2c,threshold,control_cpu_mean,10,-1.6344557343200001,-1.6385675954508998,-1.6305930373136,lower
heavy,0.5,main,,p2c,threshold,p999_us,10,-0.07648507469999685,-0.22945522409999058,0.0,uncertain
heavy,0.5,main,,p2c,threshold,p99_us,10,-0.03402136309999833,-0.133954476699995,0.06475898879999704,uncertain
heavy,0.5,main,,p2c,threshold,slo_miss_rate,10,-0.01449787844600002,-0.021080387498075066,-0.008354394283999894,lower
heavy,0.5,main,,qbr,jbsq,class0_p99_us,10,0.3196093645399998,0.2357019563925004,0.4140860057280004,higher
heavy,0.5,main,,qbr,jbsq,control_cpu_mean,10,1.9977938278699998,1.996450929340575,1.99940930034975,higher
heavy,0.5,main,,qbr,jbsq,p999_us,10,0.07648507469999685,0.0,0.22945522409999058,uncertain
heavy,0.5,main,,qbr,jbsq,p99_us,10,0.13255755369999633,0.03286860139999703,0.23295264620249279,higher
heavy,0.5,main,,qbr,jbsq,slo_miss_rate,10,0.026092360197000064,0.02185363386400012,0.0299387256117499,higher
heavy,0.5,main,,qbr,jsw,class0_p99_us,10,0.012654259019999614,-0.08393277252475233,0.0978758554232515,uncertain
heavy,0.5,main,,qbr,jsw,control_cpu_mean,10,1.599393827866,1.5980509293365748,1.6010093003457497,higher
heavy,0.5,main,,qbr,jsw,p999_us,10,0.07648507469999685,0.0,0.22945522409999058,uncertain
heavy,0.5,main,,qbr,jsw,p99_us,10,-0.09685015599999929,-0.2962802548650009,0.09921687549999661,uncertain
heavy,0.5,main,,qbr,jsw,slo_miss_rate,10,0.0016140172359999094,-0.004330616077075069,0.00795676673767488,uncertain
heavy,0.5,main,,qbr,single,class0_p99_us,10,0.032638966369999876,-0.03247792985875001,0.10585489464999967,uncertain
heavy,0.5,main,,qbr,single,control_cpu_mean,10,0.004578500380999946,0.0033496901874999624,0.005989271953024911,higher
heavy,0.5,main,,qbr,single,p999_us,10,0.07648507469999685,0.0,0.22945522409999058,uncertain
heavy,0.5,main,,qbr,single,p99_us,10,0.0996889522999993,0.0,0.19981644910000113,uncertain
heavy,0.5,main,,qbr,single,slo_miss_rate,10,0.0032688371549999262,-0.002430875101149945,0.009161494493524838,uncertain
heavy,0.5,main,,qbr,steal,class0_p99_us,10,0.093012403729999,0.04446328064374919,0.14126896915449869,higher
heavy,0.5,main,,qbr,steal,control_cpu_mean,10,-1.157971340968,-1.2248938373960252,-1.0951463445918501,lower
heavy,0.5,main,,qbr,steal,p999_us,10,-0.6123353278999957,-2.0664612077999776,0.22945522409999058,uncertain
heavy,0.5,main,,qbr,steal,p99_us,10,0.03374366950000081,-0.10110938018000268,0.16810594864250153,uncertain
heavy,0.5,main,,qbr,steal,slo_miss_rate,10,0.004673848666999977,-0.0006425057223497024,0.009815376306399741,uncertain
heavy,0.5,main,,qbr,threshold,class0_p99_us,10,0.052424717349999386,-0.007861870240000712,0.1324005561717481,uncertain
heavy,0.5,main,,qbr,threshold,control_cpu_mean,10,-0.03506190645400007,-0.03898697911095004,-0.031749958928500105,lower
heavy,0.5,main,,qbr,threshold,p999_us,10,0.0,0.0,0.0,uncertain
heavy,0.5,main,,qbr,threshold,p99_us,10,0.06615669619999949,0.0,0.1644992879999961,uncertain
heavy,0.5,main,,qbr,threshold,slo_miss_rate,10,0.001828270833000023,-0.002045899880700133,0.005908302140300083,uncertain
heavy,0.5,main,,single,jbsq,class0_p99_us,10,0.2869703981699999,0.19258442558249866,0.3864230125782494,higher
heavy,0.5,main,,single,jbsq,control_cpu_mean,10,1.9932153274889999,1.9923916889821498,1.9939033747307002,higher
heavy,0.5,main,,single,jbsq,p999_us,10,0.0,0.0,0.0,uncertain
heavy,0.5,main,,single,jbsq,p99_us,10,0.03286860139999703,0.0,0.0986058041999911,uncertain
heavy,0.5,main,,single,jbsq,slo_miss_rate,10,0.022823523042000138,0.017176914118050245,0.02910189808275002,higher
heavy,0.5,main,,single,jsw,class0_p99_us,10,-0.019984707350000262,-0.12108492001849985,0.08093788965650071,uncertain
heavy,0.5,main,,single,jsw,control_cpu_mean,10,1.5948153274849999,1.5939916889781498,1.5955033747266998,higher
heavy,0.5,main,,single,jsw,p999_us,10,0.0,0.0,0.0,uncertain
heavy,0.5,main,,single,jsw,p99_us,10,-0.1965391082999986,-0.36026785059998473,-0.03397080060000235,lower
heavy,0.5,main,,single,jsw,slo_miss_rate,10,-0.0016548199190000168,-0.010820988528549824,0.007882191301724979,uncertain
heavy,0.5,main,,single,qbr,class0_p99_us,10,-0.032638966369999876,-0.10585489464999967,0.03247792985875,uncertain
heavy,0.5,main,,single,qbr,control_cpu_mean,10,-0.004578500380999946,-0.005989271953024911,-0.003349690187499963,lower
heavy,0.5,main,,single,qbr,p999_us,10,-0.07648507469999685,-0.22945522409999058,0.0,uncertain
heavy,0.5,main,,single,qbr,p99_us,10,-0.0996889522999993,-0.19981644910000113,0.0,uncertain
heavy,0.5,main,,single,qbr,slo_miss_rate,10,-0.0032688371549999262,-0.00916149449352484,0.002430875101149945,uncertain
heavy,0.5,main,,single,steal,class0_p99_us,10,0.060373437359999116,-0.01650087903300152,0.13772126173374918,uncertain
heavy,0.5,main,,single,steal,control_cpu_mean,10,-1.1625498413489999,-1.2303629993084748,-1.0991438986934252,lower
heavy,0.5,main,,single,steal,p999_us,10,-0.6888204025999926,-2.0664612077999776,0.0,uncertain
heavy,0.5,main,,single,steal,p99_us,10,-0.06594528279999849,-0.1642700599999955,0.0,uncertain
heavy,0.5,main,,single,steal,slo_miss_rate,10,0.0014050115120000511,-0.005529221451549868,0.008544368677924897,uncertain
heavy,0.5,main,,single,threshold,class0_p99_us,10,0.019785750979999506,-0.058712947522750296,0.11324408773299958,uncertain
heavy,0.5,main,,single,threshold,control_cpu_mean,10,-0.03964040683500002,-0.043565703856499986,-0.035899969280750024,lower
heavy,0.5,main,,single,threshold,p999_us,10,-0.07648507469999685,-0.22945522409999058,0.0,uncertain
heavy,0.5,main,,single,threshold,p99_us,10,-0.03353225609999981,-0.10059676829999945,0.0,uncertain
heavy,0.5,main,,single,threshold,slo_miss_rate,10,-0.0014405663219999032,-0.006336581153999913,0.003645688232999824,uncertain
heavy,0.5,main,,steal,jbsq,class0_p99_us,10,0.22659696081000077,0.168737253630001,0.2845519481265009,higher
heavy,0.5,main,,steal,jbsq,control_cpu_mean,10,3.155765168838,3.0924184041572005,3.22378147230495,higher
heavy,0.5,main,,steal,jbsq,p999_us,10,0.6888204025999926,0.0,2.0664612077999776,uncertain
heavy,0.5,main,,steal,jbsq,p99_us,10,0.09881388419999552,0.0,0.1981220773999896,uncertain
heavy,0.5,main,,steal,jbsq,slo_miss_rate,10,0.021418511530000087,0.01625859280500023,0.026327192191899853,higher
heavy,0.5,main,,steal,jsw,class0_p99_us,10,-0.08035814470999939,-0.2011104089400007,0.012069924393251746,uncertain
heavy,0.5,main,,steal,jsw,control_cpu_mean,10,2.7573651688339997,2.6940184041531996,2.82538147230095,higher
heavy,0.5,main,,steal,jsw,p999_us,10,0.6888204025999926,0.0,2.0664612077999776,uncertain
heavy,0.5,main,,steal,jsw,p99_us,10,-0.1305938255000001,-0.2643055044000107,0.0,uncertain
heavy,0.5,main,,steal,jsw,slo_miss_rate,10,-0.003059831431000068,-0.008991463847350051,0.002449246248599938,uncertain
heavy,0.5,main,,steal,qbr,class0_p99_us,10,-0.093012403729999,-0.1412689691544987,-0.0444632806437492,lower
heavy,0.5,main,,steal,qbr,control_cpu_mean,10,1.157971340968,1.0951463445918501,1.2248938373960252,higher
heavy,0.5,main,,steal,qbr,p999_us,10,0.6123353278999957,-0.22945522409999058,2.0664612077999776,uncertain
heavy,0.5,main,,steal,qbr,p99_us,10,-0.03374366950000081,-0.1681059486425016,0.10110938018000233,uncertain
heavy,0.5,main,,steal,qbr,slo_miss_rate,10,-0.004673848666999977,-0.009815376306399781,0.0006425057223497018,uncertain
heavy,0.5,main,,steal,single,class0_p99_us,10,-0.060373437359999116,-0.1377212617337492,0.016500879033001504,uncertain
heavy,0.5,main,,steal,single,control_cpu_mean,10,1.1625498413489999,1.0991438986934252,1.2303629993084748,higher
heavy,0.5,main,,steal,single,p999_us,10,0.6888204025999926,0.0,2.0664612077999776,uncertain
heavy,0.5,main,,steal,single,p99_us,10,0.06594528279999849,0.0,0.1642700599999955,uncertain
heavy,0.5,main,,steal,single,slo_miss_rate,10,-0.0014050115120000511,-0.008544368677924899,0.005529221451549867,uncertain
heavy,0.5,main,,steal,threshold,class0_p99_us,10,-0.04058768637999961,-0.10045726211325032,0.016025025562500267,uncertain
heavy,0.5,main,,steal,threshold,control_cpu_mean,10,1.1229094345140003,1.05929451279305,1.19009937453405,higher
heavy,0.5,main,,steal,threshold,p999_us,10,0.6123353278999957,-0.22945522409999058,2.0664612077999776,uncertain
heavy,0.5,main,,steal,threshold,p99_us,10,0.03241302669999868,-0.06821727390000092,0.1342631535999999,uncertain
heavy,0.5,main,,steal,threshold,slo_miss_rate,10,-0.0028455778339999543,-0.009182681267475063,0.0026731747070000283,uncertain
heavy,0.5,main,,threshold,jbsq,class0_p99_us,10,0.2671846471900004,0.20530937200474966,0.3355280915792501,higher
heavy,0.5,main,,threshold,jbsq,control_cpu_mean,10,2.032855734324,2.0289930373176,2.0369675954549,higher
heavy,0.5,main,,threshold,jbsq,p999_us,10,0.07648507469999685,0.0,0.22945522409999058,uncertain
heavy,0.5,main,,threshold,jbsq,p99_us,10,0.06640085749999684,0.0,0.16500666169998796,uncertain
heavy,0.5,main,,threshold,jbsq,slo_miss_rate,10,0.02426408936400004,0.020025560027675086,0.02877300645877499,higher
heavy,0.5,main,,threshold,jsw,class0_p99_us,10,-0.03977045832999977,-0.19635142668000044,0.07388859472649995,uncertain
heavy,0.5,main,,threshold,jsw,control_cpu_mean,10,1.6344557343200001,1.6305930373136,1.6385675954508998,higher
heavy,0.5,main,,threshold,jsw,p999_us,10,0.07648507469999685,0.0,0.22945522409999058,uncertain
heavy,0.5,main,,threshold,jsw,p99_us,10,-0.16300685219999878,-0.35837021190248336,0.002853361199998972,uncertain
heavy,0.5,main,,threshold,jsw,slo_miss_rate,10,-0.0002142535970001136,-0.006764131429600157,0.00631592288057499,uncertain
heavy,0.5,main,,threshold,qbr,class0_p99_us,10,-0.052424717349999386,-0.13240055617174812,0.007861870240000712,uncertain
heavy,0.5,main,,threshold,qbr,control_cpu_mean,10,0.03506190645400007,0.031749958928500105,0.03898697911095004,higher
heavy,0.5,main,,threshold,qbr,p999_us,10,0.0,0.0,0.0,uncertain
heavy,0.5,main,,threshold,qbr,p99_us,10,-0.06615669619999949,-0.1644992879999961,0.0,uncertain
heavy,0.5,main,,threshold,qbr,slo_miss_rate,10,-0.001828270833000023,-0.005908302140300083,0.0020458998807001325,uncertain
heavy,0.5,main,,threshold,single,class0_p99_us,10,-0.019785750979999506,-0.1132440877329996,0.05871294752274973,uncertain
heavy,0.5,main,,threshold,single,control_cpu_mean,10,0.03964040683500002,0.035899969280750024,0.04356570385649998,higher
heavy,0.5,main,,threshold,single,p999_us,10,0.07648507469999685,0.0,0.22945522409999058,uncertain
heavy,0.5,main,,threshold,single,p99_us,10,0.03353225609999981,0.0,0.10059676829999945,uncertain
heavy,0.5,main,,threshold,single,slo_miss_rate,10,0.0014405663219999032,-0.0036456882329998254,0.006336581153999912,uncertain
heavy,0.5,main,,threshold,steal,class0_p99_us,10,0.04058768637999961,-0.016025025562500267,0.1004572621132503,uncertain
heavy,0.5,main,,threshold,steal,control_cpu_mean,10,-1.1229094345140003,-1.19009937453405,-1.05929451279305,lower
heavy,0.5,main,,threshold,steal,p999_us,10,-0.6123353278999957,-2.0664612077999776,0.22945522409999058,uncertain
heavy,0.5,main,,threshold,steal,p99_us,10,-0.03241302669999868,-0.1342631535999999,0.06821727390000092,uncertain
heavy,0.5,main,,threshold,steal,slo_miss_rate,10,0.0028455778339999543,-0.0026731747070000283,0.009182681267475063,uncertain
heavy,0.5,main,,work,jbsq,class0_p99_us,10,0.7343751155099995,0.645475918040748,0.8204040308707493,higher
heavy,0.5,main,,work,jbsq,control_cpu_mean,10,0.398400000004,0.398400000004,0.398400000004,higher
heavy,0.5,main,,work,jbsq,p999_us,10,0.2453473014999986,0.0,0.7360419044999957,uncertain
heavy,0.5,main,,work,jbsq,p99_us,10,0.0,0.0,0.0,uncertain
heavy,0.5,main,,work,jbsq,slo_miss_rate,10,0.05526828620600014,0.0509214880969502,0.059799366787325094,higher
heavy,0.5,main,,work,jsw,class0_p99_us,10,0.4274200099899993,0.2982300873304978,0.5495236457942514,higher
heavy,0.5,main,,work,jsw,control_cpu_mean,10,0.0,0.0,0.0,uncertain
heavy,0.5,main,,work,jsw,p999_us,10,0.2453473014999986,0.0,0.7360419044999957,uncertain
heavy,0.5,main,,work,jsw,p99_us,10,-0.22940770969999563,-0.39220582450000163,-0.06753658900000233,lower
heavy,0.5,main,,work,jsw,slo_miss_rate,10,0.030789943244999972,0.02280886796237508,0.0385328851783999,higher
heavy,0.5,main,,work,qbr,class0_p99_us,10,0.4147657509699997,0.32613808371324987,0.5003155371499985,higher
heavy,0.5,main,,work,qbr,control_cpu_mean,10,-1.599393827866,-1.6010093003457497,-1.5980509293365748,lower
heavy,0.5,main,,work,qbr,p999_us,10,0.16886222680000174,-0.22945522409999058,0.7360419044999957,uncertain
heavy,0.5,main,,work,qbr,p99_us,10,-0.13255755369999633,-0.23295264620249284,-0.03286860139999703,lower
heavy,0.5,main,,work,qbr,slo_miss_rate,10,0.02917592600900007,0.02283792384200012,0.03543790177424996,higher
heavy,0.5,main,,work,single,class0_p99_us,10,0.44740471733999954,0.3898149228837505,0.5048027413529983,higher
heavy,0.5,main,,work,single,control_cpu_mean,10,-1.5948153274849999,-1.5955033747266998,-1.5939916889781498,lower
heavy,0.5,main,,work,single,p999_us,10,0.2453473014999986,0.0,0.7360419044999957,uncertain
heavy,0.5,main,,work,single,p99_us,10,-0.03286860139999703,-0.0986058041999911,0.0,uncertain
heavy,0.5,main,,work,single,slo_miss_rate,10,0.032444763163999996,0.026327138191475183,0.037635319199999726,higher
heavy,0.5,main,,work,steal,class0_p99_us,10,0.5077781546999987,0.42252786088325006,0.5944354641177494,higher
heavy,0.5,main,,work,steal,control_cpu_mean,10,-2.7573651688339997,-2.82538147230095,-2.6940184041531996,lower
heavy,0.5,main,,work,steal,p999_us,10,-0.443473101099994,-2.0664612077999776,0.7360419044999957,uncertain
heavy,0.5,main,,work,steal,p99_us,10,-0.09881388419999552,-0.1981220773999897,0.0,uncertain
heavy,0.5,main,,work,steal,slo_miss_rate,10,0.03384977467600005,0.02716176184397514,0.04178175029707492,higher
heavy,0.5,main,,work,threshold,class0_p99_us,10,0.46719046831999905,0.3699356349334999,0.5589350023529982,higher
heavy,0.5,main,,work,threshold,control_cpu_mean,10,-1.6344557343200001,-1.6385675954508998,-1.6305930373136,lower
heavy,0.5,main,,work,threshold,p999_us,10,0.16886222680000174,-0.22945522409999058,0.7360419044999957,uncertain
heavy,0.5,main,,work,threshold,p99_us,10,-0.06640085749999684,-0.16500666169998796,0.0,uncertain
heavy,0.5,main,,work,threshold,slo_miss_rate,10,0.031004196842000092,0.025096687523325077,0.03730245110395014,higher
heavy,0.7,main,,bwc,jbsq,class0_p99_us,10,0.8727015270999992,0.770707376284749,0.9650273839477488,higher
heavy,0.7,main,,bwc,jbsq,control_cpu_mean,10,1.3046614390490001,1.3005932386591,1.309663940103325,higher
heavy,0.7,main,,bwc,jbsq,p999_us,10,-0.2503011443000105,-0.7509034329000315,0.0,uncertain
heavy,0.7,main,,bwc,jbsq,p99_us,10,0.16393030470000552,0.03208953070000007,0.2980107348000104,higher
heavy,0.7,main,,bwc,jbsq,slo_miss_rate,10,0.06524610408300019,0.0588355896933252,0.07211795475667537,higher
heavy,0.7,main,,bwc,jsw,class0_p99_us,10,-3.1307365772100013,-3.6952702924575,-2.6732813210125013,lower
heavy,0.7,main,,bwc,jsw,control_cpu_mean,10,0.9062614390449999,0.9021932386551,0.9112639400993251,higher
heavy,0.7,main,,bwc,jsw,p999_us,10,-0.49657309280000844,-1.0900998156000015,0.0,uncertain
heavy,0.7,main,,bwc,jsw,p99_us,10,-1.3464305648999981,-1.6244442834000117,-1.0841035280324915,lower
heavy,0.7,main,,bwc,jsw,slo_miss_rate,10,-0.3033779567339999,-0.3536335990975999,-0.25946309486752483,lower
heavy,0.7,main,,bwc,qbr,class0_p99_us,10,-2.158282334169999,-2.4849925573139986,-1.8009176260730004,lower
heavy,0.7,main,,bwc,qbr,control_cpu_mean,10,-0.8853959542730001,-0.8972374350532502,-0.8732457565644253,lower
heavy,0.7,main,,bwc,qbr,p999_us,10,-0.9642937299000096,-2.3306105591000232,0.0,uncertain
heavy,0.7,main,,bwc,qbr,p99_us,10,-1.0451484793999897,-1.402733277007482,-0.645035424452485,lower
heavy,0.7,main,,bwc,qbr,slo_miss_rate,10,-0.21701508360199973,-0.25109382926099977,-0.18416476240122467,lower
heavy,0.7,main,,bwc,single,class0_p99_us,10,-2.54948124448,-2.9524631245212505,-2.139987705421751,lower
heavy,0.7,main,,bwc,single,control_cpu_mean,10,-0.8204618988090001,-0.827455916954125,-0.8141033157000249,lower
heavy,0.7,main,,bwc,single,p999_us,10,-0.7299809858000004,-1.4352848065000103,-0.14956845300000624,lower
heavy,0.7,main,,bwc,single,p99_us,10,-1.017729665099995,-1.404209620034998,-0.631905538784983,lower
heavy,0.7,main,,bwc,single,slo_miss_rate,10,-0.246138001532,-0.2834750532807001,-0.20641411802764995,lower
heavy,0.7,main,,bwc,steal,class0_p99_us,10,-1.8338208256499997,-2.1743032582877486,-1.5011364496069997,lower
heavy,0.7,main,,bwc,steal,control_cpu_mean,10,-5.304530551878,-5.399187384150375,-5.207323423759225,lower
heavy,0.7,main,,bwc,steal,p999_us,10,-0.49354897539999454,-1.070448287399995,0.0,uncertain
heavy,0.7,main,,bwc,steal,p99_us,10,-1.1504069771999865,-1.5190721150349893,-0.7926910420649902,lower
heavy,0.7,main,,bwc,steal,slo_miss_rate,10,-0.17970719822199985,-0.2069872813893249,-0.1528144100120248,lower
heavy,0.7,main,,bwc,threshold,class0_p99_us,10,-1.8359083453799996,-2.2157750456315006,-1.4733137224039996,lower
heavy,0.7,main,,bwc,threshold,control_cpu_mean,10,-1.334069559183,-1.3659423734595249,-1.3016928899354,lower
heavy,0.7,main,,bwc,threshold,p999_us,10,-2.1175754332999985,-4.497391251299962,-0.40748853579999605,lower
heavy,0.7,main,,bwc,threshold,p99_us,10,-0.9167526692999957,-1.1363683165299898,-0.6924685487599851,lower
heavy,0.7,main,,bwc,threshold,slo_miss_rate,10,-0.19019512072899988,-0.22354601932742502,-0.15879499169694983,lower
heavy,0.7,main,,jbsq,jsw,class0_p99_us,10,-4.003438104310001,-4.556476364493502,-3.5492335463095,lower
heavy,0.7,main,,jbsq,jsw,control_cpu_mean,10,-0.398400000004,-0.398400000004,-0.398400000004,lower
heavy,0.7,main,,jbsq,jsw,p999_us,10,-0.24627194849999795,-0.9405313625999951,0.35128397010000756,uncertain
heavy,0.7,main,,jbsq,jsw,p99_us,10,-1.5103608696000037,-1.7802471003000202,-1.213950173162495,lower
heavy,0.7,main,,jbsq,jsw,slo_miss_rate,10,-0.36862406081700005,-0.4180195618815501,-0.3257376241377752,lower
heavy,0.7,main,,jbsq,qbr,class0_p99_us,10,-3.0309838612699984,-3.4137572247699985,-2.6410563475937487,lower
heavy,0.7,main,,jbsq,qbr,control_cpu_mean,10,-2.1900573933220002,-2.20462722683245,-2.175379274154,lower
heavy,0.7,main,,jbsq,qbr,p999_us,10,-0.7139925855999991,-2.170363027800022,0.500602288600021,uncertain
heavy,0.7,main,,jbsq,qbr,p99_us,10,-1.209078784099995,-1.5163407185675,-0.8518632144525033,lower
heavy,0.7,main,,jbsq,qbr,slo_miss_rate,10,-0.28226118768499997,-0.3176151394627001,-0.2483061734577248,lower
heavy,0.7,main,,jbsq,single,class0_p99_us,10,-3.422182771579999,-3.85167192990425,-3.0053605791567506,lower
heavy,0.7,main,,jbsq,single,control_cpu_mean,10,-2.125123337858,-2.13344256119215,-2.1166731013987503,lower
heavy,0.7,main,,jbsq,single,p999_us,10,-0.4796798414999898,-1.3116860467000038,0.4147148438000272,uncertain
heavy,0.7,main,,jbsq,single,p99_us,10,-1.1816599698000005,-1.5214125961599985,-0.8401468745075007,lower
heavy,0.7,main,,jbsq,single,slo_miss_rate,10,-0.3113841056150002,-0.34639084309867524,-0.2753457335019751,lower
heavy,0.7,main,,jbsq,steal,class0_p99_us,10,-2.7065223527499986,-3.0565126379077485,-2.36978203045575,lower
heavy,0.7,main,,jbsq,steal,control_cpu_mean,10,-6.609191990927,-6.705621333678125,-6.509859165778624,lower
heavy,0.7,main,,jbsq,steal,p999_us,10,-0.24324783109998407,-0.9257809700999701,0.3339016154000092,uncertain
heavy,0.7,main,,jbsq,steal,p99_us,10,-1.314337281899992,-1.7076442936224945,-0.9214259237974863,lower
heavy,0.7,main,,jbsq,steal,slo_miss_rate,10,-0.24495330230500006,-0.26878177405672504,-0.22156492129622501,lower
heavy,0.7,main,,jbsq,threshold,class0_p99_us,10,-2.708609872479999,-3.0727678626689983,-2.341656447115747,lower
heavy,0.7,main,,jbsq,threshold,control_cpu_mean,10,-2.638730998232,-2.6743500196148253,-2.6036061921011244,lower
heavy,0.7,main,,jbsq,threshold,p999_us,10,-1.867274288999988,-4.197800624397491,-0.37938087740001264,lower
heavy,0.7,main,,jbsq,threshold,p99_us,10,-1.0806829740000012,-1.3017658863074972,-0.8220427592999897,lower
heavy,0.7,main,,jbsq,threshold,slo_miss_rate,10,-0.25544122481200005,-0.2861126715813503,-0.22614631450660003,lower
heavy,0.7,main,,jsw,jbsq,class0_p99_us,10,4.003438104310001,3.5492335463095,4.556476364493501,higher
heavy,0.7,main,,jsw,jbsq,control_cpu_mean,10,0.398400000004,0.398400000004,0.398400000004,higher
heavy,0.7,main,,jsw,jbsq,p999_us,10,0.24627194849999795,-0.35128397010000756,0.9405313625999951,uncertain
heavy,0.7,main,,jsw,jbsq,p99_us,10,1.5103608696000037,1.213950173162495,1.7802471003000198,higher
heavy,0.7,main,,jsw,jbsq,slo_miss_rate,10,0.36862406081700005,0.32573762413777513,0.4180195618815501,higher
heavy,0.7,main,,jsw,qbr,class0_p99_us,10,0.972454243040002,0.422425443788501,1.5587768845442533,higher
heavy,0.7,main,,jsw,qbr,control_cpu_mean,10,-1.791657393318,-1.8062272268284498,-1.77697927415,lower
heavy,0.7,main,,jsw,qbr,p999_us,10,-0.4677206371000011,-2.0605031140000163,0.8619281152000212,uncertain
heavy,0.7,main,,jsw,qbr,p99_us,10,0.3012820855000086,-0.06398160707499116,0.7741633273000105,uncertain
heavy,0.7,main,,jsw,qbr,slo_miss_rate,10,0.08636287313200015,0.04686923546245,0.12916183586672503,higher
heavy,0.7,main,,jsw,single,class0_p99_us,10,0.5812553327300016,0.0027034582672502256,1.1336139556447529,higher
heavy,0.7,main,,jsw,single,control_cpu_mean,10,-1.726723337854,-1.7350425611881497,-1.7182731013947499,lower
heavy,0.7,main,,jsw,single,p999_us,10,-0.23340789299999187,-1.1399775367999951,0.6806826408300215,uncertain
heavy,0.7,main,,jsw,single,p99_us,10,0.3287008998000033,-0.19085878568250791,0.8745749022725178,uncertain
heavy,0.7,main,,jsw,single,slo_miss_rate,10,0.05723995520199989,0.015757499414524992,0.09773269242559987,higher
heavy,0.7,main,,jsw,steal,class0_p99_us,10,1.2969157515600016,0.8218944729247515,1.7562848182005015,higher
heavy,0.7,main,,jsw,steal,control_cpu_mean,10,-6.210791990923001,-6.307221333674125,-6.111459165774625,lower
heavy,0.7,main,,jsw,steal,p999_us,10,0.0030241174000138924,-0.8426896016999649,0.8264455124000051,uncertain
heavy,0.7,main,,jsw,steal,p99_us,10,0.1960235877000116,-0.25953211279999094,0.7151876303725184,uncertain
heavy,0.7,main,,jsw,steal,slo_miss_rate,10,0.12367075851200002,0.08727975156360031,0.1613662303133,higher
heavy,0.7,main,,jsw,threshold,class0_p99_us,10,1.2948282318300017,0.937535691796753,1.645213321040751,higher
heavy,0.7,main,,jsw,threshold,control_cpu_mean,10,-2.2403309982279995,-2.275950019610825,-2.205206192097125,lower
heavy,0.7,main,,jsw,threshold,p999_us,10,-1.6210023404999903,-4.141634609499988,0.26365430319999633,uncertain
heavy,0.7,main,,jsw,threshold,p99_us,10,0.4296778956000026,0.13507043674750135,0.6629237949650039,higher
heavy,0.7,main,,jsw,threshold,slo_miss_rate,10,0.11318283600500001,0.08224633877009996,0.14350170814587473,higher
heavy,0.7,main,,p2c,jbsq,class0_p99_us,10,6.42225563746,5.82349171994075,7.000775678580752,higher
heavy,0.7,main,,p2c,jbsq,control_cpu_mean,10,0.398400000004,0.398400000004,0.398400000004,higher
heavy,0.7,main,,p2c,jbsq,p999_us,10,-0.2503011443000105,-0.7509034329000315,0.0,uncertain
heavy,0.7,main,,p2c,jbsq,p99_us,10,0.790049154999997,0.5171158063125024,1.0613445171600167,higher
heavy,0.7,main,,p2c,jbsq,slo_miss_rate,10,0.5373530846120002,0.47783374460265,0.5921267219145253,higher
heavy,0.7,main,,p2c,jsw,class0_p99_us,10,2.41881753315,1.8289107481229994,3.115481103514,higher
heavy,0.7,main,,p2c,jsw,control_cpu_mean,10,0.0,0.0,0.0,uncertain
heavy,0.7,main,,p2c,jsw,p999_us,10,-0.49657309280000844,-1.0900998156000015,0.0,uncertain
heavy,0.7,main,,p2c,jsw,p99_us,10,-0.7203117146000068,-1.1052722388925262,-0.39063539871501185,lower
heavy,0.7,main,,p2c,jsw,slo_miss_rate,10,0.16872902379500007,0.13119277666290005,0.21118126686285,higher
heavy,0.7,main,,p2c,qbr,class0_p99_us,10,3.3912717761900018,2.932759511137502,3.8572610881370006,higher
heavy,0.7,main,,p2c,qbr,control_cpu_mean,10,-1.791657393318,-1.8062272268284498,-1.77697927415,lower
heavy,0.7,main,,p2c,qbr,p999_us,10,-0.9642937299000096,-2.3306105591000232,0.0,uncertain
heavy,0.7,main,,p2c,qbr,p99_us,10,-0.41902962909999814,-0.8483709441875023,0.07885798111000795,uncertain
heavy,0.7,main,,p2c,qbr,slo_miss_rate,10,0.25509189692700024,0.2127464511287001,0.29710465203090025,higher
heavy,0.7,main,,p2c,single,class0_p99_us,10,3.0000728658800013,2.495357774741501,3.4274353029709994,higher
heavy,0.7,main,,p2c,single,control_cpu_mean,10,-1.726723337854,-1.7350425611881497,-1.7182731013947499,lower
heavy,0.7,main,,p2c,single,p999_us,10,-0.7299809858000004,-1.4352848065000103,-0.14956845300000624,lower
heavy,0.7,main,,p2c,single,p99_us,10,-0.3916108148000035,-0.7353957160549918,-0.05981035622749491,lower
heavy,0.7,main,,p2c,single,slo_miss_rate,10,0.22596897899700003,0.1806049341785499,0.264796093191525,higher
heavy,0.7,main,,p2c,steal,class0_p99_us,10,3.7157332847100015,3.204395513887251,4.172632060952501,higher
heavy,0.7,main,,p2c,steal,control_cpu_mean,10,-6.210791990923001,-6.307221333674125,-6.111459165774625,lower
heavy,0.7,main,,p2c,steal,p999_us,10,-0.49354897539999454,-1.070448287399995,0.0,uncertain
heavy,0.7,main,,p2c,steal,p99_us,10,-0.5242881268999952,-0.8468272555974978,-0.26298599709999165,lower
heavy,0.7,main,,p2c,steal,slo_miss_rate,10,0.29239978230700014,0.2462323706545001,0.3315890899112752,higher
heavy,0.7,main,,p2c,threshold,class0_p99_us,10,3.7136457649800017,3.209227133814001,4.220926986499502,higher
heavy,0.7,main,,p2c,threshold,control_cpu_mean,10,-2.2403309982279995,-2.275950019610825,-2.205206192097125,lower
heavy,0.7,main,,p2c,threshold,p999_us,10,-2.1175754332999985,-4.497391251299962,-0.40748853579999605,lower
heavy,0.7,main,,p2c,threshold,p99_us,10,-0.29063381900000423,-0.5817164292425178,0.001273776882511894,uncertain
heavy,0.7,main,,p2c,threshold,slo_miss_rate,10,0.2819118598000001,0.24208488432742511,0.3178923836023752,higher
heavy,0.7,main,,qbr,jbsq,class0_p99_us,10,3.0309838612699984,2.6410563475937487,3.4137572247699985,higher
heavy,0.7,main,,qbr,jbsq,control_cpu_mean,10,2.1900573933220002,2.175379274154,2.20462722683245,higher
heavy,0.7,main,,qbr,jbsq,p999_us,10,0.7139925855999991,-0.500602288600021,2.170363027800022,uncertain
heavy,0.7,main,,qbr,jbsq,p99_us,10,1.209078784099995,0.8518632144525032,1.5163407185674997,higher
heavy,0.7,main,,qbr,jbsq,slo_miss_rate,10,0.28226118768499997,0.2483061734577248,0.31761513946270004,higher
heavy,0.7,main,,qbr,jsw,class0_p99_us,10,-0.972454243040002,-1.5587768845442533,-0.4224254437885021,lower
heavy,0.7,main,,qbr,jsw,control_cpu_mean,10,1.791657393318,1.77697927415,1.8062272268284498,higher
heavy,0.7,main,,qbr,jsw,p999_us,10,0.4677206371000011,-0.8619281152000212,2.0605031140000163,uncertain
heavy,0.7,main,,qbr,jsw,p99_us,10,-0.3012820855000086,-0.7741633273000105,0.06398160707499116,uncertain
heavy,0.7,main,,qbr,jsw,slo_miss_rate,10,-0.08636287313200015,-0.12916183586672517,-0.04686923546245002,lower
heavy,0.7,main,,qbr,single,class0_p99_us,10,-0.39119891031000054,-0.6404456933867501,-0.12918019711450146,lower
heavy,0.7,main,,qbr,single,control_cpu_mean,10,0.06493405546400002,0.05576697095744999,0.07311614093480004,higher
heavy,0.7,main,,qbr,single,p999_us,10,0.23431274410000924,-0.7311591862,1.6124868520000177,uncertain
heavy,0.7,main,,qbr,single,p99_us,10,0.027418814299994664,-0.4276217449225223,0.5177667496925029,uncertain
heavy,0.7,main,,qbr,single,slo_miss_rate,10,-0.02912291793000025,-0.055964169797125235,-0.0041998644490254195,lower
heavy,0.7,main,,qbr,steal,class0_p99_us,10,0.3244615085199996,0.048583181786750966,0.6092218317299996,higher
heavy,0.7,main,,qbr,steal,control_cpu_mean,10,-4.419134597605,-4.50722211220075,-4.329693438771324,lower
heavy,0.7,main,,qbr,steal,p999_us,10,0.470744754500015,-0.8817142582999964,1.9991472836500026,uncertain
heavy,0.7,main,,qbr,steal,p99_us,10,-0.10525849779999703,-0.764607129999996,0.5195625194000059,uncertain
heavy,0.7,main,,qbr,steal,slo_miss_rate,10,0.037307885379999906,0.012826361477399977,0.06302807091599984,higher
heavy,0.7,main,,qbr,threshold,class0_p99_us,10,0.32237398878999957,0.010200271874249298,0.5949420911289987,higher
heavy,0.7,main,,qbr,threshold,control_cpu_mean,10,-0.44867360491,-0.4730117839557,-0.42617506762174995,lower
heavy,0.7,main,,qbr,threshold,p999_us,10,-1.1532817033999891,-2.715849165699967,0.3217791279000039,uncertain
heavy,0.7,main,,qbr,threshold,p99_us,10,0.12839581009999393,-0.27523615449750494,0.4315956206050052,uncertain
heavy,0.7,main,,qbr,threshold,slo_miss_rate,10,0.02681996287299988,0.007098931525299846,0.0454593962305749,higher
heavy,0.7,main,,single,jbsq,class0_p99_us,10,3.422182771579999,3.0053605791567493,3.85167192990425,higher
heavy,0.7,main,,single,jbsq,control_cpu_mean,10,2.125123337858,2.1166731013987503,2.13344256119215,higher
heavy,0.7,main,,single,jbsq,p999_us,10,0.4796798414999898,-0.4147148438000272,1.3116860467000038,uncertain
heavy,0.7,main,,single,jbsq,p99_us,10,1.1816599698000005,0.8401468745075005,1.5214125961599982,higher
heavy,0.7,main,,single,jbsq,slo_miss_rate,10,0.3113841056150002,0.2753457335019751,0.3463908430986752,higher
heavy,0.7,main,,single,jsw,class0_p99_us,10,-0.5812553327300016,-1.133613955644753,-0.002703458267250617,lower
heavy,0.7,main,,single,jsw,control_cpu_mean,10,1.726723337854,1.7182731013947499,1.7350425611881497,higher
heavy,0.7,main,,single,jsw,p999_us,10,0.23340789299999187,-0.6806826408300255,1.1399775367999951,uncertain
heavy,0.7,main,,single,jsw,p99_us,10,-0.3287008998000033,-0.8745749022725182,0.19085878568250791,uncertain
heavy,0.7,main,,single,jsw,slo_miss_rate,10,-0.05723995520199989,-0.0977326924255999,-0.015757499414525138,lower
heavy,0.7,main,,single,qbr,class0_p99_us,10,0.39119891031000054,0.12918019711450116,0.64044569338675,higher
heavy,0.7,main,,single,qbr,control_cpu_mean,10,-0.06493405546400002,-0.07311614093480004,-0.05576697095745,lower
heavy,0.7,main,,single,qbr,p999_us,10,-0.23431274410000924,-1.6124868520000177,0.7311591862,uncertain
heavy,0.7,main,,single,qbr,p99_us,10,-0.027418814299994664,-0.517766749692503,0.4276217449225221,uncertain
heavy,0.7,main,,single,qbr,slo_miss_rate,10,0.02912291793000025,0.00419986444902538,0.05596416979712523,higher
heavy,0.7,main,,single,steal,class0_p99_us,10,0.7156604188300001,0.5391982485257465,0.8961461237992502,higher
heavy,0.7,main,,single,steal,control_cpu_mean,10,-4.484068653069,-4.575877426866325,-4.390317933869349,lower
heavy,0.7,main,,single,steal,p999_us,10,0.23643201040000578,-0.6684475058099891,1.1383924280175095,uncertain
heavy,0.7,main,,single,steal,p99_us,10,-0.1326773120999917,-0.5025789713649927,0.2940041552350151,uncertain
heavy,0.7,main,,single,steal,slo_miss_rate,10,0.06643080331000015,0.04457121084860021,0.08960146839950013,higher
heavy,0.7,main,,single,threshold,class0_p99_us,10,0.7135728991000001,0.4038893156957511,1.0203841193122507,higher
heavy,0.7,main,,single,threshold,control_cpu_mean,10,-0.5136076603740001,-0.542367095875625,-0.48556297285297506,lower
heavy,0.7,main,,single,threshold,p999_us,10,-1.3875944474999984,-4.0588535299,0.587348534299997,uncertain
heavy,0.7,main,,single,threshold,p99_us,10,0.10097699579999926,-0.2885442903950205,0.4614291116150073,uncertain
heavy,0.7,main,,single,threshold,slo_miss_rate,10,0.055942880803000125,0.03162675338025007,0.08152537757047514,higher
heavy,0.7,main,,steal,jbsq,class0_p99_us,10,2.7065223527499986,2.3697820304557498,3.0565126379077485,higher
heavy,0.7,main,,steal,jbsq,control_cpu_mean,10,6.609191990927,6.509859165778624,6.705621333678125,higher
heavy,0.7,main,,steal,jbsq,p999_us,10,0.24324783109998407,-0.3339016154000092,0.9257809700999701,uncertain
heavy,0.7,main,,steal,jbsq,p99_us,10,1.314337281899992,0.9214259237974863,1.7076442936224938,higher
heavy,0.7,main,,steal,jbsq,slo_miss_rate,10,0.24495330230500006,0.22156492129622501,0.26878177405672504,higher
heavy,0.7,main,,steal,jsw,class0_p99_us,10,-1.2969157515600016,-1.7562848182005015,-0.8218944729247517,lower
heavy,0.7,main,,steal,jsw,control_cpu_mean,10,6.210791990923001,6.111459165774625,6.307221333674125,higher
heavy,0.7,main,,steal,jsw,p999_us,10,-0.0030241174000138924,-0.8264455124000051,0.8426896016999649,uncertain
heavy,0.7,main,,steal,jsw,p99_us,10,-0.1960235877000116,-0.7151876303725185,0.25953211279999094,uncertain
heavy,0.7,main,,steal,jsw,slo_miss_rate,10,-0.12367075851200002,-0.1613662303133,-0.08727975156360038,lower
heavy,0.7,main,,steal,qbr,class0_p99_us,10,-0.3244615085199996,-0.6092218317299996,-0.04858318178675099,lower
heavy,0.7,main,,steal,qbr,control_cpu_mean,10,4.419134597605,4.329693438771324,4.50722211220075,higher
heavy,0.7,main,,steal,qbr,p999_us,10,-0.470744754500015,-1.9991472836500044,0.8817142582999964,uncertain
heavy,0.7,main,,steal,qbr,p99_us,10,0.10525849779999703,-0.5195625194000059,0.764607129999996,uncertain
heavy,0.7,main,,steal,qbr,slo_miss_rate,10,-0.037307885379999906,-0.06302807091599985,-0.012826361477399979,lower
heavy,0.7,main,,steal,single,class0_p99_us,10,-0.7156604188300001,-0.8961461237992506,-0.5391982485257467,lower
heavy,0.7,main,,steal,single,control_cpu_mean,10,4.484068653069,4.390317933869349,4.575877426866325,higher
heavy,0.7,main,,steal,single,p999_us,10,-0.23643201040000578,-1.1383924280175095,0.6684475058099881,uncertain
heavy,0.7,main,,steal,single,p99_us,10,0.1326773120999917,-0.29400415523501533,0.5025789713649927,uncertain
heavy,0.7,main,,steal,single,slo_miss_rate,10,-0.06643080331000015,-0.08960146839950017,-0.044571210848600225,lower
heavy,0.7,main,,steal,threshold,class0_p99_us,10,-0.002087519730000054,-0.20296393335699786,0.20130887239324854,uncertain
heavy,0.7,main,,steal,threshold,control_cpu_mean,10,3.970460992695,3.894798290749949,4.0474910987465496,higher
heavy,0.7,main,,steal,threshold,p999_us,10,-1.624026457900004,-4.1193422854,0.1666870801749819,uncertain
heavy,0.7,main,,steal,threshold,p99_us,10,0.23365430789999095,-0.22502618652002127,0.7156344366249944,uncertain
heavy,0.7,main,,steal,threshold,slo_miss_rate,10,-0.010487922507000022,-0.02578477843990011,0.0038064264286749644,uncertain
heavy,0.7,main,,threshold,jbsq,class0_p99_us,10,2.708609872479999,2.3416564471157466,3.0727678626689983,higher
heavy,0.7,main,,threshold,jbsq,control_cpu_mean,10,2.638730998232,2.6036061921011244,2.6743500196148253,higher
heavy,0.7,main,,threshold,jbsq,p999_us,10,1.867274288999988,0.37938087740001264,4.197800624397488,higher
heavy,0.7,main,,threshold,jbsq,p99_us,10,1.0806829740000012,0.8220427592999897,1.3017658863074968,higher
heavy,0.7,main,,threshold,jbsq,slo_miss_rate,10,0.25544122481200005,0.22614631450660003,0.2861126715813503,higher
heavy,0.7,main,,threshold,jsw,class0_p99_us,10,-1.2948282318300017,-1.645213321040751,-0.9375356917967532,lower
heavy,0.7,main,,threshold,jsw,control_cpu_mean,10,2.2403309982279995,2.205206192097125,2.275950019610825,higher
heavy,0.7,main,,threshold,jsw,p999_us,10,1.6210023404999903,-0.26365430319999633,4.141634609499988,uncertain
heavy,0.7,main,,threshold,jsw,p99_us,10,-0.4296778956000026,-0.6629237949650043,-0.13507043674750138,lower
heavy,0.7,main,,threshold,jsw,slo_miss_rate,10,-0.11318283600500001,-0.14350170814587482,-0.08224633877009996,lower
heavy,0.7,main,,threshold,qbr,class0_p99_us,10,-0.32237398878999957,-0.5949420911289991,-0.010200271874249418,lower
heavy,0.7,main,,threshold,qbr,control_cpu_mean,10,0.44867360491,0.42617506762174995,0.4730117839557,higher
heavy,0.7,main,,threshold,qbr,p999_us,10,1.1532817033999891,-0.3217791279000039,2.715849165699967,uncertain
heavy,0.7,main,,threshold,qbr,p99_us,10,-0.12839581009999393,-0.4315956206050052,0.27523615449750494,uncertain
heavy,0.7,main,,threshold,qbr,slo_miss_rate,10,-0.02681996287299988,-0.045459396230574906,-0.007098931525299847,lower
heavy,0.7,main,,threshold,single,class0_p99_us,10,-0.7135728991000001,-1.0203841193122507,-0.4038893156957513,lower
heavy,0.7,main,,threshold,single,control_cpu_mean,10,0.5136076603740001,0.485562972852975,0.5423670958756249,higher
heavy,0.7,main,,threshold,single,p999_us,10,1.3875944474999984,-0.587348534299997,4.0588535299,uncertain
heavy,0.7,main,,threshold,single,p99_us,10,-0.10097699579999926,-0.4614291116150074,0.2885442903950204,uncertain
heavy,0.7,main,,threshold,single,slo_miss_rate,10,-0.055942880803000125,-0.08152537757047515,-0.03162675338025008,lower
heavy,0.7,main,,threshold,steal,class0_p99_us,10,0.002087519730000054,-0.2013088723932486,0.20296393335699783,uncertain
heavy,0.7,main,,threshold,steal,control_cpu_mean,10,-3.970460992695,-4.0474910987465496,-3.894798290749949,lower
heavy,0.7,main,,threshold,steal,p999_us,10,1.624026457900004,-0.16668708017498288,4.1193422854,uncertain
heavy,0.7,main,,threshold,steal,p99_us,10,-0.23365430789999095,-0.7156344366249944,0.22502618652002113,uncertain
heavy,0.7,main,,threshold,steal,slo_miss_rate,10,0.010487922507000022,-0.0038064264286749652,0.025784778439900107,uncertain
heavy,0.7,main,,work,jbsq,class0_p99_us,10,1.4258463165299993,1.2768666683682501,1.567929270530749,higher
heavy,0.7,main,,work,jbsq,control_cpu_mean,10,0.398400000004,0.398400000004,0.398400000004,higher
heavy,0.7,main,,work,jbsq,p999_us,10,-0.2503011443000105,-0.7509034329000315,0.0,uncertain
heavy,0.7,main,,work,jbsq,p99_us,10,0.031770393300001844,0.0,0.09531117990000552,uncertain
heavy,0.7,main,,work,jbsq,slo_miss_rate,10,0.11097167115200013,0.09886834617950024,0.12273731827940008,higher
heavy,0.7,main,,work,jsw,class0_p99_us,10,-2.577591787780001,-3.20336398019425,-2.0554947316785026,lower
heavy,0.7,main,,work,jsw,control_cpu_mean,10,0.0,0.0,0.0,uncertain
heavy,0.7,main,,work,jsw,p999_us,10,-0.49657309280000844,-1.0900998156000015,0.0,uncertain
heavy,0.7,main,,work,jsw,p99_us,10,-1.478590476300002,-1.7579016720750116,-1.1844219286374853,lower
heavy,0.7,main,,work,jsw,slo_miss_rate,10,-0.2576523896649999,-0.31225739897380006,-0.209407200130625,lower
heavy,0.7,main,,work,qbr,class0_p99_us,10,-1.6051375447399991,-2.003721015789998,-1.215801581524751,lower
heavy,0.7,main,,work,qbr,control_cpu_mean,10,-1.791657393318,-1.8062272268284498,-1.77697927415,lower
heavy,0.7,main,,work,qbr,p999_us,10,-0.9642937299000096,-2.3306105591000232,0.0,uncertain
heavy,0.7,main,,work,qbr,p99_us,10,-1.1773083907999933,-1.4967745093149993,-0.8181880776924999,lower
heavy,0.7,main,,work,qbr,slo_miss_rate,10,-0.1712895165329998,-0.20713092803439978,-0.13665540374537472,lower
heavy,0.7,main,,work,single,class0_p99_us,10,-1.9963364550499996,-2.441957022613749,-1.5443302151452512,lower
heavy,0.7,main,,work,single,control_cpu_mean,10,-1.726723337854,-1.7350425611881497,-1.7182731013947499,lower
heavy,0.7,main,,work,single,p999_us,10,-0.7299809858000004,-1.4352848065000103,-0.14956845300000624,lower
heavy,0.7,main,,work,single,p99_us,10,-1.1498895764999986,-1.4652292763475014,-0.8261695434274978,lower
heavy,0.7,main,,work,single,slo_miss_rate,10,-0.20041243446300006,-0.23831921211735,-0.15761563702392523,lower
heavy,0.7,main,,work,steal,class0_p99_us,10,-1.2806760362199996,-1.6846079734814976,-0.9062070322685019,lower
heavy,0.7,main,,work,steal,control_cpu_mean,10,-6.210791990923001,-6.307221333674125,-6.111459165774625,lower
heavy,0.7,main,,work,steal,p999_us,10,-0.49354897539999454,-1.070448287399995,0.0,uncertain
heavy,0.7,main,,work,steal,p99_us,10,-1.2825668885999904,-1.6483265295099905,-0.9126426034499983,lower
heavy,0.7,main,,work,steal,slo_miss_rate,10,-0.13398163115299994,-0.16554527909119998,-0.10343613819017483,lower
heavy,0.7,main,,work,threshold,class0_p99_us,10,-1.2827635559499995,-1.7448672978567477,-0.8774416736777526,lower
heavy,0.7,main,,work,threshold,control_cpu_mean,10,-2.2403309982279995,-2.275950019610825,-2.205206192097125,lower
heavy,0.7,main,,work,threshold,p999_us,10,-2.1175754332999985,-4.497391251299962,-0.40748853579999605,lower
heavy,0.7,main,,work,threshold,p99_us,10,-1.0489125806999993,-1.2480464263150133,-0.8170994966249938,lower
heavy,0.7,main,,work,threshold,slo_miss_rate,10,-0.14446955365999992,-0.1830126951805498,-0.10966003326877508,lower
heavy,0.85,main,,bwc,jbsq,class0_p99_us,10,64.5209447783,40.548484317396245,93.30648600724875,higher
heavy,0.85,main,,bwc,jbsq,control_cpu_mean,10,1.523270382819,1.5178075703189997,1.529510134580225,higher
heavy,0.85,main,,bwc,jbsq,p999_us,10,29.479255559600006,13.615608973740011,49.076316545670004,higher
heavy,0.85,main,,bwc,jbsq,p99_us,10,25.1331253838,15.047438628554998,37.14709913580249,higher
heavy,0.85,main,,bwc,jbsq,slo_miss_rate,10,23.740181841295005,14.771670309544625,33.456904532898,higher
heavy,0.85,main,,bwc,jsw,class0_p99_us,10,49.910610165129995,25.869446579448997,78.49242949525099,higher
heavy,0.85,main,,bwc,jsw,control_cpu_mean,10,1.1248703828150002,1.119407570315,1.131110134576225,higher
heavy,0.85,main,,bwc,jsw,p999_us,10,22.837694238299992,8.769209117082507,40.286185636289986,higher
heavy,0.85,main,,bwc,jsw,p99_us,10,21.1448638914,10.920232960014987,33.39811304659998,higher
heavy,0.85,main,,bwc,jsw,slo_miss_rate,10,21.06684254051,12.357063829688526,30.535284486461755,higher
heavy,0.85,main,,bwc,qbr,class0_p99_us,10,52.072020577850004,28.4288759988345,80.45469023420773,higher
heavy,0.85,main,,bwc,qbr,control_cpu_mean,10,-1.3176462713770003,-1.33899540093465,-1.295419581555975,lower
heavy,0.85,main,,bwc,qbr,p999_us,10,25.193398698300008,9.628331331312511,44.18952676923999,higher
heavy,0.85,main,,bwc,qbr,p99_us,10,21.076820030000004,11.105792359157503,33.0398626565525,higher
heavy,0.85,main,,bwc,qbr,slo_miss_rate,10,21.296416277576004,12.559607373424127,30.87241056789,higher
heavy,0.85,main,,bwc,single,class0_p99_us,10,51.18857718498,27.81152677735225,78.99236821439425,higher
heavy,0.85,main,,bwc,single,control_cpu_mean,10,-1.123549552976,-1.1460708266104,-1.100002285609,lower
heavy,0.85,main,,bwc,single,p999_us,10,25.54953895760001,10.873431533547487,43.63268652022999,higher
heavy,0.85,main,,bwc,single,p99_us,10,21.213571122999998,11.044476553949982,33.36767840010749,higher
heavy,0.85,main,,bwc,single,slo_miss_rate,10,21.318335509193002,12.554078311929626,30.784252562947145,higher
heavy,0.85,main,,bwc,steal,class0_p99_us,10,55.16950910424,31.83362230077575,83.09179253529523,higher
heavy,0.85,main,,bwc,steal,control_cpu_mean,10,-5.518110853156999,-5.659821434420476,-5.380254202110925,lower
heavy,0.85,main,,bwc,steal,p999_us,10,26.055598169200003,10.910264543720023,45.01536491819745,higher
heavy,0.85,main,,bwc,steal,p99_us,10,21.9070370545,11.620529496694996,34.0053780869825,higher
heavy,0.85,main,,bwc,steal,slo_miss_rate,10,21.809939266335,13.048872251813474,31.297382337798243,higher
heavy,0.85,main,,bwc,threshold,class0_p99_us,10,53.21050971956,29.71261326234675,81.3506370553675,higher
heavy,0.85,main,,bwc,threshold,control_cpu_mean,10,-2.6083676145969994,-2.662018399746875,-2.5581980423155004,lower
heavy,0.85,main,,bwc,threshold,p999_us,10,25.274586773099998,10.626284328865008,43.091018845899974,higher
heavy,0.85,main,,bwc,threshold,p99_us,10,21.508447749100004,11.290662488137498,33.545814891702506,higher
heavy,0.85,main,,bwc,threshold,slo_miss_rate,10,21.425010401483,12.686669713570602,30.906057103022373,higher
heavy,0.85,main,,jbsq,jsw,class0_p99_us,10,-14.610334613170002,-15.910858763106502,-13.469347452774503,lower
heavy,0.85,main,,jbsq,jsw,control_cpu_mean,10,-0.398400000004,-0.398400000004,-0.398400000004,lower
heavy,0.85,main,,jbsq,jsw,p999_us,10,-6.641561321300014,-9.466991531167519,-3.9708992964800083,lower
heavy,0.85,main,,jbsq,jsw,p99_us,10,-3.9882614923999995,-4.526282430589997,-3.478707416027503,lower
heavy,0.85,main,,jbsq,jsw,slo_miss_rate,10,-2.673339300785,-2.947383676945475,-2.4106226060246754,lower
heavy,0.85,main,,jbsq,qbr,class0_p99_us,10,-12.44892420045,-13.2140352486895,-11.69997482368625,lower
heavy,0.85,main,,jbsq,qbr,control_cpu_mean,10,-2.8409166541959996,-2.8658054890596,-2.8148548781449003,lower
heavy,0.85,main,,jbsq,qbr,p999_us,10,-4.285856861299999,-6.122133702397487,-2.528574581289985,lower
heavy,0.85,main,,jbsq,qbr,p99_us,10,-4.0563053537999965,-4.434947329074999,-3.645652930612492,lower
heavy,0.85,main,,jbsq,qbr,slo_miss_rate,10,-2.4437655637190003,-2.648315466567375,-2.2225262018547753,lower
heavy,0.85,main,,jbsq,single,class0_p99_us,10,-13.332367593319997,-14.886289451963002,-11.95502237749975,lower
heavy,0.85,main,,jbsq,single,control_cpu_mean,10,-2.6468199357949995,-2.6746199454628505,-2.619723157671725,lower
heavy,0.85,main,,jbsq,single,p999_us,10,-3.9297166019999965,-6.304751535467499,-1.6091501569000004,lower
heavy,0.85,main,,jbsq,single,p99_us,10,-3.919554260800004,-4.110739629380002,-3.7198121573074925,lower
heavy,0.85,main,,jbsq,single,slo_miss_rate,10,-2.421846332102,-2.671487671572375,-2.1946379209012004,lower
heavy,0.85,main,,jbsq,steal,class0_p99_us,10,-9.351435674060001,-10.37255846083475,-8.481890223596002,lower
heavy,0.85,main,,jbsq,steal,control_cpu_mean,10,-7.041381235976,-7.1794750007697,-6.908533629808899,lower
heavy,0.85,main,,jbsq,steal,p999_us,10,-3.423657390400001,-5.2168693350625155,-1.2145834657175218,lower
heavy,0.85,main,,jbsq,steal,p99_us,10,-3.2260883293000004,-3.91350145109999,-2.5034057170699953,lower
heavy,0.85,main,,jbsq,steal,slo_miss_rate,10,-1.93024257496,-2.16181741875095,-1.7219461823681999,lower
heavy,0.85,main,,jbsq,threshold,class0_p99_us,10,-11.310435058740003,-12.041612941169502,-10.605954684322255,lower
heavy,0.85,main,,jbsq,threshold,control_cpu_mean,10,-4.131637997416,-4.191280325045176,-4.076416416937,lower
heavy,0.85,main,,jbsq,threshold,p999_us,10,-4.204668786500008,-7.543117384800019,-1.3414113086825064,lower
heavy,0.85,main,,jbsq,threshold,p99_us,10,-3.624677634699998,-4.175986430407496,-3.0126956968500087,lower
heavy,0.85,main,,jbsq,threshold,slo_miss_rate,10,-2.3151714398120005,-2.581365951114625,-2.0927307995332254,lower
heavy,0.85,main,,jsw,jbsq,class0_p99_us,10,14.610334613170002,13.469347452774503,15.9108587631065,higher
heavy,0.85,main,,jsw,jbsq,control_cpu_mean,10,0.398400000004,0.398400000004,0.398400000004,higher
heavy,0.85,main,,jsw,jbsq,p999_us,10,6.641561321300014,3.970899296480007,9.466991531167517,higher
heavy,0.85,main,,jsw,jbsq,p99_us,10,3.9882614923999995,3.478707416027503,4.526282430589997,higher
heavy,0.85,main,,jsw,jbsq,slo_miss_rate,10,2.673339300785,2.4106226060246754,2.947383676945475,higher
heavy,0.85,main,,jsw,qbr,class0_p99_us,10,2.161410412720001,0.6172593159747525,3.7015669216599996,higher
heavy,0.85,main,,jsw,qbr,control_cpu_mean,10,-2.4425166541919996,-2.4674054890555994,-2.4164548781409,lower
heavy,0.85,main,,jsw,qbr,p999_us,10,2.355704460000015,0.4613875973025149,4.3040271141925,higher
heavy,0.85,main,,jsw,qbr,p99_us,10,-0.06804386139999678,-0.6311588161299939,0.4933551897075032,uncertain
heavy,0.85,main,,jsw,qbr,slo_miss_rate,10,0.22957373706599987,0.041506849134050006,0.4054575406564992,higher
heavy,0.85,main,,jsw,single,class0_p99_us,10,1.2779670198500015,-0.09237565139199712,2.7566715839279974,uncertain
heavy,0.85,main,,jsw,single,control_cpu_mean,10,-2.2484199357909995,-2.2762199454588496,-2.2213231576677255,lower
heavy,0.85,main,,jsw,single,p999_us,10,2.711844719300018,1.027690824837479,4.483914066360028,higher
heavy,0.85,main,,jsw,single,p99_us,10,0.06870723159999556,-0.48815804191750456,0.5685008547999985,uncertain
heavy,0.85,main,,jsw,single,slo_miss_rate,10,0.251492968683,0.13922188057842502,0.3711399689339998,higher
heavy,0.85,main,,jsw,steal,class0_p99_us,10,5.258898939110001,4.277741238401251,6.3978299164735,higher
heavy,0.85,main,,jsw,steal,control_cpu_mean,10,-6.642981235972,-6.7810750007657,-6.5101336298049,lower
heavy,0.85,main,,jsw,steal,p999_us,10,3.2179039309000133,0.9014816535000413,5.658882667532502,higher
heavy,0.85,main,,jsw,steal,p99_us,10,0.7621731630999988,0.0368872689399997,1.494875235567493,higher
heavy,0.85,main,,jsw,steal,slo_miss_rate,10,0.7430967258249999,0.6201815620594,0.8821502884499747,higher
heavy,0.85,main,,jsw,threshold,class0_p99_us,10,3.2998995544299996,2.2101807668000015,4.517048057710248,higher
heavy,0.85,main,,jsw,threshold,control_cpu_mean,10,-3.733237997412,-3.7928803250411756,-3.6780164169330005,lower
heavy,0.85,main,,jsw,threshold,p999_us,10,2.4368925348000063,0.8365010075075054,4.12732819969002,higher
heavy,0.85,main,,jsw,threshold,p99_us,10,0.36358385770000157,-0.3273993493399989,1.1236062996999863,uncertain
heavy,0.85,main,,jsw,threshold,slo_miss_rate,10,0.3581678609729999,0.20448001543767527,0.5330027178215996,higher
heavy,0.85,main,,p2c,jbsq,class0_p99_us,10,25.73837954896,24.294247155342003,27.1758332177005,higher
heavy,0.85,main,,p2c,jbsq,control_cpu_mean,10,0.398400000004,0.398400000004,0.398400000004,higher
heavy,0.85,main,,p2c,jbsq,p999_us,10,5.797013515700007,3.2968202890000278,8.314314278904984,higher
heavy,0.85,main,,p2c,jbsq,p99_us,10,4.287231700400002,3.683562307065013,4.976977317234992,higher
heavy,0.85,main,,p2c,jbsq,slo_miss_rate,10,3.810972686121,3.487742564091325,4.16903002813045,higher
heavy,0.85,main,,p2c,jsw,class0_p99_us,10,11.12804493579,9.399394520857502,12.64816978476925,higher
heavy,0.85,main,,p2c,jsw,control_cpu_mean,10,0.0,0.0,0.0,uncertain
heavy,0.85,main,,p2c,jsw,p999_us,10,-0.844547805600007,-3.2229123285599943,1.388356760124982,uncertain
heavy,0.85,main,,p2c,jsw,p99_us,10,0.2989702080000029,-0.261094679832497,0.8890048909749861,uncertain
heavy,0.85,main,,p2c,jsw,slo_miss_rate,10,1.1376333853360001,0.9525985244773755,1.33790025370065,higher
heavy,0.85,main,,p2c,qbr,class0_p99_us,10,13.28945534851,11.998553624197251,14.754408958046502,higher
heavy,0.85,main,,p2c,qbr,control_cpu_mean,10,-2.4425166541919996,-2.4674054890555994,-2.4164548781409,lower
heavy,0.85,main,,p2c,qbr,p999_us,10,1.5111566544000083,-0.5753569537699912,3.862441792502511,uncertain
heavy,0.85,main,,p2c,qbr,p99_us,10,0.23092634660000613,-0.39946709173999806,0.8978233756324987,uncertain
heavy,0.85,main,,p2c,qbr,slo_miss_rate,10,1.3672071224019997,1.1741203518682999,1.5927934387326748,higher
heavy,0.85,main,,p2c,single,class0_p99_us,10,12.406011955640002,11.343727121022,13.565452603244752,higher
heavy,0.85,main,,p2c,single,control_cpu_mean,10,-2.2484199357909995,-2.2762199454588496,-2.2213231576677255,lower
heavy,0.85,main,,p2c,single,p999_us,10,1.8672969137000108,-1.2677534530300085,5.07799539782251,uncertain
heavy,0.85,main,,p2c,single,p99_us,10,0.3676774395999985,-0.16610025942000675,0.9994669604325075,uncertain
heavy,0.85,main,,p2c,single,slo_miss_rate,10,1.389126354019,1.2399870715012005,1.5414564441793999,higher
heavy,0.85,main,,p2c,steal,class0_p99_us,10,16.386943874900002,15.40814095132325,17.349838514627255,higher
heavy,0.85,main,,p2c,steal,control_cpu_mean,10,-6.642981235972,-6.7810750007657,-6.5101336298049,lower
heavy,0.85,main,,p2c,steal,p999_us,10,2.373356125300006,-0.6457344009299868,5.594550931247487,uncertain
heavy,0.85,main,,p2c,steal,p99_us,10,1.0611433711000018,0.44095310988749437,1.6582069413824996,higher
heavy,0.85,main,,p2c,steal,slo_miss_rate,10,1.8807301111609998,1.7380404194361747,2.0222193286097,higher
heavy,0.85,main,,p2c,threshold,class0_p99_us,10,14.427944490220003,13.354621481151499,15.561747737510503,higher
heavy,0.85,main,,p2c,threshold,control_cpu_mean,10,-3.733237997412,-3.7928803250411756,-3.6780164169330005,lower
heavy,0.85,main,,p2c,threshold,p999_us,10,1.5923447291999993,-1.3147635168075316,4.837614271669978,uncertain
heavy,0.85,main,,p2c,threshold,p99_us,10,0.6625540657000044,0.10840655159249353,1.2269064429699887,higher
heavy,0.85,main,,p2c,threshold,slo_miss_rate,10,1.495801246309,1.34302719452415,1.6395510568796752,higher
heavy,0.85,main,,qbr,jbsq,class0_p99_us,10,12.44892420045,11.69997482368625,13.214035248689498,higher
heavy,0.85,main,,qbr,jbsq,control_cpu_mean,10,2.8409166541959996,2.8148548781449003,2.8658054890596,higher
heavy,0.85,main,,qbr,jbsq,p999_us,10,4.285856861299999,2.5285745812899845,6.122133702397486,higher
heavy,0.85,main,,qbr,jbsq,p99_us,10,4.0563053537999965,3.645652930612492,4.434947329074999,higher
heavy,0.85,main,,qbr,jbsq,slo_miss_rate,10,2.4437655637190003,2.2225262018547753,2.648315466567375,higher
heavy,0.85,main,,qbr,jsw,class0_p99_us,10,-2.161410412720001,-3.7015669216599996,-0.6172593159747526,lower
heavy,0.85,main,,qbr,jsw,control_cpu_mean,10,2.4425166541919996,2.4164548781409,2.4674054890555994,higher
heavy,0.85,main,,qbr,jsw,p999_us,10,-2.355704460000015,-4.304027114192504,-0.46138759730251855,lower
heavy,0.85,main,,qbr,jsw,p99_us,10,0.06804386139999678,-0.4933551897075036,0.6311588161299937,uncertain
heavy,0.85,main,,qbr,jsw,slo_miss_rate,10,-0.22957373706599987,-0.40545754065649964,-0.04150684913405013,lower
heavy,0.85,main,,qbr,single,class0_p99_us,10,-0.8834433928699994,-2.684248824760251,0.8166271416279991,uncertain
heavy,0.85,main,,qbr,single,control_cpu_mean,10,0.19409671840100007,0.18020023965022514,0.21034338045800002,higher
heavy,0.85,main,,qbr,single,p999_us,10,0.35614025930000254,-1.5429410223350055,2.3664329763099996,uncertain
heavy,0.85,main,,qbr,single,p99_us,10,0.13675109299999236,-0.33732305011751695,0.5400426036900031,uncertain
heavy,0.85,main,,qbr,single,slo_miss_rate,10,0.021919231617000122,-0.1299505389766499,0.1920989305344753,uncertain
heavy,0.85,main,,qbr,steal,class0_p99_us,10,3.09748852639,1.98791396285875,4.247919973182,higher
heavy,0.85,main,,qbr,steal,control_cpu_mean,10,-4.2004645817799995,-4.363112571435001,-4.0454609434876,lower
heavy,0.85,main,,qbr,steal,p999_us,10,0.8621994708999978,-1.5449619898374827,3.3522944715724874,uncertain
heavy,0.85,main,,qbr,steal,p99_us,10,0.8302170244999957,-0.024197687572503224,1.6331189014325038,uncertain
heavy,0.85,main,,qbr,steal,slo_miss_rate,10,0.513522988759,0.3872811828402252,0.6516419265229245,higher
heavy,0.85,main,,qbr,threshold,class0_p99_us,10,1.1384891417099987,0.3837555493204996,1.9452808619137476,higher
heavy,0.85,main,,qbr,threshold,control_cpu_mean,10,-1.29072134322,-1.332748538410925,-1.2526172472733499,lower
heavy,0.85,main,,qbr,threshold,p999_us,10,0.08118807479999077,-2.022963163657528,2.253535506899982,uncertain
heavy,0.85,main,,qbr,threshold,p99_us,10,0.4316277190999983,-0.2274601100899963,1.0881224434649823,uncertain
heavy,0.85,main,,qbr,threshold,slo_miss_rate,10,0.1285941239070001,-0.06403627260462472,0.31379417655314956,uncertain
heavy,0.85,main,,single,jbsq,class0_p99_us,10,13.332367593319997,11.95502237749975,14.886289451963002,higher
heavy,0.85,main,,single,jbsq,control_cpu_mean,10,2.6468199357949995,2.619723157671725,2.6746199454628505,higher
heavy,0.85,main,,single,jbsq,p999_us,10,3.9297166019999965,1.6091501569,6.304751535467499,higher
heavy,0.85,main,,single,jbsq,p99_us,10,3.919554260800004,3.7198121573074925,4.110739629380002,higher
heavy,0.85,main,,single,jbsq,slo_miss_rate,10,2.421846332102,2.1946379209012,2.671487671572375,higher
heavy,0.85,main,,single,jsw,class0_p99_us,10,-1.2779670198500015,-2.7566715839279996,0.09237565139199701,uncertain
heavy,0.85,main,,single,jsw,control_cpu_mean,10,2.2484199357909995,2.2213231576677255,2.2762199454588496,higher
heavy,0.85,main,,single,jsw,p999_us,10,-2.711844719300018,-4.483914066360029,-1.0276908248374814,lower
heavy,0.85,main,,single,jsw,p99_us,10,-0.06870723159999556,-0.5685008547999985,0.48815804191750445,uncertain
heavy,0.85,main,,single,jsw,slo_miss_rate,10,-0.251492968683,-0.3711399689339998,-0.13922188057842527,lower
heavy,0.85,main,,single,qbr,class0_p99_us,10,0.8834433928699994,-0.8166271416280002,2.6842488247602483,uncertain
heavy,0.85,main,,single,qbr,control_cpu_mean,10,-0.19409671840100007,-0.21034338045800002,-0.18020023965022514,lower
heavy,0.85,main,,single,qbr,p999_us,10,-0.35614025930000254,-2.366432976310003,1.5429410223350042,uncertain
heavy,0.85,main,,single,qbr,p99_us,10,-0.13675109299999236,-0.5400426036900032,0.33732305011751224,uncertain
heavy,0.85,main,,single,qbr,slo_miss_rate,10,-0.021919231617000122,-0.19209893053447533,0.12995053897664988,uncertain
heavy,0.85,main,,single,steal,class0_p99_us,10,3.9809319192599992,3.3237381922802482,4.79095212804175,higher
heavy,0.85,main,,single,steal,control_cpu_mean,10,-4.394561300181,-4.5593761653537,-4.234194945773125,lower
heavy,0.85,main,,single,steal,p999_us,10,0.5060592115999952,-1.3689447887674895,2.221839864212472,uncertain
heavy,0.85,main,,single,steal,p99_us,10,0.6934659315000034,-0.002044567799998731,1.358506242760002,uncertain
heavy,0.85,main,,single,steal,slo_miss_rate,10,0.4916037571419999,0.4398922659681252,0.5401640321218499,higher
heavy,0.85,main,,single,threshold,class0_p99_us,10,2.021932534579998,0.9249199798899969,3.301949195230249,higher
heavy,0.85,main,,single,threshold,control_cpu_mean,10,-1.484818061621,-1.518107514651075,-1.4528891241356252,lower
heavy,0.85,main,,single,threshold,p999_us,10,-0.27495218450001174,-2.166698242695015,1.5278658874399973,uncertain
heavy,0.85,main,,single,threshold,p99_us,10,0.294876626100006,-0.20608561773250048,0.8565728525849983,uncertain
heavy,0.85,main,,single,threshold,slo_miss_rate,10,0.10667489228999996,0.010958634824800055,0.21478069851752443,higher
heavy,0.85,main,,steal,jbsq,class0_p99_us,10,9.351435674060001,8.481890223596,10.372558460834748,higher
heavy,0.85,main,,steal,jbsq,control_cpu_mean,10,7.041381235976,6.908533629808899,7.1794750007697,higher
heavy,0.85,main,,steal,jbsq,p999_us,10,3.423657390400001,1.2145834657175199,5.216869335062515,higher
heavy,0.85,main,,steal,jbsq,p99_us,10,3.2260883293000004,2.503405717069995,3.91350145109999,higher
heavy,0.85,main,,steal,jbsq,slo_miss_rate,10,1.93024257496,1.7219461823681999,2.16181741875095,higher
heavy,0.85,main,,steal,jsw,class0_p99_us,10,-5.258898939110001,-6.3978299164735,-4.277741238401251,lower
heavy,0.85,main,,steal,jsw,control_cpu_mean,10,6.642981235972,6.5101336298049,6.7810750007657,higher
heavy,0.85,main,,steal,jsw,p999_us,10,-3.2179039309000133,-5.658882667532503,-0.9014816535000416,lower
heavy,0.85,main,,steal,jsw,p99_us,10,-0.7621731630999988,-1.4948752355674932,-0.036887268939999704,lower
heavy,0.85,main,,steal,jsw,slo_miss_rate,10,-0.7430967258249999,-0.8821502884499748,-0.6201815620594001,lower
heavy,0.85,main,,steal,qbr,class0_p99_us,10,-3.09748852639,-4.247919973182,-1.98791396285875,lower
heavy,0.85,main,,steal,qbr,control_cpu_mean,10,4.2004645817799995,4.0454609434876,4.363112571435001,higher
heavy,0.85,main,,steal,qbr,p999_us,10,-0.8621994708999978,-3.352294471572489,1.5449619898374811,uncertain
heavy,0.85,main,,steal,qbr,p99_us,10,-0.8302170244999957,-1.6331189014325038,0.024197687572502465,uncertain
heavy,0.85,main,,steal,qbr,slo_miss_rate,10,-0.513522988759,-0.6516419265229245,-0.3872811828402253,lower
heavy,0.85,main,,steal,single,class0_p99_us,10,-3.9809319192599992,-4.79095212804175,-3.3237381922802487,lower
heavy,0.85,main,,steal,single,control_cpu_mean,10,4.394561300181,4.234194945773124,4.5593761653537,higher
heavy,0.85,main,,steal,single,p999_us,10,-0.5060592115999952,-2.221839864212472,1.3689447887674895,uncertain
heavy,0.85,main,,steal,single,p99_us,10,-0.6934659315000034,-1.358506242760002,0.002044567799998731,uncertain
heavy,0.85,main,,steal,single,slo_miss_rate,10,-0.4916037571419999,-0.5401640321218499,-0.4398922659681252,lower
heavy,0.85,main,,steal,threshold,class0_p99_us,10,-1.9589993846800013,-2.5524370663582525,-1.352444668322751,lower
heavy,0.85,main,,steal,threshold,control_cpu_mean,10,2.9097432385599995,2.721147940672,3.0990362110228244,higher
heavy,0.85,main,,steal,threshold,p999_us,10,-0.781011396100007,-3.4980917251150028,1.4347493580574733,uncertain
heavy,0.85,main,,steal,threshold,p99_us,10,-0.3985893053999973,-0.8356038304224916,0.0034420056925043093,uncertain
heavy,0.85,main,,steal,threshold,slo_miss_rate,10,-0.384928864852,-0.48373593037904994,-0.2887607529337752,lower
heavy,0.85,main,,threshold,jbsq,class0_p99_us,10,11.310435058740003,10.605954684322253,12.041612941169502,higher
heavy,0.85,main,,threshold,jbsq,control_cpu_mean,10,4.131637997416,4.076416416937,4.191280325045176,higher
heavy,0.85,main,,threshold,jbsq,p999_us,10,4.204668786500008,1.3414113086825055,7.543117384800017,higher
heavy,0.85,main,,threshold,jbsq,p99_us,10,3.624677634699998,3.0126956968500083,4.175986430407496,higher
heavy,0.85,main,,threshold,jbsq,slo_miss_rate,10,2.3151714398120005,2.092730799533225,2.581365951114625,higher
heavy,0.85,main,,threshold,jsw,class0_p99_us,10,-3.2998995544299996,-4.517048057710248,-2.2101807668000015,lower
heavy,0.85,main,,threshold,jsw,control_cpu_mean,10,3.733237997412,3.6780164169330005,3.7928803250411756,higher
heavy,0.85,main,,threshold,jsw,p999_us,10,-2.4368925348000063,-4.127328199690021,-0.8365010075075063,lower
heavy,0.85,main,,threshold,jsw,p99_us,10,-0.36358385770000157,-1.1236062996999863,0.3273993493399985,uncertain
heavy,0.85,main,,threshold,jsw,slo_miss_rate,10,-0.3581678609729999,-0.5330027178215997,-0.2044800154376753,lower
heavy,0.85,main,,threshold,qbr,class0_p99_us,10,-1.1384891417099987,-1.9452808619137483,-0.3837555493205,lower
heavy,0.85,main,,threshold,qbr,control_cpu_mean,10,1.29072134322,1.2526172472733499,1.332748538410925,higher
heavy,0.85,main,,threshold,qbr,p999_us,10,-0.08118807479999077,-2.253535506899982,2.022963163657528,uncertain
heavy,0.85,main,,threshold,qbr,p99_us,10,-0.4316277190999983,-1.0881224434649823,0.22746011008999628,uncertain
heavy,0.85,main,,threshold,qbr,slo_miss_rate,10,-0.1285941239070001,-0.3137941765531499,0.06403627260462463,uncertain
heavy,0.85,main,,threshold,single,class0_p99_us,10,-2.021932534579998,-3.3019491952302498,-0.9249199798899971,lower
heavy,0.85,main,,threshold,single,control_cpu_mean,10,1.484818061621,1.452889124135625,1.518107514651075,higher
heavy,0.85,main,,threshold,single,p999_us,10,0.27495218450001174,-1.5278658874399975,2.166698242695015,uncertain
heavy,0.85,main,,threshold,single,p99_us,10,-0.294876626100006,-0.8565728525849983,0.20608561773250042,uncertain
heavy,0.85,main,,threshold,single,slo_miss_rate,10,-0.10667489228999996,-0.2147806985175246,-0.010958634824800105,lower
heavy,0.85,main,,threshold,steal,class0_p99_us,10,1.9589993846800013,1.35244466832275,2.5524370663582525,higher
heavy,0.85,main,,threshold,steal,control_cpu_mean,10,-2.9097432385599995,-3.0990362110228244,-2.721147940672,lower
heavy,0.85,main,,threshold,steal,p999_us,10,0.781011396100007,-1.4347493580574733,3.498091725114998,uncertain
heavy,0.85,main,,threshold,steal,p99_us,10,0.3985893053999973,-0.0034420056925043236,0.8356038304224916,uncertain
heavy,0.85,main,,threshold,steal,slo_miss_rate,10,0.384928864852,0.2887607529337748,0.4837359303790499,higher
heavy,0.85,main,,work,jbsq,class0_p99_us,10,13.307123225660002,4.942545441789504,23.439974610518966,higher
heavy,0.85,main,,work,jbsq,control_cpu_mean,10,0.398400000004,0.398400000004,0.398400000004,higher
heavy,0.85,main,,work,jbsq,p999_us,10,6.344661407000001,1.3421870958999988,12.40992976709252,higher
heavy,0.85,main,,work,jbsq,p99_us,10,3.7712553839000065,1.969964555657497,5.760942082552507,higher
heavy,0.85,main,,work,jbsq,slo_miss_rate,10,3.926103337952,1.74069315007715,6.568694555797873,higher
heavy,0.85,main,,work,jsw,class0_p99_us,10,-1.3032113875099995,-9.43302350736325,8.588820935295493,uncertain
heavy,0.85,main,,work,jsw,control_cpu_mean,10,0.0,0.0,0.0,uncertain
heavy,0.85,main,,work,jsw,p999_us,10,-0.2968999143000133,-3.419905777714984,3.5636899274225065,uncertain
heavy,0.85,main,,work,jsw,p99_us,10,-0.21700610849999294,-2.029177429217491,1.8960715116800095,uncertain
heavy,0.85,main,,work,jsw,slo_miss_rate,10,1.2527640371670004,-0.724218688007825,3.7089996364201743,uncertain
heavy,0.85,main,,work,qbr,class0_p99_us,10,0.8581990252100014,-7.152534727451249,10.548543442955499,uncertain
heavy,0.85,main,,work,qbr,control_cpu_mean,10,-2.4425166541919996,-2.4674054890555994,-2.4164548781409,lower
heavy,0.85,main,,work,qbr,p999_us,10,2.058804545700002,-2.480707587500001,7.312719296775009,uncertain
heavy,0.85,main,,work,qbr,p99_us,10,-0.2850499698999897,-2.1294456272724807,1.6591376551024994,uncertain
heavy,0.85,main,,work,qbr,slo_miss_rate,10,1.482337774233,-0.5099305515846001,3.985540005874598,uncertain
heavy,0.85,main,,work,single,class0_p99_us,10,-0.02524436765999809,-8.104246911616748,9.791562642032996,uncertain
heavy,0.85,main,,work,single,control_cpu_mean,10,-2.2484199357909995,-2.2762199454588496,-2.2213231576677255,lower
heavy,0.85,main,,work,single,p999_us,10,2.4149448050000046,-1.3404407190774865,7.351311600189988,uncertain
heavy,0.85,main,,work,single,p99_us,10,-0.14829887689999738,-2.0345069561899907,1.921989342387501,uncertain
heavy,0.85,main,,work,single,slo_miss_rate,10,1.5042570058500002,-0.5268169015321251,3.9589778462366216,uncertain
heavy,0.85,main,,work,steal,class0_p99_us,10,3.9556875516000014,-3.877138771476249,13.570743707886999,uncertain
heavy,0.85,main,,work,steal,control_cpu_mean,10,-6.642981235972,-6.7810750007657,-6.5101336298049,lower
heavy,0.85,main,,work,steal,p999_us,10,2.9210040166,-1.0053969406049728,8.45516703440998,uncertain
heavy,0.85,main,,work,steal,p99_us,10,0.5451670546000059,-1.5282351423975036,2.847127470319991,uncertain
heavy,0.85,main,,work,steal,slo_miss_rate,10,1.995860762992,-0.017509411752000093,4.4553455502809225,uncertain
heavy,0.85,main,,work,threshold,class0_p99_us,10,1.9966881669199998,-5.978927996787499,11.725690634909997,uncertain
heavy,0.85,main,,work,threshold,control_cpu_mean,10,-3.733237997412,-3.7928803250411756,-3.6780164169330005,lower
heavy,0.85,main,,work,threshold,p999_us,10,2.139992620499993,-0.7803999216250108,5.6993043919849855,uncertain
heavy,0.85,main,,work,threshold,p99_us,10,0.1465777492000086,-1.762847474452485,2.218761289862512,uncertain
heavy,0.85,main,,work,threshold,slo_miss_rate,10,1.61093189814,-0.42703464275675007,4.017146993548899,uncertain
heavy,0.95,main,,bwc,jbsq,class0_p99_us,10,2135.62482584613,2004.4263665993244,2265.0616795394476,higher
heavy,0.95,main,,bwc,jbsq,control_cpu_mean,10,1.5647437611009998,1.561239987389125,1.5685358544799248,higher
heavy,0.95,main,,bwc,jbsq,p999_us,10,1749.1922121901,1617.7196000908723,1873.6176793938976,higher
heavy,0.95,main,,bwc,jbsq,p99_us,10,1921.8404975771998,1789.2851321600003,2053.219613479195,higher
heavy,0.95,main,,bwc,jbsq,slo_miss_rate,10,86.258869169695,83.07980428900001,89.09558270688207,higher
heavy,0.95,main,,bwc,jsw,class0_p99_us,10,2109.90484655951,1980.0886826888702,2238.4508724429747,higher
heavy,0.95,main,,bwc,jsw,control_cpu_mean,10,1.166343761097,1.162839987385125,1.1701358544759248,higher
heavy,0.95,main,,bwc,jsw,p999_us,10,1744.9297372305998,1612.4443059168175,1871.1903064585151,higher
heavy,0.95,main,,bwc,jsw,p99_us,10,1912.7143922482999,1780.5199784083002,2044.247903293435,higher
heavy,0.95,main,,bwc,jsw,slo_miss_rate,10,76.59194786061,73.39075978459599,79.59710985368073,higher
heavy,0.95,main,,bwc,qbr,class0_p99_us,10,2111.7050226112797,1981.0680665871223,2240.74840823754,higher
heavy,0.95,main,,bwc,qbr,control_cpu_mean,10,-1.9707830863970002,-2.021361556406,-1.9190347893206001,lower
heavy,0.95,main,,bwc,qbr,p999_us,10,1743.1525022315,1610.135236374145,1869.0050313192505,higher
heavy,0.95,main,,bwc,qbr,p99_us,10,1913.6243626505002,1781.6481434413301,2044.4646591308951,higher
heavy,0.95,main,,bwc,qbr,slo_miss_rate,10,76.89640515183001,73.74974192746127,79.85381579159001,higher
heavy,0.95,main,,bwc,single,class0_p99_us,10,2111.06595063908,1982.0383833029682,2238.4077746913795,higher
heavy,0.95,main,,bwc,single,control_cpu_mean,10,-1.879944306126,-1.9429157617700004,-1.816900696544,lower
heavy,0.95,main,,bwc,single,p999_us,10,1742.7265309039,1610.0319884617227,1867.1864310582423,higher
heavy,0.95,main,,bwc,single,p99_us,10,1913.6486008446002,1781.5205932465649,2044.5327681614042,higher
heavy,0.95,main,,bwc,single,slo_miss_rate,10,76.76793505438,73.57452915669725,79.77202946898625,higher
heavy,0.95,main,,bwc,steal,class0_p99_us,10,2112.5068026836598,1983.2161820966032,2240.588056374202,higher
heavy,0.95,main,,bwc,steal,control_cpu_mean,10,-2.306689631702,-2.4824383628798246,-2.1195869478011997,lower
heavy,0.95,main,,bwc,steal,p999_us,10,1745.5741304034,1613.1474152272274,1870.58265283622,higher
heavy,0.95,main,,bwc,steal,p99_us,10,1914.1552157216,1782.1194880380851,2044.806007389907,higher
heavy,0.95,main,,bwc,steal,slo_miss_rate,10,77.52395462018,74.35001253535725,80.47845688666574,higher
heavy,0.95,main,,bwc,threshold,class0_p99_us,10,2110.57132637177,1980.7435393059843,2239.3331266124774,higher
heavy,0.95,main,,bwc,threshold,control_cpu_mean,10,-4.122203834713,-4.228042226519849,-4.019894137117199,lower
heavy,0.95,main,,bwc,threshold,p999_us,10,1743.3138499828,1610.84172681619,1868.3211883643578,higher
heavy,0.95,main,,bwc,threshold,p99_us,10,1913.7220504989996,1781.1873556454,2044.7952478516825,higher
heavy,0.95,main,,bwc,threshold,slo_miss_rate,10,77.04260041319,73.90845742764374,80.07292969916149,higher
heavy,0.95,main,,jbsq,jsw,class0_p99_us,10,-25.719979286620003,-29.610587631647007,-22.94645663870001,lower
heavy,0.95,main,,jbsq,jsw,control_cpu_mean,10,-0.398400000004,-0.398400000004,-0.398400000004,lower
heavy,0.95,main,,jbsq,jsw,p999_us,10,-4.262474959500014,-7.34479976892501,-0.9120877203875061,lower
heavy,0.95,main,,jbsq,jsw,p99_us,10,-9.126105328899996,-10.180741362895004,-8.060792106609993,lower
heavy,0.95,main,,jbsq,jsw,slo_miss_rate,10,-9.666921309085001,-10.335125924759,-9.057757388776,lower
heavy,0.95,main,,jbsq,qbr,class0_p99_us,10,-23.91980323485,-25.224275102819995,-22.661302717462004,lower
heavy,0.95,main,,jbsq,qbr,control_cpu_mean,10,-3.535526847498,-3.5834197159658743,-3.4871115861845006,lower
heavy,0.95,main,,jbsq,qbr,p999_us,10,-6.039709958599997,-9.257311359937498,-2.713740421214996,lower
heavy,0.95,main,,jbsq,qbr,p99_us,10,-8.216134926699999,-9.411785502000008,-7.239152750087495,lower
heavy,0.95,main,,jbsq,qbr,slo_miss_rate,10,-9.362464017865,-10.12422183087665,-8.69577079412705,lower
heavy,0.95,main,,jbsq,single,class0_p99_us,10,-24.558875207050004,-27.198701449210006,-21.802161358201747,lower
heavy,0.95,main,,jbsq,single,control_cpu_mean,10,-3.4446880672269997,-3.5054354551834,-3.38453866465725,lower
heavy,0.95,main,,jbsq,single,p999_us,10,-6.465681286199993,-10.240061417642488,-2.4070004082824954,lower
heavy,0.95,main,,jbsq,single,p99_us,10,-8.191896732599991,-9.076372025344993,-7.380721445239999,lower
heavy,0.95,main,,jbsq,single,slo_miss_rate,10,-9.490934115315,-10.163988264691275,-8.922583865886075,lower
heavy,0.95,main,,jbsq,steal,class0_p99_us,10,-23.118023162470003,-25.913080705428253,-20.894183884791506,lower
heavy,0.95,main,,jbsq,steal,control_cpu_mean,10,-3.871433392803,-4.050313354135374,-3.681874200809775,lower
heavy,0.95,main,,jbsq,steal,p999_us,10,-3.618081786700009,-5.9127146898825105,-1.3553126556749941,lower
heavy,0.95,main,,jbsq,steal,p99_us,10,-7.685281855599999,-8.749653284767502,-6.725562213365008,lower
heavy,0.95,main,,jbsq,steal,slo_miss_rate,10,-8.734914549514999,-9.315235368886801,-8.242517307339323,lower
heavy,0.95,main,,jbsq,threshold,class0_p99_us,10,-25.053499474360002,-27.934199712319757,-22.662764142059004,lower
heavy,0.95,main,,jbsq,threshold,control_cpu_mean,10,-5.686947595814,-5.790093989164999,-5.587353281429926,lower
heavy,0.95,main,,jbsq,threshold,p999_us,10,-5.878362207300017,-10.318574933227518,-1.4924935838750053,lower
heavy,0.95,main,,jbsq,threshold,p99_us,10,-8.1184470782,-9.015790638424999,-7.231486628197494,lower
heavy,0.95,main,,jbsq,threshold,slo_miss_rate,10,-9.216268756505,-9.795822321271975,-8.6165011061256,lower
heavy,0.95,main,,jsw,jbsq,class0_p99_us,10,25.719979286620003,22.94645663870001,29.610587631647004,higher
heavy,0.95,main,,jsw,jbsq,control_cpu_mean,10,0.398400000004,0.398400000004,0.398400000004,higher
heavy,0.95,main,,jsw,jbsq,p999_us,10,4.262474959500014,0.9120877203875032,7.34479976892501,higher
heavy,0.95,main,,jsw,jbsq,p99_us,10,9.126105328899996,8.060792106609993,10.180741362895004,higher
heavy,0.95,main,,jsw,jbsq,slo_miss_rate,10,9.666921309085001,9.057757388776,10.335125924758998,higher
heavy,0.95,main,,jsw,qbr,class0_p99_us,10,1.800176051770005,-0.2176779953397435,4.8018554107372555,uncertain
heavy,0.95,main,,jsw,qbr,control_cpu_mean,10,-3.137126847494,-3.185019715961875,-3.0887115861805,lower
heavy,0.95,main,,jsw,qbr,p999_us,10,-1.7772349990999827,-5.661780349984987,1.7077040324350117,uncertain
heavy,0.95,main,,jsw,qbr,p99_us,10,0.9099704021999969,-0.9390534914800115,2.5004436578650173,uncertain
heavy,0.95,main,,jsw,qbr,slo_miss_rate,10,0.30445729121999976,0.07820071007074925,0.5348943967899996,higher
heavy,0.95,main,,jsw,single,class0_p99_us,10,1.161104079570002,-1.6978131901602458,4.161475312514001,uncertain
heavy,0.95,main,,jsw,single,control_cpu_mean,10,-3.046288067223,-3.1070354551794,-2.9861386646532506,lower
heavy,0.95,main,,jsw,single,p999_us,10,-2.2032063266999784,-6.081699791144985,1.5526653344525148,uncertain
heavy,0.95,main,,jsw,single,p99_us,10,0.9342085963000045,-0.07382015334749567,1.863443335562505,uncertain
heavy,0.95,main,,jsw,single,slo_miss_rate,10,0.17598719377,-0.06772177201024984,0.41474046953425037,uncertain
heavy,0.95,main,,jsw,steal,class0_p99_us,10,2.6019561241500044,1.1675916809100009,4.236024824951755,higher
heavy,0.95,main,,jsw,steal,control_cpu_mean,10,-3.4730333927990005,-3.6519133541313757,-3.283474200805775,lower
heavy,0.95,main,,jsw,steal,p999_us,10,0.6443931728000052,-2.307759629564982,3.52728861661,uncertain
heavy,0.95,main,,jsw,steal,p99_us,10,1.4408234732999972,0.4381633738674941,2.4484120738750033,higher
heavy,0.95,main,,jsw,steal,slo_miss_rate,10,0.9320067595700001,0.5711943232934997,1.2789655317937507,higher
heavy,0.95,main,,jsw,threshold,class0_p99_us,10,0.6664798122600046,-1.1638513213224955,2.625530358924505,uncertain
heavy,0.95,main,,jsw,threshold,control_cpu_mean,10,-5.288547595810001,-5.391693989161,-5.188953281425924,lower
heavy,0.95,main,,jsw,threshold,p999_us,10,-1.6158872478000035,-5.906293931917518,2.8531020140699987,uncertain
heavy,0.95,main,,jsw,threshold,p99_us,10,1.0076582506999956,-0.20310042107751583,2.3547958926225068,uncertain
heavy,0.95,main,,jsw,threshold,slo_miss_rate,10,0.45065255257999953,0.1150012550917502,0.7305858391199995,higher
heavy,0.95,main,,p2c,jbsq,class0_p99_us,10,46.34298008793,43.18014690793851,50.1617077624005,higher
heavy,0.95,main,,p2c,jbsq,control_cpu_mean,10,0.398400000004,0.398400000004,0.398400000004,higher
heavy,0.95,main,,p2c,jbsq,p999_us,10,3.462663509700019,0.05993058926003274,6.779033017037529,higher
heavy,0.95,main,,p2c,jbsq,p99_us,10,13.044783256700004,11.837368959897494,14.241598883100005,higher
heavy,0.95,main,,p2c,jbsq,slo_miss_rate,10,12.585652599145,11.945847687525,13.207059883665,higher
heavy,0.95,main,,p2c,jsw,class0_p99_us,10,20.62300080131,18.4088273525935,22.975995097075252,higher
heavy,0.95,main,,p2c,jsw,control_cpu_mean,10,0.0,0.0,0.0,uncertain
heavy,0.95,main,,p2c,jsw,p999_us,10,-0.799811449799995,-4.971143231575013,3.717114091412523,uncertain
heavy,0.95,main,,p2c,jsw,p99_us,10,3.9186779278000072,3.087951353937511,4.642369976667501,higher
heavy,0.95,main,,p2c,jsw,slo_miss_rate,10,2.9187312900599998,2.5087747733487507,3.3196662899112495,higher
heavy,0.95,main,,p2c,qbr,class0_p99_us,10,22.423176853080005,19.738955817367,25.408199201265006,higher
heavy,0.95,main,,p2c,qbr,control_cpu_mean,10,-3.137126847494,-3.185019715961875,-3.0887115861805,lower
heavy,0.95,main,,p2c,qbr,p999_us,10,-2.577046448899978,-7.285960908819962,1.941464633720032,uncertain
heavy,0.95,main,,p2c,qbr,p99_us,10,4.8286483300000045,3.124650216787496,6.383929649060006,higher
heavy,0.95,main,,p2c,qbr,slo_miss_rate,10,3.2231885812799996,2.8044159514852502,3.6216622037697497,higher
heavy,0.95,main,,p2c,single,class0_p99_us,10,21.78410488088,19.2179321756465,24.1282766253535,higher
heavy,0.95,main,,p2c,single,control_cpu_mean,10,-3.046288067223,-3.1070354551794,-2.9861386646532506,lower
heavy,0.95,main,,p2c,single,p999_us,10,-3.0030177764999735,-7.931198941719952,1.6118403706025102,uncertain
heavy,0.95,main,,p2c,single,p99_us,10,4.852886524100012,3.907147191600012,5.806910623795005,higher
heavy,0.95,main,,p2c,single,slo_miss_rate,10,3.0947184838300004,2.7148202090300004,3.4523441171385,higher
heavy,0.95,main,,p2c,steal,class0_p99_us,10,23.22495692546,20.85181638035825,25.31891994477425,higher
heavy,0.95,main,,p2c,steal,control_cpu_mean,10,-3.4730333927990005,-3.6519133541313757,-3.283474200805775,lower
heavy,0.95,main,,p2c,steal,p999_us,10,-0.15541827699998975,-3.786434524749986,3.702368707000005,uncertain
heavy,0.95,main,,p2c,steal,p99_us,10,5.359501401100005,4.489524309257515,6.296785503997497,higher
heavy,0.95,main,,p2c,steal,slo_miss_rate,10,3.8507380496300003,3.5367058710572503,4.15078962098525,higher
heavy,0.95,main,,p2c,threshold,class0_p99_us,10,21.289480613570003,18.611569402317496,23.907305014262754,higher
heavy,0.95,main,,p2c,threshold,control_cpu_mean,10,-5.288547595810001,-5.391693989161,-5.188953281425924,lower
heavy,0.95,main,,p2c,threshold,p999_us,10,-2.4156986975999986,-8.15583481292749,3.192032988827497,uncertain
heavy,0.95,main,,p2c,threshold,p99_us,10,4.926336178500003,3.604451638477502,6.2725630627900095,higher
heavy,0.95,main,,p2c,threshold,slo_miss_rate,10,3.369383842639999,3.0127439557167497,3.762420059174749,higher
heavy,0.95,main,,qbr,jbsq,class0_p99_us,10,23.91980323485,22.661302717462004,25.224275102819995,higher
heavy,0.95,main,,qbr,jbsq,control_cpu_mean,10,3.535526847498,3.4871115861845006,3.5834197159658743,higher
heavy,0.95,main,,qbr,jbsq,p999_us,10,6.039709958599997,2.713740421214996,9.257311359937496,higher
heavy,0.95,main,,qbr,jbsq,p99_us,10,8.216134926699999,7.239152750087494,9.411785502000008,higher
heavy,0.95,main,,qbr,jbsq,slo_miss_rate,10,9.362464017865,8.69577079412705,10.12422183087665,higher
heavy,0.95,main,,qbr,jsw,class0_p99_us,10,-1.800176051770005,-4.801855410737256,0.2176779953397429,uncertain
heavy,0.95,main,,qbr,jsw,control_cpu_mean,10,3.137126847494,3.0887115861805,3.185019715961875,higher
heavy,0.95,main,,qbr,jsw,p999_us,10,1.7772349990999827,-1.7077040324350155,5.661780349984986,uncertain
heavy,0.95,main,,qbr,jsw,p99_us,10,-0.9099704021999969,-2.5004436578650173,0.9390534914800102,uncertain
heavy,0.95,main,,qbr,jsw,slo_miss_rate,10,-0.30445729121999976,-0.5348943967899996,-0.0782007100707493,lower
heavy,0.95,main,,qbr,single,class0_p99_us,10,-0.6390719722000029,-3.2122081087990053,2.167654199754494,uncertain
heavy,0.95,main,,qbr,single,control_cpu_mean,10,0.090838780271,0.07468480402614992,0.10601265950367501,higher
heavy,0.95,main,,qbr,single,p999_us,10,-0.4259713275999957,-4.228369464302509,3.4145338699200014,uncertain
heavy,0.95,main,,qbr,single,p99_us,10,0.024238194100007604,-1.196576047147503,1.2899052095850103,uncertain
heavy,0.95,main,,qbr,single,slo_miss_rate,10,-0.1284700974499997,-0.29605477668275015,0.03250633437225006,uncertain
heavy,0.95,main,,qbr,steal,class0_p99_us,10,0.8017800723799994,-1.0963676455619993,2.4902249582299993,uncertain
heavy,0.95,main,,qbr,steal,control_cpu_mean,10,-0.33590654530499997,-0.5632372237445502,-0.09781687222555004,lower
heavy,0.95,main,,qbr,steal,p999_us,10,2.421628171899988,-0.9081564187800134,5.886388196642503,uncertain
heavy,0.95,main,,qbr,steal,p99_us,10,0.5308530711000004,-0.6305464378675026,1.7892121947299997,uncertain
heavy,0.95,main,,qbr,steal,slo_miss_rate,10,0.6275494683500005,0.3350917402775009,0.9375718859075002,higher
heavy,0.95,main,,qbr,threshold,class0_p99_us,10,-1.1336962395100003,-3.3810868799372478,1.121854984979997,uncertain
heavy,0.95,main,,qbr,threshold,control_cpu_mean,10,-2.151420748316,-2.2084204666144247,-2.097766775438875,lower
heavy,0.95,main,,qbr,threshold,p999_us,10,0.16134775129997933,-2.6436428591000323,3.0534641336650243,uncertain
heavy,0.95,main,,qbr,threshold,p99_us,10,0.0976878484999986,-0.9836884649000013,1.240879745355001,uncertain
heavy,0.95,main,,qbr,threshold,slo_miss_rate,10,0.1461952613599998,-0.15068958831125112,0.4356609782210007,uncertain
heavy,0.95,main,,single,jbsq,class0_p99_us,10,24.558875207050004,21.802161358201747,27.198701449210006,higher
heavy,0.95,main,,single,jbsq,control_cpu_mean,10,3.4446880672269997,3.38453866465725,3.5054354551834,higher
heavy,0.95,main,,single,jbsq,p999_us,10,6.465681286199993,2.407000408282494,10.240061417642487,higher
heavy,0.95,main,,single,jbsq,p99_us,10,8.191896732599991,7.380721445239997,9.076372025344993,higher
heavy,0.95,main,,single,jbsq,slo_miss_rate,10,9.490934115315,8.922583865886075,10.163988264691275,higher
heavy,0.95,main,,single,jsw,class0_p99_us,10,-1.161104079570002,-4.161475312514002,1.6978131901602451,uncertain
heavy,0.95,main,,single,jsw,control_cpu_mean,10,3.046288067223,2.9861386646532506,3.1070354551794,higher
heavy,0.95,main,,single,jsw,p999_us,10,2.2032063266999784,-1.5526653344525179,6.081699791144984,uncertain
heavy,0.95,main,,single,jsw,p99_us,10,-0.9342085963000045,-1.8634433355625055,0.0738201533474954,uncertain
heavy,0.95,main,,single,jsw,slo_miss_rate,10,-0.17598719377,-0.4147404695342504,0.06772177201024976,uncertain
heavy,0.95,main,,single,qbr,class0_p99_us,10,0.6390719722000029,-2.1676541997544962,3.2122081087990053,uncertain
heavy,0.95,main,,single,qbr,control_cpu_mean,10,-0.090838780271,-0.10601265950367503,-0.07468480402614994,lower
heavy,0.95,main,,single,qbr,p999_us,10,0.4259713275999957,-3.414533869920002,4.228369464302509,uncertain
heavy,0.95,main,,single,qbr,p99_us,10,-0.024238194100007604,-1.289905209585011,1.1965760471475029,uncertain
heavy,0.95,main,,single,qbr,slo_miss_rate,10,0.1284700974499997,-0.03250633437225029,0.2960547766827501,uncertain
heavy,0.95,main,,single,steal,class0_p99_us,10,1.4408520445800022,-1.0092588163059952,3.6658703578249954,uncertain
heavy,0.95,main,,single,steal,control_cpu_mean,10,-0.426745325576,-0.664017633150975,-0.17842070032210008,lower
heavy,0.95,main,,single,steal,p999_us,10,2.847599499499984,-0.1372469130175267,6.126476115044954,uncertain
heavy,0.95,main,,single,steal,p99_us,10,0.5066148769999927,-0.15581125603251264,1.2088097909599922,uncertain
heavy,0.95,main,,single,steal,slo_miss_rate,10,0.7560195658000002,0.577807624234251,0.9530241036247502,higher
heavy,0.95,main,,single,threshold,class0_p99_us,10,-0.49462426730999737,-3.3636534818152453,2.2258721586322507,uncertain
heavy,0.95,main,,single,threshold,control_cpu_mean,10,-2.2422595285869997,-2.2880988754930502,-2.198349837876275,lower
heavy,0.95,main,,single,threshold,p999_us,10,0.587319078899975,-2.8845076910350302,4.612120760472478,uncertain
heavy,0.95,main,,single,threshold,p99_us,10,0.073449654399991,-0.7635667698050129,1.0949421114449909,uncertain
heavy,0.95,main,,single,threshold,slo_miss_rate,10,0.27466535880999954,0.009616789981749741,0.5460910452087494,higher
heavy,0.95,main,,steal,jbsq,class0_p99_us,10,23.118023162470003,20.894183884791506,25.913080705428253,higher
heavy,0.95,main,,steal,jbsq,control_cpu_mean,10,3.871433392803,3.681874200809775,4.050313354135374,higher
heavy,0.95,main,,steal,jbsq,p999_us,10,3.618081786700009,1.3553126556749926,5.9127146898825105,higher
heavy,0.95,main,,steal,jbsq,p99_us,10,7.685281855599999,6.7255622133650075,8.749653284767502,higher
heavy,0.95,main,,steal,jbsq,slo_miss_rate,10,8.734914549514999,8.242517307339323,9.3152353688868,higher
heavy,0.95,main,,steal,jsw,class0_p99_us,10,-2.6019561241500044,-4.236024824951757,-1.1675916809100018,lower
heavy,0.95,main,,steal,jsw,control_cpu_mean,10,3.4730333927990005,3.283474200805775,3.6519133541313757,higher
heavy,0.95,main,,steal,jsw,p999_us,10,-0.6443931728000052,-3.52728861661,2.307759629564982,uncertain
heavy,0.95,main,,steal,jsw,p99_us,10,-1.4408234732999972,-2.448412073875004,-0.43816337386749415,lower
heavy,0.95,main,,steal,jsw,slo_miss_rate,10,-0.9320067595700001,-1.2789655317937507,-0.5711943232934998,lower
heavy,0.95,main,,steal,qbr,class0_p99_us,10,-0.8017800723799994,-2.4902249582299993,1.0963676455619986,uncertain
heavy,0.95,main,,steal,qbr,control_cpu_mean,10,0.33590654530499997,0.09781687222555001,0.5632372237445501,higher
heavy,0.95,main,,steal,qbr,p999_us,10,-2.421628171899988,-5.886388196642507,0.9081564187800133,uncertain
heavy,0.95,main,,steal,qbr,p99_us,10,-0.5308530711000004,-1.7892121947300001,0.6305464378675024,uncertain
heavy,0.95,main,,steal,qbr,slo_miss_rate,10,-0.6275494683500005,-0.9375718859075003,-0.335091740277501,lower
heavy,0.95,main,,steal,single,class0_p99_us,10,-1.4408520445800022,-3.6658703578249985,1.0092588163059937,uncertain
heavy,0.95,main,,steal,single,control_cpu_mean,10,0.426745325576,0.17842070032210006,0.664017633150975,higher
heavy,0.95,main,,steal,single,p999_us,10,-2.847599499499984,-6.126476115044956,0.13724691301752648,uncertain
heavy,0.95,main,,steal,single,p99_us,10,-0.5066148769999927,-1.2088097909599933,0.15581125603251256,uncertain
heavy,0.95,main,,steal,single,slo_miss_rate,10,-0.7560195658000002,-0.9530241036247503,-0.5778076242342511,lower
heavy,0.95,main,,steal,threshold,class0_p99_us,10,-1.9354763118899996,-3.0780366436174984,-0.6595013070624985,lower
heavy,0.95,main,,steal,threshold,control_cpu_mean,10,-1.8155142030110003,-2.104933239446,-1.5381128491739753,lower
heavy,0.95,main,,steal,threshold,p999_us,10,-2.260280420600009,-6.282540531887517,1.0794499214150173,uncertain
heavy,0.95,main,,steal,threshold,p99_us,10,-0.4331652226000017,-1.1899992629325007,0.2884515302999944,uncertain
heavy,0.95,main,,steal,threshold,slo_miss_rate,10,-0.48135420699000064,-0.7558373715237514,-0.20855962244425091,lower
heavy,0.95,main,,threshold,jbsq,class0_p99_us,10,25.053499474360002,22.662764142059004,27.934199712319753,higher
heavy,0.95,main,,threshold,jbsq,control_cpu_mean,10,5.686947595814,5.587353281429926,5.790093989164999,higher
heavy,0.95,main,,threshold,jbsq,p999_us,10,5.878362207300017,1.492493583874997,10.318574933227515,higher
heavy,0.95,main,,threshold,jbsq,p99_us,10,8.1184470782,7.231486628197493,9.015790638424997,higher
heavy,0.95,main,,threshold,jbsq,slo_miss_rate,10,9.216268756505,8.6165011061256,9.795822321271975,higher
heavy,0.95,main,,threshold,jsw,class0_p99_us,10,-0.6664798122600046,-2.625530358924505,1.1638513213224948,uncertain
heavy,0.95,main,,threshold,jsw,control_cpu_mean,10,5.288547595810001,5.188953281425924,5.391693989161,higher
heavy,0.95,main,,threshold,jsw,p999_us,10,1.6158872478000035,-2.8531020140699996,5.906293931917511,uncertain
heavy,0.95,main,,threshold,jsw,p99_us,10,-1.0076582506999956,-2.3547958926225068,0.20310042107751555,uncertain
heavy,0.95,main,,threshold,jsw,slo_miss_rate,10,-0.45065255257999953,-0.7305858391199995,-0.11500125509175023,lower
heavy,0.95,main,,threshold,qbr,class0_p99_us,10,1.1336962395100003,-1.121854984979997,3.3810868799372447,uncertain
heavy,0.95,main,,threshold,qbr,control_cpu_mean,10,2.151420748316,2.097766775438875,2.2084204666144247,higher
heavy,0.95,main,,threshold,qbr,p999_us,10,-0.16134775129997933,-3.053464133665027,2.6436428591000323,uncertain
heavy,0.95,main,,threshold,qbr,p99_us,10,-0.0976878484999986,-1.2408797453550013,0.9836884649000013,uncertain
heavy,0.95,main,,threshold,qbr,slo_miss_rate,10,-0.1461952613599998,-0.4356609782210007,0.15068958831125098,uncertain
heavy,0.95,main,,threshold,single,class0_p99_us,10,0.49462426730999737,-2.225872158632251,3.363653481815242,uncertain
heavy,0.95,main,,threshold,single,control_cpu_mean,10,2.2422595285869997,2.198349837876275,2.2880988754930502,higher
heavy,0.95,main,,threshold,single,p999_us,10,-0.587319078899975,-4.612120760472479,2.884507691035027,uncertain
heavy,0.95,main,,threshold,single,p99_us,10,-0.073449654399991,-1.0949421114449909,0.7635667698050124,uncertain
heavy,0.95,main,,threshold,single,slo_miss_rate,10,-0.27466535880999954,-0.5460910452087495,-0.00961678998174986,lower
heavy,0.95,main,,threshold,steal,class0_p99_us,10,1.9354763118899996,0.6595013070624985,3.078036643617498,higher
heavy,0.95,main,,threshold,steal,control_cpu_mean,10,1.8155142030110003,1.5381128491739753,2.104933239446,higher
heavy,0.95,main,,threshold,steal,p999_us,10,2.260280420600009,-1.0794499214150184,6.282540531887515,uncertain
heavy,0.95,main,,threshold,steal,p99_us,10,0.4331652226000017,-0.2884515302999944,1.1899992629325005,uncertain
heavy,0.95,main,,threshold,steal,slo_miss_rate,10,0.48135420699000064,0.20855962244425083,0.7558373715237513,higher
heavy,0.95,main,,work,jbsq,class0_p99_us,10,1310.54124000893,1182.1945025273335,1422.9940798541127,higher
heavy,0.95,main,,work,jbsq,control_cpu_mean,10,0.398400000004,0.398400000004,0.398400000004,higher
heavy,0.95,main,,work,jbsq,p999_us,10,1032.2943292190998,909.744191324045,1138.541852103605,higher
heavy,0.95,main,,work,jbsq,p99_us,10,1138.2419502712,1008.5485754313451,1252.0928237883275,higher
heavy,0.95,main,,work,jbsq,slo_miss_rate,10,86.03853763829501,82.95182232700454,88.72437743652209,higher
heavy,0.95,main,,work,jsw,class0_p99_us,10,1284.82126072231,1157.0844860231923,1396.3889284739275,higher
heavy,0.95,main,,work,jsw,control_cpu_mean,10,0.0,0.0,0.0,uncertain
heavy,0.95,main,,work,jsw,p999_us,10,1028.0318542596,904.7831713580474,1135.3525583782728,higher
heavy,0.95,main,,work,jsw,p99_us,10,1129.1158449422999,999.3202707350575,1242.5472900896623,higher
heavy,0.95,main,,work,jsw,slo_miss_rate,10,76.37161632921,73.263008511019,79.26070148973523,higher
heavy,0.95,main,,work,qbr,class0_p99_us,10,1286.62143677408,1158.9118267500035,1398.5215694492135,higher
heavy,0.95,main,,work,qbr,control_cpu_mean,10,-3.137126847494,-3.185019715961875,-3.0887115861805,lower
heavy,0.95,main,,work,qbr,p999_us,10,1026.2546192605002,902.5362064001201,1133.2489365196977,higher
heavy,0.95,main,,work,qbr,p99_us,10,1130.0258153445002,1001.0309520355828,1243.5787171066625,higher
heavy,0.95,main,,work,qbr,slo_miss_rate,10,76.67607362043,73.65802712745777,79.5706367366845,higher
heavy,0.95,main,,work,single,class0_p99_us,10,1285.9823648018798,1159.205593862116,1396.0018412958952,higher
heavy,0.95,main,,work,single,control_cpu_mean,10,-3.046288067223,-3.1070354551794,-2.9861386646532506,lower
heavy,0.95,main,,work,single,p999_us,10,1025.8286479329001,902.62021916947,1131.95939340927,higher
heavy,0.95,main,,work,single,p99_us,10,1130.0500535386,1000.6269166227751,1243.4304099645874,higher
heavy,0.95,main,,work,single,slo_miss_rate,10,76.54760352298001,73.44938114235676,79.44701877049751,higher
heavy,0.95,main,,work,steal,class0_p99_us,10,1287.42321684646,1160.6406425720852,1398.4919325870414,higher
heavy,0.95,main,,work,steal,control_cpu_mean,10,-3.4730333927990005,-3.6519133541313757,-3.283474200805775,lower
heavy,0.95,main,,work,steal,p999_us,10,1028.6762474324,905.4912721988651,1135.1116448057696,higher
heavy,0.95,main,,work,steal,p99_us,10,1130.5566684156,1001.3976149601725,1243.7481956160498,higher
heavy,0.95,main,,work,steal,slo_miss_rate,10,77.30362308878,74.24001953564026,80.166018296143,higher
heavy,0.95,main,,work,threshold,class0_p99_us,10,1285.48774053457,1158.4945034321877,1397.2115591634272,higher
heavy,0.95,main,,work,threshold,control_cpu_mean,10,-5.288547595810001,-5.391693989161,-5.188953281425924,lower
heavy,0.95,main,,work,threshold,p999_us,10,1026.4159670118001,903.0436025839001,1133.17405211614,higher
heavy,0.95,main,,work,threshold,p99_us,10,1130.123503193,1000.7409405664475,1243.973845093,higher
heavy,0.95,main,,work,threshold,slo_miss_rate,10,76.82226888179,73.77332799913425,79.69460748747949,higher
stall,0.5,main,,bwc,jbsq,class0_p99_us,10,1.2162355125300006,1.143507126305751,1.2905147992925015,higher
stall,0.5,main,,bwc,jbsq,control_cpu_mean,10,1.080839472093,1.0793233086532998,1.082068244984175,higher
stall,0.5,main,,bwc,jbsq,p999_us,10,-0.41422732850000443,-5.233306709472506,4.161824165752489,uncertain
stall,0.5,main,,bwc,jbsq,p99_us,10,-0.08671676740000293,-0.6620881274750019,0.5269374814424944,uncertain
stall,0.5,main,,bwc,jbsq,slo_miss_rate,10,-0.043443261899599996,-0.06286812832725001,-0.022174442475499996,lower
stall,0.5,main,,bwc,jsw,class0_p99_us,10,-0.08209495725000018,-0.18430425735299885,0.032723649133999486,uncertain
stall,0.5,main,,bwc,jsw,control_cpu_mean,10,0.6824394720890001,0.6809233086493001,0.683668244980175,higher
stall,0.5,main,,bwc,jsw,p999_us,10,-1.799585435900002,-5.718248777179991,1.6131523807424943,uncertain
stall,0.5,main,,bwc,jsw,p99_us,10,-2.242475514900002,-3.400165921007499,-1.1531381524100017,lower
stall,0.5,main,,bwc,jsw,slo_miss_rate,10,-0.060141351296599976,-0.09200631472823749,-0.027189368778429986,lower
stall,0.5,main,,bwc,qbr,class0_p99_us,10,-0.09282354101000045,-0.15124441054300053,-0.030315579679500323,lower
stall,0.5,main,,bwc,qbr,control_cpu_mean,10,-0.9142059666469999,-0.9158800543970002,-0.9126728942669999,lower
stall,0.5,main,,bwc,qbr,p999_us,10,2.2604123183999887,-1.5728931633049994,6.241504552979979,uncertain
stall,0.5,main,,bwc,qbr,p99_us,10,-0.5685972859999964,-1.0508098837474997,-0.09028577362999617,lower
stall,0.5,main,,bwc,qbr,slo_miss_rate,10,-0.024632793515099987,-0.044484898146969994,-0.005731730467577496,lower
stall,0.5,main,,bwc,single,class0_p99_us,10,-0.06256425472000089,-0.18595518425925123,0.06519093004999929,uncertain
stall,0.5,main,,bwc,single,control_cpu_mean,10,-0.9131587576310001,-0.9154897862563247,-0.9111503816154498,lower
stall,0.5,main,,bwc,single,p999_us,10,-0.948774961800001,-4.975285409647487,3.1705310950075014,uncertain
stall,0.5,main,,bwc,single,p99_us,10,-0.9366420354000041,-1.6029582107050038,-0.20314529306500348,lower
stall,0.5,main,,bwc,single,slo_miss_rate,10,-0.046469579972199984,-0.07091255669603247,-0.021832804659739993,lower
stall,0.5,main,,bwc,steal,class0_p99_us,10,-0.16899875012000082,-0.3181983678220005,-0.023742543502500983,lower
stall,0.5,main,,bwc,steal,control_cpu_mean,10,-2.6014595421379996,-2.6758330071132996,-2.5278016059814745,lower
stall,0.5,main,,bwc,steal,p999_us,10,-0.2366819534000058,-3.759079094749994,3.1322038984649967,uncertain
stall,0.5,main,,bwc,steal,p99_us,10,-1.197292806500002,-1.973100927347504,-0.4212945119724998,lower
stall,0.5,main,,bwc,steal,slo_miss_rate,10,-0.04262524488939998,-0.06635132645753997,-0.017965048439822495,lower
stall,0.5,main,,bwc,threshold,class0_p99_us,10,-0.13395199644999992,-0.17686238080450026,-0.08856420333899943,lower
stall,0.5,main,,bwc,threshold,control_cpu_mean,10,-0.965309815372,-0.9673300968478751,-0.962821892361275,lower
stall,0.5,main,,bwc,threshold,p999_us,10,-0.8634566653000035,-4.615989700832503,2.5066048589149985,uncertain
stall,0.5,main,,bwc,threshold,p99_us,10,-0.953366358400001,-1.577420806792501,-0.30756454678000067,lower
stall,0.5,main,,bwc,threshold,slo_miss_rate,10,-0.024909615845099993,-0.041552934886455006,-0.006828696394217497,lower
stall,0.5,main,,jbsq,jsw,class0_p99_us,10,-1.2983304697800009,-1.393726209295501,-1.1871022648000007,lower
stall,0.5,main,,jbsq,jsw,control_cpu_mean,10,-0.398400000004,-0.398400000004,-0.398400000004,lower
stall,0.5,main,,jbsq,jsw,p999_us,10,-1.3853581073999977,-5.960791737700004,3.590733326924985,uncertain
stall,0.5,main,,jbsq,jsw,p99_us,10,-2.1557587474999993,-3.237406571624991,-1.0961019160550032,lower
stall,0.5,main,,jbsq,jsw,slo_miss_rate,10,-0.016698089396999988,-0.039307927761484986,0.01067014041316501,uncertain
stall,0.5,main,,jbsq,qbr,class0_p99_us,10,-1.309059053540001,-1.4070113525627506,-1.2133882985680016,lower
stall,0.5,main,,jbsq,qbr,control_cpu_mean,10,-1.99504543874,-1.9958268813650002,-1.9941453932087498,lower
stall,0.5,main,,jbsq,qbr,p999_us,10,2.674639646899993,-0.6590765459850105,5.648425318194987,uncertain
stall,0.5,main,,jbsq,qbr,p99_us,10,-0.4818805185999935,-0.8725353032799915,-0.09207265287999769,lower
stall,0.5,main,,jbsq,qbr,slo_miss_rate,10,0.018810468384500012,0.007346246584392511,0.03063839437775501,higher
stall,0.5,main,,jbsq,single,class0_p99_us,10,-1.2787997672500016,-1.4052306416272506,-1.1556283311807516,lower
stall,0.5,main,,jbsq,single,control_cpu_mean,10,-1.9939982297239998,-1.995076873340575,-1.993087307504575,lower
stall,0.5,main,,jbsq,single,p999_us,10,-0.5345476332999965,-4.7916261481049895,4.786302517370004,uncertain
stall,0.5,main,,jbsq,single,p99_us,10,-0.8499252680000012,-1.2003255699300037,-0.4799983435999991,lower
stall,0.5,main,,jbsq,single,slo_miss_rate,10,-0.0030263180725999873,-0.015208770086377483,0.010820059364994998,uncertain
stall,0.5,main,,jbsq,steal,class0_p99_us,10,-1.3852342626500014,-1.5053528062135013,-1.2602558769872518,lower
stall,0.5,main,,jbsq,steal,control_cpu_mean,10,-3.682299014231,-3.756648585738575,-3.60881608716545,lower
stall,0.5,main,,jbsq,steal,p999_us,10,0.17754537509999863,-4.925599780225002,6.348065313770008,uncertain
stall,0.5,main,,jbsq,steal,p99_us,10,-1.110576039099999,-1.578515227922501,-0.6658456385574957,lower
stall,0.5,main,,jbsq,steal,slo_miss_rate,10,0.0008180170102000183,-0.007926319343672475,0.010602645390005001,uncertain
stall,0.5,main,,jbsq,threshold,class0_p99_us,10,-1.3501875089800006,-1.4195529043765003,-1.281982211765251,lower
stall,0.5,main,,jbsq,threshold,control_cpu_mean,10,-2.046149287465,-2.048516725487175,-2.0433786548482753,lower
stall,0.5,main,,jbsq,threshold,p999_us,10,-0.44922933679999916,-3.2293906440275078,2.3472667870425026,uncertain
stall,0.5,main,,jbsq,threshold,p99_us,10,-0.866649590999998,-1.2714490142075017,-0.49862481219499416,lower
stall,0.5,main,,jbsq,threshold,slo_miss_rate,10,0.018533646054500006,0.011802727542947512,0.02644712974560003,higher
stall,0.5,main,,jsw,jbsq,class0_p99_us,10,1.2983304697800009,1.1871022648000007,1.393726209295501,higher
stall,0.5,main,,jsw,jbsq,control_cpu_mean,10,0.398400000004,0.398400000004,0.398400000004,higher
stall,0.5,main,,jsw,jbsq,p999_us,10,1.3853581073999977,-3.5907333269249944,5.960791737700004,uncertain
stall,0.5,main,,jsw,jbsq,p99_us,10,2.1557587474999993,1.096101916055003,3.2374065716249896,higher
stall,0.5,main,,jsw,jbsq,slo_miss_rate,10,0.016698089396999988,-0.010670140413165018,0.03930792776148498,uncertain
stall,0.5,main,,jsw,qbr,class0_p99_us,10,-0.010728583760000276,-0.10180810250100038,0.08469102097574949,uncertain
stall,0.5,main,,jsw,qbr,control_cpu_mean,10,-1.596645438736,-1.5974268813610002,-1.5957453932047498,lower
stall,0.5,main,,jsw,qbr,p999_us,10,4.0599977542999905,0.5895982984149909,7.33027126270748,higher
stall,0.5,main,,jsw,qbr,p99_us,10,1.6738782289000056,0.6578988891000052,2.8094489902675024,higher
stall,0.5,main,,jsw,qbr,slo_miss_rate,10,0.03550855778149999,0.013866589367457494,0.055268187161192514,higher
stall,0.5,main,,jsw,single,class0_p99_us,10,0.019530702529999288,-0.10387800322050124,0.13670382092099959,uncertain
stall,0.5,main,,jsw,single,control_cpu_mean,10,-1.5955982297199998,-1.596676873336575,-1.594687307500575,lower
stall,0.5,main,,jsw,single,p999_us,10,0.8508104741000011,-2.3457765129174897,3.7663720879899927,uncertain
stall,0.5,main,,jsw,single,p99_us,10,1.305833479499998,0.3357917245549989,2.2469773683024887,higher
stall,0.5,main,,jsw,single,slo_miss_rate,10,0.013671771324399997,-0.012063701532427508,0.03648836803428499,uncertain
stall,0.5,main,,jsw,steal,class0_p99_us,10,-0.08690379287000063,-0.20807357498650036,0.04341213441649863,uncertain
stall,0.5,main,,jsw,steal,control_cpu_mean,10,-3.283899014227,-3.3582485857345756,-3.210416087161451,lower
stall,0.5,main,,jsw,steal,p999_us,10,1.5629034824999963,-1.7296581300324931,5.039611475924995,uncertain
stall,0.5,main,,jsw,steal,p99_us,10,1.0451827084,0.05983189329999969,1.8627619333250023,higher
stall,0.5,main,,jsw,steal,slo_miss_rate,10,0.017516106407200006,-0.008198234699865,0.03890530488419999,uncertain
stall,0.5,main,,jsw,threshold,class0_p99_us,10,-0.05185703919999973,-0.1413295710337496,0.03286417278749975,uncertain
stall,0.5,main,,jsw,threshold,control_cpu_mean,10,-1.647749287461,-1.6501167254831748,-1.6449786548442749,lower
stall,0.5,main,,jsw,threshold,p999_us,10,0.9361287705999984,-2.7004450421550064,4.620462241947492,uncertain
stall,0.5,main,,jsw,threshold,p99_us,10,1.289109156500001,0.3526356445000016,2.1444504502149973,higher
stall,0.5,main,,jsw,threshold,slo_miss_rate,10,0.03523173545149999,0.01059321217520248,0.05697905918110502,higher
stall,0.5,main,,p2c,jbsq,class0_p99_us,10,0.5114545937800017,0.43870012036975176,0.5837573167902513,higher
stall,0.5,main,,p2c,jbsq,control_cpu_mean,10,0.398400000004,0.398400000004,0.398400000004,higher
stall,0.5,main,,p2c,jbsq,p999_us,10,3.675279627000003,-0.09025811367999463,7.344704442022503,uncertain
stall,0.5,main,,p2c,jbsq,p99_us,10,3.458571733100004,3.055332199000003,3.9059886572600053,higher
stall,0.5,main,,p2c,jbsq,slo_miss_rate,10,0.1694549857785,0.15874693842423998,0.17968922714167,higher
stall,0.5,main,,p2c,jsw,class0_p99_us,10,-0.7868758759999992,-0.8662764965749993,-0.7103432852927487,lower
stall,0.5,main,,p2c,jsw,control_cpu_mean,10,0.0,0.0,0.0,uncertain
stall,0.5,main,,p2c,jsw,p999_us,10,2.289921519600006,-2.163299130914997,6.562787380637506,uncertain
stall,0.5,main,,p2c,jsw,p99_us,10,1.302812985600005,0.24040150369500424,2.3868934291600086,higher
stall,0.5,main,,p2c,jsw,slo_miss_rate,10,0.15275689638150003,0.12885318519430006,0.175058516866155,higher
stall,0.5,main,,p2c,qbr,class0_p99_us,10,-0.7976044597599994,-0.8973394504047494,-0.7068915135802499,lower
stall,0.5,main,,p2c,qbr,control_cpu_mean,10,-1.596645438736,-1.5974268813610002,-1.5957453932047498,lower
stall,0.5,main,,p2c,qbr,p999_us,10,6.349919273899997,3.6390042649124936,9.083016493747499,higher
stall,0.5,main,,p2c,qbr,p99_us,10,2.9766912145000104,2.3175305163250077,3.6377711925275094,higher
stall,0.5,main,,p2c,qbr,slo_miss_rate,10,0.18826545416300003,0.17232118833379,0.20402333588826,higher
stall,0.5,main,,p2c,single,class0_p99_us,10,-0.7673451734699999,-0.885742447483,-0.6701258378472501,lower
stall,0.5,main,,p2c,single,control_cpu_mean,10,-1.5955982297199998,-1.596676873336575,-1.594687307500575,lower
stall,0.5,main,,p2c,single,p999_us,10,3.140731993700007,-1.0801797140649807,7.754288229684998,uncertain
stall,0.5,main,,p2c,single,p99_us,10,2.6086464651000028,2.036522646500001,3.151851007095002,higher
stall,0.5,main,,p2c,single,slo_miss_rate,10,0.16642866770590004,0.15020705377396748,0.18458411879691503,higher
stall,0.5,main,,p2c,steal,class0_p99_us,10,-0.8737796688699998,-1.0004316094539993,-0.7468273526075003,lower
stall,0.5,main,,p2c,steal,control_cpu_mean,10,-3.283899014227,-3.3582485857345756,-3.210416087161451,lower
stall,0.5,main,,p2c,steal,p999_us,10,3.852825002100002,-0.45776850110249745,8.807775090862503,uncertain
stall,0.5,main,,p2c,steal,p99_us,10,2.347995694000005,1.8064480637050013,2.9071416959750067,higher
stall,0.5,main,,p2c,steal,slo_miss_rate,10,0.17027300278870003,0.15748878909355005,0.1837111656667525,higher
stall,0.5,main,,p2c,threshold,class0_p99_us,10,-0.8387329151999989,-0.9287833097329983,-0.7598584463622491,lower
stall,0.5,main,,p2c,threshold,control_cpu_mean,10,-1.647749287461,-1.6501167254831748,-1.6449786548442749,lower
stall,0.5,main,,p2c,threshold,p999_us,10,3.2260502902000043,1.0362916608000072,5.090473840805002,higher
stall,0.5,main,,p2c,threshold,p99_us,10,2.591922142100006,2.279144440325006,2.9086462344850115,higher
stall,0.5,main,,p2c,threshold,slo_miss_rate,10,0.18798863183300002,0.17664818526717496,0.19788255298491753,higher
stall,0.5,main,,qbr,jbsq,class0_p99_us,10,1.309059053540001,1.2133882985680016,1.4070113525627506,higher
stall,0.5,main,,qbr,jbsq,control_cpu_mean,10,1.99504543874,1.9941453932087498,1.9958268813650002,higher
stall,0.5,main,,qbr,jbsq,p999_us,10,-2.674639646899993,-5.648425318194987,0.6590765459850082,uncertain
stall,0.5,main,,qbr,jbsq,p99_us,10,0.4818805185999935,0.09207265287999761,0.8725353032799915,higher
stall,0.5,main,,qbr,jbsq,slo_miss_rate,10,-0.018810468384500012,-0.030638394377755014,-0.007346246584392512,lower
stall,0.5,main,,qbr,jsw,class0_p99_us,10,0.010728583760000276,-0.08469102097574949,0.10180810250100038,uncertain
stall,0.5,main,,qbr,jsw,control_cpu_mean,10,1.596645438736,1.5957453932047498,1.5974268813610002,higher
stall,0.5,main,,qbr,jsw,p999_us,10,-4.0599977542999905,-7.330271262707485,-0.5895982984149944,lower
stall,0.5,main,,qbr,jsw,p99_us,10,-1.6738782289000056,-2.809448990267503,-0.6578988891000052,lower
stall,0.5,main,,qbr,jsw,slo_miss_rate,10,-0.03550855778149999,-0.055268187161192514,-0.013866589367457502,lower
stall,0.5,main,,qbr,single,class0_p99_us,10,0.030259286289999566,-0.04993506116525035,0.11691916419874898,uncertain
stall,0.5,main,,qbr,single,control_cpu_mean,10,0.001047209016000021,-0.0002944459823248915,0.002170493330100013,uncertain
stall,0.5,main,,qbr,single,p999_us,10,-3.20918728019999,-7.115369884457485,1.0441086039474978,uncertain
stall,0.5,main,,qbr,single,p99_us,10,-0.36804474940000775,-0.7722631581625083,0.017207599799994,uncertain
stall,0.5,main,,qbr,single,slo_miss_rate,10,-0.0218367864571,-0.0320546963713125,-0.011777830703287546,lower
stall,0.5,main,,qbr,steal,class0_p99_us,10,-0.07617520911000035,-0.20660045117074965,0.05208293853674855,uncertain
stall,0.5,main,,qbr,steal,control_cpu_mean,10,-1.687253575491,-1.76187780978325,-1.6134966944132252,lower
stall,0.5,main,,qbr,steal,p999_us,10,-2.4970942717999947,-7.332166409994988,2.5203068240650097,uncertain
stall,0.5,main,,qbr,steal,p99_us,10,-0.6286955205000055,-1.2938755440425092,-0.0161133689575043,lower
stall,0.5,main,,qbr,steal,slo_miss_rate,10,-0.017992451374299993,-0.031881211830259965,-0.0055254879051375,lower
stall,0.5,main,,qbr,threshold,class0_p99_us,10,-0.041128455439999455,-0.07797054118049893,-0.002066217253499049,lower
stall,0.5,main,,qbr,threshold,control_cpu_mean,10,-0.05110384872499999,-0.053202381959450054,-0.04890116139017494,lower
stall,0.5,main,,qbr,threshold,p999_us,10,-3.1238689836999924,-5.802072409212494,-0.5319941699674988,lower
stall,0.5,main,,qbr,threshold,p99_us,10,-0.3847690724000046,-0.974114514945002,0.20445938002249528,uncertain
stall,0.5,main,,qbr,threshold,slo_miss_rate,10,-0.00027682233000000597,-0.012118124073649992,0.011798336362299999,uncertain
stall,0.5,main,,single,jbsq,class0_p99_us,10,1.2787997672500016,1.1556283311807516,1.4052306416272504,higher
stall,0.5,main,,single,jbsq,control_cpu_mean,10,1.9939982297239998,1.993087307504575,1.995076873340575,higher
stall,0.5,main,,single,jbsq,p999_us,10,0.5345476332999965,-4.786302517370011,4.7916261481049895,uncertain
stall,0.5,main,,single,jbsq,p99_us,10,0.8499252680000012,0.4799983435999991,1.2003255699300037,higher
stall,0.5,main,,single,jbsq,slo_miss_rate,10,0.0030263180725999873,-0.010820059364995,0.015208770086377481,uncertain
stall,0.5,main,,single,jsw,class0_p99_us,10,-0.019530702529999288,-0.13670382092100022,0.10387800322050122,uncertain
stall,0.5,main,,single,jsw,control_cpu_mean,10,1.5955982297199998,1.594687307500575,1.596676873336575,higher
stall,0.5,main,,single,jsw,p999_us,10,-0.8508104741000011,-3.766372087989996,2.3457765129174897,uncertain
stall,0.5,main,,single,jsw,p99_us,10,-1.305833479499998,-2.24697736830249,-0.33579172455499906,lower
stall,0.5,main,,single,jsw,slo_miss_rate,10,-0.013671771324399997,-0.036488368034285,0.012063701532427471,uncertain
stall,0.5,main,,single,qbr,class0_p99_us,10,-0.030259286289999566,-0.116919164198749,0.049935061165250344,uncertain
stall,0.5,main,,single,qbr,control_cpu_mean,10,-0.001047209016000021,-0.002170493330100013,0.0002944459823248914,uncertain
stall,0.5,main,,single,qbr,p999_us,10,3.20918728019999,-1.0441086039475038,7.115369884457484,uncertain
stall,0.5,main,,single,qbr,p99_us,10,0.36804474940000775,-0.017207599799994,0.7722631581625082,uncertain
stall,0.5,main,,single,qbr,slo_miss_rate,10,0.0218367864571,0.011777830703287499,0.0320546963713125,higher
stall,0.5,main,,single,steal,class0_p99_us,10,-0.10643449539999991,-0.22165723558175007,0.008724498926000057,uncertain
stall,0.5,main,,single,steal,control_cpu_mean,10,-1.6883007845070002,-1.762815694830375,-1.6148756316803499,lower
stall,0.5,main,,single,steal,p999_us,10,0.7120930083999951,-2.7958667491475007,4.040018811532485,uncertain
stall,0.5,main,,single,steal,p99_us,10,-0.2606507710999978,-0.6156851848499965,0.10915979587000227,uncertain
stall,0.5,main,,single,steal,slo_miss_rate,10,0.0038443350828000064,-0.005097443323600001,0.014374389670109984,uncertain
stall,0.5,main,,single,threshold,class0_p99_us,10,-0.07138774172999902,-0.17804679701449885,0.02405769046000117,uncertain
stall,0.5,main,,single,threshold,control_cpu_mean,10,-0.052151057741000005,-0.05506199399702499,-0.0488097079858251,lower
stall,0.5,main,,single,threshold,p999_us,10,0.08531829649999736,-4.327071147752498,3.9729737772649893,uncertain
stall,0.5,main,,single,threshold,p99_us,10,-0.016724322999996842,-0.5155277133049997,0.4830163605025024,uncertain
stall,0.5,main,,single,threshold,slo_miss_rate,10,0.021559964127099995,0.007120397230852483,0.036295302786862445,higher
stall,0.5,main,,steal,jbsq,class0_p99_us,10,1.3852342626500014,1.2602558769872516,1.505352806213501,higher
stall,0.5,main,,steal,jbsq,control_cpu_mean,10,3.682299014231,3.60881608716545,3.756648585738575,higher
stall,0.5,main,,steal,jbsq,p999_us,10,-0.17754537509999863,-6.348065313770009,4.925599780224999,uncertain
stall,0.5,main,,steal,jbsq,p99_us,10,1.110576039099999,0.6658456385574953,1.5785152279225008,higher
stall,0.5,main,,steal,jbsq,slo_miss_rate,10,-0.0008180170102000183,-0.010602645390005003,0.007926319343672474,uncertain
stall,0.5,main,,steal,jsw,class0_p99_us,10,0.08690379287000063,-0.043412134416498646,0.20807357498650034,uncertain
stall,0.5,main,,steal,jsw,control_cpu_mean,10,3.283899014227,3.210416087161451,3.3582485857345756,higher
stall,0.5,main,,steal,jsw,p999_us,10,-1.5629034824999963,-5.039611475925,1.7296581300324898,uncertain
stall,0.5,main,,steal,jsw,p99_us,10,-1.0451827084,-1.8627619333250023,-0.059831893300000834,lower
stall,0.5,main,,steal,jsw,slo_miss_rate,10,-0.017516106407200006,-0.03890530488419999,0.008198234699864995,uncertain
stall,0.5,main,,steal,qbr,class0_p99_us,10,0.07617520911000035,-0.05208293853674857,0.2066004511707496,uncertain
stall,0.5,main,,steal,qbr,control_cpu_mean,10,1.687253575491,1.6134966944132252,1.76187780978325,higher
stall,0.5,main,,steal,qbr,p999_us,10,2.4970942717999947,-2.5203068240650097,7.3321664099949855,uncertain
stall,0.5,main,,steal,qbr,p99_us,10,0.6286955205000055,0.01611336895750385,1.2938755440425092,higher
stall,0.5,main,,steal,qbr,slo_miss_rate,10,0.017992451374299993,0.005525487905137497,0.031881211830259965,higher
stall,0.5,main,,steal,single,class0_p99_us,10,0.10643449539999991,-0.008724498926000069,0.22165723558175007,uncertain
stall,0.5,main,,steal,single,control_cpu_mean,10,1.6883007845070002,1.6148756316803499,1.762815694830375,higher
stall,0.5,main,,steal,single,p999_us,10,-0.7120930083999951,-4.040018811532489,2.795866749147499,uncertain
stall,0.5,main,,steal,single,p99_us,10,0.2606507710999978,-0.1091597958700023,0.6156851848499963,uncertain
stall,0.5,main,,steal,single,slo_miss_rate,10,-0.0038443350828000064,-0.014374389670109988,0.005097443323600001,uncertain
stall,0.5,main,,steal,threshold,class0_p99_us,10,0.035046753670000895,-0.09322965592849823,0.15886543840475034,uncertain
stall,0.5,main,,steal,threshold,control_cpu_mean,10,1.6361497267660003,1.562395596767075,1.7108374574381746,higher
stall,0.5,main,,steal,threshold,p999_us,10,-0.6267747118999978,-5.109362369409996,2.435684686477488,uncertain
stall,0.5,main,,steal,threshold,p99_us,10,0.24392644810000091,-0.2581241465974975,0.7633476009699983,uncertain
stall,0.5,main,,steal,threshold,slo_miss_rate,10,0.017715629044299987,0.006315137367034988,0.029579198187094993,higher
stall,0.5,main,,threshold,jbsq,class0_p99_us,10,1.3501875089800006,1.281982211765251,1.4195529043765003,higher
stall,0.5,main,,threshold,jbsq,control_cpu_mean,10,2.046149287465,2.0433786548482753,2.048516725487175,higher
stall,0.5,main,,threshold,jbsq,p999_us,10,0.44922933679999916,-2.3472667870425044,3.229390644027507,uncertain
stall,0.5,main,,threshold,jbsq,p99_us,10,0.866649590999998,0.4986248121949941,1.2714490142075017,higher
stall,0.5,main,,threshold,jbsq,slo_miss_rate,10,-0.018533646054500006,-0.02644712974560003,-0.011802727542947512,lower
stall,0.5,main,,threshold,jsw,class0_p99_us,10,0.05185703919999973,-0.03286417278749983,0.1413295710337496,uncertain
stall,0.5,main,,threshold,jsw,control_cpu_mean,10,1.647749287461,1.6449786548442749,1.6501167254831748,higher
stall,0.5,main,,threshold,jsw,p999_us,10,-0.9361287705999984,-4.620462241947492,2.7004450421550055,uncertain
stall,0.5,main,,threshold,jsw,p99_us,10,-1.289109156500001,-2.1444504502149973,-0.35263564450000173,lower
stall,0.5,main,,threshold,jsw,slo_miss_rate,10,-0.03523173545149999,-0.05697905918110502,-0.010593212175202503,lower
stall,0.5,main,,threshold,qbr,class0_p99_us,10,0.041128455439999455,0.0020662172534990477,0.07797054118049891,higher
stall,0.5,main,,threshold,qbr,control_cpu_mean,10,0.05110384872499999,0.04890116139017494,0.053202381959450054,higher
stall,0.5,main,,threshold,qbr,p999_us,10,3.1238689836999924,0.5319941699674964,5.802072409212485,higher
stall,0.5,main,,threshold,qbr,p99_us,10,0.3847690724000046,-0.20445938002249534,0.974114514945002,uncertain
stall,0.5,main,,threshold,qbr,slo_miss_rate,10,0.00027682233000000597,-0.011798336362299999,0.01211812407364999,uncertain
stall,0.5,main,,threshold,single,class0_p99_us,10,0.07138774172999902,-0.02405769046000117,0.17804679701449821,uncertain
stall,0.5,main,,threshold,single,control_cpu_mean,10,0.052151057741000005,0.0488097079858251,0.05506199399702498,higher
stall,0.5,main,,threshold,single,p999_us,10,-0.08531829649999736,-3.97297377726499,4.327071147752496,uncertain
stall,0.5,main,,threshold,single,p99_us,10,0.016724322999996842,-0.4830163605025024,0.5155277133049997,uncertain
stall,0.5,main,,threshold,single,slo_miss_rate,10,-0.021559964127099995,-0.03629530278686247,-0.007120397230852488,lower
stall,0.5,main,,threshold,steal,class0_p99_us,10,-0.035046753670000895,-0.15886543840475034,0.09322965592849822,uncertain
stall,0.5,main,,threshold,steal,control_cpu_mean,10,-1.6361497267660003,-1.7108374574381746,-1.562395596767075,lower
stall,0.5,main,,threshold,steal,p999_us,10,0.6267747118999978,-2.4356846864774893,5.109362369409994,uncertain
stall,0.5,main,,threshold,steal,p99_us,10,-0.24392644810000091,-0.7633476009699984,0.25812414659749744,uncertain
stall,0.5,main,,threshold,steal,slo_miss_rate,10,-0.017715629044299987,-0.029579198187094997,-0.006315137367034992,lower
stall,0.5,main,,work,jbsq,class0_p99_us,10,1.6081760756400012,1.4953343051700014,1.699073148860002,higher
stall,0.5,main,,work,jbsq,control_cpu_mean,10,0.398400000004,0.398400000004,0.398400000004,higher
stall,0.5,main,,work,jbsq,p999_us,10,-0.5600326773000119,-3.8045650925675227,2.893264669644992,uncertain
stall,0.5,main,,work,jbsq,p99_us,10,-0.012781198199999722,-0.6183560089224982,0.5349898046049972,uncertain
stall,0.5,main,,work,jbsq,slo_miss_rate,10,-0.034570741616999995,-0.059532889693817495,-0.0122517966394,lower
stall,0.5,main,,work,jsw,class0_p99_us,10,0.3098456058600004,0.1964216465205005,0.4057575633645007,higher
stall,0.5,main,,work,jsw,control_cpu_mean,10,0.0,0.0,0.0,uncertain
stall,0.5,main,,work,jsw,p999_us,10,-1.9453907847000096,-5.916052355885014,2.5119077281724826,uncertain
stall,0.5,main,,work,jsw,p99_us,10,-2.1685399456999987,-3.3950509714999955,-1.0245880245800036,lower
stall,0.5,main,,work,jsw,slo_miss_rate,10,-0.05126883101399998,-0.08448068396812744,-0.018139096543359958,lower
stall,0.5,main,,work,qbr,class0_p99_us,10,0.2991170221000001,0.21383719769974954,0.3833479651162485,higher
stall,0.5,main,,work,qbr,control_cpu_mean,10,-1.596645438736,-1.5974268813610002,-1.5957453932047498,lower
stall,0.5,main,,work,qbr,p999_us,10,2.1146069695999814,-1.2224870146075126,5.266754055379973,uncertain
stall,0.5,main,,work,qbr,p99_us,10,-0.4946617167999932,-1.1747831975924947,0.22236383767750953,uncertain
stall,0.5,main,,work,qbr,slo_miss_rate,10,-0.015760273232499986,-0.042293335568622505,0.010855510162192453,uncertain
stall,0.5,main,,work,single,class0_p99_us,10,0.32937630838999965,0.22240833985799968,0.44065383403899966,higher
stall,0.5,main,,work,single,control_cpu_mean,10,-1.5955982297199998,-1.596676873336575,-1.594687307500575,lower
stall,0.5,main,,work,single,p999_us,10,-1.0945803106000085,-5.841433050602506,3.424231129099985,uncertain
stall,0.5,main,,work,single,p99_us,10,-0.8627064662000009,-1.4847245267700029,-0.18168724877500464,lower
stall,0.5,main,,work,single,slo_miss_rate,10,-0.03759705968959999,-0.06484440032819999,-0.009599548929050048,lower
stall,0.5,main,,work,steal,class0_p99_us,10,0.22294181298999974,0.12436212031424933,0.32795480777099983,higher
stall,0.5,main,,work,steal,control_cpu_mean,10,-3.283899014227,-3.3582485857345756,-3.210416087161451,lower
stall,0.5,main,,work,steal,p999_us,10,-0.38248730220001337,-5.6686493137650205,5.164302007117477,uncertain
stall,0.5,main,,work,steal,p99_us,10,-1.1233572372999987,-1.807139277967497,-0.4267264641299985,lower
stall,0.5,main,,work,steal,slo_miss_rate,10,-0.033752724606799976,-0.058593039840644956,-0.009779405569562498,lower
stall,0.5,main,,work,threshold,class0_p99_us,10,0.25798856666000064,0.17645473430000003,0.3363382114099995,higher
stall,0.5,main,,work,threshold,control_cpu_mean,10,-1.647749287461,-1.6501167254831748,-1.6449786548442749,lower
stall,0.5,main,,work,threshold,p999_us,10,-1.009262014100011,-4.175943244955002,2.0950670417174844,uncertain
stall,0.5,main,,work,threshold,p99_us,10,-0.8794307891999977,-1.8286091283974995,-0.03467943042249858,lower
stall,0.5,main,,work,threshold,slo_miss_rate,10,-0.016037095562499992,-0.045483375580187516,0.010970407114045016,uncertain
stall,0.7,main,,bwc,jbsq,class0_p99_us,10,1.15153880216,1.0537673495649993,1.2464765213580002,higher
stall,0.7,main,,bwc,jbsq,control_cpu_mean,10,1.291090224388,1.2881230591623,1.2941901982672501,higher
stall,0.7,main,,bwc,jbsq,p999_us,10,-0.964173360299992,-3.971886830449987,2.4047221530749954,uncertain
stall,0.7,main,,bwc,jbsq,p99_us,10,-0.017034225200004017,-0.5325180819850024,0.6257133586274943,uncertain
stall,0.7,main,,bwc,jbsq,slo_miss_rate,10,-0.0389757200347,-0.05387596946429998,-0.02405082097055002,lower
stall,0.7,main,,bwc,jsw,class0_p99_us,10,-5.799689315969999,-6.1326339940559995,-5.461206580717,lower
stall,0.7,main,,bwc,jsw,control_cpu_mean,10,0.8926902243839999,0.8897230591583,0.89579019826325,higher
stall,0.7,main,,bwc,jsw,p999_us,10,-5.306595443599986,-7.98338134393249,-3.0139731655199853,lower
stall,0.7,main,,bwc,jsw,p99_us,10,-3.8651638435000053,-4.462991013885008,-3.2799178114850154,lower
stall,0.7,main,,bwc,jsw,slo_miss_rate,10,-0.08688173543229999,-0.10169885075692746,-0.07223401474036502,lower
stall,0.7,main,,bwc,qbr,class0_p99_us,10,-5.90907614343,-6.2675815848535,-5.557540517562249,lower
stall,0.7,main,,bwc,qbr,control_cpu_mean,10,-0.781174281768,-0.787820083354775,-0.7751325259811,lower
stall,0.7,main,,bwc,qbr,p999_us,10,-2.819032292899993,-6.312636786457505,0.8580165713275058,uncertain
stall,0.7,main,,bwc,qbr,p99_us,10,-1.089101413100002,-1.4965610957525013,-0.6287803466675052,lower
stall,0.7,main,,bwc,qbr,slo_miss_rate,10,-0.031665125407499994,-0.050576951740425,-0.013058374892459994,lower
stall,0.7,main,,bwc,single,class0_p99_us,10,-6.03846051335,-6.370997962028499,-5.7129169136092495,lower
stall,0.7,main,,bwc,single,control_cpu_mean,10,-0.763414827181,-0.76684146875945,-0.7594667996836251,lower
stall,0.7,main,,bwc,single,p999_us,10,-2.451471993499996,-5.646409679407491,0.7151171992075006,uncertain
stall,0.7,main,,bwc,single,p99_us,10,-0.9256025572000027,-1.5205396518950054,-0.3137303953425072,lower
stall,0.7,main,,bwc,single,slo_miss_rate,10,-0.05611970278409999,-0.07911119863218251,-0.03467439123681751,lower
stall,0.7,main,,bwc,steal,class0_p99_us,10,-6.739453546119999,-7.008801291075,-6.49562030031,lower
stall,0.7,main,,bwc,steal,control_cpu_mean,10,-5.923888164774999,-5.979305312932149,-5.87017120043555,lower
stall,0.7,main,,bwc,steal,p999_us,10,-3.725139865199992,-7.632879219467488,-0.02134597631498455,lower
stall,0.7,main,,bwc,steal,p99_us,10,-0.7714312452999991,-1.3401229655599975,-0.19984015488500295,lower
stall,0.7,main,,bwc,steal,slo_miss_rate,10,-0.039271438667399995,-0.06091698312475249,-0.01888949374192503,lower
stall,0.7,main,,bwc,threshold,class0_p99_us,10,-6.84880257967,-7.15424103326725,-6.502929419127,lower
stall,0.7,main,,bwc,threshold,control_cpu_mean,10,-1.430373154769,-1.4464534374494749,-1.4135058971215246,lower
stall,0.7,main,,bwc,threshold,p999_us,10,-0.7876425044999905,-4.724644852172496,3.1869109651425087,uncertain
stall,0.7,main,,bwc,threshold,p99_us,10,-0.9946492452000001,-1.6036627051599988,-0.32835708943001,lower
stall,0.7,main,,bwc,threshold,slo_miss_rate,10,-0.0385361233478,-0.05092195227234501,-0.02635521099837,lower
stall,0.7,main,,jbsq,jsw,class0_p99_us,10,-6.9512281181299995,-7.232986144178748,-6.65687896025975,lower
stall,0.7,main,,jbsq,jsw,control_cpu_mean,10,-0.398400000004,-0.398400000004,-0.398400000004,lower
stall,0.7,main,,jbsq,jsw,p999_us,10,-4.342422083299994,-8.07870022398499,-1.5023554440999987,lower
stall,0.7,main,,jbsq,jsw,p99_us,10,-3.848129618300001,-4.563797236440005,-3.136968926919998,lower
stall,0.7,main,,jbsq,jsw,slo_miss_rate,10,-0.04790601539759998,-0.056612183032899985,-0.03970368799770498,lower
stall,0.7,main,,jbsq,qbr,class0_p99_us,10,-7.060614945589999,-7.371582554069749,-6.7363455215575,lower
stall,0.7,main,,jbsq,qbr,control_cpu_mean,10,-2.0722645061560003,-2.07971024794175,-2.0652268527154503,lower
stall,0.7,main,,jbsq,qbr,p999_us,10,-1.8548589326000013,-5.5285928928424894,1.369933481364986,uncertain
stall,0.7,main,,jbsq,qbr,p99_us,10,-1.0720671878999979,-1.459233682647498,-0.7195985603999957,lower
stall,0.7,main,,jbsq,qbr,slo_miss_rate,10,0.007310594627200004,-0.007525325518000002,0.019225995111617496,uncertain
stall,0.7,main,,jbsq,single,class0_p99_us,10,-7.189999315509999,-7.487427761192499,-6.89911066468,lower
stall,0.7,main,,jbsq,single,control_cpu_mean,10,-2.054505051569,-2.0590192678493504,-2.0496578576329503,lower
stall,0.7,main,,jbsq,single,p999_us,10,-1.487298633200004,-4.699612714597499,1.1606702294949869,uncertain
stall,0.7,main,,jbsq,single,p99_us,10,-0.9085683319999986,-1.3017231506700024,-0.5358790787049976,lower
stall,0.7,main,,jbsq,single,slo_miss_rate,10,-0.017143982749400002,-0.03734419783434249,5.2270716097480656e-05,uncertain
stall,0.7,main,,jbsq,steal,class0_p99_us,10,-7.890992348279999,-8.10519832823675,-7.699314642153,lower
stall,0.7,main,,jbsq,steal,control_cpu_mean,10,-7.214978389162999,-7.270874417951624,-7.161625046593575,lower
stall,0.7,main,,jbsq,steal,p999_us,10,-2.7609665049,-6.361194876397482,0.5234607838549928,uncertain
stall,0.7,main,,jbsq,steal,p99_us,10,-0.7543970200999951,-0.9925224644650016,-0.5179778543974897,lower
stall,0.7,main,,jbsq,steal,slo_miss_rate,10,-0.00029571863269999693,-0.01063998728217249,0.011946313109244976,uncertain
stall,0.7,main,,jbsq,threshold,class0_p99_us,10,-8.000341381830001,-8.32314225463,-7.64344796658725,lower
stall,0.7,main,,jbsq,threshold,control_cpu_mean,10,-2.721463379157,-2.739567252521575,-2.7023054224691747,lower
stall,0.7,main,,jbsq,threshold,p999_us,10,0.17653085580000152,-4.386066395922488,4.211373265430002,uncertain
stall,0.7,main,,jbsq,threshold,p99_us,10,-0.9776150199999961,-1.2435395330224999,-0.7370988178374946,lower
stall,0.7,main,,jbsq,threshold,slo_miss_rate,10,0.0004395966868999974,-0.0042047768220275115,0.004806592757965004,uncertain
stall,0.7,main,,jsw,jbsq,class0_p99_us,10,6.9512281181299995,6.65687896025975,7.232986144178748,higher
stall,0.7,main,,jsw,jbsq,control_cpu_mean,10,0.398400000004,0.398400000004,0.398400000004,higher
stall,0.7,main,,jsw,jbsq,p999_us,10,4.342422083299994,1.5023554440999987,8.078700223984987,higher
stall,0.7,main,,jsw,jbsq,p99_us,10,3.848129618300001,3.136968926919998,4.563797236440002,higher
stall,0.7,main,,jsw,jbsq,slo_miss_rate,10,0.04790601539759998,0.039703687997704976,0.056612183032899985,higher
stall,0.7,main,,jsw,qbr,class0_p99_us,10,-0.1093868274600002,-0.38837034342999993,0.18528532819999918,uncertain
stall,0.7,main,,jsw,qbr,control_cpu_mean,10,-1.6738645061519999,-1.6813102479377502,-1.66682685271145,lower
stall,0.7,main,,jsw,qbr,p999_us,10,2.4875631506999922,0.08336899706000585,4.907729821759985,higher
stall,0.7,main,,jsw,qbr,p99_us,10,2.7760624304000032,2.1142844349399987,3.4028261773575035,higher
stall,0.7,main,,jsw,qbr,slo_miss_rate,10,0.05521661002479998,0.0392551426890875,0.07025714430374247,higher
stall,0.7,main,,jsw,single,class0_p99_us,10,-0.2387711973800002,-0.45840076375599964,-0.036677821763000176,lower
stall,0.7,main,,jsw,single,control_cpu_mean,10,-1.656105051565,-1.66061926784535,-1.65125785762895,lower
stall,0.7,main,,jsw,single,p999_us,10,2.8551234500999896,0.13372893531250077,5.451461472194981,higher
stall,0.7,main,,jsw,single,p99_us,10,2.9395612863000027,2.1383466405075002,3.8007484880450018,higher
stall,0.7,main,,jsw,single,slo_miss_rate,10,0.030762032648199978,0.008388360381232468,0.05013542719520496,higher
stall,0.7,main,,jsw,steal,class0_p99_us,10,-0.9397642301500003,-1.1866351329595004,-0.7211129203440005,lower
stall,0.7,main,,jsw,steal,control_cpu_mean,10,-6.816578389159,-6.872474417947624,-6.763225046589575,lower
stall,0.7,main,,jsw,steal,p999_us,10,1.5814555783999935,-1.5411283491025114,4.323387471287504,uncertain
stall,0.7,main,,jsw,steal,p99_us,10,3.093732598200006,2.296675309157503,3.8388476601025108,higher
stall,0.7,main,,jsw,steal,slo_miss_rate,10,0.04761029676489999,0.03349720547200749,0.06060044466474495,higher
stall,0.7,main,,jsw,threshold,class0_p99_us,10,-1.0491132637000002,-1.37207168226675,-0.7534430647977506,lower
stall,0.7,main,,jsw,threshold,control_cpu_mean,10,-2.3230633791529995,-2.341167252517575,-2.3039054224651747,lower
stall,0.7,main,,jsw,threshold,p999_us,10,4.518952939099995,1.6850680943174963,7.238743516247487,higher
stall,0.7,main,,jsw,threshold,p99_us,10,2.870514598300005,2.193501561595003,3.6069337528775063,higher
stall,0.7,main,,jsw,threshold,slo_miss_rate,10,0.04834561208449998,0.03989732126878498,0.056496469320734946,higher
stall,0.7,main,,p2c,jbsq,class0_p99_us,10,17.84885749637,16.3972204429505,19.095677844656002,higher
stall,0.7,main,,p2c,jbsq,control_cpu_mean,10,0.398400000004,0.398400000004,0.398400000004,higher
stall,0.7,main,,p2c,jbsq,p999_us,10,6.940912341499995,3.6199719522775142,10.905806225454976,higher
stall,0.7,main,,p2c,jbsq,p99_us,10,5.3937148865000015,4.844228685252499,5.930413598312502,higher
stall,0.7,main,,p2c,jbsq,slo_miss_rate,10,0.6149278456863,0.5656104806898975,0.6580288241057125,higher
stall,0.7,main,,p2c,jsw,class0_p99_us,10,10.897629378240001,9.603200891647752,12.034369107984748,higher
stall,0.7,main,,p2c,jsw,control_cpu_mean,10,0.0,0.0,0.0,uncertain
stall,0.7,main,,p2c,jsw,p999_us,10,2.598490258200002,0.07248933893000299,4.7435494551724995,higher
stall,0.7,main,,p2c,jsw,p99_us,10,1.5455852682,1.0923503372424976,2.0084655912575067,higher
stall,0.7,main,,p2c,jsw,slo_miss_rate,10,0.5670218302887,0.519804916195135,0.6095584892411652,higher
stall,0.7,main,,p2c,qbr,class0_p99_us,10,10.788242550780001,9.554251135526503,11.82678101751425,higher
stall,0.7,main,,p2c,qbr,control_cpu_mean,10,-1.6738645061519999,-1.6813102479377502,-1.66682685271145,lower
stall,0.7,main,,p2c,qbr,p999_us,10,5.0860534088999945,2.353048619932485,7.620905939479993,higher
stall,0.7,main,,p2c,qbr,p99_us,10,4.321647698600003,3.7645361854999977,4.885048180352499,higher
stall,0.7,main,,p2c,qbr,slo_miss_rate,10,0.6222384403135,0.575642502308015,0.664541849991445,higher
stall,0.7,main,,p2c,single,class0_p99_us,10,10.65885818086,9.44442770934025,11.66746346808025,higher
stall,0.7,main,,p2c,single,control_cpu_mean,10,-1.656105051565,-1.66061926784535,-1.65125785762895,lower
stall,0.7,main,,p2c,single,p999_us,10,5.453613708299992,3.3109686113599954,7.586568283524993,higher
stall,0.7,main,,p2c,single,p99_us,10,4.485146554500003,3.8771032869900033,5.210898425545003,higher
stall,0.7,main,,p2c,single,slo_miss_rate,10,0.5977838629369,0.5503095453466951,0.6405435767663925,higher
stall,0.7,main,,p2c,steal,class0_p99_us,10,9.95786514809,8.571603467437251,11.098231618122,higher
stall,0.7,main,,p2c,steal,control_cpu_mean,10,-6.816578389159,-6.872474417947624,-6.763225046589575,lower
stall,0.7,main,,p2c,steal,p999_us,10,4.1799458365999955,-0.020018439315014024,8.134842925979997,uncertain
stall,0.7,main,,p2c,steal,p99_us,10,4.639317866400006,4.045715303200011,5.231762738757509,higher
stall,0.7,main,,p2c,steal,slo_miss_rate,10,0.6146321270536,0.55779191571542,0.6654830528207001,higher
stall,0.7,main,,p2c,threshold,class0_p99_us,10,9.84851611454,8.544107535160249,10.932349179845499,higher
stall,0.7,main,,p2c,threshold,control_cpu_mean,10,-2.3230633791529995,-2.341167252517575,-2.3039054224651747,lower
stall,0.7,main,,p2c,threshold,p999_us,10,7.1174431972999965,4.144317593557494,10.464099442444992,higher
stall,0.7,main,,p2c,threshold,p99_us,10,4.416099866500005,3.9716477826000043,4.930819849142509,higher
stall,0.7,main,,p2c,threshold,slo_miss_rate,10,0.6153674423732,0.5673523744689024,0.6579648832874375,higher
stall,0.7,main,,qbr,jbsq,class0_p99_us,10,7.060614945589999,6.7363455215575,7.371582554069748,higher
stall,0.7,main,,qbr,jbsq,control_cpu_mean,10,2.0722645061560003,2.0652268527154503,2.07971024794175,higher
stall,0.7,main,,qbr,jbsq,p999_us,10,1.8548589326000013,-1.3699334813649908,5.528592892842485,uncertain
stall,0.7,main,,qbr,jbsq,p99_us,10,1.0720671878999979,0.7195985603999957,1.4592336826474979,higher
stall,0.7,main,,qbr,jbsq,slo_miss_rate,10,-0.007310594627200004,-0.019225995111617503,0.007525325518000002,uncertain
stall,0.7,main,,qbr,jsw,class0_p99_us,10,0.1093868274600002,-0.18528532819999932,0.38837034342999993,uncertain
stall,0.7,main,,qbr,jsw,control_cpu_mean,10,1.6738645061519999,1.66682685271145,1.6813102479377502,higher
stall,0.7,main,,qbr,jsw,p999_us,10,-2.4875631506999922,-4.907729821759989,-0.08336899706000789,lower
stall,0.7,main,,qbr,jsw,p99_us,10,-2.7760624304000032,-3.402826177357504,-2.1142844349399987,lower
stall,0.7,main,,qbr,jsw,slo_miss_rate,10,-0.05521661002479998,-0.07025714430374247,-0.03925514268908751,lower
stall,0.7,main,,qbr,single,class0_p99_us,10,-0.12938436992,-0.30504795108900074,0.029174812276999806,uncertain
stall,0.7,main,,qbr,single,control_cpu_mean,10,0.01775945458700003,0.01193722574919995,0.023866290001225067,higher
stall,0.7,main,,qbr,single,p999_us,10,0.36756029939999735,-1.488621819532509,2.4689324648999844,uncertain
stall,0.7,main,,qbr,single,p99_us,10,0.1634988558999993,-0.24470694580750801,0.5704266308125057,uncertain
stall,0.7,main,,qbr,single,slo_miss_rate,10,-0.024454577376600006,-0.036192414499085,-0.012378162182327505,lower
stall,0.7,main,,qbr,steal,class0_p99_us,10,-0.8303774026900002,-1.0709726565390003,-0.5828859925999993,lower
stall,0.7,main,,qbr,steal,control_cpu_mean,10,-5.142713883007,-5.1974638420944,-5.0884457840248,lower
stall,0.7,main,,qbr,steal,p999_us,10,-0.9061075722999987,-3.9913918482425013,1.8415812454525036,uncertain
stall,0.7,main,,qbr,steal,p99_us,10,0.3176701678000029,-0.10979619442500158,0.7815615336200016,uncertain
stall,0.7,main,,qbr,steal,slo_miss_rate,10,-0.0076063132599000025,-0.02439225058950501,0.009434301670820001,uncertain
stall,0.7,main,,qbr,threshold,class0_p99_us,10,-0.9397264362400002,-1.2485785133692509,-0.680701337339,lower
stall,0.7,main,,qbr,threshold,control_cpu_mean,10,-0.6491988730009999,-0.6636383363809998,-0.634330637501625,lower
stall,0.7,main,,qbr,threshold,p999_us,10,2.031389788400003,-0.8128261558475037,5.272938012829994,uncertain
stall,0.7,main,,qbr,threshold,p99_us,10,0.09445216790000188,-0.3639173263125007,0.5592249153300048,uncertain
stall,0.7,main,,qbr,threshold,slo_miss_rate,10,-0.0068709979403000065,-0.01783370279369001,0.006927064036597491,uncertain
stall,0.7,main,,single,jbsq,class0_p99_us,10,7.189999315509999,6.89911066468,7.487427761192499,higher
stall,0.7,main,,single,jbsq,control_cpu_mean,10,2.054505051569,2.0496578576329503,2.0590192678493504,higher
stall,0.7,main,,single,jbsq,p999_us,10,1.487298633200004,-1.1606702294949884,4.699612714597499,uncertain
stall,0.7,main,,single,jbsq,p99_us,10,0.9085683319999986,0.5358790787049976,1.3017231506700022,higher
stall,0.7,main,,single,jbsq,slo_miss_rate,10,0.017143982749400002,-5.2270716097490624e-05,0.03734419783434246,uncertain
stall,0.7,main,,single,jsw,class0_p99_us,10,0.2387711973800002,0.03667782176300016,0.4584007637559996,higher
stall,0.7,main,,single,jsw,control_cpu_mean,10,1.656105051565,1.65125785762895,1.66061926784535,higher
stall,0.7,main,,single,jsw,p999_us,10,-2.8551234500999896,-5.4514614721949854,-0.13372893531250235,lower
stall,0.7,main,,single,jsw,p99_us,10,-2.9395612863000027,-3.8007484880450026,-2.1383466405075002,lower
stall,0.7,main,,single,jsw,slo_miss_rate,10,-0.030762032648199978,-0.05013542719520497,-0.008388360381232475,lower
stall,0.7,main,,single,qbr,class0_p99_us,10,0.12938436992,-0.02917481227699996,0.3050479510890007,uncertain
stall,0.7,main,,single,qbr,control_cpu_mean,10,-0.01775945458700003,-0.02386629000122507,-0.01193722574919996,lower
stall,0.7,main,,single,qbr,p999_us,10,-0.36756029939999735,-2.4689324648999844,1.4886218195325083,uncertain
stall,0.7,main,,single,qbr,p99_us,10,-0.1634988558999993,-0.5704266308125058,0.24470694580750796,uncertain
stall,0.7,main,,single,qbr,slo_miss_rate,10,0.024454577376600006,0.012378162182327505,0.03619241449908499,higher
stall,0.7,main,,single,steal,class0_p99_us,10,-0.7009930327700001,-0.9071835581199998,-0.48899712962549996,lower
stall,0.7,main,,single,steal,control_cpu_mean,10,-5.160473337594,-5.216587580646074,-5.105149801923775,lower
stall,0.7,main,,single,steal,p999_us,10,-1.273667871699996,-4.583372501764994,2.1544711579075,uncertain
stall,0.7,main,,single,steal,p99_us,10,0.1541713119000036,-0.3475940369774969,0.6914355775075068,uncertain
stall,0.7,main,,single,steal,slo_miss_rate,10,0.016848264116700006,-0.002841275085909995,0.03864814235693247,uncertain
stall,0.7,main,,single,threshold,class0_p99_us,10,-0.8103420663200002,-1.1470273957160002,-0.5536322173967508,lower
stall,0.7,main,,single,threshold,control_cpu_mean,10,-0.6669583275879999,-0.682041541251325,-0.650957877429225,lower
stall,0.7,main,,single,threshold,p999_us,10,1.6638294890000054,-1.8304303026000028,5.884926326820001,uncertain
stall,0.7,main,,single,threshold,p99_us,10,-0.0690466879999974,-0.5315257297449991,0.31890703420000366,uncertain
stall,0.7,main,,single,threshold,slo_miss_rate,10,0.017583579436299998,0.0008409532086324754,0.03774002176665997,higher
stall,0.7,main,,steal,jbsq,class0_p99_us,10,7.890992348279999,7.699314642153,8.10519832823675,higher
stall,0.7,main,,steal,jbsq,control_cpu_mean,10,7.214978389162999,7.161625046593575,7.270874417951624,higher
stall,0.7,main,,steal,jbsq,p999_us,10,2.7609665049,-0.5234607838549953,6.361194876397481,uncertain
stall,0.7,main,,steal,jbsq,p99_us,10,0.7543970200999951,0.5179778543974896,0.9925224644650016,higher
stall,0.7,main,,steal,jbsq,slo_miss_rate,10,0.00029571863269999693,-0.011946313109244978,0.010639987282172485,uncertain
stall,0.7,main,,steal,jsw,class0_p99_us,10,0.9397642301500003,0.7211129203440005,1.1866351329595002,higher
stall,0.7,main,,steal,jsw,control_cpu_mean,10,6.816578389159,6.763225046589575,6.872474417947624,higher
stall,0.7,main,,steal,jsw,p999_us,10,-1.5814555783999935,-4.3233874712875044,1.5411283491025114,uncertain
stall,0.7,main,,steal,jsw,p99_us,10,-3.093732598200006,-3.838847660102511,-2.296675309157503,lower
stall,0.7,main,,steal,jsw,slo_miss_rate,10,-0.04761029676489999,-0.06060044466474498,-0.0334972054720075,lower
stall,0.7,main,,steal,qbr,class0_p99_us,10,0.8303774026900002,0.5828859925999993,1.0709726565389994,higher
stall,0.7,main,,steal,qbr,control_cpu_mean,10,5.142713883007,5.0884457840248,5.1974638420944,higher
stall,0.7,main,,steal,qbr,p999_us,10,0.9061075722999987,-1.8415812454525051,3.991391848242499,uncertain
stall,0.7,main,,steal,qbr,p99_us,10,-0.3176701678000029,-0.7815615336200016,0.10979619442500148,uncertain
stall,0.7,main,,steal,qbr,slo_miss_rate,10,0.0076063132599000025,-0.009434301670820005,0.024392250589505,uncertain
stall,0.7,main,,steal,single,class0_p99_us,10,0.7009930327700001,0.48899712962549996,0.9071835581199998,higher
stall,0.7,main,,steal,single,control_cpu_mean,10,5.160473337594,5.105149801923775,5.216587580646074,higher
stall,0.7,main,,steal,single,p999_us,10,1.273667871699996,-2.154471157907502,4.583372501764992,uncertain
stall,0.7,main,,steal,single,p99_us,10,-0.1541713119000036,-0.691435577507507,0.3475940369774968,uncertain
stall,0.7,main,,steal,single,slo_miss_rate,10,-0.016848264116700006,-0.0386481423569325,0.0028412750859099878,uncertain
stall,0.7,main,,steal,threshold,class0_p99_us,10,-0.10934903355000003,-0.4529422600357498,0.20008337265475046,uncertain
stall,0.7,main,,steal,threshold,control_cpu_mean,10,4.493515010006,4.4373959559657505,4.54582623510765,higher
stall,0.7,main,,steal,threshold,p999_us,10,2.9374973607000014,-0.6552106732774922,6.260888666110008,uncertain
stall,0.7,main,,steal,threshold,p99_us,10,-0.22321799990000102,-0.5400931707949995,0.09070925844500427,uncertain
stall,0.7,main,,steal,threshold,slo_miss_rate,10,0.0007353153195999937,-0.012666992759384994,0.012817459749147482,uncertain
stall,0.7,main,,threshold,jbsq,class0_p99_us,10,8.000341381830001,7.64344796658725,8.32314225463,higher
stall,0.7,main,,threshold,jbsq,control_cpu_mean,10,2.721463379157,2.7023054224691747,2.739567252521575,higher
stall,0.7,main,,threshold,jbsq,p999_us,10,-0.17653085580000152,-4.211373265430003,4.3860663959224855,uncertain
stall,0.7,main,,threshold,jbsq,p99_us,10,0.9776150199999961,0.7370988178374945,1.243539533022499,higher
stall,0.7,main,,threshold,jbsq,slo_miss_rate,10,-0.0004395966868999974,-0.004806592757965004,0.004204776822027511,uncertain
stall,0.7,main,,threshold,jsw,class0_p99_us,10,1.0491132637000002,0.7534430647977503,1.3720716822667496,higher
stall,0.7,main,,threshold,jsw,control_cpu_mean,10,2.3230633791529995,2.3039054224651747,2.341167252517575,higher
stall,0.7,main,,threshold,jsw,p999_us,10,-4.518952939099995,-7.238743516247489,-1.685068094317499,lower
stall,0.7,main,,threshold,jsw,p99_us,10,-2.870514598300005,-3.606933752877508,-2.193501561595003,lower
stall,0.7,main,,threshold,jsw,slo_miss_rate,10,-0.04834561208449998,-0.05649646932073495,-0.03989732126878499,lower
stall,0.7,main,,threshold,qbr,class0_p99_us,10,0.9397264362400002,0.680701337339,1.24857851336925,higher
stall,0.7,main,,threshold,qbr,control_cpu_mean,10,0.6491988730009999,0.634330637501625,0.6636383363809998,higher
stall,0.7,main,,threshold,qbr,p999_us,10,-2.031389788400003,-5.272938012829994,0.8128261558475033,uncertain
stall,0.7,main,,threshold,qbr,p99_us,10,-0.09445216790000188,-0.5592249153300052,0.3639173263125004,uncertain
stall,0.7,main,,threshold,qbr,slo_miss_rate,10,0.0068709979403000065,-0.0069270640365974925,0.01783370279368998,uncertain
stall,0.7,main,,threshold,single,class0_p99_us,10,0.8103420663200002,0.5536322173967508,1.1470273957159993,higher
stall,0.7,main,,threshold,single,control_cpu_mean,10,0.6669583275879999,0.650957877429225,0.682041541251325,higher
stall,0.7,main,,threshold,single,p999_us,10,-1.6638294890000054,-5.8849263268200085,1.830430302600002,uncertain
stall,0.7,main,,threshold,single,p99_us,10,0.0690466879999974,-0.31890703420000366,0.5315257297449946,uncertain
stall,0.7,main,,threshold,single,slo_miss_rate,10,-0.017583579436299998,-0.037740021766659984,-0.0008409532086324835,lower
stall,0.7,main,,threshold,steal,class0_p99_us,10,0.10934903355000003,-0.20008337265475065,0.4529422600357497,uncertain
stall,0.7,main,,threshold,steal,control_cpu_mean,10,-4.493515010006,-4.54582623510765,-4.4373959559657505,lower
stall,0.7,main,,threshold,steal,p999_us,10,-2.9374973607000014,-6.26088866611001,0.6552106732774892,uncertain
stall,0.7,main,,threshold,steal,p99_us,10,0.22321799990000102,-0.0907092584450043,0.5400931707949995,uncertain
stall,0.7,main,,threshold,steal,slo_miss_rate,10,-0.0007353153195999937,-0.012817459749147485,0.01266699275938495,uncertain
stall,0.7,main,,work,jbsq,class0_p99_us,10,1.77817743074,1.7119706295362491,1.8459071764542507,higher
stall,0.7,main,,work,jbsq,control_cpu_mean,10,0.398400000004,0.398400000004,0.398400000004,higher
stall,0.7,main,,work,jbsq,p999_us,10,0.6527833867000084,-2.4542311254649936,3.777793762760007,uncertain
stall,0.7,main,,work,jbsq,p99_us,10,-0.020358755699999165,-0.29594161796250495,0.2917319751875034,uncertain
stall,0.7,main,,work,jbsq,slo_miss_rate,10,-0.0472779012587,-0.05661911412166751,-0.03762201833582501,lower
stall,0.7,main,,work,jsw,class0_p99_us,10,-5.173050687389999,-5.489192946488499,-4.852799254853498,lower
stall,0.7,main,,work,jsw,control_cpu_mean,10,0.0,0.0,0.0,uncertain
stall,0.7,main,,work,jsw,p999_us,10,-3.6896386965999852,-5.7112494464149846,-1.6407736595874867,lower
stall,0.7,main,,work,jsw,p99_us,10,-3.8684883740000005,-4.428522723292508,-3.2291374425500057,lower
stall,0.7,main,,work,jsw,slo_miss_rate,10,-0.09518391665629998,-0.10481930014208249,-0.083221879894325,lower
stall,0.7,main,,work,qbr,class0_p99_us,10,-5.28243751485,-5.6333712592594996,-4.91239218601575,lower
stall,0.7,main,,work,qbr,control_cpu_mean,10,-1.6738645061519999,-1.6813102479377502,-1.66682685271145,lower
stall,0.7,main,,work,qbr,p999_us,10,-1.202075545899993,-3.42183831035999,1.0939592734225019,uncertain
stall,0.7,main,,work,qbr,p99_us,10,-1.0924259435999972,-1.4629796400625035,-0.7183938180074962,lower
stall,0.7,main,,work,qbr,slo_miss_rate,10,-0.0399673066315,-0.0570961417412025,-0.023392536189900004,lower
stall,0.7,main,,work,single,class0_p99_us,10,-5.41182188477,-5.754318510904,-5.073004528326001,lower
stall,0.7,main,,work,single,control_cpu_mean,10,-1.656105051565,-1.66061926784535,-1.65125785762895,lower
stall,0.7,main,,work,single,p999_us,10,-0.8345152464999955,-3.765371316772493,2.1571504270775086,uncertain
stall,0.7,main,,work,single,p99_us,10,-0.9289270876999979,-1.4665044851000004,-0.3725041761949969,lower
stall,0.7,main,,work,single,slo_miss_rate,10,-0.06442188400809999,-0.08625213151086247,-0.04215215282360252,lower
stall,0.7,main,,work,steal,class0_p99_us,10,-6.11281491754,-6.341035803361001,-5.898509547704749,lower
stall,0.7,main,,work,steal,control_cpu_mean,10,-6.816578389159,-6.872474417947624,-6.763225046589575,lower
stall,0.7,main,,work,steal,p999_us,10,-2.1081831181999915,-5.906202738617484,1.6823059100450075,uncertain
stall,0.7,main,,work,steal,p99_us,10,-0.7747557757999942,-1.0348671580374948,-0.4935468414324926,lower
stall,0.7,main,,work,steal,slo_miss_rate,10,-0.0475736198914,-0.05782106430538249,-0.03736956573115752,lower
stall,0.7,main,,work,threshold,class0_p99_us,10,-6.22216395109,-6.572819770250248,-5.844818701885,lower
stall,0.7,main,,work,threshold,control_cpu_mean,10,-2.3230633791529995,-2.341167252517575,-2.3039054224651747,lower
stall,0.7,main,,work,threshold,p999_us,10,0.8293142425000098,-2.2569615893449915,3.8290937143150163,uncertain
stall,0.7,main,,work,threshold,p99_us,10,-0.9979737756999952,-1.2651923165049925,-0.7203249296824983,lower
stall,0.7,main,,work,threshold,slo_miss_rate,10,-0.04683830457180001,-0.05746571304314247,-0.03603224496443752,lower
stall,0.85,main,,bwc,jbsq,class0_p99_us,10,53.51665751776001,33.675100519019004,76.98232151349274,higher
stall,0.85,main,,bwc,jbsq,control_cpu_mean,10,1.512584566846,1.504725858751925,1.520610110422075,higher
stall,0.85,main,,bwc,jbsq,p999_us,10,16.079655942099993,7.17358944548498,25.699213356662494,higher
stall,0.85,main,,bwc,jbsq,p99_us,10,27.223818555100003,14.349240639325005,42.660464106707465,higher
stall,0.85,main,,bwc,jbsq,slo_miss_rate,10,20.238588145274,11.802367662608175,29.131259918000616,higher
stall,0.85,main,,bwc,jsw,class0_p99_us,10,46.38002520475,26.384937332704247,69.98602526938993,higher
stall,0.85,main,,bwc,jsw,control_cpu_mean,10,1.114184566842,1.1063258587479252,1.122210110418075,higher
stall,0.85,main,,bwc,jsw,p999_us,10,10.257126838699998,0.05592139893248964,21.578007203342498,higher
stall,0.85,main,,bwc,jsw,p99_us,10,21.558851714800003,8.661194858307496,37.011267659915,higher
stall,0.85,main,,bwc,jsw,slo_miss_rate,10,19.631815418018,11.25313151427865,28.457514432453003,higher
stall,0.85,main,,bwc,qbr,class0_p99_us,10,46.70359698285,26.813975354709502,70.3131942310595,higher
stall,0.85,main,,bwc,qbr,control_cpu_mean,10,-0.780851095209,-0.78555632329275,-0.7763491546446002,lower
stall,0.85,main,,bwc,qbr,p999_us,10,10.58791033309999,0.30180403633498465,21.703912598572483,higher
stall,0.85,main,,bwc,qbr,p99_us,10,23.8411481281,11.189533840012496,39.139509952189975,higher
stall,0.85,main,,bwc,qbr,slo_miss_rate,10,19.655338095218,11.25087770336615,28.53424465699329,higher
stall,0.85,main,,bwc,single,class0_p99_us,10,47.26442469535,27.139852698343255,71.0945161396567,higher
stall,0.85,main,,bwc,single,control_cpu_mean,10,-0.734801365981,-0.7438076888363501,-0.7248395720761751,lower
stall,0.85,main,,bwc,single,p999_us,10,11.364794790099996,1.9577943351400002,21.527323462992506,higher
stall,0.85,main,,bwc,single,p99_us,10,23.329454576199996,10.475218552257504,38.90596320566247,higher
stall,0.85,main,,bwc,single,slo_miss_rate,10,19.74592091705,11.306825988560774,28.571259388796182,higher
stall,0.85,main,,bwc,steal,class0_p99_us,10,47.289727270460006,27.4498815093815,70.71305811456573,higher
stall,0.85,main,,bwc,steal,control_cpu_mean,10,-4.914515884173,-4.996484127265149,-4.8179758621360005,lower
stall,0.85,main,,bwc,steal,p999_us,10,12.598700851799986,1.900041789499996,24.24174728137748,higher
stall,0.85,main,,bwc,steal,p99_us,10,24.498683327000002,11.754913818212502,40.0137137358,higher
stall,0.85,main,,bwc,steal,slo_miss_rate,10,19.76545087483,11.3995099202549,28.582495032343996,higher
stall,0.85,main,,bwc,threshold,class0_p99_us,10,46.67530173643,26.73824624233275,70.15073295914699,higher
stall,0.85,main,,bwc,threshold,control_cpu_mean,10,-2.450742643891,-2.4700224753712496,-2.4293073790037747,lower
stall,0.85,main,,bwc,threshold,p999_us,10,13.405891083899991,2.766710615369993,25.31843715226749,higher
stall,0.85,main,,bwc,threshold,p99_us,10,24.1406338799,11.398134028660012,39.42127507868001,higher
stall,0.85,main,,bwc,threshold,slo_miss_rate,10,19.649542366081995,11.258965771707375,28.500969200843997,higher
stall,0.85,main,,jbsq,jsw,class0_p99_us,10,-7.136632313010002,-7.608079829190499,-6.631394072489502,lower
stall,0.85,main,,jbsq,jsw,control_cpu_mean,10,-0.398400000004,-0.398400000004,-0.398400000004,lower
stall,0.85,main,,jbsq,jsw,p999_us,10,-5.8225291033999955,-9.322540060342506,-2.456473815197506,lower
stall,0.85,main,,jbsq,jsw,p99_us,10,-5.664966840300002,-6.146588176487499,-5.0904120897025,lower
stall,0.85,main,,jbsq,jsw,slo_miss_rate,10,-0.606772727256,-0.6933930778638,-0.5160750257150001,lower
stall,0.85,main,,jbsq,qbr,class0_p99_us,10,-6.813060534909999,-7.400749137978,-5.996451915081499,lower
stall,0.85,main,,jbsq,qbr,control_cpu_mean,10,-2.293435662055,-2.3002870730982496,-2.2865115448025,lower
stall,0.85,main,,jbsq,qbr,p999_us,10,-5.491745609000003,-10.538029951039997,-0.623974147035009,lower
stall,0.85,main,,jbsq,qbr,p99_us,10,-3.382670427000005,-3.8337609462100093,-2.9049209447575053,lower
stall,0.85,main,,jbsq,qbr,slo_miss_rate,10,-0.583250050056,-0.6389927507934998,-0.529294700757025,lower
stall,0.85,main,,jbsq,single,class0_p99_us,10,-6.252232822410001,-6.784865126240251,-5.722945902346502,lower
stall,0.85,main,,jbsq,single,control_cpu_mean,10,-2.247385932827,-2.2561723600998254,-2.2384013993025005,lower
stall,0.85,main,,jbsq,single,p999_us,10,-4.7148611519999974,-7.689896491054995,-1.9238106058299986,lower
stall,0.85,main,,jbsq,single,p99_us,10,-3.894363978900009,-4.399408178132506,-3.4554661385550056,lower
stall,0.85,main,,jbsq,single,slo_miss_rate,10,-0.492667228224,-0.56928181462,-0.41711889876582503,lower
stall,0.85,main,,jbsq,steal,class0_p99_us,10,-6.226930247300001,-6.63120370590575,-5.780273684206252,lower
stall,0.85,main,,jbsq,steal,control_cpu_mean,10,-6.427100451018999,-6.5068083966443,-6.336030510900451,lower
stall,0.85,main,,jbsq,steal,p999_us,10,-3.480955090300006,-7.922474334712507,0.2586283622499962,uncertain
stall,0.85,main,,jbsq,steal,p99_us,10,-2.7251352281000036,-3.1360414846275013,-2.4201897294200023,lower
stall,0.85,main,,jbsq,steal,slo_miss_rate,10,-0.4731372704440001,-0.5529663705381002,-0.3848179408895001,lower
stall,0.85,main,,jbsq,threshold,class0_p99_us,10,-6.841355781330002,-7.502462975414253,-6.161209535150002,lower
stall,0.85,main,,jbsq,threshold,control_cpu_mean,10,-3.963327210737,-3.9874996342945748,-3.9387250227510253,lower
stall,0.85,main,,jbsq,threshold,p999_us,10,-2.673764858200002,-6.146085886897489,0.5613630133349923,uncertain
stall,0.85,main,,jbsq,threshold,p99_us,10,-3.083184675200002,-3.5157547789525063,-2.61716371429,lower
stall,0.85,main,,jbsq,threshold,slo_miss_rate,10,-0.5890457791920001,-0.6655318547342752,-0.5114510146454001,lower
stall,0.85,main,,jsw,jbsq,class0_p99_us,10,7.136632313010002,6.631394072489502,7.608079829190499,higher
stall,0.85,main,,jsw,jbsq,control_cpu_mean,10,0.398400000004,0.398400000004,0.398400000004,higher
stall,0.85,main,,jsw,jbsq,p999_us,10,5.8225291033999955,2.456473815197503,9.322540060342504,higher
stall,0.85,main,,jsw,jbsq,p99_us,10,5.664966840300002,5.0904120897025,6.146588176487499,higher
stall,0.85,main,,jsw,jbsq,slo_miss_rate,10,0.606772727256,0.516075025715,0.6933930778638,higher
stall,0.85,main,,jsw,qbr,class0_p99_us,10,0.3235717781000019,-0.21576192369274846,0.8907350122085027,uncertain
stall,0.85,main,,jsw,qbr,control_cpu_mean,10,-1.895035662051,-1.90188707309425,-1.8881115447985,lower
stall,0.85,main,,jsw,qbr,p999_us,10,0.33078349439999216,-3.4574694072100134,4.298263250299994,uncertain
stall,0.85,main,,jsw,qbr,p99_us,10,2.282296413299997,1.4258011891949993,3.0974342217399915,higher
stall,0.85,main,,jsw,qbr,slo_miss_rate,10,0.023522677200000043,-0.03576823297417495,0.08553289272977496,uncertain
stall,0.85,main,,jsw,single,class0_p99_us,10,0.8843994906000013,0.37047959835000055,1.4196109882765011,higher
stall,0.85,main,,jsw,single,control_cpu_mean,10,-1.848985932823,-1.857772360095825,-1.8400013992985,lower
stall,0.85,main,,jsw,single,p999_us,10,1.1076679513999976,-1.5543097463000037,3.9387768848099998,uncertain
stall,0.85,main,,jsw,single,p99_us,10,1.7706028613999933,1.0672924238274877,2.476790729619995,higher
stall,0.85,main,,jsw,single,slo_miss_rate,10,0.11410549903199999,0.05874770814987503,0.176189043246175,higher
stall,0.85,main,,jsw,steal,class0_p99_us,10,0.909702065710001,0.5038933281735009,1.2290811789487521,higher
stall,0.85,main,,jsw,steal,control_cpu_mean,10,-6.028700451015,-6.1084083966403,-5.93763051089645,lower
stall,0.85,main,,jsw,steal,p999_us,10,2.341574013099989,0.04355230740748469,4.597230723202487,higher
stall,0.85,main,,jsw,steal,p99_us,10,2.939831612199998,2.245833711329998,3.559667622907505,higher
stall,0.85,main,,jsw,steal,slo_miss_rate,10,0.13363545681199995,0.0858690596182999,0.1760824484487,higher
stall,0.85,main,,jsw,threshold,class0_p99_us,10,0.29527653168000045,-0.30570631801700043,0.8868817244070006,uncertain
stall,0.85,main,,jsw,threshold,control_cpu_mean,10,-3.564927210733001,-3.5890996342905743,-3.5403250227470253,lower
stall,0.85,main,,jsw,threshold,p999_us,10,3.148764245199993,1.3105818168999874,5.06323421219999,higher
stall,0.85,main,,jsw,threshold,p99_us,10,2.5817821651000004,1.850762678159996,3.284152002067504,higher
stall,0.85,main,,jsw,threshold,slo_miss_rate,10,0.017726948063999992,-0.05464770084795003,0.08935463317985003,uncertain
stall,0.85,main,,p2c,jbsq,class0_p99_us,10,29.43076255587,28.79740966334375,30.085982534973247,higher
stall,0.85,main,,p2c,jbsq,control_cpu_mean,10,0.398400000004,0.398400000004,0.398400000004,higher
stall,0.85,main,,p2c,jbsq,p999_us,10,7.0923634612999935,3.629820279957505,10.97261013634249,higher
stall,0.85,main,,p2c,jbsq,p99_us,10,10.356348354700003,9.839616633785,10.877176511757504,higher
stall,0.85,main,,p2c,jbsq,slo_miss_rate,10,3.7224575777970004,3.543260582649675,3.9160701839842504,higher
stall,0.85,main,,p2c,jsw,class0_p99_us,10,22.29413024286,21.602006327007494,22.973034403124498,higher
stall,0.85,main,,p2c,jsw,control_cpu_mean,10,0.0,0.0,0.0,uncertain
stall,0.85,main,,p2c,jsw,p999_us,10,1.2698343578999982,-2.0998989033925004,3.9992465706825,uncertain
stall,0.85,main,,p2c,jsw,p99_us,10,4.6913815144000015,3.857251099389997,5.548932301605014,higher
stall,0.85,main,,p2c,jsw,slo_miss_rate,10,3.115684850541,3.0132162714290756,3.24057589771225,higher
stall,0.85,main,,p2c,qbr,class0_p99_us,10,22.617702020959996,21.80186840454775,23.4345983592735,higher
stall,0.85,main,,p2c,qbr,control_cpu_mean,10,-1.895035662051,-1.90188707309425,-1.8881115447985,lower
stall,0.85,main,,p2c,qbr,p999_us,10,1.6006178522999903,-1.0696058978200096,4.514275226239984,uncertain
stall,0.85,main,,p2c,qbr,p99_us,10,6.973677927699998,6.613144639300003,7.3001245372525,higher
stall,0.85,main,,p2c,qbr,slo_miss_rate,10,3.139207527741,2.9928935521162248,3.306436745275625,higher
stall,0.85,main,,p2c,single,class0_p99_us,10,23.178529733460003,22.441882937264502,23.864143055047,higher
stall,0.85,main,,p2c,single,control_cpu_mean,10,-1.848985932823,-1.857772360095825,-1.8400013992985,lower
stall,0.85,main,,p2c,single,p999_us,10,2.377502309299996,0.06566102513999256,4.330687778225005,higher
stall,0.85,main,,p2c,single,p99_us,10,6.461984375799995,6.273292112602496,6.687203456067486,higher
stall,0.85,main,,p2c,single,slo_miss_rate,10,3.229790349573,3.0987560897467747,3.365916418549775,higher
stall,0.85,main,,p2c,steal,class0_p99_us,10,23.203832308569996,22.6534028069,23.7015124173795,higher
stall,0.85,main,,p2c,steal,control_cpu_mean,10,-6.028700451015,-6.1084083966403,-5.93763051089645,lower
stall,0.85,main,,p2c,steal,p999_us,10,3.6114083709999876,0.7269765068574996,6.683630092069981,higher
stall,0.85,main,,p2c,steal,p99_us,10,7.6312131266,7.195217574092502,8.127237327344993,higher
stall,0.85,main,,p2c,steal,slo_miss_rate,10,3.249320307353,3.139819647939825,3.377616137093425,higher
stall,0.85,main,,p2c,threshold,class0_p99_us,10,22.58940677454,21.767487112194,23.264324133778494,higher
stall,0.85,main,,p2c,threshold,control_cpu_mean,10,-3.564927210733001,-3.5890996342905743,-3.5403250227470253,lower
stall,0.85,main,,p2c,threshold,p999_us,10,4.4185986030999915,2.0392585985075,6.651640974587484,higher
stall,0.85,main,,p2c,threshold,p99_us,10,7.273163679500001,6.755033371304999,7.7325050145875,higher
stall,0.85,main,,p2c,threshold,slo_miss_rate,10,3.133411798605,2.992295805158725,3.2876248120841502,higher
stall,0.85,main,,qbr,jbsq,class0_p99_us,10,6.813060534909999,5.996451915081499,7.400749137978,higher
stall,0.85,main,,qbr,jbsq,control_cpu_mean,10,2.293435662055,2.2865115448025,2.3002870730982496,higher
stall,0.85,main,,qbr,jbsq,p999_us,10,5.491745609000003,0.6239741470350081,10.538029951039992,higher
stall,0.85,main,,qbr,jbsq,p99_us,10,3.382670427000005,2.904920944757505,3.8337609462100093,higher
stall,0.85,main,,qbr,jbsq,slo_miss_rate,10,0.583250050056,0.529294700757025,0.6389927507934997,higher
stall,0.85,main,,qbr,jsw,class0_p99_us,10,-0.3235717781000019,-0.8907350122085034,0.21576192369274844,uncertain
stall,0.85,main,,qbr,jsw,control_cpu_mean,10,1.895035662051,1.8881115447985,1.90188707309425,higher
stall,0.85,main,,qbr,jsw,p999_us,10,-0.33078349439999216,-4.298263250299994,3.457469407210013,uncertain
stall,0.85,main,,qbr,jsw,p99_us,10,-2.282296413299997,-3.0974342217399924,-1.4258011891949993,lower
stall,0.85,main,,qbr,jsw,slo_miss_rate,10,-0.023522677200000043,-0.08553289272977502,0.03576823297417495,uncertain
stall,0.85,main,,qbr,single,class0_p99_us,10,0.5608277124999994,-0.07871857270225224,1.1527123038927494,uncertain
stall,0.85,main,,qbr,single,control_cpu_mean,10,0.04604972922799998,0.03821601188772498,0.0548787319988999,higher
stall,0.85,main,,qbr,single,p999_us,10,0.7768844570000055,-2.476330811599996,3.8832858008600217,uncertain
stall,0.85,main,,qbr,single,p99_us,10,-0.5116935519000038,-0.8901553260525031,-0.09443428470000584,lower
stall,0.85,main,,qbr,single,slo_miss_rate,10,0.09058282183199995,0.021167700878999936,0.15951969550729994,higher
stall,0.85,main,,qbr,steal,class0_p99_us,10,0.5861302876099991,-0.024648144445000658,1.1667395377019993,uncertain
stall,0.85,main,,qbr,steal,control_cpu_mean,10,-4.1336647889639995,-4.215548453786551,-4.03883847308635,lower
stall,0.85,main,,qbr,steal,p999_us,10,2.0107905186999973,-1.6507481329850002,6.387469215342497,uncertain
stall,0.85,main,,qbr,steal,p99_us,10,0.6575351989000012,0.16918552233500642,1.18501042202,higher
stall,0.85,main,,qbr,steal,slo_miss_rate,10,0.11011277961199992,0.04607471212492495,0.17353801925192483,higher
stall,0.85,main,,qbr,threshold,class0_p99_us,10,-0.02829524642000152,-0.5260160319952508,0.4800890497952476,uncertain
stall,0.85,main,,qbr,threshold,control_cpu_mean,10,-1.6698915486819998,-1.690540254496525,-1.6481038510841497,lower
stall,0.85,main,,qbr,threshold,p999_us,10,2.817980750800001,-0.7778641372999991,6.399965598527501,uncertain
stall,0.85,main,,qbr,threshold,p99_us,10,0.2994857518000032,-0.07975056419249534,0.6752692655400044,uncertain
stall,0.85,main,,qbr,threshold,slo_miss_rate,10,-0.005795729136000051,-0.06236060980300009,0.055424517159799895,uncertain
stall,0.85,main,,single,jbsq,class0_p99_us,10,6.252232822410001,5.722945902346501,6.78486512624025,higher
stall,0.85,main,,single,jbsq,control_cpu_mean,10,2.247385932827,2.2384013993025005,2.2561723600998254,higher
stall,0.85,main,,single,jbsq,p999_us,10,4.7148611519999974,1.9238106058299975,7.689896491054994,higher
stall,0.85,main,,single,jbsq,p99_us,10,3.894363978900009,3.4554661385550043,4.399408178132506,higher
stall,0.85,main,,single,jbsq,slo_miss_rate,10,0.492667228224,0.417118898765825,0.5692818146199999,higher
stall,0.85,main,,single,jsw,class0_p99_us,10,-0.8843994906000013,-1.419610988276502,-0.37047959835000055,lower
stall,0.85,main,,single,jsw,control_cpu_mean,10,1.848985932823,1.8400013992985,1.857772360095825,higher
stall,0.85,main,,single,jsw,p999_us,10,-1.1076679513999976,-3.938776884810001,1.5543097463000037,uncertain
stall,0.85,main,,single,jsw,p99_us,10,-1.7706028613999933,-2.476790729619995,-1.0672924238274877,lower
stall,0.85,main,,single,jsw,slo_miss_rate,10,-0.11410549903199999,-0.17618904324617501,-0.05874770814987508,lower
stall,0.85,main,,single,qbr,class0_p99_us,10,-0.5608277124999994,-1.1527123038927494,0.07871857270225222,uncertain
stall,0.85,main,,single,qbr,control_cpu_mean,10,-0.04604972922799998,-0.0548787319988999,-0.038216011887724985,lower
stall,0.85,main,,single,qbr,p999_us,10,-0.7768844570000055,-3.8832858008600217,2.476330811599996,uncertain
stall,0.85,main,,single,qbr,p99_us,10,0.5116935519000038,0.09443428470000584,0.8901553260525031,higher
stall,0.85,main,,single,qbr,slo_miss_rate,10,-0.09058282183199995,-0.1595196955073,-0.021167700878999943,lower
stall,0.85,main,,single,steal,class0_p99_us,10,0.025302575109999736,-0.5187931728647504,0.5956808139839991,uncertain
stall,0.85,main,,single,steal,control_cpu_mean,10,-4.179714518191999,-4.266941787142624,-4.0803668996641,lower
stall,0.85,main,,single,steal,p999_us,10,1.2339060616999915,-1.6091614445600027,4.146474148212476,uncertain
stall,0.85,main,,single,steal,p99_us,10,1.169228750800005,0.8130116917625021,1.6040897361025053,higher
stall,0.85,main,,single,steal,slo_miss_rate,10,0.01952995777999999,-0.0403061100124,0.08509268419982495,uncertain
stall,0.85,main,,single,threshold,class0_p99_us,10,-0.5891229589200009,-1.0968343335992525,-0.0585688764400007,lower
stall,0.85,main,,single,threshold,control_cpu_mean,10,-1.7159412779099998,-1.734409848720425,-1.6972882406907246,lower
stall,0.85,main,,single,threshold,p999_us,10,2.0410962937999955,-0.8460225479975146,4.673799532599993,uncertain
stall,0.85,main,,single,threshold,p99_us,10,0.8111793037000069,0.35424330595000486,1.2497455639950075,higher
stall,0.85,main,,single,threshold,slo_miss_rate,10,-0.09637855096799999,-0.15700557878780005,-0.034432777637300134,lower
stall,0.85,main,,steal,jbsq,class0_p99_us,10,6.226930247300001,5.780273684206251,6.63120370590575,higher
stall,0.85,main,,steal,jbsq,control_cpu_mean,10,6.427100451018999,6.336030510900451,6.5068083966443,higher
stall,0.85,main,,steal,jbsq,p999_us,10,3.480955090300006,-0.2586283622499982,7.922474334712502,uncertain
stall,0.85,main,,steal,jbsq,p99_us,10,2.7251352281000036,2.4201897294200023,3.1360414846275013,higher
stall,0.85,main,,steal,jbsq,slo_miss_rate,10,0.4731372704440001,0.38481794088950005,0.5529663705381,higher
stall,0.85,main,,steal,jsw,class0_p99_us,10,-0.909702065710001,-1.2290811789487521,-0.5038933281735011,lower
stall,0.85,main,,steal,jsw,control_cpu_mean,10,6.028700451015,5.93763051089645,6.1084083966403,higher
stall,0.85,main,,steal,jsw,p999_us,10,-2.341574013099989,-4.597230723202489,-0.04355230740748522,lower
stall,0.85,main,,steal,jsw,p99_us,10,-2.939831612199998,-3.5596676229075053,-2.245833711329998,lower
stall,0.85,main,,steal,jsw,slo_miss_rate,10,-0.13363545681199995,-0.1760824484487,-0.08586905961829996,lower
stall,0.85,main,,steal,qbr,class0_p99_us,10,-0.5861302876099991,-1.1667395377019998,0.024648144445000658,uncertain
stall,0.85,main,,steal,qbr,control_cpu_mean,10,4.1336647889639995,4.03883847308635,4.21554845378655,higher
stall,0.85,main,,steal,qbr,p999_us,10,-2.0107905186999973,-6.387469215342497,1.650748132985,uncertain
stall,0.85,main,,steal,qbr,p99_us,10,-0.6575351989000012,-1.1850104220200002,-0.1691855223350065,lower
stall,0.85,main,,steal,qbr,slo_miss_rate,10,-0.11011277961199992,-0.17353801925192486,-0.04607471212492495,lower
stall,0.85,main,,steal,single,class0_p99_us,10,-0.025302575109999736,-0.5956808139839995,0.51879317286475,uncertain
stall,0.85,main,,steal,single,control_cpu_mean,10,4.179714518191999,4.0803668996641,4.266941787142624,higher
stall,0.85,main,,steal,single,p999_us,10,-1.2339060616999915,-4.146474148212481,1.6091614445600027,uncertain
stall,0.85,main,,steal,single,p99_us,10,-1.169228750800005,-1.6040897361025055,-0.8130116917625022,lower
stall,0.85,main,,steal,single,slo_miss_rate,10,-0.01952995777999999,-0.08509268419982499,0.04030611001239998,uncertain
stall,0.85,main,,steal,threshold,class0_p99_us,10,-0.6144255340300007,-1.0714754120882521,-0.17886964502100108,lower
stall,0.85,main,,steal,threshold,control_cpu_mean,10,2.463773240282,2.350135161398376,2.5619053178402744,higher
stall,0.85,main,,steal,threshold,p999_us,10,0.8071902321000038,-1.4812457375424928,2.9730236460300046,uncertain
stall,0.85,main,,steal,threshold,p99_us,10,-0.35804944709999803,-0.7909314984075004,0.09573427644000775,uncertain
stall,0.85,main,,steal,threshold,slo_miss_rate,10,-0.11590850874799999,-0.16379927489082496,-0.07108347050500001,lower
stall,0.85,main,,threshold,jbsq,class0_p99_us,10,6.841355781330002,6.161209535150002,7.502462975414253,higher
stall,0.85,main,,threshold,jbsq,control_cpu_mean,10,3.963327210737,3.9387250227510253,3.9874996342945748,higher
stall,0.85,main,,threshold,jbsq,p999_us,10,2.673764858200002,-0.5613630133349929,6.146085886897489,uncertain
stall,0.85,main,,threshold,jbsq,p99_us,10,3.083184675200002,2.61716371429,3.5157547789525063,higher
stall,0.85,main,,threshold,jbsq,slo_miss_rate,10,0.5890457791920001,0.5114510146454001,0.6655318547342752,higher
stall,0.85,main,,threshold,jsw,class0_p99_us,10,-0.29527653168000045,-0.8868817244070007,0.3057063180170003,uncertain
stall,0.85,main,,threshold,jsw,control_cpu_mean,10,3.564927210733001,3.5403250227470253,3.5890996342905743,higher
stall,0.85,main,,threshold,jsw,p999_us,10,-3.148764245199993,-5.06323421219999,-1.3105818168999888,lower
stall,0.85,main,,threshold,jsw,p99_us,10,-2.5817821651000004,-3.2841520020675046,-1.8507626781599968,lower
stall,0.85,main,,threshold,jsw,slo_miss_rate,10,-0.017726948063999992,-0.08935463317985004,0.05464770084795003,uncertain
stall,0.85,main,,threshold,qbr,class0_p99_us,10,0.02829524642000152,-0.4800890497952479,0.5260160319952506,uncertain
stall,0.85,main,,threshold,qbr,control_cpu_mean,10,1.6698915486819998,1.6481038510841497,1.690540254496525,higher
stall,0.85,main,,threshold,qbr,p999_us,10,-2.817980750800001,-6.399965598527502,0.7778641372999991,uncertain
stall,0.85,main,,threshold,qbr,p99_us,10,-0.2994857518000032,-0.6752692655400045,0.07975056419249525,uncertain
stall,0.85,main,,threshold,qbr,slo_miss_rate,10,0.005795729136000051,-0.0554245171597999,0.06236060980300009,uncertain
stall,0.85,main,,threshold,single,class0_p99_us,10,0.5891229589200009,0.05856887644000031,1.0968343335992523,higher
stall,0.85,main,,threshold,single,control_cpu_mean,10,1.7159412779099998,1.6972882406907246,1.734409848720425,higher
stall,0.85,main,,threshold,single,p999_us,10,-2.0410962937999955,-4.673799532599995,0.846022547997513,uncertain
stall,0.85,main,,threshold,single,p99_us,10,-0.8111793037000069,-1.2497455639950115,-0.35424330595000947,lower
stall,0.85,main,,threshold,single,slo_miss_rate,10,0.09637855096799999,0.034432777637299974,0.15700557878779997,higher
stall,0.85,main,,threshold,steal,class0_p99_us,10,0.6144255340300007,0.178869645021001,1.0714754120882521,higher
stall,0.85,main,,threshold,steal,control_cpu_mean,10,-2.463773240282,-2.5619053178402744,-2.350135161398376,lower
stall,0.85,main,,threshold,steal,p999_us,10,-0.8071902321000038,-2.973023646030009,1.4812457375424894,uncertain
stall,0.85,main,,threshold,steal,p99_us,10,0.35804944709999803,-0.0957342764400078,0.7909314984075004,uncertain
stall,0.85,main,,threshold,steal,slo_miss_rate,10,0.11590850874799999,0.07108347050499998,0.16379927489082488,higher
stall,0.85,main,,work,jbsq,class0_p99_us,10,15.051281807250001,9.484823917106501,20.817546778519997,higher
stall,0.85,main,,work,jbsq,control_cpu_mean,10,0.398400000004,0.398400000004,0.398400000004,higher
stall,0.85,main,,work,jbsq,p999_us,10,1.6705493190000085,-2.7683599499949927,6.691104908347502,uncertain
stall,0.85,main,,work,jbsq,p99_us,10,3.6833377785999972,2.1865183284924936,5.308743826497495,higher
stall,0.85,main,,work,jbsq,slo_miss_rate,10,2.7984606821298,1.41173608089742,4.361689224103479,higher
stall,0.85,main,,work,jsw,class0_p99_us,10,7.914649494239998,2.157732626830749,13.78810074198349,higher
stall,0.85,main,,work,jsw,control_cpu_mean,10,0.0,0.0,0.0,uncertain
stall,0.85,main,,work,jsw,p999_us,10,-4.151979784399987,-6.6437319062174875,-1.5677361880925023,lower
stall,0.85,main,,work,jsw,p99_us,10,-1.981629061700005,-3.624443350260007,-0.2578831073250065,lower
stall,0.85,main,,work,jsw,slo_miss_rate,10,2.1916879548738,0.8182710411587698,3.7313303150562,higher
stall,0.85,main,,work,qbr,class0_p99_us,10,8.238221272340002,2.6494550369220025,14.0895694662055,higher
stall,0.85,main,,work,qbr,control_cpu_mean,10,-1.895035662051,-1.90188707309425,-1.8881115447985,lower
stall,0.85,main,,work,qbr,p999_us,10,-3.8211962899999947,-7.923486344637497,-0.780803337687495,lower
stall,0.85,main,,work,qbr,p99_us,10,0.30066735159999214,-1.125545997212516,1.8097330633324957,uncertain
stall,0.85,main,,work,qbr,slo_miss_rate,10,2.2152106320738003,0.85507528760495,3.7520893441084797,higher
stall,0.85,main,,work,single,class0_p99_us,10,8.79904898484,3.058641356100251,14.647642737699249,higher
stall,0.85,main,,work,single,control_cpu_mean,10,-1.848985932823,-1.857772360095825,-1.8400013992985,lower
stall,0.85,main,,work,single,p999_us,10,-3.044311832999989,-6.09830044303248,-0.0593015848649942,lower
stall,0.85,main,,work,single,p99_us,10,-0.21102620030001162,-1.674014925777518,1.248290427914991,uncertain
stall,0.85,main,,work,single,slo_miss_rate,10,2.3057934539057996,0.9449120310793302,3.83679559308255,higher
stall,0.85,main,,work,steal,class0_p99_us,10,8.82435155995,3.1611298083300015,14.569426884177743,higher
stall,0.85,main,,work,steal,control_cpu_mean,10,-6.028700451015,-6.1084083966403,-5.93763051089645,lower
stall,0.85,main,,work,steal,p999_us,10,-1.8104057712999975,-3.12023868518999,-0.5867597528949873,lower
stall,0.85,main,,work,steal,p99_us,10,0.9582025504999934,-0.35050773626500936,2.2888421047299867,uncertain
stall,0.85,main,,work,steal,slo_miss_rate,10,2.3253234116858,0.9623245784897401,3.8496746715498213,higher
stall,0.85,main,,work,threshold,class0_p99_us,10,8.20992602592,2.654505651278999,13.90780242561474,higher
stall,0.85,main,,work,threshold,control_cpu_mean,10,-3.564927210733001,-3.5890996342905743,-3.5403250227470253,lower
stall,0.85,main,,work,threshold,p999_us,10,-1.0032155391999935,-3.3729612739874875,1.4174858394374992,uncertain
stall,0.85,main,,work,threshold,p99_us,10,0.6001531033999953,-0.8455544024550076,2.1867765872774947,uncertain
stall,0.85,main,,work,threshold,slo_miss_rate,10,2.2094149029378003,0.854008884940595,3.7257328937047736,higher
stall,0.95,main,,bwc,jbsq,class0_p99_us,10,2271.18191688368,2177.6318873377663,2360.4156221910653,higher
stall,0.95,main,,bwc,jbsq,control_cpu_mean,10,1.547029140089,1.5443952351913,1.5496861896719247,higher
stall,0.95,main,,bwc,jbsq,p999_us,10,2165.8243738515,2071.4034143534977,2255.6802406903394,higher
stall,0.95,main,,bwc,jbsq,p99_us,10,2180.2633040650003,2087.24249557526,2269.599613360127,higher
stall,0.95,main,,bwc,jbsq,slo_miss_rate,10,91.652403028969,90.06407545153381,93.10827965006924,higher
stall,0.95,main,,bwc,jsw,class0_p99_us,10,2267.05738212917,2174.0929363255223,2355.3440061605093,higher
stall,0.95,main,,bwc,jsw,control_cpu_mean,10,1.148629140085,1.1459952351873,1.1512861896679247,higher
stall,0.95,main,,bwc,jsw,p999_us,10,2154.3687110966,2060.394508827708,2244.3344104612797,higher
stall,0.95,main,,bwc,jsw,p99_us,10,2170.4630214071,2077.2874361285876,2259.5555067684727,higher
stall,0.95,main,,bwc,jsw,slo_miss_rate,10,83.5989159362,81.22912863236176,85.66893788144574,higher
stall,0.95,main,,bwc,qbr,class0_p99_us,10,2266.99638267485,2173.6810695228605,2355.5271809534534,higher
stall,0.95,main,,bwc,qbr,control_cpu_mean,10,-1.091064141151,-1.11288930065755,-1.0719834926234248,lower
stall,0.95,main,,bwc,qbr,p999_us,10,2158.2797748385,2063.086335349377,2250.2186066809927,higher
stall,0.95,main,,bwc,qbr,p99_us,10,2170.7261825501,2077.8525986773097,2259.639474913635,higher
stall,0.95,main,,bwc,qbr,slo_miss_rate,10,83.56229638954,81.19500736933423,85.64364161814575,higher
stall,0.95,main,,bwc,single,class0_p99_us,10,2267.25863917969,2174.2157478105723,2355.484636320379,higher
stall,0.95,main,,bwc,single,control_cpu_mean,10,-1.073918776872,-1.094257623886,-1.0548798151730003,lower
stall,0.95,main,,bwc,single,p999_us,10,2158.6424643789005,2064.09724293577,2248.9774214852696,higher
stall,0.95,main,,bwc,single,p99_us,10,2170.1570975959,2077.3279868520926,2259.2686709213176,higher
stall,0.95,main,,bwc,single,slo_miss_rate,10,83.50390149681,81.09854023608575,85.62709801389549,higher
stall,0.95,main,,bwc,steal,class0_p99_us,10,2266.7553192502296,2173.3171202626145,2355.58017877098,higher
stall,0.95,main,,bwc,steal,control_cpu_mean,10,-1.6267428042949998,-1.707391371598325,-1.5350181564139254,lower
stall,0.95,main,,bwc,steal,p999_us,10,2156.2719561752,2061.144739384807,2246.7883007968494,higher
stall,0.95,main,,bwc,steal,p99_us,10,2171.0865949228,2077.574299871585,2260.413648939997,higher
stall,0.95,main,,bwc,steal,slo_miss_rate,10,83.62407067857,81.32827263476625,85.615769361348,higher
stall,0.95,main,,bwc,threshold,class0_p99_us,10,2267.9684285069798,2174.7801801129103,2356.662836611938,higher
stall,0.95,main,,bwc,threshold,control_cpu_mean,10,-3.9785508843600006,-4.059795648710301,-3.90726225940975,lower
stall,0.95,main,,bwc,threshold,p999_us,10,2157.6069151467996,2062.841113114322,2247.728314728517,higher
stall,0.95,main,,bwc,threshold,p99_us,10,2171.5995857753996,2078.5569646186505,2260.8368860019195,higher
stall,0.95,main,,bwc,threshold,slo_miss_rate,10,83.49258851671001,81.12572826561825,85.60593675390574,higher
stall,0.95,main,,jbsq,jsw,class0_p99_us,10,-4.124534754510002,-5.8835589543364994,-2.273995210931002,lower
stall,0.95,main,,jbsq,jsw,control_cpu_mean,10,-0.398400000004,-0.398400000004,-0.398400000004,lower
stall,0.95,main,,jbsq,jsw,p999_us,10,-11.455662754900015,-14.666503072857504,-8.54609703683752,lower
stall,0.95,main,,jbsq,jsw,p99_us,10,-9.800282657900002,-10.612260587242496,-9.072733615497505,lower
stall,0.95,main,,jbsq,jsw,slo_miss_rate,10,-8.053487092769,-8.871899845965,-7.322935322933576,lower
stall,0.95,main,,jbsq,qbr,class0_p99_us,10,-4.185534208829997,-5.65964456162525,-2.6677803201577466,lower
stall,0.95,main,,jbsq,qbr,control_cpu_mean,10,-2.6380932812399998,-2.6600105273337498,-2.6186874140525003,lower
stall,0.95,main,,jbsq,qbr,p999_us,10,-7.544599013000015,-10.95472363580252,-4.465424774977517,lower
stall,0.95,main,,jbsq,qbr,p99_us,10,-9.537121514900003,-10.286754544065008,-8.750965060777498,lower
stall,0.95,main,,jbsq,qbr,slo_miss_rate,10,-8.090106639428999,-8.89943662616485,-7.340417513305624,lower
stall,0.95,main,,jbsq,single,class0_p99_us,10,-3.9232777039899993,-5.606712172200501,-2.170875067955751,lower
stall,0.95,main,,jbsq,single,control_cpu_mean,10,-2.620947916961,-2.6415670075522004,-2.6019877681140002,lower
stall,0.95,main,,jbsq,single,p999_us,10,-7.181909472600006,-10.080320267770006,-4.3987342492025165,lower
stall,0.95,main,,jbsq,single,p99_us,10,-10.106206469100002,-10.793898231769994,-9.376414113017503,lower
stall,0.95,main,,jbsq,single,slo_miss_rate,10,-8.148501532158999,-9.0471640603916,-7.341797527393176,lower
stall,0.95,main,,jbsq,steal,class0_p99_us,10,-4.42659763345,-6.108327335616501,-2.5158132584582527,lower
stall,0.95,main,,jbsq,steal,control_cpu_mean,10,-3.173771944384,-3.25463852995275,-3.08086341674685,lower
stall,0.95,main,,jbsq,steal,p999_us,10,-9.552417676300006,-11.787033679604999,-7.346331216037515,lower
stall,0.95,main,,jbsq,steal,p99_us,10,-9.176709142200002,-10.490365573400002,-7.936371902567509,lower
stall,0.95,main,,jbsq,steal,slo_miss_rate,10,-8.028332350399001,-8.799317042392474,-7.34179694571615,lower
stall,0.95,main,,jbsq,threshold,class0_p99_us,10,-3.213488376699998,-4.812293198730749,-1.6039116243509997,lower
stall,0.95,main,,jbsq,threshold,control_cpu_mean,10,-5.525580024449,-5.6069609225453,-5.453751413414024,lower
stall,0.95,main,,jbsq,threshold,p999_us,10,-8.217458704700004,-11.655408530902513,-4.823618625075008,lower
stall,0.95,main,,jbsq,threshold,p99_us,10,-8.663718289600004,-9.280871086947508,-8.092524330590006,lower
stall,0.95,main,,jbsq,threshold,slo_miss_rate,10,-8.159814512259,-9.036140261335001,-7.361338247317602,lower
stall,0.95,main,,jsw,jbsq,class0_p99_us,10,4.124534754510002,2.273995210931002,5.883558954336499,higher
stall,0.95,main,,jsw,jbsq,control_cpu_mean,10,0.398400000004,0.398400000004,0.398400000004,higher
stall,0.95,main,,jsw,jbsq,p999_us,10,11.455662754900015,8.54609703683752,14.666503072857504,higher
stall,0.95,main,,jsw,jbsq,p99_us,10,9.800282657900002,9.072733615497505,10.612260587242496,higher
stall,0.95,main,,jsw,jbsq,slo_miss_rate,10,8.053487092769,7.322935322933575,8.871899845964998,higher
stall,0.95,main,,jsw,qbr,class0_p99_us,10,-0.060999454319996003,-0.8089946254592432,0.8127067454380013,uncertain
stall,0.95,main,,jsw,qbr,control_cpu_mean,10,-2.2396932812359998,-2.2616105273297498,-2.2202874140485003,lower
stall,0.95,main,,jsw,qbr,p999_us,10,3.9110637419,0.48139768678498646,7.388447859380004,higher
stall,0.95,main,,jsw,qbr,p99_us,10,0.26316114299999926,-0.5797669246974976,1.064598891199995,uncertain
stall,0.95,main,,jsw,qbr,slo_miss_rate,10,-0.03661954666000028,-0.25309632256275044,0.18662308831174954,uncertain
stall,0.95,main,,jsw,single,class0_p99_us,10,0.20125705052000242,-0.35542867281674917,0.7084317042147507,uncertain
stall,0.95,main,,jsw,single,control_cpu_mean,10,-2.2225479169570006,-2.2431670075482,-2.2035877681100002,lower
stall,0.95,main,,jsw,single,p999_us,10,4.273753282300009,2.085677774600022,6.518028041560008,higher
stall,0.95,main,,jsw,single,p99_us,10,-0.3059238112000003,-1.1418771895224968,0.4914755390749944,uncertain
stall,0.95,main,,jsw,single,slo_miss_rate,10,-0.09501443939000057,-0.26972790488725085,0.09032719984749958,uncertain
stall,0.95,main,,jsw,steal,class0_p99_us,10,-0.30206287893999856,-0.9802389128084964,0.49898734765124864,uncertain
stall,0.95,main,,jsw,steal,control_cpu_mean,10,-2.77537194438,-2.8562385299487496,-2.6824634167428503,lower
stall,0.95,main,,jsw,steal,p999_us,10,1.9032450786000084,-1.009441836854996,4.832846894530018,uncertain
stall,0.95,main,,jsw,steal,p99_us,10,0.6235735156999993,-0.5989450388849976,1.8211223414100006,uncertain
stall,0.95,main,,jsw,steal,slo_miss_rate,10,0.025154742369999927,-0.1698678788955002,0.22657452241649986,uncertain
stall,0.95,main,,jsw,threshold,class0_p99_us,10,0.9110463778100033,0.01807528262075572,1.8239429266635032,higher
stall,0.95,main,,jsw,threshold,control_cpu_mean,10,-5.127180024445001,-5.2085609225413005,-5.055351413410024,lower
stall,0.95,main,,jsw,threshold,p999_us,10,3.238204050200011,0.1082844260700162,6.484480904999998,higher
stall,0.95,main,,jsw,threshold,p99_us,10,1.1365643682999973,0.7610160783375021,1.5322068923674954,higher
stall,0.95,main,,jsw,threshold,slo_miss_rate,10,-0.10632741949000032,-0.22439390940049975,0.007979988599999127,uncertain
stall,0.95,main,,p2c,jbsq,class0_p99_us,10,33.74501195132,31.253880546571743,36.48517182582825,higher
stall,0.95,main,,p2c,jbsq,control_cpu_mean,10,0.398400000004,0.398400000004,0.398400000004,higher
stall,0.95,main,,p2c,jbsq,p999_us,10,18.403570976200008,15.53178599475252,20.977962586445003,higher
stall,0.95,main,,p2c,jbsq,p99_us,10,21.747147363699998,20.600185706242502,22.993425018789996,higher
stall,0.95,main,,p2c,jbsq,slo_miss_rate,10,15.842226122788997,15.257326668044799,16.460332906902075,higher
stall,0.95,main,,p2c,jsw,class0_p99_us,10,29.620477196810004,27.669023813629497,31.8154258442435,higher
stall,0.95,main,,p2c,jsw,control_cpu_mean,10,0.0,0.0,0.0,uncertain
stall,0.95,main,,p2c,jsw,p999_us,10,6.947908221299992,4.665067097762491,9.294895327237496,higher
stall,0.95,main,,p2c,jsw,p99_us,10,11.946864705799996,10.548852302937494,13.241114882812502,higher
stall,0.95,main,,p2c,jsw,slo_miss_rate,10,7.7887390300199995,7.47877257319825,8.08203407393725,higher
stall,0.95,main,,p2c,qbr,class0_p99_us,10,29.559477742490003,27.567393541439507,31.60230485139125,higher
stall,0.95,main,,p2c,qbr,control_cpu_mean,10,-2.2396932812359998,-2.2616105273297498,-2.2202874140485003,lower
stall,0.95,main,,p2c,qbr,p999_us,10,10.858971963199991,7.551073709639986,14.526370579399991,higher
stall,0.95,main,,p2c,qbr,p99_us,10,12.210025848799996,10.74870247504999,13.638220752599995,higher
stall,0.95,main,,p2c,qbr,slo_miss_rate,10,7.7521194833600005,7.429520576669999,8.040595929054748,higher
stall,0.95,main,,p2c,single,class0_p99_us,10,29.82173424733,27.891641327000254,31.70606229348825,higher
stall,0.95,main,,p2c,single,control_cpu_mean,10,-2.2225479169570006,-2.2431670075482,-2.2035877681100002,lower
stall,0.95,main,,p2c,single,p999_us,10,11.2216615036,8.930445378745006,13.244651712957488,higher
stall,0.95,main,,p2c,single,p99_us,10,11.640940894599996,10.115765255807496,13.112636323104995,higher
stall,0.95,main,,p2c,single,slo_miss_rate,10,7.69372459063,7.329923594895499,8.015898264259,higher
stall,0.95,main,,p2c,steal,class0_p99_us,10,29.318414317869998,27.1387068783165,31.5953231549215,higher
stall,0.95,main,,p2c,steal,control_cpu_mean,10,-2.77537194438,-2.8562385299487496,-2.6824634167428503,lower
stall,0.95,main,,p2c,steal,p999_us,10,8.8511532999,5.021321735934997,12.422498284027503,higher
stall,0.95,main,,p2c,steal,p99_us,10,12.570438221499995,11.357669034984989,13.570372488789998,higher
stall,0.95,main,,p2c,steal,slo_miss_rate,10,7.81389377239,7.542976704399,8.051039983219752,higher
stall,0.95,main,,p2c,threshold,class0_p99_us,10,30.531523574620003,28.540873160768754,32.674656694720746,higher
stall,0.95,main,,p2c,threshold,control_cpu_mean,10,-5.127180024445001,-5.2085609225413005,-5.055351413410024,lower
stall,0.95,main,,p2c,threshold,p999_us,10,10.186112271500003,5.972869801655008,13.953259379562498,higher
stall,0.95,main,,p2c,threshold,p99_us,10,13.083429074099993,11.884075987762495,14.327276118452492,higher
stall,0.95,main,,p2c,threshold,slo_miss_rate,10,7.682411610530001,7.340322509929249,8.006947960456,higher
stall,0.95,main,,qbr,jbsq,class0_p99_us,10,4.185534208829997,2.6677803201577457,5.6596445616252495,higher
stall,0.95,main,,qbr,jbsq,control_cpu_mean,10,2.6380932812399998,2.6186874140525003,2.6600105273337498,higher
stall,0.95,main,,qbr,jbsq,p999_us,10,7.544599013000015,4.465424774977515,10.954723635802516,higher
stall,0.95,main,,qbr,jbsq,p99_us,10,9.537121514900003,8.750965060777498,10.286754544065007,higher
stall,0.95,main,,qbr,jbsq,slo_miss_rate,10,8.090106639428999,7.340417513305624,8.89943662616485,higher
stall,0.95,main,,qbr,jsw,class0_p99_us,10,0.060999454319996003,-0.8127067454380025,0.8089946254592429,uncertain
stall,0.95,main,,qbr,jsw,control_cpu_mean,10,2.2396932812359998,2.2202874140485003,2.2616105273297498,higher
stall,0.95,main,,qbr,jsw,p999_us,10,-3.9110637419,-7.388447859380005,-0.4813976867849894,lower
stall,0.95,main,,qbr,jsw,p99_us,10,-0.26316114299999926,-1.064598891199995,0.5797669246974975,uncertain
stall,0.95,main,,qbr,jsw,slo_miss_rate,10,0.03661954666000028,-0.1866230883117497,0.2530963225627503,uncertain
stall,0.95,main,,qbr,single,class0_p99_us,10,0.2622565048399984,-0.38811141856724907,0.9363838170844947,uncertain
stall,0.95,main,,qbr,single,control_cpu_mean,10,0.017145364278999892,0.0076711991440999005,0.025879190843749827,higher
stall,0.95,main,,qbr,single,p999_us,10,0.3626895404000095,-2.0392063105599894,2.8266898661000197,uncertain
stall,0.95,main,,qbr,single,p99_us,10,-0.5690849541999995,-1.0702593567324947,-0.06828290172500394,lower
stall,0.95,main,,qbr,single,slo_miss_rate,10,-0.05839489273000028,-0.23664553267850044,0.08181846862449964,uncertain
stall,0.95,main,,qbr,steal,class0_p99_us,10,-0.24106342462000258,-1.1634369702535026,0.5895163146917473,uncertain
stall,0.95,main,,qbr,steal,control_cpu_mean,10,-0.535678663144,-0.6339614396463251,-0.42315893638360014,lower
stall,0.95,main,,qbr,steal,p999_us,10,-2.0078186632999917,-4.473079414077491,0.35393198978753193,uncertain
stall,0.95,main,,qbr,steal,p99_us,10,0.3604123727000001,-1.1392920153674972,1.7665388181774926,uncertain
stall,0.95,main,,qbr,steal,slo_miss_rate,10,0.06177428903000019,-0.17000116131274928,0.26604420391000044,uncertain
stall,0.95,main,,qbr,threshold,class0_p99_us,10,0.9720458321299994,-0.2848254118419986,2.0059950840787497,uncertain
stall,0.95,main,,qbr,threshold,control_cpu_mean,10,-2.887486743209,-2.9469274579293008,-2.8351299017033003,lower
stall,0.95,main,,qbr,threshold,p999_us,10,-0.672859691699989,-3.85379893395501,2.42106384540752,uncertain
stall,0.95,main,,qbr,threshold,p99_us,10,0.8734032252999981,-0.06647345413000273,1.8736538117074983,uncertain
stall,0.95,main,,qbr,threshold,slo_miss_rate,10,-0.06970787283000004,-0.33921498321349963,0.19770407896599937,uncertain
stall,0.95,main,,single,jbsq,class0_p99_us,10,3.9232777039899993,2.1708750679557482,5.6067121722005,higher
stall,0.95,main,,single,jbsq,control_cpu_mean,10,2.620947916961,2.6019877681140002,2.6415670075522004,higher
stall,0.95,main,,single,jbsq,p999_us,10,7.181909472600006,4.398734249202516,10.080320267770002,higher
stall,0.95,main,,single,jbsq,p99_us,10,10.106206469100002,9.376414113017503,10.793898231769992,higher
stall,0.95,main,,single,jbsq,slo_miss_rate,10,8.148501532158999,7.341797527393176,9.0471640603916,higher
stall,0.95,main,,single,jsw,class0_p99_us,10,-0.20125705052000242,-0.7084317042147508,0.35542867281674917,uncertain
stall,0.95,main,,single,jsw,control_cpu_mean,10,2.2225479169570006,2.2035877681100002,2.2431670075482,higher
stall,0.95,main,,single,jsw,p999_us,10,-4.273753282300009,-6.518028041560011,-2.085677774600023,lower
stall,0.95,main,,single,jsw,p99_us,10,0.3059238112000003,-0.49147553907499447,1.1418771895224968,uncertain
stall,0.95,main,,single,jsw,slo_miss_rate,10,0.09501443939000057,-0.09032719984749973,0.26972790488725085,uncertain
stall,0.95,main,,single,qbr,class0_p99_us,10,-0.2622565048399984,-0.9363838170844953,0.38811141856724896,uncertain
stall,0.95,main,,single,qbr,control_cpu_mean,10,-0.017145364278999892,-0.02587919084374983,-0.007671199144099911,lower
stall,0.95,main,,single,qbr,p999_us,10,-0.3626895404000095,-2.8266898661000197,2.0392063105599885,uncertain
stall,0.95,main,,single,qbr,p99_us,10,0.5690849541999995,0.06828290172500368,1.0702593567324947,higher
stall,0.95,main,,single,qbr,slo_miss_rate,10,0.05839489273000028,-0.08181846862449965,0.23664553267850033,uncertain
stall,0.95,main,,single,steal,class0_p99_us,10,-0.503319929460001,-1.1051643504110022,0.09408786612800032,uncertain
stall,0.95,main,,single,steal,control_cpu_mean,10,-0.552824027423,-0.6523171617963253,-0.44154310039594996,lower
stall,0.95,main,,single,steal,p999_us,10,-2.370508203700001,-4.910749205740031,0.319149345044988,uncertain
stall,0.95,main,,single,steal,p99_us,10,0.9294973268999996,-0.5362584049900024,2.3726364930299946,uncertain
stall,0.95,main,,single,steal,slo_miss_rate,10,0.12016918176000047,-0.12615147840449925,0.35324903455025,uncertain
stall,0.95,main,,single,threshold,class0_p99_us,10,0.7097893272900009,-0.25090696481274866,1.564787324162751,uncertain
stall,0.95,main,,single,threshold,control_cpu_mean,10,-2.904632107488,-2.9665218835424754,-2.850619217483225,lower
stall,0.95,main,,single,threshold,p999_us,10,-1.0355492320999986,-3.658454036700016,1.253744694735006,uncertain
stall,0.95,main,,single,threshold,p99_us,10,1.4424881794999975,0.5719913164624977,2.341682291637504,higher
stall,0.95,main,,single,threshold,slo_miss_rate,10,-0.011312980099999754,-0.183511222553999,0.19873832872050007,uncertain
stall,0.95,main,,steal,jbsq,class0_p99_us,10,4.42659763345,2.5158132584582504,6.108327335616501,higher
stall,0.95,main,,steal,jbsq,control_cpu_mean,10,3.173771944384,3.0808634167468494,3.25463852995275,higher
stall,0.95,main,,steal,jbsq,p999_us,10,9.552417676300006,7.346331216037514,11.787033679604999,higher
stall,0.95,main,,steal,jbsq,p99_us,10,9.176709142200002,7.936371902567508,10.490365573400002,higher
stall,0.95,main,,steal,jbsq,slo_miss_rate,10,8.028332350399001,7.34179694571615,8.799317042392474,higher
stall,0.95,main,,steal,jsw,class0_p99_us,10,0.30206287893999856,-0.49898734765124897,0.9802389128084957,uncertain
stall,0.95,main,,steal,jsw,control_cpu_mean,10,2.77537194438,2.68246341674285,2.8562385299487496,higher
stall,0.95,main,,steal,jsw,p999_us,10,-1.9032450786000084,-4.832846894530019,1.0094418368549924,uncertain
stall,0.95,main,,steal,jsw,p99_us,10,-0.6235735156999993,-1.8211223414100033,0.5989450388849953,uncertain
stall,0.95,main,,steal,jsw,slo_miss_rate,10,-0.025154742369999927,-0.2265745224164999,0.16986787889550017,uncertain
stall,0.95,main,,steal,qbr,class0_p99_us,10,0.24106342462000258,-0.5895163146917473,1.1634369702535026,uncertain
stall,0.95,main,,steal,qbr,control_cpu_mean,10,0.535678663144,0.4231589363836,0.6339614396463251,higher
stall,0.95,main,,steal,qbr,p999_us,10,2.0078186632999917,-0.3539319897875323,4.473079414077487,uncertain
stall,0.95,main,,steal,qbr,p99_us,10,-0.3604123727000001,-1.7665388181774926,1.139292015367496,uncertain
stall,0.95,main,,steal,qbr,slo_miss_rate,10,-0.06177428903000019,-0.26604420391000044,0.17000116131274925,uncertain
stall,0.95,main,,steal,single,class0_p99_us,10,0.503319929460001,-0.0940878661280004,1.105164350411002,uncertain
stall,0.95,main,,steal,single,control_cpu_mean,10,0.552824027423,0.4415431003959499,0.6523171617963252,higher
stall,0.95,main,,steal,single,p999_us,10,2.370508203700001,-0.3191493450449887,4.91074920574003,uncertain
stall,0.95,main,,steal,single,p99_us,10,-0.9294973268999996,-2.3726364930299946,0.5362584049900004,uncertain
stall,0.95,main,,steal,single,slo_miss_rate,10,-0.12016918176000047,-0.3532490345502501,0.12615147840449925,uncertain
stall,0.95,main,,steal,threshold,class0_p99_us,10,1.213109256750002,0.4693005913222533,1.9466776490157478,higher
stall,0.95,main,,steal,threshold,control_cpu_mean,10,-2.351808080065,-2.5205176212396503,-2.20253323792995,lower
stall,0.95,main,,steal,threshold,p999_us,10,1.3349589716000025,-0.8044606978649983,3.483893705117489,uncertain
stall,0.95,main,,steal,threshold,p99_us,10,0.512990852599998,-0.6450291160924952,1.7820792775425014,uncertain
stall,0.95,main,,steal,threshold,slo_miss_rate,10,-0.13148216186000025,-0.3804465304072496,0.09329287419924949,uncertain
stall,0.95,main,,threshold,jbsq,class0_p99_us,10,3.213488376699998,1.6039116243509983,4.812293198730749,higher
stall,0.95,main,,threshold,jbsq,control_cpu_mean,10,5.525580024449,5.453751413414024,5.606960922545299,higher
stall,0.95,main,,threshold,jbsq,p999_us,10,8.217458704700004,4.823618625075008,11.655408530902513,higher
stall,0.95,main,,threshold,jbsq,p99_us,10,8.663718289600004,8.092524330590004,9.280871086947508,higher
stall,0.95,main,,threshold,jbsq,slo_miss_rate,10,8.159814512259,7.361338247317601,9.036140261335001,higher
stall,0.95,main,,threshold,jsw,class0_p99_us,10,-0.9110463778100033,-1.8239429266635039,-0.018075282620757294,lower
stall,0.95,main,,threshold,jsw,control_cpu_mean,10,5.127180024445001,5.055351413410024,5.2085609225413,higher
stall,0.95,main,,threshold,jsw,p999_us,10,-3.238204050200011,-6.484480904999998,-0.10828442607001662,lower
stall,0.95,main,,threshold,jsw,p99_us,10,-1.1365643682999973,-1.5322068923674956,-0.7610160783375023,lower
stall,0.95,main,,threshold,jsw,slo_miss_rate,10,0.10632741949000032,-0.007979988599999127,0.22439390940049972,uncertain
stall,0.95,main,,threshold,qbr,class0_p99_us,10,-0.9720458321299994,-2.005995084078751,0.284825411841994,uncertain
stall,0.95,main,,threshold,qbr,control_cpu_mean,10,2.887486743209,2.8351299017033003,2.9469274579293003,higher
stall,0.95,main,,threshold,qbr,p999_us,10,0.672859691699989,-2.4210638454075255,3.8537989339550056,uncertain
stall,0.95,main,,threshold,qbr,p99_us,10,-0.8734032252999981,-1.873653811707499,0.06647345413000258,uncertain
stall,0.95,main,,threshold,qbr,slo_miss_rate,10,0.06970787283000004,-0.19770407896599984,0.33921498321349913,uncertain
stall,0.95,main,,threshold,single,class0_p99_us,10,-0.7097893272900009,-1.5647873241627515,0.25090696481274843,uncertain
stall,0.95,main,,threshold,single,control_cpu_mean,10,2.904632107488,2.850619217483225,2.9665218835424754,higher
stall,0.95,main,,threshold,single,p999_us,10,1.0355492320999986,-1.2537446947350075,3.658454036700016,uncertain
stall,0.95,main,,threshold,single,p99_us,10,-1.4424881794999975,-2.341682291637505,-0.571991316462498,lower
stall,0.95,main,,threshold,single,slo_miss_rate,10,0.011312980099999754,-0.1987383287205001,0.18351122255399896,uncertain
stall,0.95,main,,threshold,steal,class0_p99_us,10,-1.213109256750002,-1.946677649015749,-0.4693005913222534,lower
stall,0.95,main,,threshold,steal,control_cpu_mean,10,2.351808080065,2.20253323792995,2.5205176212396503,higher
stall,0.95,main,,threshold,steal,p999_us,10,-1.3349589716000025,-3.483893705117489,0.8044606978649965,uncertain
stall,0.95,main,,threshold,steal,p99_us,10,-0.512990852599998,-1.7820792775425016,0.6450291160924925,uncertain
stall,0.95,main,,threshold,steal,slo_miss_rate,10,0.13148216186000025,-0.09329287419924956,0.38044653040724935,uncertain
stall,0.95,main,,work,jbsq,class0_p99_us,10,1454.05558989468,1375.942635125562,1543.3047067174318,higher
stall,0.95,main,,work,jbsq,control_cpu_mean,10,0.398400000004,0.398400000004,0.398400000004,higher
stall,0.95,main,,work,jbsq,p999_us,10,1359.8950248264998,1282.96436201792,1448.311322363175,higher
stall,0.95,main,,work,jbsq,p99_us,10,1390.122699883,1312.0157570701601,1479.1816772889824,higher
stall,0.95,main,,work,jbsq,slo_miss_rate,10,91.652403028969,90.06407545153381,93.10827965006924,higher
stall,0.95,main,,work,jsw,class0_p99_us,10,1449.93105514017,1371.653131437339,1539.5047051418578,higher
stall,0.95,main,,work,jsw,control_cpu_mean,10,0.0,0.0,0.0,uncertain
stall,0.95,main,,work,jsw,p999_us,10,1348.4393620716,1271.2240343041,1436.85986456163,higher
stall,0.95,main,,work,jsw,p99_us,10,1380.3224172251,1302.1741275699324,1469.3654436775398,higher
stall,0.95,main,,work,jsw,slo_miss_rate,10,83.5989159362,81.22912863236176,85.66893788144574,higher
stall,0.95,main,,work,qbr,class0_p99_us,10,1449.87005568585,1371.7840944441296,1539.401927724853,higher
stall,0.95,main,,work,qbr,control_cpu_mean,10,-2.2396932812359998,-2.2616105273297498,-2.2202874140485003,lower
stall,0.95,main,,work,qbr,p999_us,10,1352.3504258135,1273.7656362054252,1442.151141765835,higher
stall,0.95,main,,work,qbr,p99_us,10,1380.5855783681002,1302.6061100847,1469.2840645430251,higher
stall,0.95,main,,work,qbr,slo_miss_rate,10,83.56229638954,81.19500736933423,85.64364161814575,higher
stall,0.95,main,,work,single,class0_p99_us,10,1450.1323121906898,1371.941974198129,1540.0837735655703,higher
stall,0.95,main,,work,single,control_cpu_mean,10,-2.2225479169570006,-2.2431670075482,-2.2035877681100002,lower
stall,0.95,main,,work,single,p999_us,10,1352.7131153539,1274.6662186649326,1442.8984655647498,higher
stall,0.95,main,,work,single,p99_us,10,1380.0164934139002,1302.0732527199898,1468.7018460709075,higher
stall,0.95,main,,work,single,slo_miss_rate,10,83.50390149681,81.09854023608575,85.62709801389549,higher
stall,0.95,main,,work,steal,class0_p99_us,10,1449.62899226123,1370.994833518084,1540.1380666846162,higher
stall,0.95,main,,work,steal,control_cpu_mean,10,-2.77537194438,-2.8562385299487496,-2.6824634167428503,lower
stall,0.95,main,,work,steal,p999_us,10,1350.3426071502,1272.6783537781325,1439.266251839175,higher
stall,0.95,main,,work,steal,p99_us,10,1380.9459907408002,1302.5555885852552,1470.5379972504477,higher
stall,0.95,main,,work,steal,slo_miss_rate,10,83.62407067857,81.32827263476625,85.615769361348,higher
stall,0.95,main,,work,threshold,class0_p99_us,10,1450.8421015179802,1372.4215978386328,1540.5145440540691,higher
stall,0.95,main,,work,threshold,control_cpu_mean,10,-5.127180024445001,-5.2085609225413005,-5.055351413410024,lower
stall,0.95,main,,work,threshold,p999_us,10,1351.6775661218,1273.460345586305,1440.9788316545325,higher
stall,0.95,main,,work,threshold,p99_us,10,1381.4589815934,1303.3025366207448,1470.6301633503701,higher
stall,0.95,main,,work,threshold,slo_miss_rate,10,83.49258851671001,81.12572826561825,85.60593675390574,higher
steady,0.5,main,,bwc,jbsq,class0_p99_us,10,1.2724389280000004,1.2234198974445007,1.3236484016532508,higher
steady,0.5,main,,bwc,jbsq,control_cpu_mean,10,1.085207798155,1.083505947596,1.08713038453955,higher
steady,0.5,main,,bwc,jbsq,p999_us,10,0.02399091540000029,0.0,0.07197274620000087,uncertain
steady,0.5,main,,bwc,jbsq,p99_us,10,0.07094285599999636,0.017775571600000716,0.12423419753749179,higher
steady,0.5,main,,bwc,jbsq,slo_miss_rate,10,0.0008152508225000047,0.0,0.0016322612035000149,uncertain
steady,0.5,main,,bwc,jsw,class0_p99_us,10,0.07885023694000068,0.002182516459001018,0.15562532606650045,higher
steady,0.5,main,,bwc,jsw,control_cpu_mean,10,0.686807798151,0.6851059475920002,0.68873038453555,higher
steady,0.5,main,,bwc,jsw,p999_us,10,-0.1004358031999999,-0.29822172640000133,0.04798183080000058,uncertain
steady,0.5,main,,bwc,jsw,p99_us,10,-0.2673860442000063,-0.3563734737475111,-0.17802362040249256,lower
steady,0.5,main,,bwc,jsw,slo_miss_rate,10,-0.00407783677729999,-0.005297576514462484,-0.002846018983839992,lower
steady,0.5,main,,bwc,qbr,class0_p99_us,10,0.027647023449999964,-0.04936329325774964,0.1109921897500005,uncertain
steady,0.5,main,,bwc,qbr,control_cpu_mean,10,-0.9066929633260001,-0.9087436013105501,-0.90454617909865,lower
steady,0.5,main,,bwc,qbr,p999_us,10,-0.0982185831999999,-0.27031436620000304,0.04798183080000058,uncertain
steady,0.5,main,,bwc,qbr,p99_us,10,-0.213559561200006,-0.3555334563825103,-0.08873602610000261,lower
steady,0.5,main,,bwc,qbr,slo_miss_rate,10,-0.003264771590900002,-0.005298587704155001,-0.0012306081513449982,lower
steady,0.5,main,,bwc,single,class0_p99_us,10,0.05119746028000023,-0.010981190612499114,0.11533026227400005,uncertain
steady,0.5,main,,bwc,single,control_cpu_mean,10,-0.9044948012940001,-0.906211962729825,-0.9025626749689748,lower
steady,0.5,main,,bwc,single,p999_us,10,-0.24531647959999817,-0.539605428699997,0.0,uncertain
steady,0.5,main,,bwc,single,p99_us,10,-0.23176267500000733,-0.3745761493225104,-0.10674404400000391,lower
steady,0.5,main,,bwc,single,slo_miss_rate,10,-0.0028554568666000046,-0.004693617667337506,-0.0012175851740000004,lower
steady,0.5,main,,bwc,steal,class0_p99_us,10,0.044685581379999915,-0.023739443756000334,0.11465180242774918,uncertain
steady,0.5,main,,bwc,steal,control_cpu_mean,10,-2.6017181412349997,-2.6817886010183747,-2.5351197777040753,lower
steady,0.5,main,,bwc,steal,p999_us,10,-0.050013941800000336,-0.15004182540000102,0.0,uncertain
steady,0.5,main,,bwc,steal,p99_us,10,-0.28546485410001027,-0.39288936894501525,-0.16110453083750703,lower
steady,0.5,main,,bwc,steal,slo_miss_rate,10,-0.0020363355626999875,-0.003661255074499979,-0.0006122573929999951,lower
steady,0.5,main,,bwc,threshold,class0_p99_us,10,0.0832619254000008,0.02985088123525097,0.1345897260695005,higher
steady,0.5,main,,bwc,threshold,control_cpu_mean,10,-0.9521141329990002,-0.9553318530769997,-0.9495029519263749,lower
steady,0.5,main,,bwc,threshold,p999_us,10,-0.2678849351999986,-0.5892511264649977,0.0,uncertain
steady,0.5,main,,bwc,threshold,p99_us,10,-0.19605167470001278,-0.2860880689650122,-0.08875572170001078,lower
steady,0.5,main,,bwc,threshold,slo_miss_rate,10,-0.00204071891549998,-0.003878983650497479,-0.00040671041880998226,lower
steady,0.5,main,,jbsq,jsw,class0_p99_us,10,-1.1935886910599998,-1.2723156465352494,-1.1185603692114998,lower
steady,0.5,main,,jbsq,jsw,control_cpu_mean,10,-0.398400000004,-0.398400000004,-0.398400000004,lower
steady,0.5,main,,jbsq,jsw,p999_us,10,-0.12442671860000018,-0.3002337175999969,0.0,uncertain
steady,0.5,main,,jbsq,jsw,p99_us,10,-0.3383289002000026,-0.41023314853499926,-0.2664946452425018,lower
steady,0.5,main,,jbsq,jsw,slo_miss_rate,10,-0.004893087599799994,-0.006102066360624991,-0.0034647210212224873,lower
steady,0.5,main,,jbsq,qbr,class0_p99_us,10,-1.2447919045500004,-1.323210143006751,-1.1653580577522509,lower
steady,0.5,main,,jbsq,qbr,control_cpu_mean,10,-1.9919007614810003,-1.9928443561076,-1.990916631087425,lower
steady,0.5,main,,jbsq,qbr,p999_us,10,-0.12220949860000019,-0.29378728640000135,0.0,uncertain
steady,0.5,main,,jbsq,qbr,p99_us,10,-0.28450241720000236,-0.40778123057250276,-0.17797072241500225,lower
steady,0.5,main,,jbsq,qbr,slo_miss_rate,10,-0.004080022413400007,-0.005717583258975018,-0.002439041858055013,lower
steady,0.5,main,,jbsq,single,class0_p99_us,10,-1.22124146772,-1.2734588132270004,-1.1672955044157498,lower
steady,0.5,main,,jbsq,single,control_cpu_mean,10,-1.9897025994489996,-1.990272207949225,-1.989080216854325,lower
steady,0.5,main,,jbsq,single,p999_us,10,-0.26930739499999845,-0.5623480873999966,0.0,uncertain
steady,0.5,main,,jbsq,single,p99_us,10,-0.3027055310000037,-0.4264939364900048,-0.19612180587250316,lower
steady,0.5,main,,jbsq,single,slo_miss_rate,10,-0.0036707076891000093,-0.005320896561550028,-0.0018360560816675045,lower
steady,0.5,main,,jbsq,steal,class0_p99_us,10,-1.2277533466200006,-1.2972265676237509,-1.1579249997115002,lower
steady,0.5,main,,jbsq,steal,control_cpu_mean,10,-3.68692593939,-3.7666025956601246,-3.6202101356809,lower
steady,0.5,main,,jbsq,steal,p999_us,10,-0.07400485720000063,-0.1740327408000013,0.0,uncertain
steady,0.5,main,,jbsq,steal,p99_us,10,-0.3564077101000066,-0.44571390381751136,-0.24962827475751112,lower
steady,0.5,main,,jbsq,steal,slo_miss_rate,10,-0.0028515863851999923,-0.004275334833274987,-0.0014319992472049967,lower
steady,0.5,main,,jbsq,threshold,class0_p99_us,10,-1.1891770025999997,-1.2413425442847488,-1.1307334113520002,lower
steady,0.5,main,,jbsq,threshold,control_cpu_mean,10,-2.0373219311540005,-2.04052464715615,-2.0342547336441,lower
steady,0.5,main,,jbsq,threshold,p999_us,10,-0.2918758505999989,-0.5921337922824959,0.0,uncertain
steady,0.5,main,,jbsq,threshold,p99_us,10,-0.2669945307000091,-0.3380617240000078,-0.17912444176001097,lower
steady,0.5,main,,jbsq,threshold,slo_miss_rate,10,-0.0028559697379999848,-0.004490459724039974,-0.0014266955725999965,lower
steady,0.5,main,,jsw,jbsq,class0_p99_us,10,1.1935886910599998,1.1185603692114998,1.2723156465352494,higher
steady,0.5,main,,jsw,jbsq,control_cpu_mean,10,0.398400000004,0.398400000004,0.398400000004,higher
steady,0.5,main,,jsw,jbsq,p999_us,10,0.12442671860000018,0.0,0.3002337175999969,uncertain
steady,0.5,main,,jsw,jbsq,p99_us,10,0.3383289002000026,0.26649464524250177,0.41023314853499926,higher
steady,0.5,main,,jsw,jbsq,slo_miss_rate,10,0.004893087599799994,0.0034647210212224873,0.006102066360624991,higher
steady,0.5,main,,jsw,qbr,class0_p99_us,10,-0.05120321349000072,-0.12334453645624999,0.012789932401498456,uncertain
steady,0.5,main,,jsw,qbr,control_cpu_mean,10,-1.593500761477,-1.5944443561036,-1.5925166310834251,lower
steady,0.5,main,,jsw,qbr,p999_us,10,0.0022172199999999976,-0.21852362819999768,0.2251752881999977,uncertain
steady,0.5,main,,jsw,qbr,p99_us,10,0.05382648300000028,-0.035035002499992626,0.14256327472249566,uncertain
steady,0.5,main,,jsw,qbr,slo_miss_rate,10,0.0008130651863999874,-0.0018425354238100035,0.003462531258264985,uncertain
steady,0.5,main,,jsw,single,class0_p99_us,10,-0.027652776660000454,-0.1059018711710005,0.03834375866349969,uncertain
steady,0.5,main,,jsw,single,control_cpu_mean,10,-1.5913025994449999,-1.5918722079452248,-1.5906802168503247,lower
steady,0.5,main,,jsw,single,p999_us,10,-0.14488067639999827,-0.4624953683599962,0.15011685879999845,uncertain
steady,0.5,main,,jsw,single,p99_us,10,0.035623369199998936,-0.05346975699999916,0.12430635665999352,uncertain
steady,0.5,main,,jsw,single,slo_miss_rate,10,0.001222379910699985,-0.0010237708894950304,0.00327286959414,uncertain
steady,0.5,main,,jsw,steal,class0_p99_us,10,-0.03416465556000077,-0.09838598813000164,0.02577048251074982,uncertain
steady,0.5,main,,jsw,steal,control_cpu_mean,10,-3.2885259393860005,-3.368202595656125,-3.2218101356769,lower
steady,0.5,main,,jsw,steal,p999_us,10,0.05042186139999956,-0.04798183080000058,0.17387004119999858,uncertain
steady,0.5,main,,jsw,steal,p99_us,10,-0.01807880990000399,-0.14297351880000803,0.08875498233499904,uncertain
steady,0.5,main,,jsw,steal,slo_miss_rate,10,0.002041501214600002,-0.00020366319856248783,0.003678741257462499,uncertain
steady,0.5,main,,jsw,threshold,class0_p99_us,10,0.004411688460000107,-0.06979240165500013,0.07643554858100012,uncertain
steady,0.5,main,,jsw,threshold,control_cpu_mean,10,-1.63892193115,-1.6421246471521498,-1.6358547336401001,lower
steady,0.5,main,,jsw,threshold,p999_us,10,-0.16744913199999872,-0.45290504219999833,0.0,uncertain
steady,0.5,main,,jsw,threshold,p99_us,10,0.0713343694999935,-0.03601523210000721,0.1964251872999995,uncertain
steady,0.5,main,,jsw,threshold,slo_miss_rate,10,0.0020371178618000096,-0.00019700536017747388,0.004075165465990013,uncertain
steady,0.5,main,,p2c,jbsq,class0_p99_us,10,0.12318666067000059,0.09902189105025133,0.14756229629275022,higher
steady,0.5,main,,p2c,jbsq,control_cpu_mean,10,0.398400000004,0.398400000004,0.398400000004,higher
steady,0.5,main,,p2c,jbsq,p999_us,10,0.0,0.0,0.0,uncertain
steady,0.5,main,,p2c,jbsq,p99_us,10,0.03540929339999934,0.0,0.08852323349999836,uncertain
steady,0.5,main,,p2c,jbsq,slo_miss_rate,10,0.0079524404794,0.006546260790147508,0.009180295715697503,higher
steady,0.5,main,,p2c,jsw,class0_p99_us,10,-1.070402030389999,-1.1337367906707492,-1.0093717264057491,lower
steady,0.5,main,,p2c,jsw,control_cpu_mean,10,0.0,0.0,0.0,uncertain
steady,0.5,main,,p2c,jsw,p999_us,10,-0.12442671860000018,-0.3002337175999969,0.0,uncertain
steady,0.5,main,,p2c,jsw,p99_us,10,-0.3029196068000033,-0.3908184708974974,-0.2136850752650018,lower
steady,0.5,main,,p2c,jsw,slo_miss_rate,10,0.003059352879600007,0.0010183470857300057,0.005107041131955001,higher
steady,0.5,main,,p2c,qbr,class0_p99_us,10,-1.12160524388,-1.1848357729922498,-1.0540537135642503,lower
steady,0.5,main,,p2c,qbr,control_cpu_mean,10,-1.593500761477,-1.5944443561036,-1.5925166310834251,lower
steady,0.5,main,,p2c,qbr,p999_us,10,-0.12220949860000019,-0.29378728640000135,0.0,uncertain
steady,0.5,main,,p2c,qbr,p99_us,10,-0.249093123800003,-0.33902257623750687,-0.1425626164675066,lower
steady,0.5,main,,p2c,qbr,slo_miss_rate,10,0.003872418065999994,0.002848106748337489,0.0050926734242074815,higher
steady,0.5,main,,p2c,single,class0_p99_us,10,-1.0980548070499996,-1.1405024758017503,-1.0538093893464997,lower
steady,0.5,main,,p2c,single,control_cpu_mean,10,-1.5913025994449999,-1.5918722079452248,-1.5906802168503247,lower
steady,0.5,main,,p2c,single,p999_us,10,-0.26930739499999845,-0.5623480873999966,0.0,uncertain
steady,0.5,main,,p2c,single,p99_us,10,-0.26729623760000437,-0.374235749007505,-0.16094431758500463,lower
steady,0.5,main,,p2c,single,slo_miss_rate,10,0.004281732790299991,0.0030666799859949915,0.005508351544572489,higher
steady,0.5,main,,p2c,steal,class0_p99_us,10,-1.1045666859499998,-1.159108564707249,-1.0509368607552498,lower
steady,0.5,main,,p2c,steal,control_cpu_mean,10,-3.2885259393860005,-3.368202595656125,-3.2218101356769,lower
steady,0.5,main,,p2c,steal,p999_us,10,-0.07400485720000063,-0.1740327408000013,0.0,uncertain
steady,0.5,main,,p2c,steal,p99_us,10,-0.3209984167000073,-0.39315320866750786,-0.23154776290000428,lower
steady,0.5,main,,p2c,steal,slo_miss_rate,10,0.005100854094200009,0.003468062062455029,0.006736843182819991,higher
steady,0.5,main,,p2c,threshold,class0_p99_us,10,-1.065990341929999,-1.1143391273607492,-1.0114449072449994,lower
steady,0.5,main,,p2c,threshold,control_cpu_mean,10,-1.63892193115,-1.6421246471521498,-1.6358547336401001,lower
steady,0.5,main,,p2c,threshold,p999_us,10,-0.2918758505999989,-0.5921337922824959,0.0,uncertain
steady,0.5,main,,p2c,threshold,p99_us,10,-0.2315852373000098,-0.30307834980750975,-0.16008882134501037,lower
steady,0.5,main,,p2c,threshold,slo_miss_rate,10,0.0050964707414000165,0.0026480305695925294,0.007346010731782507,higher
steady,0.5,main,,qbr,jbsq,class0_p99_us,10,1.2447919045500004,1.1653580577522509,1.323210143006751,higher
steady,0.5,main,,qbr,jbsq,control_cpu_mean,10,1.9919007614810003,1.990916631087425,1.9928443561076,higher
steady,0.5,main,,qbr,jbsq,p999_us,10,0.12220949860000019,0.0,0.29378728640000135,uncertain
steady,0.5,main,,qbr,jbsq,p99_us,10,0.28450241720000236,0.17797072241500225,0.40778123057250265,higher
steady,0.5,main,,qbr,jbsq,slo_miss_rate,10,0.004080022413400007,0.002439041858055013,0.005717583258975018,higher
steady,0.5,main,,qbr,jsw,class0_p99_us,10,0.05120321349000072,-0.012789932401498456,0.12334453645624999,uncertain
steady,0.5,main,,qbr,jsw,control_cpu_mean,10,1.593500761477,1.5925166310834251,1.5944443561036,higher
steady,0.5,main,,qbr,jsw,p999_us,10,-0.0022172199999999976,-0.2251752881999977,0.21852362819999768,uncertain
steady,0.5,main,,qbr,jsw,p99_us,10,-0.05382648300000028,-0.14256327472249566,0.035035002499992626,uncertain
steady,0.5,main,,qbr,jsw,slo_miss_rate,10,-0.0008130651863999874,-0.0034625312582649854,0.0018425354238100033,uncertain
steady,0.5,main,,qbr,single,class0_p99_us,10,0.023550436830000264,-0.010613488769999435,0.06616821463000058,uncertain
steady,0.5,main,,qbr,single,control_cpu_mean,10,0.002198162032000031,0.001621267500750096,0.0027955083124999846,higher
steady,0.5,main,,qbr,single,p999_us,10,-0.14709789639999826,-0.39185133539999695,0.0,uncertain
steady,0.5,main,,qbr,single,p99_us,10,-0.018203113800001346,-0.07195793850000314,0.03533858099999634,uncertain
steady,0.5,main,,qbr,single,slo_miss_rate,10,0.0004093147242999976,-0.0006088280060999925,0.0018367721789999854,uncertain
steady,0.5,main,,qbr,steal,class0_p99_us,10,0.017038557929999955,-0.05978893038549985,0.09164921404375016,uncertain
steady,0.5,main,,qbr,steal,control_cpu_mean,10,-1.695025177909,-1.77538416045835,-1.6283409733962753,lower
steady,0.5,main,,qbr,steal,p999_us,10,0.04820464139999956,-0.12721455780000213,0.2672494562349991,uncertain
steady,0.5,main,,qbr,steal,p99_us,10,-0.07190529290000428,-0.23194249268250627,0.070444545194998,uncertain
steady,0.5,main,,qbr,steal,slo_miss_rate,10,0.0012284360282000147,-0.0006103338014999942,0.0034705122009350145,uncertain
steady,0.5,main,,qbr,threshold,class0_p99_us,10,0.05561490195000083,-0.016972446544499593,0.13658821342250108,uncertain
steady,0.5,main,,qbr,threshold,control_cpu_mean,10,-0.04542116967299996,-0.048636845859649995,-0.04259351661395,lower
steady,0.5,main,,qbr,threshold,p999_us,10,-0.16966635199999872,-0.5280189020999976,0.14346519879999847,uncertain
steady,0.5,main,,qbr,threshold,p99_us,10,0.01750788649999322,-0.12439544180000724,0.142293681299995,uncertain
steady,0.5,main,,qbr,threshold,slo_miss_rate,10,0.0012240526754000221,-0.0016374816871799803,0.0038769799357325097,uncertain
steady,0.5,main,,single,jbsq,class0_p99_us,10,1.22124146772,1.1672955044157498,1.2734588132270004,higher
steady,0.5,main,,single,jbsq,control_cpu_mean,10,1.9897025994489996,1.989080216854325,1.990272207949225,higher
steady,0.5,main,,single,jbsq,p999_us,10,0.26930739499999845,0.0,0.5623480873999966,uncertain
steady,0.5,main,,single,jbsq,p99_us,10,0.3027055310000037,0.19612180587250316,0.4264939364900048,higher
steady,0.5,main,,single,jbsq,slo_miss_rate,10,0.0036707076891000093,0.0018360560816675043,0.005320896561550027,higher
steady,0.5,main,,single,jsw,class0_p99_us,10,0.027652776660000454,-0.03834375866349969,0.10590187117100043,uncertain
steady,0.5,main,,single,jsw,control_cpu_mean,10,1.5913025994449999,1.5906802168503247,1.5918722079452248,higher
steady,0.5,main,,single,jsw,p999_us,10,0.14488067639999827,-0.15011685879999845,0.46249536835999594,uncertain
steady,0.5,main,,single,jsw,p99_us,10,-0.035623369199998936,-0.12430635665999354,0.05346975699999916,uncertain
steady,0.5,main,,single,jsw,slo_miss_rate,10,-0.001222379910699985,-0.003272869594140001,0.0010237708894950302,uncertain
steady,0.5,main,,single,qbr,class0_p99_us,10,-0.023550436830000264,-0.06616821463000058,0.010613488769999435,uncertain
steady,0.5,main,,single,qbr,control_cpu_mean,10,-0.002198162032000031,-0.0027955083124999855,-0.0016212675007500961,lower
steady,0.5,main,,single,qbr,p999_us,10,0.14709789639999826,0.0,0.39185133539999695,uncertain
steady,0.5,main,,single,qbr,p99_us,10,0.018203113800001346,-0.03533858099999634,0.07195793850000314,uncertain
steady,0.5,main,,single,qbr,slo_miss_rate,10,-0.0004093147242999976,-0.0018367721789999854,0.0006088280060999925,uncertain
steady,0.5,main,,single,steal,class0_p99_us,10,-0.006511878900000312,-0.0703400123937508,0.06169288053899991,uncertain
steady,0.5,main,,single,steal,control_cpu_mean,10,-1.6972233399409997,-1.7771441362342748,-1.630606555445575,lower
steady,0.5,main,,single,steal,p999_us,10,0.19530253779999782,-0.09596366160000117,0.5146238745999966,uncertain
steady,0.5,main,,single,steal,p99_us,10,-0.053702179100002925,-0.178507331507503,0.053809856987496116,uncertain
steady,0.5,main,,single,steal,slo_miss_rate,10,0.000819121303900017,-0.0016296603666674735,0.0032689992599000154,uncertain
steady,0.5,main,,single,threshold,class0_p99_us,10,0.032064465120000565,-0.019178499828749633,0.09157021464700028,uncertain
steady,0.5,main,,single,threshold,control_cpu_mean,10,-0.04761933170499999,-0.05066016679099998,-0.04496487859404995,lower
steady,0.5,main,,single,threshold,p999_us,10,-0.022568455600000446,-0.4559240045999985,0.38821863779999716,uncertain
steady,0.5,main,,single,threshold,p99_us,10,0.035711000299994564,-0.07140696280000611,0.16010482299999182,uncertain
steady,0.5,main,,single,threshold,slo_miss_rate,10,0.0008147379511000245,-0.0020490546263324696,0.0036608036674450044,uncertain
steady,0.5,main,,steal,jbsq,class0_p99_us,10,1.2277533466200006,1.1579249997115002,1.2972265676237509,higher
steady,0.5,main,,steal,jbsq,control_cpu_mean,10,3.68692593939,3.6202101356809,3.7666025956601246,higher
steady,0.5,main,,steal,jbsq,p999_us,10,0.07400485720000063,0.0,0.1740327408000013,uncertain
steady,0.5,main,,steal,jbsq,p99_us,10,0.3564077101000066,0.24962827475751112,0.44571390381751136,higher
steady,0.5,main,,steal,jbsq,slo_miss_rate,10,0.0028515863851999923,0.0014319992472049967,0.004275334833274987,higher
steady,0.5,main,,steal,jsw,class0_p99_us,10,0.03416465556000077,-0.025770482510749843,0.09838598813000164,uncertain
steady,0.5,main,,steal,jsw,control_cpu_mean,10,3.2885259393860005,3.2218101356769,3.368202595656125,higher
steady,0.5,main,,steal,jsw,p999_us,10,-0.05042186139999956,-0.17387004119999858,0.04798183080000058,uncertain
steady,0.5,main,,steal,jsw,p99_us,10,0.01807880990000399,-0.08875498233499904,0.14297351880000803,uncertain
steady,0.5,main,,steal,jsw,slo_miss_rate,10,-0.002041501214600002,-0.003678741257462499,0.00020366319856248783,uncertain
steady,0.5,main,,steal,qbr,class0_p99_us,10,-0.017038557929999955,-0.09164921404375018,0.05978893038549984,uncertain
steady,0.5,main,,steal,qbr,control_cpu_mean,10,1.695025177909,1.628340973396275,1.77538416045835,higher
steady,0.5,main,,steal,qbr,p999_us,10,-0.04820464139999956,-0.2672494562349992,0.12721455780000213,uncertain
steady,0.5,main,,steal,qbr,p99_us,10,0.07190529290000428,-0.07044454519499802,0.23194249268250627,uncertain
steady,0.5,main,,steal,qbr,slo_miss_rate,10,-0.0012284360282000147,-0.003470512200935015,0.0006103338014999942,uncertain
steady,0.5,main,,steal,single,class0_p99_us,10,0.006511878900000312,-0.06169288053899992,0.0703400123937508,uncertain
steady,0.5,main,,steal,single,control_cpu_mean,10,1.6972233399409997,1.630606555445575,1.7771441362342748,higher
steady,0.5,main,,steal,single,p999_us,10,-0.19530253779999782,-0.5146238745999966,0.09596366160000117,uncertain
steady,0.5,main,,steal,single,p99_us,10,0.053702179100002925,-0.05380985698749612,0.178507331507503,uncertain
steady,0.5,main,,steal,single,slo_miss_rate,10,-0.000819121303900017,-0.0032689992599000154,0.0016296603666674735,uncertain
steady,0.5,main,,steal,threshold,class0_p99_us,10,0.038576344020000874,-0.018770610714998987,0.0853637143962506,uncertain
steady,0.5,main,,steal,threshold,control_cpu_mean,10,1.649604008236,1.5844796877576248,1.72755031505715,higher
steady,0.5,main,,steal,threshold,p999_us,10,-0.21787099339999827,-0.5523718820999989,0.02293734320000169,uncertain
steady,0.5,main,,steal,threshold,p99_us,10,0.08941317939999749,0.0004793603999956986,0.17845405800999614,higher
steady,0.5,main,,steal,threshold,slo_miss_rate,10,-4.38335279999251e-06,-0.0024593003980374704,0.0024381098648075007,uncertain
steady,0.5,main,,threshold,jbsq,class0_p99_us,10,1.1891770025999997,1.1307334113520002,1.2413425442847486,higher
steady,0.5,main,,threshold,jbsq,control_cpu_mean,10,2.0373219311540005,2.0342547336441,2.04052464715615,higher
steady,0.5,main,,threshold,jbsq,p999_us,10,0.2918758505999989,0.0,0.5921337922824954,uncertain
steady,0.5,main,,threshold,jbsq,p99_us,10,0.2669945307000091,0.17912444176001088,0.3380617240000078,higher
steady,0.5,main,,threshold,jbsq,slo_miss_rate,10,0.0028559697379999848,0.0014266955725999965,0.004490459724039973,higher
steady,0.5,main,,threshold,jsw,class0_p99_us,10,-0.004411688460000107,-0.07643554858100013,0.0697924016550001,uncertain
steady,0.5,main,,threshold,jsw,control_cpu_mean,10,1.63892193115,1.6358547336401001,1.6421246471521498,higher
steady,0.5,main,,threshold,jsw,p999_us,10,0.16744913199999872,0.0,0.45290504219999833,uncertain
steady,0.5,main,,threshold,jsw,p99_us,10,-0.0713343694999935,-0.1964251872999995,0.03601523210000721,uncertain
steady,0.5,main,,threshold,jsw,slo_miss_rate,10,-0.0020371178618000096,-0.004075165465990013,0.00019700536017747366,uncertain
steady,0.5,main,,threshold,qbr,class0_p99_us,10,-0.05561490195000083,-0.13658821342250108,0.016972446544499586,uncertain
steady,0.5,main,,threshold,qbr,control_cpu_mean,10,0.04542116967299996,0.04259351661395,0.048636845859649995,higher
steady,0.5,main,,threshold,qbr,p999_us,10,0.16966635199999872,-0.14346519879999847,0.5280189020999968,uncertain
steady,0.5,main,,threshold,qbr,p99_us,10,-0.01750788649999322,-0.142293681299995,0.12439544180000724,uncertain
steady,0.5,main,,threshold,qbr,slo_miss_rate,10,-0.0012240526754000221,-0.0038769799357325097,0.0016374816871799803,uncertain
steady,0.5,main,,threshold,single,class0_p99_us,10,-0.032064465120000565,-0.0915702146470003,0.019178499828749626,uncertain
steady,0.5,main,,threshold,single,control_cpu_mean,10,0.04761933170499999,0.04496487859404995,0.05066016679099998,higher
steady,0.5,main,,threshold,single,p999_us,10,0.022568455600000446,-0.38821863779999716,0.4559240045999985,uncertain
steady,0.5,main,,threshold,single,p99_us,10,-0.035711000299994564,-0.16010482299999182,0.07140696280000611,uncertain
steady,0.5,main,,threshold,single,slo_miss_rate,10,-0.0008147379511000245,-0.003660803667445005,0.0020490546263324696,uncertain
steady,0.5,main,,threshold,steal,class0_p99_us,10,-0.038576344020000874,-0.0853637143962506,0.018770610714998984,uncertain
steady,0.5,main,,threshold,steal,control_cpu_mean,10,-1.649604008236,-1.72755031505715,-1.5844796877576248,lower
steady,0.5,main,,threshold,steal,p999_us,10,0.21787099339999827,-0.02293734320000169,0.5523718820999989,uncertain
steady,0.5,main,,threshold,steal,p99_us,10,-0.08941317939999749,-0.17845405800999614,-0.0004793603999956986,lower
steady,0.5,main,,threshold,steal,slo_miss_rate,10,4.38335279999251e-06,-0.0024381098648075007,0.00245930039803747,uncertain
steady,0.5,main,,work,jbsq,class0_p99_us,10,1.6829737878500004,1.6255115340980004,1.7292875404987509,higher
steady,0.5,main,,work,jbsq,control_cpu_mean,10,0.398400000004,0.398400000004,0.398400000004,higher
steady,0.5,main,,work,jbsq,p999_us,10,0.12360600830000124,0.0,0.3708180249000037,uncertain
steady,0.5,main,,work,jbsq,p99_us,10,0.07110335259999942,0.017811140500000988,0.12475104290000161,higher
steady,0.5,main,,work,jbsq,slo_miss_rate,10,0.0012271853998999972,0.0,0.0026528325352999805,uncertain
steady,0.5,main,,work,jsw,class0_p99_us,10,0.48938509679000075,0.40777226023625085,0.5765465982910007,higher
steady,0.5,main,,work,jsw,control_cpu_mean,10,0.0,0.0,0.0,uncertain
steady,0.5,main,,work,jsw,p999_us,10,-0.0008207102999989502,-0.27454357739999863,0.32144973570000274,uncertain
steady,0.5,main,,work,jsw,p99_us,10,-0.2672255476000032,-0.3733637456950062,-0.16082081444500604,lower
steady,0.5,main,,work,jsw,slo_miss_rate,10,-0.0036659021998999967,-0.005500570181854984,-0.0012141414921000094,lower
steady,0.5,main,,work,qbr,class0_p99_us,10,0.4381818833000001,0.3393686808345004,0.5375233946284992,higher
steady,0.5,main,,work,qbr,control_cpu_mean,10,-1.593500761477,-1.5944443561036,-1.5925166310834251,lower
steady,0.5,main,,work,qbr,p999_us,10,0.0013965097000010473,-0.2678919173999986,0.32144973570000274,uncertain
steady,0.5,main,,work,qbr,p99_us,10,-0.21339906460000294,-0.3543419324000013,-0.08948445858000348,lower
steady,0.5,main,,work,qbr,slo_miss_rate,10,-0.0028528370135000097,-0.004686141546035026,-0.0012225405662000125,lower
steady,0.5,main,,work,single,class0_p99_us,10,0.4617323201300003,0.37972791824775043,0.5411049558155001,higher
steady,0.5,main,,work,single,control_cpu_mean,10,-1.5913025994449999,-1.5918722079452248,-1.5906802168503247,lower
steady,0.5,main,,work,single,p999_us,10,-0.14570138669999722,-0.5140608339999971,0.24844130540000436,uncertain
steady,0.5,main,,work,single,p99_us,10,-0.23160217840000427,-0.35613785003250387,-0.12464388172750226,lower
steady,0.5,main,,work,single,slo_miss_rate,10,-0.002443522289200012,-0.0046874004934000174,7.3205873449788005e-06,uncertain
steady,0.5,main,,work,steal,class0_p99_us,10,0.45522044123,0.3664423923482491,0.5417402965285003,higher
steady,0.5,main,,work,steal,control_cpu_mean,10,-3.2885259393860005,-3.368202595656125,-3.2218101356769,lower
steady,0.5,main,,work,steal,p999_us,10,0.04960115110000061,-0.15045461610000074,0.3468271095000034,uncertain
steady,0.5,main,,work,steal,p99_us,10,-0.2853043575000072,-0.39165759260501043,-0.179199424335006,lower
steady,0.5,main,,work,steal,slo_miss_rate,10,-0.0016244009852999953,-0.0030455819282274926,-0.00040588533739999936,lower
steady,0.5,main,,work,threshold,class0_p99_us,10,0.49379678525000087,0.43282353583000055,0.544167518758251,higher
steady,0.5,main,,work,threshold,control_cpu_mean,10,-1.63892193115,-1.6421246471521498,-1.6358547336401001,lower
steady,0.5,main,,work,threshold,p999_us,10,-0.16826984229999767,-0.5783007240999979,0.24721201660000247,uncertain
steady,0.5,main,,work,threshold,p99_us,10,-0.19589117810000972,-0.24989653668251732,-0.14206549530000379,lower
steady,0.5,main,,work,threshold,slo_miss_rate,10,-0.0016287843380999873,-0.003672894948574969,0.000411073715422498,uncertain
steady,0.7,main,,bwc,jbsq,class0_p99_us,10,1.2266342795200003,1.1683420560212503,1.2884342989985005,higher
steady,0.7,main,,bwc,jbsq,control_cpu_mean,10,1.289146620691,1.2864160204050001,1.291760395145,higher
steady,0.7,main,,bwc,jbsq,p999_us,10,-0.07120915160000152,-0.3620286801000049,0.1484012253000003,uncertain
steady,0.7,main,,bwc,jbsq,p99_us,10,-0.0001251776999993126,-0.05386238819999676,0.05348685509999882,uncertain
steady,0.7,main,,bwc,jbsq,slo_miss_rate,10,-0.006694522453,-0.009013586975162535,-0.004369024486447481,lower
steady,0.7,main,,bwc,jsw,class0_p99_us,10,-4.95194146617,-5.2259610139162485,-4.7004227561034995,lower
steady,0.7,main,,bwc,jsw,control_cpu_mean,10,0.890746620687,0.8880160204009999,0.893360395141,higher
steady,0.7,main,,bwc,jsw,p999_us,10,-1.0943832290000046,-1.554457881187502,-0.6847634077225038,lower
steady,0.7,main,,bwc,jsw,p99_us,10,-1.265073376799998,-1.4255304620299982,-1.1034207650250003,lower
steady,0.7,main,,bwc,jsw,slo_miss_rate,10,-0.029105390896999993,-0.03760804414531251,-0.02182593803900499,lower
steady,0.7,main,,bwc,qbr,class0_p99_us,10,-4.99546582186,-5.2536126609260005,-4.7859207107635005,lower
steady,0.7,main,,bwc,qbr,control_cpu_mean,10,-0.7608055449229999,-0.763657503660575,-0.758008000114375,lower
steady,0.7,main,,bwc,qbr,p999_us,10,-0.9480631947000007,-1.4545503226275018,-0.46289955811499806,lower
steady,0.7,main,,bwc,qbr,p99_us,10,-1.2482503739000037,-1.498032272232497,-0.9973705544825101,lower
steady,0.7,main,,bwc,qbr,slo_miss_rate,10,-0.028383980683899985,-0.032908682016462486,-0.02383036817182999,lower
steady,0.7,main,,bwc,single,class0_p99_us,10,-5.13130575111,-5.35798597125,-4.8755744211645,lower
steady,0.7,main,,bwc,single,control_cpu_mean,10,-0.738165269507,-0.7412947134720749,-0.735331232967025,lower
steady,0.7,main,,bwc,single,p999_us,10,-0.9999280653000084,-1.584131001900007,-0.5111014425925082,lower
steady,0.7,main,,bwc,single,p99_us,10,-1.1934877934000014,-1.3157195303125,-1.0558239290925024,lower
steady,0.7,main,,bwc,single,slo_miss_rate,10,-0.028086146896900005,-0.03478518173052751,-0.0224760837353425,lower
steady,0.7,main,,bwc,steal,class0_p99_us,10,-5.907644765780001,-6.17658580189825,-5.634917411918001,lower
steady,0.7,main,,bwc,steal,control_cpu_mean,10,-5.832802637952001,-5.910264718890676,-5.750491405117425,lower
steady,0.7,main,,bwc,steal,p999_us,10,-1.1974876575000024,-1.685707361025004,-0.751706208792502,lower
steady,0.7,main,,bwc,steal,p99_us,10,-1.1222939845000013,-1.2680963460474957,-0.9617356804450056,lower
steady,0.7,main,,bwc,steal,slo_miss_rate,10,-0.0363798811226,-0.04356460357379502,-0.03098980695654751,lower
steady,0.7,main,,bwc,threshold,class0_p99_us,10,-5.61288789672,-5.9764185654715,-5.2760298570995,lower
steady,0.7,main,,bwc,threshold,control_cpu_mean,10,-1.366106085978,-1.3841052517350498,-1.346301789482175,lower
steady,0.7,main,,bwc,threshold,p999_us,10,-1.2446202456000037,-1.6646037929250033,-0.8099804352449951,lower
steady,0.7,main,,bwc,threshold,p99_us,10,-1.139732843500002,-1.3204986188824959,-0.9484321003750014,lower
steady,0.7,main,,bwc,threshold,slo_miss_rate,10,-0.0359392551335,-0.04096787411314001,-0.032054599072412475,lower
steady,0.7,main,,jbsq,jsw,class0_p99_us,10,-6.17857574569,-6.48351606818325,-5.9115778779782495,lower
steady,0.7,main,,jbsq,jsw,control_cpu_mean,10,-0.398400000004,-0.398400000004,-0.398400000004,lower
steady,0.7,main,,jbsq,jsw,p999_us,10,-1.023174077400003,-1.394030220764999,-0.7260598516825073,lower
steady,0.7,main,,jbsq,jsw,p99_us,10,-1.2649481990999987,-1.4193413186799955,-1.1214739239525007,lower
steady,0.7,main,,jbsq,jsw,slo_miss_rate,10,-0.022410868443999993,-0.0306443832786,-0.014753162915399982,lower
steady,0.7,main,,jbsq,qbr,class0_p99_us,10,-6.222100101380001,-6.482457516613251,-6.00460780090175,lower
steady,0.7,main,,jbsq,qbr,control_cpu_mean,10,-2.0499521656139996,-2.0534919717546503,-2.04609017351145,lower
steady,0.7,main,,jbsq,qbr,p999_us,10,-0.8768540430999991,-1.2859799397724951,-0.4634097514000021,lower
steady,0.7,main,,jbsq,qbr,p99_us,10,-1.2481251962000044,-1.4718635761925027,-1.0152078306150158,lower
steady,0.7,main,,jbsq,qbr,slo_miss_rate,10,-0.02168945823089999,-0.026957158550447505,-0.01632395119518247,lower
steady,0.7,main,,jbsq,single,class0_p99_us,10,-6.35794003063,-6.58575472177,-6.117276546732999,lower
steady,0.7,main,,jbsq,single,control_cpu_mean,10,-2.0273118901980003,-2.029368877682475,-2.0251627937609746,lower
steady,0.7,main,,jbsq,single,p999_us,10,-0.9287189137000069,-1.4945363788675086,-0.5362127684075052,lower
steady,0.7,main,,jbsq,single,p99_us,10,-1.1933626157000021,-1.3191271238274986,-1.0534598789000031,lower
steady,0.7,main,,jbsq,single,slo_miss_rate,10,-0.021391624443900005,-0.02779680867865499,-0.015724784000637523,lower
steady,0.7,main,,jbsq,steal,class0_p99_us,10,-7.1342790453000005,-7.4062781608885,-6.856131378818501,lower
steady,0.7,main,,jbsq,steal,control_cpu_mean,10,-7.121949258642999,-7.2012041930553,-7.038222210099001,lower
steady,0.7,main,,jbsq,steal,p999_us,10,-1.126278505900001,-1.5873653446500042,-0.7260349942449985,lower
steady,0.7,main,,jbsq,steal,p99_us,10,-1.122168806800002,-1.2650719371100005,-0.9627225100450048,lower
steady,0.7,main,,jbsq,steal,slo_miss_rate,10,-0.029685358669600016,-0.03574089566862999,-0.02430629209354502,lower
steady,0.7,main,,jbsq,threshold,class0_p99_us,10,-6.839522176240001,-7.218321522515752,-6.491038857422001,lower
steady,0.7,main,,jbsq,threshold,control_cpu_mean,10,-2.655252706669,-2.674439327846975,-2.6337136388632247,lower
steady,0.7,main,,jbsq,threshold,p999_us,10,-1.1734110940000022,-1.595542577379995,-0.7547720871625034,lower
steady,0.7,main,,jbsq,threshold,p99_us,10,-1.1396076658000027,-1.3195879705875038,-0.9607874637800013,lower
steady,0.7,main,,jbsq,threshold,slo_miss_rate,10,-0.029244732680499996,-0.03410803791143252,-0.024791545117627514,lower
steady,0.7,main,,jsw,jbsq,class0_p99_us,10,6.17857574569,5.9115778779782495,6.48351606818325,higher
steady,0.7,main,,jsw,jbsq,control_cpu_mean,10,0.398400000004,0.398400000004,0.398400000004,higher
steady,0.7,main,,jsw,jbsq,p999_us,10,1.023174077400003,0.7260598516825071,1.3940302207649984,higher
steady,0.7,main,,jsw,jbsq,p99_us,10,1.2649481990999987,1.1214739239525007,1.4193413186799952,higher
steady,0.7,main,,jsw,jbsq,slo_miss_rate,10,0.022410868443999993,0.014753162915399982,0.0306443832786,higher
steady,0.7,main,,jsw,qbr,class0_p99_us,10,-0.04352435569000015,-0.3306229146365002,0.25033417078599995,uncertain
steady,0.7,main,,jsw,qbr,control_cpu_mean,10,-1.6515521656099998,-1.6550919717506498,-1.6476901735074498,lower
steady,0.7,main,,jsw,qbr,p999_us,10,0.14632003430000395,-0.33597143644749095,0.5768307461400034,uncertain
steady,0.7,main,,jsw,qbr,p99_us,10,0.016823002899994322,-0.16315381404501061,0.1952603607574982,uncertain
steady,0.7,main,,jsw,qbr,slo_miss_rate,10,0.0007214102131000103,-0.007430248461175004,0.00901893282753253,uncertain
steady,0.7,main,,jsw,single,class0_p99_us,10,-0.17936428493999976,-0.39178367818799886,0.05457245261249998,uncertain
steady,0.7,main,,jsw,single,control_cpu_mean,10,-1.628911890194,-1.6309688776784748,-1.626762793756975,lower
steady,0.7,main,,jsw,single,p999_us,10,0.0944551636999961,-0.2215185366375036,0.4078013821849966,uncertain
steady,0.7,main,,jsw,single,p99_us,10,0.07158558339999672,-0.0894121361825036,0.21466398513249502,uncertain
steady,0.7,main,,jsw,single,slo_miss_rate,10,0.0010192440000999885,-0.005220815015290006,0.00784055746681249,uncertain
steady,0.7,main,,jsw,steal,class0_p99_us,10,-0.9557032996100002,-1.2500208018589996,-0.68070648608475,lower
steady,0.7,main,,jsw,steal,control_cpu_mean,10,-6.723549258638999,-6.8028041930513,-6.639822210095001,lower
steady,0.7,main,,jsw,steal,p999_us,10,-0.10310442849999787,-0.6182063563924967,0.3190421616875003,uncertain
steady,0.7,main,,jsw,steal,p99_us,10,0.14277939229999675,-0.05346841875750407,0.3036215659874997,uncertain
steady,0.7,main,,jsw,steal,slo_miss_rate,10,-0.007274490225600014,-0.014094282049727515,0.0016039884825999949,uncertain
steady,0.7,main,,jsw,threshold,class0_p99_us,10,-0.6609464305500005,-0.9429501888780004,-0.4189688220912507,lower
steady,0.7,main,,jsw,threshold,control_cpu_mean,10,-2.2568527066649997,-2.2760393278429745,-2.2353136388592247,lower
steady,0.7,main,,jsw,threshold,p999_us,10,-0.15023701659999916,-0.5165402902799995,0.2111406478299985,uncertain
steady,0.7,main,,jsw,threshold,p99_us,10,0.1253405332999961,-0.05291743089500144,0.2870714667000053,uncertain
steady,0.7,main,,jsw,threshold,slo_miss_rate,10,-0.006833864236500007,-0.0160777544699825,0.0027497707479350038,uncertain
steady,0.7,main,,p2c,jbsq,class0_p99_us,10,11.45080556936,10.574617818976002,12.261060960377,higher
steady,0.7,main,,p2c,jbsq,control_cpu_mean,10,0.398400000004,0.398400000004,0.398400000004,higher
steady,0.7,main,,p2c,jbsq,p999_us,10,0.4615799913000046,0.19386082400000076,0.7284904044000058,higher
steady,0.7,main,,p2c,jbsq,p99_us,10,0.9256018636000022,0.8373421747525143,1.027419656600003,higher
steady,0.7,main,,p2c,jbsq,slo_miss_rate,10,0.37261736414540003,0.3425941630692526,0.39961517860761253,higher
steady,0.7,main,,p2c,jsw,class0_p99_us,10,5.27222982367,4.556835133810999,5.9585254210402505,higher
steady,0.7,main,,p2c,jsw,control_cpu_mean,10,0.0,0.0,0.0,uncertain
steady,0.7,main,,p2c,jsw,p999_us,10,-0.5615940860999984,-0.9293579432574969,-0.19302707290500204,lower
steady,0.7,main,,p2c,jsw,p99_us,10,-0.3393463354999966,-0.4285978123299923,-0.25012704375499134,lower
steady,0.7,main,,p2c,jsw,slo_miss_rate,10,0.35020649570140006,0.32270038944505003,0.3749644321331675,higher
steady,0.7,main,,p2c,qbr,class0_p99_us,10,5.228705467979999,4.46688852058675,5.90288896420125,higher
steady,0.7,main,,p2c,qbr,control_cpu_mean,10,-1.6515521656099998,-1.6550919717506498,-1.6476901735074498,lower
steady,0.7,main,,p2c,qbr,p999_us,10,-0.4152740517999945,-0.7562812013999964,-0.07343516653249503,lower
steady,0.7,main,,p2c,qbr,p99_us,10,-0.32252333260000227,-0.5052982458974998,-0.14283167933750057,lower
steady,0.7,main,,p2c,qbr,slo_miss_rate,10,0.3509279059145001,0.3218014864444926,0.3771727498747475,higher
steady,0.7,main,,p2c,single,class0_p99_us,10,5.092865538730001,4.361163370697249,5.7430864802795,higher
steady,0.7,main,,p2c,single,control_cpu_mean,10,-1.628911890194,-1.6309688776784748,-1.626762793756975,lower
steady,0.7,main,,p2c,single,p999_us,10,-0.4671389224000023,-0.9808131751675002,-0.02375795454250147,lower
steady,0.7,main,,p2c,single,p99_us,10,-0.2677607520999999,-0.374680980065,-0.17796954362749595,lower
steady,0.7,main,,p2c,single,slo_miss_rate,10,0.35122573970150006,0.32224787376147246,0.37731456899109256,higher
steady,0.7,main,,p2c,steal,class0_p99_us,10,4.3165265240599995,3.6051835996425003,4.971883256746,higher
steady,0.7,main,,p2c,steal,control_cpu_mean,10,-6.723549258638999,-6.8028041930513,-6.639822210095001,lower
steady,0.7,main,,p2c,steal,p999_us,10,-0.6646985145999963,-1.2024263520849983,-0.15438233908250293,lower
steady,0.7,main,,p2c,steal,p99_us,10,-0.19656694319999984,-0.35707876319249404,-0.03549346879500257,lower
steady,0.7,main,,p2c,steal,slo_miss_rate,10,0.3429320054758,0.3142536151116525,0.370334097826565,higher
steady,0.7,main,,p2c,threshold,class0_p99_us,10,4.61128339312,3.9368569498257497,5.2478647283285005,higher
steady,0.7,main,,p2c,threshold,control_cpu_mean,10,-2.2568527066649997,-2.2760393278429745,-2.2353136388592247,lower
steady,0.7,main,,p2c,threshold,p999_us,10,-0.7118311026999976,-1.0324046331500074,-0.3926656732874934,lower
steady,0.7,main,,p2c,threshold,p99_us,10,-0.2140058022000005,-0.3557653026200054,-0.07185223199250189,lower
steady,0.7,main,,p2c,threshold,slo_miss_rate,10,0.34337263146490005,0.31455840957965003,0.37006214223312,higher
steady,0.7,main,,qbr,jbsq,class0_p99_us,10,6.222100101380001,6.00460780090175,6.482457516613251,higher
steady,0.7,main,,qbr,jbsq,control_cpu_mean,10,2.0499521656139996,2.04609017351145,2.0534919717546503,higher
steady,0.7,main,,qbr,jbsq,p999_us,10,0.8768540430999991,0.46340975140000207,1.285979939772495,higher
steady,0.7,main,,qbr,jbsq,p99_us,10,1.2481251962000044,1.0152078306150158,1.4718635761925025,higher
steady,0.7,main,,qbr,jbsq,slo_miss_rate,10,0.02168945823089999,0.01632395119518247,0.026957158550447502,higher
steady,0.7,main,,qbr,jsw,class0_p99_us,10,0.04352435569000015,-0.25033417078600007,0.3306229146365002,uncertain
steady,0.7,main,,qbr,jsw,control_cpu_mean,10,1.6515521656099998,1.6476901735074498,1.6550919717506498,higher
steady,0.7,main,,qbr,jsw,p999_us,10,-0.14632003430000395,-0.5768307461400037,0.3359714364474907,uncertain
steady,0.7,main,,qbr,jsw,p99_us,10,-0.016823002899994322,-0.19526036075749822,0.1631538140450106,uncertain
steady,0.7,main,,qbr,jsw,slo_miss_rate,10,-0.0007214102131000103,-0.009018932827532532,0.007430248461175004,uncertain
steady,0.7,main,,qbr,single,class0_p99_us,10,-0.1358399292499996,-0.2999930557937495,0.021634548970000295,uncertain
steady,0.7,main,,qbr,single,control_cpu_mean,10,0.02264027541599996,0.01926794707959994,0.025630800706174964,higher
steady,0.7,main,,qbr,single,p999_us,10,-0.05186487060000786,-0.639790495065006,0.5086053567374882,uncertain
steady,0.7,main,,qbr,single,p99_us,10,0.0547625805000024,-0.14257882199999586,0.25317979200000024,uncertain
steady,0.7,main,,qbr,single,slo_miss_rate,10,0.00029783378699997816,-0.005669606097300018,0.006408094144105006,uncertain
steady,0.7,main,,qbr,steal,class0_p99_us,10,-0.9121789439200001,-1.1432723525649995,-0.7089447074870012,lower
steady,0.7,main,,qbr,steal,control_cpu_mean,10,-5.071997093029,-5.149175186852525,-4.990176897503474,lower
steady,0.7,main,,qbr,steal,p999_us,10,-0.24942446280000183,-0.8910179716625056,0.34088724252249814,uncertain
steady,0.7,main,,qbr,steal,p99_us,10,0.12595638940000242,-0.08943143194249857,0.3228317365199983,uncertain
steady,0.7,main,,qbr,steal,slo_miss_rate,10,-0.007995900438700024,-0.01746770981305004,7.597552124773054e-07,uncertain
steady,0.7,main,,qbr,threshold,class0_p99_us,10,-0.6174220748600003,-0.812818503546001,-0.3973144971810002,lower
steady,0.7,main,,qbr,threshold,control_cpu_mean,10,-0.605300541055,-0.6215985818095751,-0.5875254044856001,lower
steady,0.7,main,,qbr,threshold,p999_us,10,-0.2965570509000031,-0.7400920168600021,0.1460277077224938,uncertain
steady,0.7,main,,qbr,threshold,p99_us,10,0.10851753040000175,-0.0877718500499931,0.28975286449999943,uncertain
steady,0.7,main,,qbr,threshold,slo_miss_rate,10,-0.007555274449600018,-0.01463673040181253,-0.0017632634110800129,lower
steady,0.7,main,,single,jbsq,class0_p99_us,10,6.35794003063,6.117276546732999,6.58575472177,higher
steady,0.7,main,,single,jbsq,control_cpu_mean,10,2.0273118901980003,2.0251627937609746,2.029368877682475,higher
steady,0.7,main,,single,jbsq,p999_us,10,0.9287189137000069,0.5362127684075052,1.4945363788675086,higher
steady,0.7,main,,single,jbsq,p99_us,10,1.1933626157000021,1.053459878900003,1.3191271238274984,higher
steady,0.7,main,,single,jbsq,slo_miss_rate,10,0.021391624443900005,0.01572478400063752,0.027796808678654986,higher
steady,0.7,main,,single,jsw,class0_p99_us,10,0.17936428493999976,-0.054572452612500086,0.39178367818799875,uncertain
steady,0.7,main,,single,jsw,control_cpu_mean,10,1.628911890194,1.626762793756975,1.6309688776784748,higher
steady,0.7,main,,single,jsw,p999_us,10,-0.0944551636999961,-0.40780138218499673,0.22151853663750357,uncertain
steady,0.7,main,,single,jsw,p99_us,10,-0.07158558339999672,-0.21466398513249502,0.08941213618250358,uncertain
steady,0.7,main,,single,jsw,slo_miss_rate,10,-0.0010192440000999885,-0.007840557466812491,0.005220815015290006,uncertain
steady,0.7,main,,single,qbr,class0_p99_us,10,0.1358399292499996,-0.02163454897000032,0.29999305579374946,uncertain
steady,0.7,main,,single,qbr,control_cpu_mean,10,-0.02264027541599996,-0.025630800706174964,-0.01926794707959994,lower
steady,0.7,main,,single,qbr,p999_us,10,0.05186487060000786,-0.5086053567374884,0.6397904950650058,uncertain
steady,0.7,main,,single,qbr,p99_us,10,-0.0547625805000024,-0.25317979200000024,0.14257882199999586,uncertain
steady,0.7,main,,single,qbr,slo_miss_rate,10,-0.00029783378699997816,-0.006408094144105006,0.005669606097300018,uncertain
steady,0.7,main,,single,steal,class0_p99_us,10,-0.7763390146700004,-0.9621576483825008,-0.5875749141482505,lower
steady,0.7,main,,single,steal,control_cpu_mean,10,-5.094637368445001,-5.17306331241,-5.012015396134326,lower
steady,0.7,main,,single,steal,p999_us,10,-0.19755959219999397,-0.6908741207824922,0.24624367741750486,uncertain
steady,0.7,main,,single,steal,p99_us,10,0.07119380890000002,-0.036427468700000534,0.1802116959000017,uncertain
steady,0.7,main,,single,steal,slo_miss_rate,10,-0.008293734225700001,-0.01731500335822001,0.0010216592623974886,uncertain
steady,0.7,main,,single,threshold,class0_p99_us,10,-0.48158214561000073,-0.707495025025001,-0.258302243842501,lower
steady,0.7,main,,single,threshold,control_cpu_mean,10,-0.6279408164710001,-0.64653911590205,-0.60733278215625,lower
steady,0.7,main,,single,threshold,p999_us,10,-0.24469218029999523,-0.6828184847924955,0.1484402784150021,uncertain
steady,0.7,main,,single,threshold,p99_us,10,0.05375494989999936,-0.01757943449999857,0.12516090000000019,uncertain
steady,0.7,main,,single,threshold,slo_miss_rate,10,-0.007853108236599996,-0.01336331644428749,-0.0008741647667974795,lower
steady,0.7,main,,steal,jbsq,class0_p99_us,10,7.1342790453000005,6.856131378818501,7.4062781608885,higher
steady,0.7,main,,steal,jbsq,control_cpu_mean,10,7.121949258642999,7.038222210099001,7.2012041930553,higher
steady,0.7,main,,steal,jbsq,p999_us,10,1.126278505900001,0.7260349942449984,1.587365344650004,higher
steady,0.7,main,,steal,jbsq,p99_us,10,1.122168806800002,0.9627225100450046,1.2650719371100005,higher
steady,0.7,main,,steal,jbsq,slo_miss_rate,10,0.029685358669600016,0.024306292093545016,0.035740895668629986,higher
steady,0.7,main,,steal,jsw,class0_p99_us,10,0.9557032996100002,0.68070648608475,1.250020801858999,higher
steady,0.7,main,,steal,jsw,control_cpu_mean,10,6.723549258638999,6.639822210095001,6.8028041930513,higher
steady,0.7,main,,steal,jsw,p999_us,10,0.10310442849999787,-0.31904216168750466,0.6182063563924967,uncertain
steady,0.7,main,,steal,jsw,p99_us,10,-0.14277939229999675,-0.30362156598749973,0.05346841875750406,uncertain
steady,0.7,main,,steal,jsw,slo_miss_rate,10,0.007274490225600014,-0.0016039884825999949,0.014094282049727515,uncertain
steady,0.7,main,,steal,qbr,class0_p99_us,10,0.9121789439200001,0.708944707487001,1.1432723525649995,higher
steady,0.7,main,,steal,qbr,control_cpu_mean,10,5.071997093029,4.990176897503474,5.149175186852525,higher
steady,0.7,main,,steal,qbr,p999_us,10,0.24942446280000183,-0.34088724252249836,0.8910179716625052,uncertain
steady,0.7,main,,steal,qbr,p99_us,10,-0.12595638940000242,-0.3228317365199983,0.08943143194249856,uncertain
steady,0.7,main,,steal,qbr,slo_miss_rate,10,0.007995900438700024,-7.59755212479652e-07,0.017467709813050004,uncertain
steady,0.7,main,,steal,single,class0_p99_us,10,0.7763390146700004,0.5875749141482501,0.9621576483825007,higher
steady,0.7,main,,steal,single,control_cpu_mean,10,5.094637368445001,5.012015396134326,5.17306331241,higher
steady,0.7,main,,steal,single,p999_us,10,0.19755959219999397,-0.24624367741750489,0.690874120782492,uncertain
steady,0.7,main,,steal,single,p99_us,10,-0.07119380890000002,-0.1802116959000017,0.036427468700000534,uncertain
steady,0.7,main,,steal,single,slo_miss_rate,10,0.008293734225700001,-0.0010216592623974925,0.01731500335822,uncertain
steady,0.7,main,,steal,threshold,class0_p99_us,10,0.2947568690599997,0.07891887056150022,0.5423226677797496,higher
steady,0.7,main,,steal,threshold,control_cpu_mean,10,4.466696551974001,4.394378436629176,4.5337171162339,higher
steady,0.7,main,,steal,threshold,p999_us,10,-0.047132588100001274,-0.5591215067000007,0.5658751301749984,uncertain
steady,0.7,main,,steal,threshold,p99_us,10,-0.01743885900000066,-0.16082621670500188,0.1257317195999974,uncertain
steady,0.7,main,,steal,threshold,slo_miss_rate,10,0.0004406259891000068,-0.004938818687050002,0.007261325287000004,uncertain
steady,0.7,main,,threshold,jbsq,class0_p99_us,10,6.839522176240001,6.491038857422001,7.218321522515752,higher
steady,0.7,main,,threshold,jbsq,control_cpu_mean,10,2.655252706669,2.6337136388632247,2.674439327846975,higher
steady,0.7,main,,threshold,jbsq,p999_us,10,1.1734110940000022,0.7547720871625029,1.595542577379995,higher
steady,0.7,main,,threshold,jbsq,p99_us,10,1.1396076658000027,0.9607874637800013,1.3195879705875033,higher
steady,0.7,main,,threshold,jbsq,slo_miss_rate,10,0.029244732680499996,0.024791545117627514,0.034108037911432514,higher
steady,0.7,main,,threshold,jsw,class0_p99_us,10,0.6609464305500005,0.41896882209125064,0.9429501888780003,higher
steady,0.7,main,,threshold,jsw,control_cpu_mean,10,2.2568527066649997,2.2353136388592247,2.2760393278429745,higher
steady,0.7,main,,threshold,jsw,p999_us,10,0.15023701659999916,-0.2111406478299986,0.5165402902799994,uncertain
steady,0.7,main,,threshold,jsw,p99_us,10,-0.1253405332999961,-0.28707146670000533,0.052917430895001394,uncertain
steady,0.7,main,,threshold,jsw,slo_miss_rate,10,0.006833864236500007,-0.002749770747935004,0.016077754469982497,uncertain
steady,0.7,main,,threshold,qbr,class0_p99_us,10,0.6174220748600003,0.39731449718100015,0.8128185035460003,higher
steady,0.7,main,,threshold,qbr,control_cpu_mean,10,0.605300541055,0.5875254044856001,0.6215985818095751,higher
steady,0.7,main,,threshold,qbr,p999_us,10,0.2965570509000031,-0.1460277077224938,0.740092016860002,uncertain
steady,0.7,main,,threshold,qbr,p99_us,10,-0.10851753040000175,-0.28975286449999943,0.08777185004999298,uncertain
steady,0.7,main,,threshold,qbr,slo_miss_rate,10,0.007555274449600018,0.0017632634110800126,0.01463673040181253,higher
steady,0.7,main,,threshold,single,class0_p99_us,10,0.48158214561000073,0.25830224384250067,0.707495025025001,higher
steady,0.7,main,,threshold,single,control_cpu_mean,10,0.6279408164710001,0.60733278215625,0.64653911590205,higher
steady,0.7,main,,threshold,single,p999_us,10,0.24469218029999523,-0.14844027841500212,0.6828184847924955,uncertain
steady,0.7,main,,threshold,single,p99_us,10,-0.05375494989999936,-0.12516090000000019,0.01757943449999857,uncertain
steady,0.7,main,,threshold,single,slo_miss_rate,10,0.007853108236599996,0.0008741647667974773,0.013363316444287489,higher
steady,0.7,main,,threshold,steal,class0_p99_us,10,-0.2947568690599997,-0.5423226677797498,-0.07891887056150025,lower
steady,0.7,main,,threshold,steal,control_cpu_mean,10,-4.466696551974001,-4.5337171162339,-4.394378436629176,lower
steady,0.7,main,,threshold,steal,p999_us,10,0.047132588100001274,-0.5658751301749986,0.5591215067000007,uncertain
steady,0.7,main,,threshold,steal,p99_us,10,0.01743885900000066,-0.1257317195999974,0.16082621670500188,uncertain
steady,0.7,main,,threshold,steal,slo_miss_rate,10,-0.0004406259891000068,-0.007261325287000004,0.004938818687050001,uncertain
steady,0.7,main,,work,jbsq,class0_p99_us,10,1.9573517551,1.9083208559967502,2.010441275676999,higher
steady,0.7,main,,work,jbsq,control_cpu_mean,10,0.398400000004,0.398400000004,0.398400000004,higher
steady,0.7,main,,work,jbsq,p999_us,10,0.0015392558000002054,-0.31390506879500285,0.2683520725950071,uncertain
steady,0.7,main,,work,jbsq,p99_us,10,0.017828951699999606,0.0,0.05348685509999882,uncertain
steady,0.7,main,,work,jbsq,slo_miss_rate,10,-0.005820990405799994,-0.008277268248227507,-0.0032079246213224974,lower
steady,0.7,main,,work,jsw,class0_p99_us,10,-4.22122399059,-4.512532746497749,-3.9631235594992513,lower
steady,0.7,main,,work,jsw,control_cpu_mean,10,0.0,0.0,0.0,uncertain
steady,0.7,main,,work,jsw,p999_us,10,-1.0216348216000029,-1.5110107025024968,-0.609040402247505,lower
steady,0.7,main,,work,jsw,p99_us,10,-1.2471192473999992,-1.4059659935799982,-1.088824772162503,lower
steady,0.7,main,,work,jsw,slo_miss_rate,10,-0.028231858849799986,-0.03711555346249999,-0.020545117820134965,lower
steady,0.7,main,,work,qbr,class0_p99_us,10,-4.264748346280001,-4.505338549920252,-4.065761327658501,lower
steady,0.7,main,,work,qbr,control_cpu_mean,10,-1.6515521656099998,-1.6550919717506498,-1.6476901735074498,lower
steady,0.7,main,,work,qbr,p999_us,10,-0.8753147872999989,-1.356698145962499,-0.4157141628000005,lower
steady,0.7,main,,work,qbr,p99_us,10,-1.2302962445000047,-1.4563998201825004,-0.9971893801200109,lower
steady,0.7,main,,work,qbr,slo_miss_rate,10,-0.02751044863669998,-0.03203934278693997,-0.022990828858077482,lower
steady,0.7,main,,work,single,class0_p99_us,10,-4.40058827553,-4.6187019267144995,-4.156823119157501,lower
steady,0.7,main,,work,single,control_cpu_mean,10,-1.628911890194,-1.6309688776784748,-1.626762793756975,lower
steady,0.7,main,,work,single,p999_us,10,-0.9271796579000068,-1.4934383234775093,-0.4889580754775087,lower
steady,0.7,main,,work,single,p99_us,10,-1.1755336640000025,-1.2984111162325003,-1.0396204805849998,lower
steady,0.7,main,,work,single,slo_miss_rate,10,-0.027212614849699994,-0.0344795563462725,-0.021225537441474995,lower
steady,0.7,main,,work,steal,class0_p99_us,10,-5.176927290200001,-5.435109013329251,-4.910562253711752,lower
steady,0.7,main,,work,steal,control_cpu_mean,10,-6.723549258638999,-6.8028041930513,-6.639822210095001,lower
steady,0.7,main,,work,steal,p999_us,10,-1.1247392501000006,-1.6456918490625037,-0.6326098560725018,lower
steady,0.7,main,,work,steal,p99_us,10,-1.1043398551000023,-1.2431667906675015,-0.9485909938250017,lower
steady,0.7,main,,work,steal,slo_miss_rate,10,-0.035506349075400005,-0.0425571044965675,-0.03009034766277251,lower
steady,0.7,main,,work,threshold,class0_p99_us,10,-4.882170421140001,-5.2377701430037495,-4.545696975150751,lower
steady,0.7,main,,work,threshold,control_cpu_mean,10,-2.2568527066649997,-2.2760393278429745,-2.2353136388592247,lower
steady,0.7,main,,work,threshold,p999_us,10,-1.171871838200002,-1.6231673818225045,-0.7044913183525041,lower
steady,0.7,main,,work,threshold,p99_us,10,-1.121778714100003,-1.310987607527503,-0.9439161555075023,lower
steady,0.7,main,,work,threshold,slo_miss_rate,10,-0.035065723086299995,-0.04023440265335001,-0.031118092246027476,lower
steady,0.85,main,,bwc,jbsq,class0_p99_us,10,35.05703784511,23.863487176089002,47.59917010698549,higher
steady,0.85,main,,bwc,jbsq,control_cpu_mean,10,1.506309884213,1.5020601980412749,1.510607147877575,higher
steady,0.85,main,,bwc,jbsq,p999_us,10,10.1644578879,6.665723006832501,14.827578730239999,higher
steady,0.85,main,,bwc,jbsq,p99_us,10,9.382422599599996,6.49897382164999,12.930238019199999,higher
steady,0.85,main,,bwc,jbsq,slo_miss_rate,10,6.5482823367236,4.001065422622641,9.375647628398019,higher
steady,0.85,main,,bwc,jsw,class0_p99_us,10,25.84067130982,14.647649966516752,38.26240812442649,higher
steady,0.85,main,,bwc,jsw,control_cpu_mean,10,1.107909884209,1.1036601980372753,1.112207147873575,higher
steady,0.85,main,,bwc,jsw,p999_us,10,6.577687323500004,3.0846789851950045,11.410109962532504,higher
steady,0.85,main,,bwc,jsw,p99_us,10,5.685432819200005,2.878108117487501,9.15698180191251,higher
steady,0.85,main,,bwc,jsw,slo_miss_rate,10,6.1557384547444,3.6527267798372196,8.92509074397511,higher
steady,0.85,main,,bwc,qbr,class0_p99_us,10,26.03950194376,14.559471137225751,38.94434341372575,higher
steady,0.85,main,,bwc,qbr,control_cpu_mean,10,-0.722894616866,-0.730289461153625,-0.715176755044,lower
steady,0.85,main,,bwc,qbr,p999_us,10,6.426348984100008,2.5606630534975,11.27510991109501,higher
steady,0.85,main,,bwc,qbr,p99_us,10,5.9220195975999985,3.03974269413,9.414476160800003,higher
steady,0.85,main,,bwc,qbr,slo_miss_rate,10,6.1784360779352,3.6292112887265002,9.008859673355518,higher
steady,0.85,main,,bwc,single,class0_p99_us,10,25.73846184747,14.507280871942251,38.22500000230025,higher
steady,0.85,main,,bwc,single,control_cpu_mean,10,-0.673530700274,-0.678667765412425,-0.668383792174825,lower
steady,0.85,main,,bwc,single,p999_us,10,6.579338143000004,3.1774514647525085,11.194195092212494,higher
steady,0.85,main,,bwc,single,p99_us,10,5.830780624200003,2.9948772944624973,9.327799987040004,higher
steady,0.85,main,,bwc,single,slo_miss_rate,10,6.1375552514183,3.627243830925898,8.894776003129712,higher
steady,0.85,main,,bwc,steal,class0_p99_us,10,26.157580223930005,14.752302587771249,38.852738191357254,higher
steady,0.85,main,,bwc,steal,control_cpu_mean,10,-5.232760295783999,-5.311025307284725,-5.1357827975041745,lower
steady,0.85,main,,bwc,steal,p999_us,10,7.448672318999999,3.8106828203025054,12.135257611487495,higher
steady,0.85,main,,bwc,steal,p99_us,10,6.085415571900003,3.247321840787502,9.668314290730008,higher
steady,0.85,main,,bwc,steal,slo_miss_rate,10,6.2036829345495,3.6655648858897427,8.996695693028165,higher
steady,0.85,main,,bwc,threshold,class0_p99_us,10,25.280929578,13.973728076545001,37.83016054531325,higher
steady,0.85,main,,bwc,threshold,control_cpu_mean,10,-2.31771962893,-2.337704626176475,-2.3005682539386245,lower
steady,0.85,main,,bwc,threshold,p999_us,10,7.250517064600007,3.6102803266475094,12.056548314700006,higher
steady,0.85,main,,bwc,threshold,p99_us,10,6.013586153000006,3.1558814167025036,9.610150321617507,higher
steady,0.85,main,,bwc,threshold,slo_miss_rate,10,6.094485172684001,3.568017710239325,8.905431012272423,higher
steady,0.85,main,,jbsq,jsw,class0_p99_us,10,-9.216366535289998,-9.609225101433749,-8.74124976009175,lower
steady,0.85,main,,jbsq,jsw,control_cpu_mean,10,-0.398400000004,-0.398400000004,-0.398400000004,lower
steady,0.85,main,,jbsq,jsw,p999_us,10,-3.5867705643999956,-4.377198143889992,-2.9000181213674914,lower
steady,0.85,main,,jbsq,jsw,p99_us,10,-3.696989780399991,-3.8685733937599953,-3.5202418003749854,lower
steady,0.85,main,,jbsq,jsw,slo_miss_rate,10,-0.3925438819792,-0.468944361623215,-0.3349934154756726,lower
steady,0.85,main,,jbsq,qbr,class0_p99_us,10,-9.017535901349998,-9.595953068962,-8.386732652311748,lower
steady,0.85,main,,jbsq,qbr,control_cpu_mean,10,-2.229204501079,-2.2364644233922246,-2.22185103607425,lower
steady,0.85,main,,jbsq,qbr,p999_us,10,-3.7381089037999913,-4.622135503994992,-2.875576002782492,lower
steady,0.85,main,,jbsq,qbr,p99_us,10,-3.4604030019999983,-3.6687403794599978,-3.223525740132503,lower
steady,0.85,main,,jbsq,qbr,slo_miss_rate,10,-0.36984625878840005,-0.4274747763914775,-0.3163073397275301,lower
steady,0.85,main,,jbsq,single,class0_p99_us,10,-9.31857599764,-9.718217462682501,-8.93436567661725,lower
steady,0.85,main,,jbsq,single,control_cpu_mean,10,-2.1798405844870006,-2.1855875787162753,-2.1737226726129997,lower
steady,0.85,main,,jbsq,single,p999_us,10,-3.5851197448999956,-4.186780943299999,-3.0280454292924843,lower
steady,0.85,main,,jbsq,single,p99_us,10,-3.551641975399994,-3.726330310939992,-3.3413054095324886,lower
steady,0.85,main,,jbsq,single,slo_miss_rate,10,-0.41072708530530005,-0.5013824088784624,-0.3330389931215175,lower
steady,0.85,main,,jbsq,steal,class0_p99_us,10,-8.89945762118,-9.509269514002,-8.319628319061,lower
steady,0.85,main,,jbsq,steal,control_cpu_mean,10,-6.739070179997,-6.8144086151584995,-6.646080141773274,lower
steady,0.85,main,,jbsq,steal,p999_us,10,-2.7157855689000003,-3.4414556649924997,-1.960841071357498,lower
steady,0.85,main,,jbsq,steal,p99_us,10,-3.297007027699993,-3.4246086847699937,-3.176874336007495,lower
steady,0.85,main,,jbsq,steal,slo_miss_rate,10,-0.3445994021741,-0.39082443974268755,-0.29976632666145003,lower
steady,0.85,main,,jbsq,threshold,class0_p99_us,10,-9.77610826711,-10.484412633356252,-9.08718540347775,lower
steady,0.85,main,,jbsq,threshold,control_cpu_mean,10,-3.8240295131429995,-3.8472742720068247,-3.804908864824325,lower
steady,0.85,main,,jbsq,threshold,p999_us,10,-2.913940823299993,-3.873889411992485,-1.9917422947999994,lower
steady,0.85,main,,jbsq,threshold,p99_us,10,-3.368836446599991,-3.5566472327299903,-3.179288139629995,lower
steady,0.85,main,,jbsq,threshold,slo_miss_rate,10,-0.4537971640396,-0.5130389184690975,-0.3991804823712651,lower
steady,0.85,main,,jsw,jbsq,class0_p99_us,10,9.216366535289998,8.74124976009175,9.609225101433749,higher
steady,0.85,main,,jsw,jbsq,control_cpu_mean,10,0.398400000004,0.398400000004,0.398400000004,higher
steady,0.85,main,,jsw,jbsq,p999_us,10,3.5867705643999956,2.9000181213674914,4.377198143889992,higher
steady,0.85,main,,jsw,jbsq,p99_us,10,3.696989780399991,3.5202418003749854,3.8685733937599953,higher
steady,0.85,main,,jsw,jbsq,slo_miss_rate,10,0.3925438819792,0.3349934154756725,0.4689443616232149,higher
steady,0.85,main,,jsw,qbr,class0_p99_us,10,0.19883063394000047,-0.4019731465737506,0.9110889049504992,uncertain
steady,0.85,main,,jsw,qbr,control_cpu_mean,10,-1.830804501075,-1.838064423388225,-1.8234510360702498,lower
steady,0.85,main,,jsw,qbr,p999_us,10,-0.1513383393999959,-1.0142796105799916,0.6523253614399943,uncertain
steady,0.85,main,,jsw,qbr,p99_us,10,0.23658677839999315,-0.055442987912506896,0.546642515024996,uncertain
steady,0.85,main,,jsw,qbr,slo_miss_rate,10,0.022697623190799966,-0.06297586190815503,0.12205813970460001,uncertain
steady,0.85,main,,jsw,single,class0_p99_us,10,-0.10220946235000028,-0.4435130097560011,0.22254645442924878,uncertain
steady,0.85,main,,jsw,single,control_cpu_mean,10,-1.781440584483,-1.787187578712275,-1.7753226726090001,lower
steady,0.85,main,,jsw,single,p999_us,10,0.0016508195000000114,-0.4205143757925023,0.44635531767250175,uncertain
steady,0.85,main,,jsw,single,p99_us,10,0.14534780499999728,-0.001130595747503591,0.29129768054499705,uncertain
steady,0.85,main,,jsw,single,slo_miss_rate,10,-0.018183203326100017,-0.07223539298200002,0.03332678127933995,uncertain
steady,0.85,main,,jsw,steal,class0_p99_us,10,0.3169089141100002,-0.11473059156425075,0.7545431866174988,uncertain
steady,0.85,main,,jsw,steal,control_cpu_mean,10,-6.340670179993,-6.416008615154501,-6.247680141769275,lower
steady,0.85,main,,jsw,steal,p999_us,10,0.8709849954999953,0.03170620485499577,1.7029829333174966,higher
steady,0.85,main,,jsw,steal,p99_us,10,0.39998275269999795,0.1993032669599978,0.602940345864989,higher
steady,0.85,main,,jsw,steal,slo_miss_rate,10,0.047944479805099985,-0.0074271293160000475,0.10609390144825245,uncertain
steady,0.85,main,,jsw,threshold,class0_p99_us,10,-0.5597417318200002,-1.1784341149855,0.05855378751274965,uncertain
steady,0.85,main,,jsw,threshold,control_cpu_mean,10,-3.4256295131390004,-3.448874272002825,-3.4065088648203257,lower
steady,0.85,main,,jsw,threshold,p999_us,10,0.6728297411000028,-0.05052912686249591,1.405882575800001,uncertain
steady,0.85,main,,jsw,threshold,p99_us,10,0.3281533338000003,0.11017413806249969,0.5283790864699975,higher
steady,0.85,main,,jsw,threshold,slo_miss_rate,10,-0.06125328206040002,-0.13823471663179998,0.014304290734809965,uncertain
steady,0.85,main,,p2c,jbsq,class0_p99_us,10,28.26445715092,27.81709640479225,28.6296380025375,higher
steady,0.85,main,,p2c,jbsq,control_cpu_mean,10,0.398400000004,0.398400000004,0.398400000004,higher
steady,0.85,main,,p2c,jbsq,p999_us,10,5.826428895299998,4.737681606054997,6.778716152052506,higher
steady,0.85,main,,p2c,jbsq,p99_us,10,5.032594593199994,4.689439521512496,5.3749507762349955,higher
steady,0.85,main,,p2c,jbsq,slo_miss_rate,10,2.9818797071475993,2.844430175371592,3.1377676324993566,higher
steady,0.85,main,,p2c,jsw,class0_p99_us,10,19.04809061563,18.623010332609002,19.453445380962,higher
steady,0.85,main,,p2c,jsw,control_cpu_mean,10,0.0,0.0,0.0,uncertain
steady,0.85,main,,p2c,jsw,p999_us,10,2.239658330900002,1.1098645807874998,3.274104812515003,higher
steady,0.85,main,,p2c,jsw,p99_us,10,1.3356048128000026,0.9897634459525031,1.7032083518275087,higher
steady,0.85,main,,p2c,jsw,slo_miss_rate,10,2.5893358251684,2.4880564748450804,2.7048537200297145,higher
steady,0.85,main,,p2c,qbr,class0_p99_us,10,19.24692124957,18.793435287583748,19.880711382136997,higher
steady,0.85,main,,p2c,qbr,control_cpu_mean,10,-1.830804501075,-1.838064423388225,-1.8234510360702498,lower
steady,0.85,main,,p2c,qbr,p999_us,10,2.0883199915000064,0.8788212944524959,3.188940652700006,higher
steady,0.85,main,,p2c,qbr,p99_us,10,1.5721915911999957,1.3176909045599905,1.798284886130002,higher
steady,0.85,main,,p2c,qbr,slo_miss_rate,10,2.6120334483592,2.491370388364575,2.766115912366725,higher
steady,0.85,main,,p2c,single,class0_p99_us,10,18.945881153280002,18.596377617498,19.3083000652185,higher
steady,0.85,main,,p2c,single,control_cpu_mean,10,-1.781440584483,-1.787187578712275,-1.7753226726090001,lower
steady,0.85,main,,p2c,single,p999_us,10,2.241309150400002,1.2570506321575055,3.118108897900001,higher
steady,0.85,main,,p2c,single,p99_us,10,1.4809526177999999,1.0929098912950046,1.9398601856325013,higher
steady,0.85,main,,p2c,single,slo_miss_rate,10,2.5711526218423004,2.48137379001914,2.6721279714417845,higher
steady,0.85,main,,p2c,steal,class0_p99_us,10,19.36499952974,18.822495063774998,19.86867507562625,higher
steady,0.85,main,,p2c,steal,control_cpu_mean,10,-6.340670179993,-6.416008615154501,-6.247680141769275,lower
steady,0.85,main,,p2c,steal,p999_us,10,3.1106433263999973,2.2873254155949883,4.015282994770004,higher
steady,0.85,main,,p2c,steal,p99_us,10,1.7355875655000006,1.3506141633925037,2.119280047099997,higher
steady,0.85,main,,p2c,steal,slo_miss_rate,10,2.6372803049735003,2.52724547547627,2.7568215814517,higher
steady,0.85,main,,p2c,threshold,class0_p99_us,10,18.488348883809998,17.90212623459075,19.0574385358355,higher
steady,0.85,main,,p2c,threshold,control_cpu_mean,10,-3.4256295131390004,-3.448874272002825,-3.4065088648203257,lower
steady,0.85,main,,p2c,threshold,p999_us,10,2.912488072000005,1.9966008433425035,3.7947966641650037,higher
steady,0.85,main,,p2c,threshold,p99_us,10,1.6637581466000029,1.2807314321975105,2.067329660807499,higher
steady,0.85,main,,p2c,threshold,slo_miss_rate,10,2.528082543108,2.3881509287328497,2.670754958361175,higher
steady,0.85,main,,qbr,jbsq,class0_p99_us,10,9.017535901349998,8.386732652311748,9.595953068961999,higher
steady,0.85,main,,qbr,jbsq,control_cpu_mean,10,2.229204501079,2.22185103607425,2.2364644233922246,higher
steady,0.85,main,,qbr,jbsq,p999_us,10,3.7381089037999913,2.8755760027824917,4.622135503994991,higher
steady,0.85,main,,qbr,jbsq,p99_us,10,3.4604030019999983,3.2235257401325024,3.6687403794599978,higher
steady,0.85,main,,qbr,jbsq,slo_miss_rate,10,0.36984625878840005,0.31630733972753006,0.4274747763914775,higher
steady,0.85,main,,qbr,jsw,class0_p99_us,10,-0.19883063394000047,-0.9110889049504995,0.4019731465737505,uncertain
steady,0.85,main,,qbr,jsw,control_cpu_mean,10,1.830804501075,1.8234510360702498,1.838064423388225,higher
steady,0.85,main,,qbr,jsw,p999_us,10,0.1513383393999959,-0.6523253614399979,1.0142796105799907,uncertain
steady,0.85,main,,qbr,jsw,p99_us,10,-0.23658677839999315,-0.546642515024996,0.055442987912506896,uncertain
steady,0.85,main,,qbr,jsw,slo_miss_rate,10,-0.022697623190799966,-0.12205813970460001,0.062975861908155,uncertain
steady,0.85,main,,qbr,single,class0_p99_us,10,-0.3010400962900007,-0.9823894234295009,0.24451545365999863,uncertain
steady,0.85,main,,qbr,single,control_cpu_mean,10,0.04936391659199996,0.042562297962550025,0.056017691887424996,higher
steady,0.85,main,,qbr,single,p999_us,10,0.15298915889999593,-0.7604278441000097,1.1221724246424971,uncertain
steady,0.85,main,,qbr,single,p99_us,10,-0.09123897339999587,-0.4012934877149945,0.20069722660000194,uncertain
steady,0.85,main,,qbr,single,slo_miss_rate,10,-0.04088082651689999,-0.1420837729720175,0.039851464573565,uncertain
steady,0.85,main,,qbr,steal,class0_p99_us,10,0.11807828016999977,-0.34018823318025115,0.5768047717654993,uncertain
steady,0.85,main,,qbr,steal,control_cpu_mean,10,-4.509865678918,-4.591354912357399,-4.41071504865465,lower
steady,0.85,main,,qbr,steal,p999_us,10,1.0223233348999912,0.12172960499498786,2.0052534408725,higher
steady,0.85,main,,qbr,steal,p99_us,10,0.1633959743000048,-0.1643252210224904,0.4546056658000026,uncertain
steady,0.85,main,,qbr,steal,slo_miss_rate,10,0.02524685661430002,-0.03561022114488999,0.08332463395557999,uncertain
steady,0.85,main,,qbr,threshold,class0_p99_us,10,-0.7585723657600006,-1.2794994880195,-0.2902715024532505,lower
steady,0.85,main,,qbr,threshold,control_cpu_mean,10,-1.594825012064,-1.613114744461175,-1.57949501152085,lower
steady,0.85,main,,qbr,threshold,p999_us,10,0.8241680804999987,-0.12761622961749253,1.9089722521675043,uncertain
steady,0.85,main,,qbr,threshold,p99_us,10,0.09156655540000713,-0.2188910060074842,0.4018070995025019,uncertain
steady,0.85,main,,qbr,threshold,slo_miss_rate,10,-0.0839509052512,-0.16458233813962497,-0.013868654126429984,lower
steady,0.85,main,,single,jbsq,class0_p99_us,10,9.31857599764,8.93436567661725,9.718217462682501,higher
steady,0.85,main,,single,jbsq,control_cpu_mean,10,2.1798405844870006,2.1737226726129997,2.1855875787162753,higher
steady,0.85,main,,single,jbsq,p999_us,10,3.5851197448999956,3.028045429292484,4.186780943299999,higher
steady,0.85,main,,single,jbsq,p99_us,10,3.551641975399994,3.3413054095324886,3.7263303109399915,higher
steady,0.85,main,,single,jbsq,slo_miss_rate,10,0.41072708530530005,0.33303899312151747,0.5013824088784624,higher
steady,0.85,main,,single,jsw,class0_p99_us,10,0.10220946235000028,-0.22254645442924895,0.44351300975600105,uncertain
steady,0.85,main,,single,jsw,control_cpu_mean,10,1.781440584483,1.7753226726090001,1.787187578712275,higher
steady,0.85,main,,single,jsw,p999_us,10,-0.0016508195000000114,-0.4463553176725018,0.4205143757925022,uncertain
steady,0.85,main,,single,jsw,p99_us,10,-0.14534780499999728,-0.29129768054499705,0.0011305957475035908,uncertain
steady,0.85,main,,single,jsw,slo_miss_rate,10,0.018183203326100017,-0.033326781279339954,0.07223539298200002,uncertain
steady,0.85,main,,single,qbr,class0_p99_us,10,0.3010400962900007,-0.24451545365999863,0.9823894234295008,uncertain
steady,0.85,main,,single,qbr,control_cpu_mean,10,-0.04936391659199996,-0.05601769188742501,-0.042562297962550025,lower
steady,0.85,main,,single,qbr,p999_us,10,-0.15298915889999593,-1.1221724246424978,0.7604278441000084,uncertain
steady,0.85,main,,single,qbr,p99_us,10,0.09123897339999587,-0.20069722660000194,0.4012934877149945,uncertain
steady,0.85,main,,single,qbr,slo_miss_rate,10,0.04088082651689999,-0.03985146457356502,0.14208377297201744,uncertain
steady,0.85,main,,single,steal,class0_p99_us,10,0.4191183764600005,-0.05726752704075078,0.9011799878080006,uncertain
steady,0.85,main,,single,steal,control_cpu_mean,10,-4.55922959551,-4.638986159894701,-4.462287559152349,lower
steady,0.85,main,,single,steal,p999_us,10,0.8693341759999953,0.08926620781999611,1.6127069943324985,higher
steady,0.85,main,,single,steal,p99_us,10,0.25463494770000067,-0.018171500927503602,0.4726710301974955,uncertain
steady,0.85,main,,single,steal,slo_miss_rate,10,0.0661276831312,0.0017604937375225148,0.13319538779969745,higher
steady,0.85,main,,single,threshold,class0_p99_us,10,-0.45753226946999986,-1.0411111406729996,0.10787117797699877,uncertain
steady,0.85,main,,single,threshold,control_cpu_mean,10,-1.6441889286560003,-1.6631920313751247,-1.628652877236225,lower
steady,0.85,main,,single,threshold,p999_us,10,0.6711789216000028,0.07206242910750234,1.2570250872675022,higher
steady,0.85,main,,single,threshold,p99_us,10,0.182805528800003,-0.07170111427999758,0.402422175140008,uncertain
steady,0.85,main,,single,threshold,slo_miss_rate,10,-0.04307007873430001,-0.118000801109065,0.028313689507449925,uncertain
steady,0.85,main,,steal,jbsq,class0_p99_us,10,8.89945762118,8.319628319061,9.509269514002,higher
steady,0.85,main,,steal,jbsq,control_cpu_mean,10,6.739070179997,6.646080141773274,6.8144086151584995,higher
steady,0.85,main,,steal,jbsq,p999_us,10,2.7157855689000003,1.9608410713574975,3.4414556649924988,higher
steady,0.85,main,,steal,jbsq,p99_us,10,3.297007027699993,3.176874336007495,3.4246086847699932,higher
steady,0.85,main,,steal,jbsq,slo_miss_rate,10,0.3445994021741,0.29976632666145003,0.39082443974268755,higher
steady,0.85,main,,steal,jsw,class0_p99_us,10,-0.3169089141100002,-0.7545431866174989,0.11473059156425068,uncertain
steady,0.85,main,,steal,jsw,control_cpu_mean,10,6.340670179993,6.247680141769275,6.416008615154501,higher
steady,0.85,main,,steal,jsw,p999_us,10,-0.8709849954999953,-1.7029829333174975,-0.031706204854996194,lower
steady,0.85,main,,steal,jsw,p99_us,10,-0.39998275269999795,-0.6029403458649891,-0.1993032669599978,lower
steady,0.85,main,,steal,jsw,slo_miss_rate,10,-0.047944479805099985,-0.10609390144825247,0.0074271293160000475,uncertain
steady,0.85,main,,steal,qbr,class0_p99_us,10,-0.11807828016999977,-0.5768047717654996,0.3401882331802511,uncertain
steady,0.85,main,,steal,qbr,control_cpu_mean,10,4.509865678918,4.41071504865465,4.591354912357399,higher
steady,0.85,main,,steal,qbr,p999_us,10,-1.0223233348999912,-2.0052534408725005,-0.12172960499498804,lower
steady,0.85,main,,steal,qbr,p99_us,10,-0.1633959743000048,-0.4546056658000026,0.16432522102249028,uncertain
steady,0.85,main,,steal,qbr,slo_miss_rate,10,-0.02524685661430002,-0.08332463395558001,0.03561022114488998,uncertain
steady,0.85,main,,steal,single,class0_p99_us,10,-0.4191183764600005,-0.9011799878080009,0.05726752704075051,uncertain
steady,0.85,main,,steal,single,control_cpu_mean,10,4.55922959551,4.462287559152349,4.638986159894701,higher
steady,0.85,main,,steal,single,p999_us,10,-0.8693341759999953,-1.612706994332499,-0.08926620781999674,lower
steady,0.85,main,,steal,single,p99_us,10,-0.25463494770000067,-0.47267103019749557,0.01817150092750357,uncertain
steady,0.85,main,,steal,single,slo_miss_rate,10,-0.0661276831312,-0.1331953877996975,-0.0017604937375225187,lower
steady,0.85,main,,steal,threshold,class0_p99_us,10,-0.8766506459300004,-1.4136937478945002,-0.47920117312650085,lower
steady,0.85,main,,steal,threshold,control_cpu_mean,10,2.915040666854,2.7997065829437,3.0074390622780247,higher
steady,0.85,main,,steal,threshold,p999_us,10,-0.1981552543999925,-1.0810343420374957,0.6427153624125078,uncertain
steady,0.85,main,,steal,threshold,p99_us,10,-0.07182941889999768,-0.289826057417498,0.11004358390250878,uncertain
steady,0.85,main,,steal,threshold,slo_miss_rate,10,-0.10919776186550001,-0.1830247775192775,-0.053530013598325,lower
steady,0.85,main,,threshold,jbsq,class0_p99_us,10,9.77610826711,9.08718540347775,10.484412633356252,higher
steady,0.85,main,,threshold,jbsq,control_cpu_mean,10,3.8240295131429995,3.804908864824325,3.8472742720068247,higher
steady,0.85,main,,threshold,jbsq,p999_us,10,2.913940823299993,1.9917422947999994,3.873889411992485,higher
steady,0.85,main,,threshold,jbsq,p99_us,10,3.368836446599991,3.179288139629995,3.55664723272999,higher
steady,0.85,main,,threshold,jbsq,slo_miss_rate,10,0.4537971640396,0.3991804823712651,0.5130389184690974,higher
steady,0.85,main,,threshold,jsw,class0_p99_us,10,0.5597417318200002,-0.05855378751274985,1.178434114985499,uncertain
steady,0.85,main,,threshold,jsw,control_cpu_mean,10,3.4256295131390004,3.4065088648203257,3.448874272002825,higher
steady,0.85,main,,threshold,jsw,p999_us,10,-0.6728297411000028,-1.405882575800001,0.0505291268624958,uncertain
steady,0.85,main,,threshold,jsw,p99_us,10,-0.3281533338000003,-0.5283790864699975,-0.1101741380624997,lower
steady,0.85,main,,threshold,jsw,slo_miss_rate,10,0.06125328206040002,-0.014304290734809986,0.13823471663179998,uncertain
steady,0.85,main,,threshold,qbr,class0_p99_us,10,0.7585723657600006,0.2902715024532503,1.2794994880195,higher
steady,0.85,main,,threshold,qbr,control_cpu_mean,10,1.594825012064,1.57949501152085,1.613114744461175,higher
steady,0.85,main,,threshold,qbr,p999_us,10,-0.8241680804999987,-1.9089722521675052,0.1276162296174924,uncertain
steady,0.85,main,,threshold,qbr,p99_us,10,-0.09156655540000713,-0.4018070995025019,0.21889100600748415,uncertain
steady,0.85,main,,threshold,qbr,slo_miss_rate,10,0.0839509052512,0.013868654126429975,0.16458233813962497,higher
steady,0.85,main,,threshold,single,class0_p99_us,10,0.45753226946999986,-0.10787117797699879,1.0411111406729994,uncertain
steady,0.85,main,,threshold,single,control_cpu_mean,10,1.6441889286560003,1.628652877236225,1.6631920313751247,higher
steady,0.85,main,,threshold,single,p999_us,10,-0.6711789216000028,-1.2570250872675055,-0.07206242910750266,lower
steady,0.85,main,,threshold,single,p99_us,10,-0.182805528800003,-0.402422175140008,0.07170111427999754,uncertain
steady,0.85,main,,threshold,single,slo_miss_rate,10,0.04307007873430001,-0.028313689507450012,0.11800080110906494,uncertain
steady,0.85,main,,threshold,steal,class0_p99_us,10,0.8766506459300004,0.4792011731265008,1.4136937478944998,higher
steady,0.85,main,,threshold,steal,control_cpu_mean,10,-2.915040666854,-3.0074390622780247,-2.7997065829437,lower
steady,0.85,main,,threshold,steal,p999_us,10,0.1981552543999925,-0.6427153624125078,1.0810343420374948,uncertain
steady,0.85,main,,threshold,steal,p99_us,10,0.07182941889999768,-0.11004358390250878,0.289826057417498,uncertain
steady,0.85,main,,threshold,steal,slo_miss_rate,10,0.10919776186550001,0.053530013598324995,0.1830247775192775,higher
steady,0.85,main,,work,jbsq,class0_p99_us,10,10.996358297899999,6.2878489242585,16.408457047643246,higher
steady,0.85,main,,work,jbsq,control_cpu_mean,10,0.398400000004,0.398400000004,0.398400000004,higher
steady,0.85,main,,work,jbsq,p999_us,10,1.7195718514999954,0.9454942796549926,2.5173049375374936,higher
steady,0.85,main,,work,jbsq,p99_us,10,1.867738256299998,1.2571937076099933,2.4716107590775094,higher
steady,0.85,main,,work,jbsq,slo_miss_rate,10,0.7584090312506,0.16299036731595998,1.421380205287337,higher
steady,0.85,main,,work,jsw,class0_p99_us,10,1.7799917626100001,-2.81408503133975,7.091826134674989,uncertain
steady,0.85,main,,work,jsw,control_cpu_mean,10,0.0,0.0,0.0,uncertain
steady,0.85,main,,work,jsw,p999_us,10,-1.8671987129,-2.758385263972504,-0.9186271425424997,lower
steady,0.85,main,,work,jsw,p99_us,10,-1.8292515240999934,-2.3661110052424905,-1.2856367218599898,lower
steady,0.85,main,,work,jsw,slo_miss_rate,10,0.3658651492713999,-0.213085429562435,1.0284416034803185,uncertain
steady,0.85,main,,work,qbr,class0_p99_us,10,1.9788223965500005,-2.8244515001997486,7.371167316929495,uncertain
steady,0.85,main,,work,qbr,control_cpu_mean,10,-1.830804501075,-1.838064423388225,-1.8234510360702498,lower
steady,0.85,main,,work,qbr,p999_us,10,-2.018537052299996,-3.3983510165825024,-0.773613073297492,lower
steady,0.85,main,,work,qbr,p99_us,10,-1.5926647457,-2.2361665368174943,-0.9327581513475006,lower
steady,0.85,main,,work,qbr,slo_miss_rate,10,0.38856277246219995,-0.21493298739378003,1.06536242092211,uncertain
steady,0.85,main,,work,single,class0_p99_us,10,1.6777823002599999,-3.141767898980499,7.181378839160748,uncertain
steady,0.85,main,,work,single,control_cpu_mean,10,-1.781440584483,-1.787187578712275,-1.7753226726090001,lower
steady,0.85,main,,work,single,p999_us,10,-1.8655478934,-2.705704960880005,-0.9079736335824992,lower
steady,0.85,main,,work,single,p99_us,10,-1.683903719099996,-2.2587929847224952,-1.0725752043599919,lower
steady,0.85,main,,work,single,slo_miss_rate,10,0.34768194594529994,-0.25801554754676503,1.0480980234093673,uncertain
steady,0.85,main,,work,steal,class0_p99_us,10,2.0969006767200002,-2.718613415429749,7.597747074849749,uncertain
steady,0.85,main,,work,steal,control_cpu_mean,10,-6.340670179993,-6.416008615154501,-6.247680141769275,lower
steady,0.85,main,,work,steal,p999_us,10,-0.9962137174000049,-2.0068433706875095,-0.09423345264750432,lower
steady,0.85,main,,work,steal,p99_us,10,-1.4292687713999954,-2.002631010299993,-0.8459730697874949,lower
steady,0.85,main,,work,steal,slo_miss_rate,10,0.4138096290765,-0.18848570265972756,1.0946922716563798,uncertain
steady,0.85,main,,work,threshold,class0_p99_us,10,1.22025003079,-3.4722775213489996,6.492219009077745,uncertain
steady,0.85,main,,work,threshold,control_cpu_mean,10,-3.4256295131390004,-3.448874272002825,-3.4065088648203257,lower
steady,0.85,main,,work,threshold,p999_us,10,-1.1943689717999972,-2.3109121980874994,0.04069914751000307,uncertain
steady,0.85,main,,work,threshold,p99_us,10,-1.501098190299993,-2.0552431260649917,-0.9552551816499972,lower
steady,0.85,main,,work,threshold,slo_miss_rate,10,0.304611867211,-0.283443631451935,0.9690842049203745,uncertain
steady,0.95,main,,bwc,jbsq,class0_p99_us,10,1989.9441182737696,1905.5495460388915,2085.1944684619502,higher
steady,0.95,main,,bwc,jbsq,control_cpu_mean,10,1.5577530584040002,1.5546527165996997,1.561118638080575,higher
steady,0.95,main,,bwc,jbsq,p999_us,10,1932.492589326,1848.9145079976324,2026.1460380491076,higher
steady,0.95,main,,bwc,jbsq,p99_us,10,1901.8820539779001,1820.3085703777706,1993.8988493255472,higher
steady,0.95,main,,bwc,jbsq,slo_miss_rate,10,94.914025605516,94.07585889068858,95.70718934714884,higher
steady,0.95,main,,bwc,jsw,class0_p99_us,10,1986.1348753525301,1901.939530564091,2081.5932031449493,higher
steady,0.95,main,,bwc,jsw,control_cpu_mean,10,1.1593530584,1.1562527165956997,1.1627186380765748,higher
steady,0.95,main,,bwc,jsw,p999_us,10,1925.0322222959999,1841.62456550473,2018.96425711154,higher
steady,0.95,main,,bwc,jsw,p99_us,10,1895.0074811381996,1813.3556635454,1987.1648415942,higher
steady,0.95,main,,bwc,jsw,slo_miss_rate,10,89.240691013011,87.86685907196474,90.47361514194164,higher
steady,0.95,main,,bwc,qbr,class0_p99_us,10,1986.2111593983002,1902.3470009629673,2081.61729261689,higher
steady,0.95,main,,bwc,qbr,control_cpu_mean,10,-0.96761735419,-0.9844321191544749,-0.9520462549526001,lower
steady,0.95,main,,bwc,qbr,p999_us,10,1925.1410113429997,1841.738853056325,2019.3095722975377,higher
steady,0.95,main,,bwc,qbr,p99_us,10,1895.0052824479,1813.4176994369352,1987.0114759580001,higher
steady,0.95,main,,bwc,qbr,slo_miss_rate,10,89.066743169426,87.78611434959771,90.21167937491643,higher
steady,0.95,main,,bwc,single,class0_p99_us,10,1986.61072744778,1902.2179750287269,2082.180670643962,higher
steady,0.95,main,,bwc,single,control_cpu_mean,10,-0.9483018727770001,-0.9648139668800001,-0.9322115561780249,lower
steady,0.95,main,,bwc,single,p999_us,10,1925.8447809290997,1842.8336829491525,2019.3126657866476,higher
steady,0.95,main,,bwc,single,p99_us,10,1894.8704796293,1813.3735036735998,1986.8488846427274,higher
steady,0.95,main,,bwc,single,slo_miss_rate,10,89.036461901417,87.6255934260992,90.33880421534552,higher
steady,0.95,main,,bwc,steal,class0_p99_us,10,1986.5714936086601,1902.5125011146138,2082.022387120433,higher
steady,0.95,main,,bwc,steal,control_cpu_mean,10,-2.0330236960090002,-2.1132408201242496,-1.9416556819270998,lower
steady,0.95,main,,bwc,steal,p999_us,10,1925.8868394190001,1842.89129138795,2019.1506764711396,higher
steady,0.95,main,,bwc,steal,p99_us,10,1895.1595504344998,1813.716977402085,1987.1260183934999,higher
steady,0.95,main,,bwc,steal,slo_miss_rate,10,89.368877925802,87.93816031651797,90.6059530951527,higher
steady,0.95,main,,bwc,threshold,class0_p99_us,10,1986.57870060719,1902.3657071285113,2082.2143913576924,higher
steady,0.95,main,,bwc,threshold,control_cpu_mean,10,-3.638585878846,-3.705897142423201,-3.5795883278299008,lower
steady,0.95,main,,bwc,threshold,p999_us,10,1925.7197936571,1842.4538600756198,2019.3287557301999,higher
steady,0.95,main,,bwc,threshold,p99_us,10,1895.1398033907,1813.7737736894,1986.93393670806,higher
steady,0.95,main,,bwc,threshold,slo_miss_rate,10,89.31441928670299,87.87618244844772,90.59353077537754,higher
steady,0.95,main,,jbsq,jsw,class0_p99_us,10,-3.809242921239999,-4.736716087736248,-2.8893109148945006,lower
steady,0.95,main,,jbsq,jsw,control_cpu_mean,10,-0.398400000004,-0.398400000004,-0.398400000004,lower
steady,0.95,main,,jbsq,jsw,p999_us,10,-7.460367030000003,-8.479729619997503,-6.488783437750004,lower
steady,0.95,main,,jbsq,jsw,p99_us,10,-6.874572839699994,-7.2465905304624965,-6.474377969917497,lower
steady,0.95,main,,jbsq,jsw,slo_miss_rate,10,-5.673334592504999,-6.250444613250351,-5.162164114240124,lower
steady,0.95,main,,jbsq,qbr,class0_p99_us,10,-3.732958875469999,-4.582123054957248,-2.9412739807597523,lower
steady,0.95,main,,jbsq,qbr,control_cpu_mean,10,-2.525370412594,-2.54102662852585,-2.5106237365314996,lower
steady,0.95,main,,jbsq,qbr,p999_us,10,-7.351577983000007,-8.544717809737513,-6.042610841197506,lower
steady,0.95,main,,jbsq,qbr,p99_us,10,-6.8767715299999965,-7.0394833095499925,-6.716758026647498,lower
steady,0.95,main,,jbsq,qbr,slo_miss_rate,10,-5.8472824360899995,-6.339360589462225,-5.381422904492551,lower
steady,0.95,main,,jbsq,single,class0_p99_us,10,-3.3333908259900005,-4.397792145139245,-2.296425428626001,lower
steady,0.95,main,,jbsq,single,control_cpu_mean,10,-2.5060549311810005,-2.521070426200675,-2.49227659063915,lower
steady,0.95,main,,jbsq,single,p999_us,10,-6.647808396900004,-8.21884818591252,-5.0658774008624965,lower
steady,0.95,main,,jbsq,single,p99_us,10,-7.0115743485999955,-7.274504579552491,-6.750510209187503,lower
steady,0.95,main,,jbsq,single,slo_miss_rate,10,-5.877563704099001,-6.536177673406774,-5.24983723917615,lower
steady,0.95,main,,jbsq,steal,class0_p99_us,10,-3.3726246651100027,-4.209848833192252,-2.497590285041754,lower
steady,0.95,main,,jbsq,steal,control_cpu_mean,10,-3.5907767544129996,-3.6722447572190746,-3.4982066644131256,lower
steady,0.95,main,,jbsq,steal,p999_us,10,-6.605749906999998,-7.973002695047498,-5.429467659142505,lower
steady,0.95,main,,jbsq,steal,p99_us,10,-6.722503543399998,-7.0142762385074935,-6.468508384700002,lower
steady,0.95,main,,jbsq,steal,slo_miss_rate,10,-5.545147679714001,-6.180829462782049,-4.9542304156127255,lower
steady,0.95,main,,jbsq,threshold,class0_p99_us,10,-3.3654176665800017,-4.41833277263525,-2.371539060477753,lower
steady,0.95,main,,jbsq,threshold,control_cpu_mean,10,-5.19633893725,-5.2622930895934745,-5.138699783947975,lower
steady,0.95,main,,jbsq,threshold,p999_us,10,-6.7727956689,-7.802166580237497,-5.767837023450003,lower
steady,0.95,main,,jbsq,threshold,p99_us,10,-6.742250587199996,-7.065349777379992,-6.374310262404994,lower
steady,0.95,main,,jbsq,threshold,slo_miss_rate,10,-5.5996063188130005,-6.249547500352175,-4.99667967870025,lower
steady,0.95,main,,jsw,jbsq,class0_p99_us,10,3.809242921239999,2.8893109148944998,4.736716087736247,higher
steady,0.95,main,,jsw,jbsq,control_cpu_mean,10,0.398400000004,0.398400000004,0.398400000004,higher
steady,0.95,main,,jsw,jbsq,p999_us,10,7.460367030000003,6.488783437750003,8.479729619997501,higher
steady,0.95,main,,jsw,jbsq,p99_us,10,6.874572839699994,6.474377969917497,7.246590530462496,higher
steady,0.95,main,,jsw,jbsq,slo_miss_rate,10,5.673334592504999,5.162164114240124,6.250444613250351,higher
steady,0.95,main,,jsw,qbr,class0_p99_us,10,0.07628404577000011,-0.5556567898184989,0.7001567389569984,uncertain
steady,0.95,main,,jsw,qbr,control_cpu_mean,10,-2.12697041259,-2.1426266285218496,-2.1122237365275,lower
steady,0.95,main,,jsw,qbr,p999_us,10,0.10878904699999623,-0.67576075077501,0.7762069366325011,uncertain
steady,0.95,main,,jsw,qbr,p99_us,10,-0.0021986903000026812,-0.4647341669999975,0.40106088280499164,uncertain
steady,0.95,main,,jsw,qbr,slo_miss_rate,10,-0.17394784358500004,-0.32328711026377516,-0.02718129102594974,lower
steady,0.95,main,,jsw,single,class0_p99_us,10,0.47585209524999855,-0.15960524836799997,1.1253474669892471,uncertain
steady,0.95,main,,jsw,single,control_cpu_mean,10,-2.107654931177,-2.122670426196675,-2.0938765906351495,lower
steady,0.95,main,,jsw,single,p999_us,10,0.8125586330999994,-0.11213375959999894,1.7493180751900086,uncertain
steady,0.95,main,,jsw,single,p99_us,10,-0.137001508900002,-0.4813452416600016,0.1908507324849981,uncertain
steady,0.95,main,,jsw,single,slo_miss_rate,10,-0.2042291115940002,-0.4621672795903502,0.02478643586112474,uncertain
steady,0.95,main,,jsw,steal,class0_p99_us,10,0.4366182561299965,0.09707435912999571,0.7618587596669956,higher
steady,0.95,main,,jsw,steal,control_cpu_mean,10,-3.1923767544090005,-3.2738447572150755,-3.099806664409125,lower
steady,0.95,main,,jsw,steal,p999_us,10,0.8546171230000056,-0.18187507313249612,1.9487679404175002,uncertain
steady,0.95,main,,jsw,steal,p99_us,10,0.15206929629999594,-0.23028358835750432,0.5724782130249948,uncertain
steady,0.95,main,,jsw,steal,slo_miss_rate,10,0.12818691279100017,-0.16886174117675032,0.38492554762767484,uncertain
steady,0.95,main,,jsw,threshold,class0_p99_us,10,0.4438252546599976,-0.15396006125500547,1.0626475330084986,uncertain
steady,0.95,main,,jsw,threshold,control_cpu_mean,10,-4.797938937246,-4.863893089589476,-4.740299783943976,lower
steady,0.95,main,,jsw,threshold,p999_us,10,0.6875713611000037,-0.007798676780002143,1.42456304396751,uncertain
steady,0.95,main,,jsw,threshold,p99_us,10,0.1323222524999977,-0.1956179631725033,0.4592861982774993,uncertain
steady,0.95,main,,jsw,threshold,slo_miss_rate,10,0.07372827369200004,-0.09733586755480007,0.25417067339787447,uncertain
steady,0.95,main,,p2c,jbsq,class0_p99_us,10,27.208028945850003,26.289072922914002,28.1420118397595,higher
steady,0.95,main,,p2c,jbsq,control_cpu_mean,10,0.398400000004,0.398400000004,0.398400000004,higher
steady,0.95,main,,p2c,jbsq,p999_us,10,15.486563605599997,13.813598278694997,17.09250888522999,higher
steady,0.95,main,,p2c,jbsq,p99_us,10,13.894842824999994,13.390945291397497,14.446760197517499,higher
steady,0.95,main,,p2c,jbsq,slo_miss_rate,10,12.585978714825998,12.064279321271075,13.157054866339774,higher
steady,0.95,main,,p2c,jsw,class0_p99_us,10,23.39878602461,22.42935986472825,24.513592520050754,higher
steady,0.95,main,,p2c,jsw,control_cpu_mean,10,0.0,0.0,0.0,uncertain
steady,0.95,main,,p2c,jsw,p999_us,10,8.026196575599993,6.968282879042498,9.192160541057495,higher
steady,0.95,main,,p2c,jsw,p99_us,10,7.0202699853000015,6.283930667060004,7.7685669030675015,higher
steady,0.95,main,,p2c,jsw,slo_miss_rate,10,6.912644122321,6.7289467523413,7.0985403911467,higher
steady,0.95,main,,p2c,qbr,class0_p99_us,10,23.475070070380003,22.54820209405475,24.422799377723003,higher
steady,0.95,main,,p2c,qbr,control_cpu_mean,10,-2.12697041259,-2.1426266285218496,-2.1122237365275,lower
steady,0.95,main,,p2c,qbr,p999_us,10,8.13498562259999,7.288375671402487,9.092613773099988,higher
steady,0.95,main,,p2c,qbr,p99_us,10,7.018071294999999,6.541169719062496,7.540023044207505,higher
steady,0.95,main,,p2c,qbr,slo_miss_rate,10,6.7386962787360005,6.491140441894325,6.981368238342999,higher
steady,0.95,main,,p2c,single,class0_p99_us,10,23.87463811986,22.749995822738747,24.9806053274005,higher
steady,0.95,main,,p2c,single,control_cpu_mean,10,-2.107654931177,-2.122670426196675,-2.0938765906351495,lower
steady,0.95,main,,p2c,single,p999_us,10,8.838755208699993,7.467134368347492,10.066806821964992,higher
steady,0.95,main,,p2c,single,p99_us,10,6.8832684764,6.318943402115002,7.467294058407508,higher
steady,0.95,main,,p2c,single,slo_miss_rate,10,6.708415010726999,6.4261728208000495,6.963914786690949,higher
steady,0.95,main,,p2c,steal,class0_p99_us,10,23.83540428074,22.8560393257155,24.818033502291247,higher
steady,0.95,main,,p2c,steal,control_cpu_mean,10,-3.1923767544090005,-3.2738447572150755,-3.099806664409125,lower
steady,0.95,main,,p2c,steal,p999_us,10,8.880813698599999,7.255319747814998,10.561902773870006,higher
steady,0.95,main,,p2c,steal,p99_us,10,7.172339281599998,6.5187633230675015,7.806389445340003,higher
steady,0.95,main,,p2c,steal,slo_miss_rate,10,7.040831035111999,6.712404176203875,7.338774690779,higher
steady,0.95,main,,p2c,threshold,class0_p99_us,10,23.84261127927,22.981897942461003,24.764535591265496,higher
steady,0.95,main,,p2c,threshold,control_cpu_mean,10,-4.797938937246,-4.863893089589476,-4.740299783943976,lower
steady,0.95,main,,p2c,threshold,p999_us,10,8.713767936699998,7.389689891565002,10.239330240590006,higher
steady,0.95,main,,p2c,threshold,p99_us,10,7.152592237799999,6.498705703310003,7.725527063554995,higher
steady,0.95,main,,p2c,threshold,slo_miss_rate,10,6.986372396012999,6.74899319419495,7.2174819097411,higher
steady,0.95,main,,qbr,jbsq,class0_p99_us,10,3.732958875469999,2.9412739807597514,4.582123054957248,higher
steady,0.95,main,,qbr,jbsq,control_cpu_mean,10,2.525370412594,2.5106237365314996,2.54102662852585,higher
steady,0.95,main,,qbr,jbsq,p999_us,10,7.351577983000007,6.042610841197504,8.544717809737511,higher
steady,0.95,main,,qbr,jbsq,p99_us,10,6.8767715299999965,6.716758026647497,7.039483309549992,higher
steady,0.95,main,,qbr,jbsq,slo_miss_rate,10,5.8472824360899995,5.381422904492551,6.339360589462225,higher
steady,0.95,main,,qbr,jsw,class0_p99_us,10,-0.07628404577000011,-0.7001567389569991,0.5556567898184985,uncertain
steady,0.95,main,,qbr,jsw,control_cpu_mean,10,2.12697041259,2.1122237365275,2.1426266285218496,higher
steady,0.95,main,,qbr,jsw,p999_us,10,-0.10878904699999623,-0.7762069366325012,0.6757607507750096,uncertain
steady,0.95,main,,qbr,jsw,p99_us,10,0.0021986903000026812,-0.40106088280499164,0.4647341669999975,uncertain
steady,0.95,main,,qbr,jsw,slo_miss_rate,10,0.17394784358500004,0.027181291025949683,0.323287110263775,higher
steady,0.95,main,,qbr,single,class0_p99_us,10,0.3995680494799984,-0.4394974760210029,1.178199877735496,uncertain
steady,0.95,main,,qbr,single,control_cpu_mean,10,0.01931548141300001,0.00882962498655011,0.029888111253474986,higher
steady,0.95,main,,qbr,single,p999_us,10,0.7037695861000032,-0.31590415147250384,1.6288899911375072,uncertain
steady,0.95,main,,qbr,single,p99_us,10,-0.13480281859999935,-0.4455587540099966,0.1938522305499989,uncertain
steady,0.95,main,,qbr,single,slo_miss_rate,10,-0.030281268009000196,-0.2849666883138501,0.2274604108051747,uncertain
steady,0.95,main,,qbr,steal,class0_p99_us,10,0.36033421035999635,-0.12772530929600512,0.8695412518799955,uncertain
steady,0.95,main,,qbr,steal,control_cpu_mean,10,-1.065406341819,-1.1597530205140252,-0.9603555333751002,lower
steady,0.95,main,,qbr,steal,p999_us,10,0.7458280760000093,-0.7010218659199979,2.2313728325725184,uncertain
steady,0.95,main,,qbr,steal,p99_us,10,0.1542679865999986,-0.13546343822999973,0.44115332319499584,uncertain
steady,0.95,main,,qbr,steal,slo_miss_rate,10,0.30213475637600024,0.05638411083755052,0.5553354440421246,higher
steady,0.95,main,,qbr,threshold,class0_p99_us,10,0.36754120888999753,-0.19851471154800301,0.8162149237014947,uncertain
steady,0.95,main,,qbr,threshold,control_cpu_mean,10,-2.670968524656,-2.72293209585925,-2.6247100316840997,lower
steady,0.95,main,,qbr,threshold,p999_us,10,0.5787823141000075,-0.38632025281500254,1.746292503267519,uncertain
steady,0.95,main,,qbr,threshold,p99_us,10,0.1345209428000004,-0.19215280873499793,0.49889556463999973,uncertain
steady,0.95,main,,qbr,threshold,slo_miss_rate,10,0.24767611727700004,0.057433734264800244,0.44291971123900015,higher
steady,0.95,main,,single,jbsq,class0_p99_us,10,3.3333908259900005,2.296425428626001,4.397792145139245,higher
steady,0.95,main,,single,jbsq,control_cpu_mean,10,2.5060549311810005,2.49227659063915,2.521070426200675,higher
steady,0.95,main,,single,jbsq,p999_us,10,6.647808396900004,5.0658774008624965,8.218848185912519,higher
steady,0.95,main,,single,jbsq,p99_us,10,7.0115743485999955,6.750510209187503,7.274504579552491,higher
steady,0.95,main,,single,jbsq,slo_miss_rate,10,5.877563704099001,5.24983723917615,6.536177673406774,higher
steady,0.95,main,,single,jsw,class0_p99_us,10,-0.47585209524999855,-1.1253474669892474,0.1596052483679999,uncertain
steady,0.95,main,,single,jsw,control_cpu_mean,10,2.107654931177,2.0938765906351495,2.122670426196675,higher
steady,0.95,main,,single,jsw,p999_us,10,-0.8125586330999994,-1.7493180751900088,0.11213375959999894,uncertain
steady,0.95,main,,single,jsw,p99_us,10,0.137001508900002,-0.1908507324849981,0.48134524166000137,uncertain
steady,0.95,main,,single,jsw,slo_miss_rate,10,0.2042291115940002,-0.02478643586112481,0.4621672795903501,uncertain
steady,0.95,main,,single,qbr,class0_p99_us,10,-0.3995680494799984,-1.178199877735496,0.43949747602100286,uncertain
steady,0.95,main,,single,qbr,control_cpu_mean,10,-0.01931548141300001,-0.02988811125347499,-0.00882962498655012,lower
steady,0.95,main,,single,qbr,p999_us,10,-0.7037695861000032,-1.6288899911375074,0.3159041514725038,uncertain
steady,0.95,main,,single,qbr,p99_us,10,0.13480281859999935,-0.19385223054999892,0.4455587540099966,uncertain
steady,0.95,main,,single,qbr,slo_miss_rate,10,0.030281268009000196,-0.2274604108051747,0.28496668831385,uncertain
steady,0.95,main,,single,steal,class0_p99_us,10,-0.03923383912000204,-0.5031223459577495,0.4843560757754963,uncertain
steady,0.95,main,,single,steal,control_cpu_mean,10,-1.0847218232320004,-1.178190382407825,-0.9776698608621001,lower
steady,0.95,main,,single,steal,p999_us,10,0.04205848990000618,-1.3402458928199878,1.426876702047504,uncertain
steady,0.95,main,,single,steal,p99_us,10,0.28907080519999795,-0.018604797410003114,0.5961152095549938,uncertain
steady,0.95,main,,single,steal,slo_miss_rate,10,0.3324160243850004,0.15375586600962546,0.5114546000880004,higher
steady,0.95,main,,single,threshold,class0_p99_us,10,-0.03202684059000092,-0.7040305912412501,0.652737118777498,uncertain
steady,0.95,main,,single,threshold,control_cpu_mean,10,-2.6902840060689996,-2.7413549971314497,-2.646150127359175,lower
steady,0.95,main,,single,threshold,p999_us,10,-0.12498727199999564,-1.411771568824998,1.173423049532502,uncertain
steady,0.95,main,,single,threshold,p99_us,10,0.26932376139999975,-0.03938671310000359,0.6162731486725025,uncertain
steady,0.95,main,,single,threshold,slo_miss_rate,10,0.2779573852860002,0.10161429530337553,0.4517875496062504,higher
steady,0.95,main,,steal,jbsq,class0_p99_us,10,3.3726246651100027,2.4975902850417535,4.209848833192251,higher
steady,0.95,main,,steal,jbsq,control_cpu_mean,10,3.5907767544129996,3.4982066644131256,3.6722447572190746,higher
steady,0.95,main,,steal,jbsq,p999_us,10,6.605749906999998,5.429467659142505,7.973002695047497,higher
steady,0.95,main,,steal,jbsq,p99_us,10,6.722503543399998,6.468508384700002,7.0142762385074935,higher
steady,0.95,main,,steal,jbsq,slo_miss_rate,10,5.545147679714001,4.954230415612725,6.180829462782048,higher
steady,0.95,main,,steal,jsw,class0_p99_us,10,-0.4366182561299965,-0.7618587596669958,-0.09707435912999571,lower
steady,0.95,main,,steal,jsw,control_cpu_mean,10,3.1923767544090005,3.099806664409125,3.2738447572150755,higher
steady,0.95,main,,steal,jsw,p999_us,10,-0.8546171230000056,-1.948767940417501,0.18187507313249587,uncertain
steady,0.95,main,,steal,jsw,p99_us,10,-0.15206929629999594,-0.5724782130249949,0.2302835883575043,uncertain
steady,0.95,main,,steal,jsw,slo_miss_rate,10,-0.12818691279100017,-0.3849255476276749,0.1688617411767503,uncertain
steady,0.95,main,,steal,qbr,class0_p99_us,10,-0.36033421035999635,-0.8695412518799955,0.1277253092960048,uncertain
steady,0.95,main,,steal,qbr,control_cpu_mean,10,1.065406341819,0.9603555333751002,1.1597530205140252,higher
steady,0.95,main,,steal,qbr,p999_us,10,-0.7458280760000093,-2.2313728325725184,0.7010218659199959,uncertain
steady,0.95,main,,steal,qbr,p99_us,10,-0.1542679865999986,-0.44115332319499584,0.13546343822999968,uncertain
steady,0.95,main,,steal,qbr,slo_miss_rate,10,-0.30213475637600024,-0.5553354440421246,-0.05638411083755054,lower
steady,0.95,main,,steal,single,class0_p99_us,10,0.03923383912000204,-0.484356075775497,0.5031223459577482,uncertain
steady,0.95,main,,steal,single,control_cpu_mean,10,1.0847218232320004,0.9776698608621,1.178190382407825,higher
steady,0.95,main,,steal,single,p999_us,10,-0.04205848990000618,-1.4268767020475044,1.3402458928199872,uncertain
steady,0.95,main,,steal,single,p99_us,10,-0.28907080519999795,-0.5961152095549939,0.0186047974100031,uncertain
steady,0.95,main,,steal,single,slo_miss_rate,10,-0.3324160243850004,-0.5114546000880004,-0.1537558660096256,lower
steady,0.95,main,,steal,threshold,class0_p99_us,10,0.00720699853000113,-0.5758815158199979,0.6026448040700003,uncertain
steady,0.95,main,,steal,threshold,control_cpu_mean,10,-1.6055621828370001,-1.760513013167325,-1.47037461571615,lower
steady,0.95,main,,steal,threshold,p999_us,10,-0.1670457619000018,-0.9496262691624988,0.6392572128999967,uncertain
steady,0.95,main,,steal,threshold,p99_us,10,-0.01974704379999821,-0.270943237900002,0.2122804484900029,uncertain
steady,0.95,main,,steal,threshold,slo_miss_rate,10,-0.0544586390990001,-0.20565742437405046,0.11112983858044974,uncertain
steady,0.95,main,,threshold,jbsq,class0_p99_us,10,3.3654176665800017,2.3715390604777524,4.4183327726352495,higher
steady,0.95,main,,threshold,jbsq,control_cpu_mean,10,5.19633893725,5.138699783947975,5.2622930895934745,higher
steady,0.95,main,,threshold,jbsq,p999_us,10,6.7727956689,5.767837023450003,7.802166580237496,higher
steady,0.95,main,,threshold,jbsq,p99_us,10,6.742250587199996,6.374310262404994,7.065349777379991,higher
steady,0.95,main,,threshold,jbsq,slo_miss_rate,10,5.5996063188130005,4.99667967870025,6.2495475003521745,higher
steady,0.95,main,,threshold,jsw,class0_p99_us,10,-0.4438252546599976,-1.0626475330084988,0.15396006125500544,uncertain
steady,0.95,main,,threshold,jsw,control_cpu_mean,10,4.797938937246,4.740299783943976,4.863893089589476,higher
steady,0.95,main,,threshold,jsw,p999_us,10,-0.6875713611000037,-1.4245630439675117,0.007798676780001681,uncertain
steady,0.95,main,,threshold,jsw,p99_us,10,-0.1323222524999977,-0.45928619827749934,0.19561796317249808,uncertain
steady,0.95,main,,threshold,jsw,slo_miss_rate,10,-0.07372827369200004,-0.2541706733978747,0.09733586755479989,uncertain
steady,0.95,main,,threshold,qbr,class0_p99_us,10,-0.36754120888999753,-0.8162149237014948,0.19851471154800288,uncertain
steady,0.95,main,,threshold,qbr,control_cpu_mean,10,2.670968524656,2.6247100316840997,2.72293209585925,higher
steady,0.95,main,,threshold,qbr,p999_us,10,-0.5787823141000075,-1.74629250326752,0.3863202528150024,uncertain
steady,0.95,main,,threshold,qbr,p99_us,10,-0.1345209428000004,-0.4988955646399998,0.19215280873499793,uncertain
steady,0.95,main,,threshold,qbr,slo_miss_rate,10,-0.24767611727700004,-0.44291971123900015,-0.05743373426480025,lower
steady,0.95,main,,threshold,single,class0_p99_us,10,0.03202684059000092,-0.6527371187774982,0.7040305912412494,uncertain
steady,0.95,main,,threshold,single,control_cpu_mean,10,2.6902840060689996,2.646150127359175,2.7413549971314497,higher
steady,0.95,main,,threshold,single,p999_us,10,0.12498727199999564,-1.1734230495325024,1.4117715688249974,uncertain
steady,0.95,main,,threshold,single,p99_us,10,-0.26932376139999975,-0.6162731486725026,0.03938671310000359,uncertain
steady,0.95,main,,threshold,single,slo_miss_rate,10,-0.2779573852860002,-0.45178754960625045,-0.10161429530337558,lower
steady,0.95,main,,threshold,steal,class0_p99_us,10,-0.00720699853000113,-0.6026448040700003,0.5758815158199979,uncertain
steady,0.95,main,,threshold,steal,control_cpu_mean,10,1.6055621828370001,1.47037461571615,1.7605130131673248,higher
steady,0.95,main,,threshold,steal,p999_us,10,0.1670457619000018,-0.6392572128999977,0.9496262691624976,uncertain
steady,0.95,main,,threshold,steal,p99_us,10,0.01974704379999821,-0.21228044849000327,0.270943237900002,uncertain
steady,0.95,main,,threshold,steal,slo_miss_rate,10,0.0544586390990001,-0.11112983858044974,0.20565742437405,uncertain
steady,0.95,main,,work,jbsq,class0_p99_us,10,1210.6882786587698,1133.2549428957707,1290.991041485086,higher
steady,0.95,main,,work,jbsq,control_cpu_mean,10,0.398400000004,0.398400000004,0.398400000004,higher
steady,0.95,main,,work,jbsq,p999_us,10,1163.943931043,1087.678831608265,1244.2687769159575,higher
steady,0.95,main,,work,jbsq,p99_us,10,1150.8473653629,1073.8996333507703,1230.3046359978525,higher
steady,0.95,main,,work,jbsq,slo_miss_rate,10,94.913272094346,94.07453281622745,95.7071812693436,higher
steady,0.95,main,,work,jsw,class0_p99_us,10,1206.8790357375299,1129.2661709993638,1287.3564769985996,higher
steady,0.95,main,,work,jsw,control_cpu_mean,10,0.0,0.0,0.0,uncertain
steady,0.95,main,,work,jsw,p999_us,10,1156.483564013,1080.5406912058575,1236.0530636276521,higher
steady,0.95,main,,work,jsw,p99_us,10,1143.9727925232,1067.433560372845,1223.3965539041099,higher
steady,0.95,main,,work,jsw,slo_miss_rate,10,89.239937501841,87.86660061349576,90.47359630416238,higher
steady,0.95,main,,work,qbr,class0_p99_us,10,1206.9553197833002,1129.5395657192023,1286.893489725801,higher
steady,0.95,main,,work,qbr,control_cpu_mean,10,-2.12697041259,-2.1426266285218496,-2.1122237365275,lower
steady,0.95,main,,work,qbr,p999_us,10,1156.59235306,1080.351450057605,1236.4260196241073,higher
steady,0.95,main,,work,qbr,p99_us,10,1143.9705938329,1067.0198343305126,1223.4570509182777,higher
steady,0.95,main,,work,qbr,slo_miss_rate,10,89.065989658256,87.78559266998928,90.21166053713718,higher
steady,0.95,main,,work,single,class0_p99_us,10,1207.3548878327802,1129.2681614539206,1287.9832069262216,higher
steady,0.95,main,,work,single,control_cpu_mean,10,-2.107654931177,-2.122670426196675,-2.0938765906351495,lower
steady,0.95,main,,work,single,p999_us,10,1157.2961226461,1081.9507560742,1236.8436577346126,higher
steady,0.95,main,,work,single,p99_us,10,1143.8357910143,1066.9854932564874,1223.2257856969375,higher
steady,0.95,main,,work,single,slo_miss_rate,10,89.035708390247,87.62527569909271,90.33785413381477,higher
steady,0.95,main,,work,steal,class0_p99_us,10,1207.31565399366,1129.7232139769542,1287.7081911143953,higher
steady,0.95,main,,work,steal,control_cpu_mean,10,-3.1923767544090005,-3.2738447572150755,-3.099806664409125,lower
steady,0.95,main,,work,steal,p999_us,10,1157.338181136,1081.82690181844,1237.0932346688999,higher
steady,0.95,main,,work,steal,p99_us,10,1144.1248618195,1067.3999623811426,1223.4740491679802,higher
steady,0.95,main,,work,steal,slo_miss_rate,10,89.36812441463199,87.93740411274621,90.60592887216995,higher
steady,0.95,main,,work,threshold,class0_p99_us,10,1207.3228609921898,1129.466673634501,1287.7502885400884,higher
steady,0.95,main,,work,threshold,control_cpu_mean,10,-4.797938937246,-4.863893089589476,-4.740299783943976,lower
steady,0.95,main,,work,threshold,p999_us,10,1157.1711353740998,1081.3965127316449,1236.9692656719574,higher
steady,0.95,main,,work,threshold,p99_us,10,1144.1051147757003,1067.6090662951551,1223.39298825196,higher
steady,0.95,main,,work,threshold,slo_miss_rate,10,89.313665775533,87.87533278064534,90.5933934735543,higher
