method,trace_fingerprint,generated,completed,measured,drain_end_us,p50_us,p99_us,p999_us,mean_us,slo_miss_rate,slo_goodput_mrps,offered_mrps,class0_p99_us,class0_slo_miss_rate,class1_p99_us,class1_slo_miss_rate,control_msgs,control_bytes,payload_bytes,control_cpu_mean,control_cpu_max,ingress_cpu,plans,grants,denied,expired,returned_batches,batches,migrated,moved_work_us,mean_batch,max_batch,credit_messages,mean_credit_batch,inspected,max_reserved_work_us,events,invalid_migration_rate,measured_migrated,migrated_fraction,migrated_latency_delta_mean_us,group,scenario,rho,seed,variant,axis,value,trace_sha256,wall_seconds
bwc,57f18f38694daac4,65093,65093,52712,25134.5851413,14.3886990326,178.003745232,248.944736632,33.3724361026,0.00426847776597,2.62435,2.6356,20.5950478867,0,222.697636507,0.0210162525687,45094,2886016,14232448,0.0112735000001,0.0133080000001,0.120348500001,0,0,0,0,0,0,0,0,0,0,29158,1.80814870704,0,0,614974,,0,0.0,,burst-0.5-11,burst,0.5,11,bwc,main,,7051305f2454394ed4e964d3f2069bf4e368bc8f86da885082ca9759c6b01a83,0.15088894400014397
jbsq,57f18f38694daac4,65093,65093,52712,25134.5851413,13.8151810004,177.824920311,248.944736632,32.9310063251,0.00424950675368,2.6244,2.6356,19.1760851838,0,222.697636507,0.0209228470017,0,0,14232384,0,0,0.131792,0,0,0,0,0,0,0,0,0,0,0,0,0,0,455650,,0,0.0,,burst-0.5-11,burst,0.5,11,jbsq,main,,7051305f2454394ed4e964d3f2069bf4e368bc8f86da885082ca9759c6b01a83,0.11507258100027684
jsw,57f18f38694daac4,65093,65093,52712,25134.5851413,14.2508907012,178.361931726,248.944736632,33.4865548534,0.00438230383973,2.62405,2.6356,22.9606298039,9.52244917393e-05,223.145255477,0.0212030637026,15936,1019904,14232320,0.00398400000004,0.00398400000004,0.0766160000009,0,0,0,0,0,0,0,0,0,0,0,0,0,0,470664,,0,0.0,,burst-0.5-11,burst,0.5,11,jsw,main,,7051305f2454394ed4e964d3f2069bf4e368bc8f86da885082ca9759c6b01a83,0.11001737100013997
p2c,57f18f38694daac4,65093,65093,52712,25134.5851413,13.8894052054,178.182748977,248.944736632,33.158290842,0.00557747761421,2.6209,2.6356,21.8610718052,0.00161881635957,223.145255477,0.0211096581356,15936,1019904,14232384,0.00398400000004,0.00398400000004,0.0766160000009,0,0,0,0,0,0,0,0,0,0,0,0,0,0,470664,,0,0.0,,burst-0.5-11,burst,0.5,11,p2c,main,,7051305f2454394ed4e964d3f2069bf4e368bc8f86da885082ca9759c6b01a83,0.12492849099999148
qbr,57f18f38694daac4,65093,65093,52712,25134.5851413,14.2661415919,178.182748977,249.44487605,33.4823357249,0.00445818788891,2.62385,2.6356,22.9845904337,0.000190448983479,225.170650862,0.0212030637026,79836,5107008,14233696,0.0200641327186,0.0201679999999,0.0766175000009,57,48,9,0,0,6,9,63.9,1.5,2,0,0,23,60.2450885953,870861,1.0,9,0.0001707391106389437,9.098457415003496,burst-0.5-11,burst,0.5,11,qbr,main,,7051305f2454394ed4e964d3f2069bf4e368bc8f86da885082ca9759c6b01a83,0.20614112699968246
single,57f18f38694daac4,65093,65093,52712,25134.5851413,14.2661415919,178.182748977,248.944736632,33.4886775358,0.00449612991349,2.62375,2.6356,22.9127803304,0.000214255106413,222.697636507,0.0212964692696,79826,5106528,14232848,0.0199824999999,0.0200479999999,0.0766160000009,55,39,16,0,0,3,3,21.3,1,1,0,0,8,34.9396884887,870802,1.0,3,5.69130368796479e-05,13.243276577280994,burst-0.5-11,burst,0.5,11,single,main,,7051305f2454394ed4e964d3f2069bf4e368bc8f86da885082ca9759c6b01a83,0.20628035699974134
steal,57f18f38694daac4,65093,65093,52712,25134.5851413,14.2508907012,178.182748977,248.944736632,33.470949794,0.00440127485203,2.624,2.6356,23.0085750241,9.52244917393e-05,223.145255477,0.0212964692696,92472,5712768,14311584,0.0415048281249,0.0533974999998,0.0766025000009,7812,6539,1273,0,0,238,443,5900.3,1.86134453782,8,0,0,627,294.475,935727,0.9435665914221218,443,0.008404158445894674,6.981993646543711,burst-0.5-11,burst,0.5,11,steal,main,,7051305f2454394ed4e964d3f2069bf4e368bc8f86da885082ca9759c6b01a83,0.22520800099937333
threshold,57f18f38694daac4,65093,65093,52712,25134.5851413,14.2508907012,178.361931726,249.946016247,33.4798500081,0.0044771589012,2.6238,2.6356,23.2255185278,0.000190448983479,223.145255477,0.0212964692696,81043,5164896,14269296,0.0216269062499,0.0223089999999,0.0766160000009,533,389,144,0,0,89,210,2916,2.3595505618,8,0,0,312,282.075930624,875686,0.9714285714285714,210,0.003983912581575353,10.511798205558655,burst-0.5-11,burst,0.5,11,threshold,main,,7051305f2454394ed4e964d3f2069bf4e368bc8f86da885082ca9759c6b01a83,0.20406344899947726
work,57f18f38694daac4,65093,65093,52712,25134.5851413,14.6367735067,178.182748977,248.944736632,33.5417909626,0.00426847776597,2.62435,2.6356,20.8774741146,0,222.921334143,0.0210162525687,15936,1019904,14232448,0.00398400000004,0.00398400000004,0.1556975,0,0,0,0,0,0,0,0,0,0,0,0,0,0,535756,,0,0.0,,burst-0.5-11,burst,0.5,11,work,main,,7051305f2454394ed4e964d3f2069bf4e368bc8f86da885082ca9759c6b01a83,0.13012420699942595
bwc,ef19310531a3cf7f,65045,65045,52799,25182.9215099,14.3733257069,178.541293657,244.488188475,33.3365843128,0.00511373321464,2.62645,2.63995,20.6598978371,0,224.944706156,0.0251396648045,45035,2882240,14261568,0.0112586778569,0.0129440000001,0.120348500001,0,0,0,0,0,0,0,0,0,0,29099,1.81439224716,0,0,614438,,0,0.0,,burst-0.5-12,burst,0.5,12,bwc,main,,9739201a8cc81e913d7f6c8df5fac1d4a062a7162ddec8a4d66232c4f0491e35,0.15448782099974778
jbsq,ef19310531a3cf7f,65045,65045,52799,25182.9215099,13.8003806198,178.541293657,244.488188475,32.9059336353,0.00511373321464,2.62645,2.63995,19.1357934611,2.37761240163e-05,224.718987169,0.0250465549348,0,0,14261568,0,0,0.1319975,0,0,0,0,0,0,0,0,0,0,0,0,0,0,455314,,0,0.0,,burst-0.5-12,burst,0.5,12,jbsq,main,,9739201a8cc81e913d7f6c8df5fac1d4a062a7162ddec8a4d66232c4f0491e35,0.11737437800002226
jsw,ef19310531a3cf7f,65045,65045,52799,25182.9215099,14.2661415919,179.080456342,244.488188475,33.4548755907,0.00520843197788,2.6262,2.63995,22.7935742852,0,225.849841553,0.0256052141527,15936,1019904,14261632,0.00398400000004,0.00398400000004,0.0767030000009,0,0,0,0,0,0,0,0,0,0,0,0,0,0,470530,,0,0.0,,burst-0.5-12,burst,0.5,12,jsw,main,,9739201a8cc81e913d7f6c8df5fac1d4a062a7162ddec8a4d66232c4f0491e35,0.12472485499984032
p2c,ef19310531a3cf7f,65045,65045,52799,25182.9215099,13.8894052054,178.541293657,244.488188475,33.1072674159,0.00611754010493,2.6238,2.63995,21.9297236267,0.00123635844885,224.944706156,0.0252327746741,15936,1019904,14261568,0.00398400000004,0.00398400000004,0.0767030000009,0,0,0,0,0,0,0,0,0,0,0,0,0,0,470530,,0,0.0,,burst-0.5-12,burst,0.5,12,p2c,main,,9739201a8cc81e913d7f6c8df5fac1d4a062a7162ddec8a4d66232c4f0491e35,0.11018641499958903
qbr,ef19310531a3cf7f,65045,65045,52799,25182.9215099,14.2508907012,178.900555786,244.488188475,33.4472276059,0.00534101024641,2.62585,2.63995,22.5569419713,0.000166432868114,225.849841553,0.0256052141527,79856,5107968,14263536,0.0200841249999,0.0203189999999,0.0767044660009,65,51,14,0,0,5,14,99.4,2.8,7,0,0,27,55.4456983461,871540,1.0,14,0.00026515653705562605,18.928274975682275,burst-0.5-12,burst,0.5,12,qbr,main,,9739201a8cc81e913d7f6c8df5fac1d4a062a7162ddec8a4d66232c4f0491e35,0.19954109800073638
single,ef19310531a3cf7f,65045,65045,52799,25182.9215099,14.2508907012,178.900555786,244.488188475,33.4512027856,0.00520843197788,2.6262,2.63995,22.9366931108,2.37761240163e-05,225.849841553,0.0255121042831,79849,5107632,14262336,0.0200035781249,0.0201507499999,0.0767044660009,61,51,10,0,0,4,4,28.4,1,1,0,0,11,49.3024390967,871516,1.0,4,7.575901058732173e-05,14.980804975255978,burst-0.5-12,burst,0.5,12,single,main,,9739201a8cc81e913d7f6c8df5fac1d4a062a7162ddec8a4d66232c4f0491e35,0.20287138299954677
steal,ef19310531a3cf7f,65045,65045,52799,25182.9215099,14.2356550462,179.260536798,244.488188475,33.4299939907,0.00518949222523,2.62625,2.63995,23.0806727989,2.37761240163e-05,225.170650862,0.0254189944134,94027,5787104,14345952,0.0440552812498,0.0537807499998,0.0766880000009,8676,7332,1344,0,0,246,492,5868.2,2,8,0,0,703,320,942693,0.9126016260162602,492,0.009318358302240573,7.467066528498654,burst-0.5-12,burst,0.5,12,steal,main,,9739201a8cc81e913d7f6c8df5fac1d4a062a7162ddec8a4d66232c4f0491e35,0.22818361699955858
threshold,ef19310531a3cf7f,65045,65045,52799,25182.9215099,14.2508907012,179.080456342,244.488188475,33.4592713019,0.00520843197788,2.6262,2.63995,23.1771400705,4.75522480325e-05,225.623218335,0.0254189944134,81067,5166096,14304624,0.0217114374999,0.0221229999999,0.0767029660009,532,424,108,0,0,101,268,2852.8,2.65346534653,8,0,0,342,270.315498985,876541,0.9440298507462687,268,0.005075853709350556,9.32564974382165,burst-0.5-12,burst,0.5,12,threshold,main,,9739201a8cc81e913d7f6c8df5fac1d4a062a7162ddec8a4d66232c4f0491e35,0.2003512290002618
work,ef19310531a3cf7f,65045,65045,52799,25182.9215099,14.7308290124,178.541293657,244.488188475,33.5522983857,0.00513267296729,2.6264,2.63995,21.0310766268,0,224.718987169,0.0252327746741,15936,1019904,14261760,0.00398400000004,0.00398400000004,0.1559,0,0,0,0,0,0,0,0,0,0,0,0,0,0,535574,,0,0.0,,burst-0.5-12,burst,0.5,12,work,main,,9739201a8cc81e913d7f6c8df5fac1d4a062a7162ddec8a4d66232c4f0491e35,0.14283253099983995
bwc,e57eb42ac4bbf0b6,65625,65625,53250,25142.7394354,14.3272978162,177.111405309,239.629601336,32.8917870103,0.00445070422535,2.65065,2.6625,20.8774741146,0,221.137997841,0.0223690420009,45227,2894528,14291584,0.0113067715287,0.0134520000001,0.121089000001,0,0,0,0,0,0,0,0,0,0,29291,1.81748659998,0,0,618808,,0,0.0,,burst-0.5-13,burst,0.5,13,bwc,main,,bd581f3c451afb78fcc7d0cf3d7f01e96651943d4bbe5d03ae8fdff2ad908ee5,0.14660492100028932
jbsq,e57eb42ac4bbf0b6,65625,65625,53250,25142.7394354,13.8003806198,176.933471837,239.149063061,32.4783115112,0.00452582159624,2.65045,2.6625,19.3380599269,4.68878208885e-05,221.137997841,0.0225578102879,0,0,14291520,0,0,0.133101,0,0,0,0,0,0,0,0,0,0,0,0,0,0,459374,,0,0.0,,burst-0.5-13,burst,0.5,13,jbsq,main,,bd581f3c451afb78fcc7d0cf3d7f01e96651943d4bbe5d03ae8fdff2ad908ee5,0.12365014999977575
jsw,e57eb42ac4bbf0b6,65625,65625,53250,25142.7394354,14.2356550462,177.646274037,239.870230938,33.0131250004,0.00452582159624,2.65045,2.6625,22.8650264126,0,221.137997841,0.0227465785748,15936,1019904,14291456,0.00398400000004,0.00398400000004,0.0771540000009,0,0,0,0,0,0,0,0,0,0,0,0,0,0,473882,,0,0.0,,burst-0.5-13,burst,0.5,13,jsw,main,,bd581f3c451afb78fcc7d0cf3d7f01e96651943d4bbe5d03ae8fdff2ad908ee5,0.12776899599975877
p2c,e57eb42ac4bbf0b6,65625,65625,53250,25142.7394354,13.8894052054,177.646274037,239.629601336,32.7357601153,0.00651643192488,2.64515,2.6625,22.5098986641,0.00248505450709,221.805078471,0.0227465785748,15936,1019904,14291520,0.00398400000004,0.00398400000004,0.0771540000009,0,0,0,0,0,0,0,0,0,0,0,0,0,0,473882,,0,0.0,,burst-0.5-13,burst,0.5,13,p2c,main,,bd581f3c451afb78fcc7d0cf3d7f01e96651943d4bbe5d03ae8fdff2ad908ee5,0.12063355800000863
qbr,e57eb42ac4bbf0b6,65625,65625,53250,25144.9137561,14.2204346116,177.467806231,239.629601336,33.0062681235,0.00452582159624,2.65045,2.6625,22.8411852274,4.68878208885e-05,221.137997841,0.0225578102879,79834,5106912,14292336,0.0200568437499,0.0204324999999,0.0771540000009,57,45,12,0,0,5,6,42.6,1.2,2,0,0,17,70.2254128896,874215,1.0,6,0.00011267605633802817,12.106540123647846,burst-0.5-13,burst,0.5,13,qbr,main,,bd581f3c451afb78fcc7d0cf3d7f01e96651943d4bbe5d03ae8fdff2ad908ee5,0.19357526600015262
single,e57eb42ac4bbf0b6,65625,65625,53250,25142.7394354,14.2508907012,177.467806231,239.629601336,33.0403160493,0.00456338028169,2.65035,2.6625,23.3712355066,7.03317313328e-05,222.250911433,0.0226521944313,79835,5106960,14292752,0.0199939843749,0.0201259999999,0.0771540000009,58,46,12,0,0,7,7,49.7,1,1,0,0,18,42.147935239,874185,1.0,7,0.00013145539906103286,14.659988299375202,burst-0.5-13,burst,0.5,13,single,main,,bd581f3c451afb78fcc7d0cf3d7f01e96651943d4bbe5d03ae8fdff2ad908ee5,0.2037548770003923
steal,e57eb42ac4bbf0b6,65625,65625,53250,25148.6191735,14.2052293822,177.467806231,240.35221227,32.9904520846,0.00450704225352,2.6505,2.6625,22.7935742852,0,221.805078471,0.0226521944313,93406,5757312,14379120,0.0430225267347,0.0546847499998,0.0771390000009,8259,7031,1228,0,0,269,474,6880.4,1.76208178439,8,0,0,665,306.218900281,943239,0.9113924050632911,474,0.008901408450704225,6.545964647959109,burst-0.5-13,burst,0.5,13,steal,main,,bd581f3c451afb78fcc7d0cf3d7f01e96651943d4bbe5d03ae8fdff2ad908ee5,0.2247181559996534
threshold,e57eb42ac4bbf0b6,65625,65625,53250,25142.7394354,14.2508907012,177.467806231,240.593564482,33.0311164184,0.00450704225352,2.6505,2.6625,23.2982677841,0,221.137997841,0.0226521944313,81239,5174352,14332272,0.0218869687499,0.0224807499999,0.0771540000009,596,456,140,0,0,89,258,2686.8,2.89887640449,8,0,0,343,246.081389411,879724,0.9689922480620154,258,0.004845070422535212,10.426622504841513,burst-0.5-13,burst,0.5,13,threshold,main,,bd581f3c451afb78fcc7d0cf3d7f01e96651943d4bbe5d03ae8fdff2ad908ee5,0.1934703120004997
work,e57eb42ac4bbf0b6,65625,65625,53250,25142.7394354,14.5743824683,177.111405309,239.149063061,33.0670206442,0.00445070422535,2.65065,2.6625,21.0531077034,0,221.582495975,0.0223690420009,15936,1019904,14291584,0.00398400000004,0.00398400000004,0.157007774,0,0,0,0,0,0,0,0,0,0,0,0,0,0,539506,,0,0.0,,burst-0.5-13,burst,0.5,13,work,main,,bd581f3c451afb78fcc7d0cf3d7f01e96651943d4bbe5d03ae8fdff2ad908ee5,0.14593349200004013
bwc,41bdb632fa29f597,65241,65241,52970,25197.1533413,14.342625114,177.646274037,245.718086755,32.9668133563,0.00390787238059,2.63815,2.6485,20.5519224898,0,219.589233107,0.0195338303293,45114,2887296,14240000,0.011278458451,0.0139920000001,0.120638000001,0,0,0,0,0,0,0,0,0,0,29178,1.81582013846,0,0,616206,,0,0.0,,burst-0.5-14,burst,0.5,14,bwc,main,,9c8011449a00c46e61d8e3754c32135ca224e141842d98ebdd64082421549a4a,0.19595543000014004
jbsq,41bdb632fa29f597,65241,65241,52970,25197.1533413,13.7855950248,177.646274037,245.718086755,32.5624579318,0.00398338682273,2.63795,2.6485,19.3177421847,9.43997356807e-05,219.589233107,0.0195338303293,0,0,14240064,0,0,0.1324355,0,0,0,0,0,0,0,0,0,0,0,0,0,0,456686,,0,0.0,,burst-0.5-14,burst,0.5,14,jbsq,main,,9c8011449a00c46e61d8e3754c32135ca224e141842d98ebdd64082421549a4a,0.10746708999977272
jsw,41bdb632fa29f597,65241,65241,52970,25198.2935176,14.2508907012,178.182748977,246.458981416,33.1444817809,0.00405890126487,2.63775,2.6485,23.9379832239,2.35999339202e-05,221.137997841,0.02019439464,15936,1019904,14240064,0.00398400000004,0.00398400000004,0.0768740000009,0,0,0,0,0,0,0,0,0,0,0,0,0,0,471754,,0,0.0,,burst-0.5-14,burst,0.5,14,jsw,main,,9c8011449a00c46e61d8e3754c32135ca224e141842d98ebdd64082421549a4a,0.13165075100005197
p2c,41bdb632fa29f597,65241,65241,52970,25197.1533413,13.8894052054,177.824920311,245.718086755,32.8524677269,0.00564470454975,2.63355,2.6485,24.2388904282,0.0021003941189,221.137997841,0.0198169293196,15936,1019904,14240064,0.00398400000004,0.00398400000004,0.0768740000009,0,0,0,0,0,0,0,0,0,0,0,0,0,0,471750,,0,0.0,,burst-0.5-14,burst,0.5,14,p2c,main,,9c8011449a00c46e61d8e3754c32135ca224e141842d98ebdd64082421549a4a,0.11656597000001057
qbr,41bdb632fa29f597,65241,65241,52970,25197.1533413,14.2356550462,178.182748977,245.718086755,33.1400226962,0.00404002265433,2.6378,2.6485,23.838480173,7.07998017606e-05,221.137997841,0.0199112956497,79886,5109408,14241696,0.0201127812499,0.0202637499999,0.0768740000009,79,54,25,0,0,6,10,71,1.66666666667,3,0,0,28,61.3389746419,873059,1.0,10,0.00018878610534264677,15.925132274491352,burst-0.5-14,burst,0.5,14,qbr,main,,9c8011449a00c46e61d8e3754c32135ca224e141842d98ebdd64082421549a4a,0.1928190109993011
single,41bdb632fa29f597,65241,65241,52970,25197.1533413,14.2508907012,178.182748977,245.718086755,33.1702185782,0.00422880875968,2.6373,2.6485,24.2136767515,0.000283199207042,220.472914458,0.0200056619798,79888,5109504,14240992,0.0200356874999,0.0201167499999,0.0768740000009,80,54,26,0,0,6,6,42.6,1,1,0,0,16,45.4124672004,873063,1.0,6,0.00011327166320558807,12.180126064332853,burst-0.5-14,burst,0.5,14,single,main,,9c8011449a00c46e61d8e3754c32135ca224e141842d98ebdd64082421549a4a,0.2103839280007378
steal,41bdb632fa29f597,65241,65241,52970,25197.1533413,14.2508907012,178.182748977,246.211769647,33.1787578762,0.00417217292807,2.63745,2.6485,24.4669511654,0.000165199537441,221.582495975,0.02019439464,93484,5761184,14344992,0.0434730261637,0.0578587499998,0.0768590000009,8663,7086,1577,0,0,310,612,7290.2,1.97419354839,7,0,0,866,306.074871482,941676,0.9362745098039216,612,0.011553709646969983,7.494871886320586,burst-0.5-14,burst,0.5,14,steal,main,,9c8011449a00c46e61d8e3754c32135ca224e141842d98ebdd64082421549a4a,0.21195687799990992
threshold,41bdb632fa29f597,65241,65241,52970,25198.6005725,14.2508907012,178.003745232,246.211769647,33.1903912755,0.00434208042288,2.637,2.6485,24.9811580655,0.000353999008803,221.582495975,0.0202887609701,81302,5177376,14285392,0.0218753194063,0.0224434999999,0.0768740000009,658,410,247,0,0,103,278,3208.8,2.69902912621,10,0,0,411,238.169527094,878676,0.9820143884892086,278,0.005248253728525581,11.404360072364238,burst-0.5-14,burst,0.5,14,threshold,main,,9c8011449a00c46e61d8e3754c32135ca224e141842d98ebdd64082421549a4a,0.1927634499998021
work,41bdb632fa29f597,65241,65241,52970,25197.1533413,14.5743824683,177.646274037,245.718086755,33.1243236855,0.00390787238059,2.63815,2.6485,20.9212509403,0,219.589233107,0.0195338303293,15936,1019904,14239808,0.00398400000004,0.00398400000004,0.1563365,0,0,0,0,0,0,0,0,0,0,0,0,0,0,536990,,0,0.0,,burst-0.5-14,burst,0.5,14,work,main,,9c8011449a00c46e61d8e3754c32135ca224e141842d98ebdd64082421549a4a,0.13601190600002155
bwc,cd62a7c0293b29e2,64409,64409,52363,25210.7265112,14.3579677392,175.692904762,233.45691007,33.0187450501,0.00418234249375,2.6072,2.61815,21.1414525411,0,220.030632163,0.0210152576528,45045,2882880,14055040,0.0112612500001,0.0131800000001,0.119929000001,0,0,0,0,0,0,0,0,0,0,29109,1.79865333746,0,0,610586,,0,0.0,,burst-0.5-15,burst,0.5,15,bwc,main,,204bdbfe0697f672fbbc0997538aa28267e46777ad0232f38239636b072be6f4,0.17780614599996625
jbsq,cd62a7c0293b29e2,64409,64409,52363,25210.7265112,13.8003806198,175.516388374,233.69136698,32.5862743563,0.0042969272196,2.6069,2.61815,19.3380599269,0.000166897143675,219.589233107,0.0209192975722,0,0,14055040,0,0,0.1309045,0,0,0,0,0,0,0,0,0,0,0,0,0,0,450862,,0,0.0,,burst-0.5-15,burst,0.5,15,jbsq,main,,204bdbfe0697f672fbbc0997538aa28267e46777ad0232f38239636b072be6f4,0.10602043000017147
jsw,cd62a7c0293b29e2,64409,64409,52363,25210.7265112,14.2356550462,176.223513732,233.69136698,33.149762327,0.00441151194546,2.6066,2.61815,23.665304208,0.000238424490964,221.137997841,0.021207177814,15936,1019904,14054976,0.00398400000004,0.00398400000004,0.0762670000009,0,0,0,0,0,0,0,0,0,0,0,0,0,0,466802,,0,0.0,,burst-0.5-15,burst,0.5,15,jsw,main,,204bdbfe0697f672fbbc0997538aa28267e46777ad0232f38239636b072be6f4,0.1294158310001876
p2c,cd62a7c0293b29e2,64409,64409,52363,25210.7265112,13.8894052054,176.046467265,233.926058347,32.8602653701,0.00614938028761,2.60205,2.61815,23.1529870834,0.00236040246054,219.589233107,0.0213990979752,15936,1019904,14055040,0.00398400000004,0.00398400000004,0.0762670000009,0,0,0,0,0,0,0,0,0,0,0,0,0,0,466802,,0,0.0,,burst-0.5-15,burst,0.5,15,p2c,main,,204bdbfe0697f672fbbc0997538aa28267e46777ad0232f38239636b072be6f4,0.11411521199988783
qbr,cd62a7c0293b29e2,64409,64409,52363,25210.7265112,14.2204346116,176.046467265,234.39614539,33.1248383786,0.004506999217,2.60635,2.61815,23.1047534717,0.000238424490964,221.137997841,0.0216869782171,79863,5108304,14058080,0.0200903906249,0.0202404999999,0.0762672100009,72,49,23,0,0,10,19,134.9,1.9,6,0,0,49,55.7391465365,868261,1.0,19,0.00036285163187747073,15.87163001339195,burst-0.5-15,burst,0.5,15,qbr,main,,204bdbfe0697f672fbbc0997538aa28267e46777ad0232f38239636b072be6f4,0.18921283700001368
single,cd62a7c0293b29e2,64409,64409,52363,25210.7265112,14.2356550462,175.869597667,233.926058347,33.1440318065,0.00443060939977,2.60655,2.61815,23.4688667735,0.000238424490964,220.251662795,0.0213031378946,79881,5109168,14056512,0.0200320156249,0.0201507499999,0.0762670000009,77,55,22,0,0,8,8,56.8,1,1,0,0,17,49.493525295,868321,1.0,8,0.00015277963447472452,13.874859359261563,burst-0.5-15,burst,0.5,15,single,main,,204bdbfe0697f672fbbc0997538aa28267e46777ad0232f38239636b072be6f4,0.20523297700037801
steal,cd62a7c0293b29e2,64409,64409,52363,25210.7265112,14.2052293822,176.046467265,233.69136698,33.1099349133,0.00439241449115,2.60665,2.61815,23.6160474969,0.000190739592771,220.694387372,0.0213031378946,92180,5698416,14133824,0.0410984843749,0.0517702499998,0.0762524820009,7688,6408,1280,0,0,248,445,5629.5,1.79435483871,9,0,0,638,310.053856848,928131,0.9550561797752809,445,0.008498367167656552,7.434926977669645,burst-0.5-15,burst,0.5,15,steal,main,,204bdbfe0697f672fbbc0997538aa28267e46777ad0232f38239636b072be6f4,0.21211247300016112
threshold,cd62a7c0293b29e2,64409,64409,52363,25214.3774181,14.2204346116,175.869597667,233.926058347,33.1306727869,0.00443060939977,2.60655,2.61815,23.838480173,0.000166897143675,220.251662795,0.0215910181365,81187,5171856,14092992,0.0218173749999,0.0222444999999,0.0762670000009,593,429,164,0,0,108,238,2259.8,2.2037037037,7,0,0,363,259.562465568,873564,0.9369747899159664,238,0.004545194125623054,9.47485727713946,burst-0.5-15,burst,0.5,15,threshold,main,,204bdbfe0697f672fbbc0997538aa28267e46777ad0232f38239636b072be6f4,0.2094324459994823
work,cd62a7c0293b29e2,64409,64409,52363,25210.7265112,14.5899568507,175.692904762,233.45691007,33.1821846115,0.00416324503944,2.60725,2.61815,21.1635939937,0,219.368864243,0.0209192975722,15936,1019904,14054912,0.00398400000004,0.00398400000004,0.15481,0,0,0,0,0,0,0,0,0,0,0,0,0,0,531210,,0,0.0,,burst-0.5-15,burst,0.5,15,work,main,,204bdbfe0697f672fbbc0997538aa28267e46777ad0232f38239636b072be6f4,0.1318899110001439
bwc,a4ace85c674050fa,64797,64797,52552,25225.6049913,14.3733257069,176.578137983,248.944736632,33.0236751081,0.00430050235957,2.6163,2.6276,20.8337847114,0,223.593770134,0.0215546018121,45147,2889408,14116608,0.011286860537,0.0130920000001,0.120281490242,0,0,0,0,0,0,0,0,0,0,29211,1.79880866797,0,0,613954,,0,0.0,,burst-0.5-16,burst,0.5,16,bwc,main,,b73be6507efdb855ad4a63116788e8fcc0c35d0cf1e7f5e178d1c214b3821246,0.14884140999947704
jbsq,a4ace85c674050fa,64797,64797,52552,25225.6049913,13.8003806198,176.578137983,248.69504159,32.5902796558,0.00439564621708,2.61605,2.6276,19.2366739878,9.50864097749e-05,223.593770134,0.0216499761564,0,0,14116224,0,0,0.13137613945,0,0,0,0,0,0,0,0,0,0,0,0,0,0,453578,,0,0.0,,burst-0.5-16,burst,0.5,16,jbsq,main,,b73be6507efdb855ad4a63116788e8fcc0c35d0cf1e7f5e178d1c214b3821246,0.11917897800049104
jsw,a4ace85c674050fa,64797,64797,52552,25225.6049913,14.2508907012,177.111405309,248.944736632,33.1499409971,0.00445273253159,2.6159,2.6276,23.3712355066,0.000118858012219,223.818363904,0.021840724845,15936,1019904,14116672,0.00398400000004,0.00398400000004,0.0764577740009,0,0,0,0,0,0,0,0,0,0,0,0,0,0,469176,,0,0.0,,burst-0.5-16,burst,0.5,16,jsw,main,,b73be6507efdb855ad4a63116788e8fcc0c35d0cf1e7f5e178d1c214b3821246,0.11365126500004408
p2c,a4ace85c674050fa,64797,64797,52552,25225.6049913,13.8894052054,177.111405309,248.69504159,32.8589646313,0.00610823565231,2.61155,2.6276,23.2982677841,0.00218698742482,224.043182268,0.021840724845,15936,1019904,14116736,0.00398400000004,0.00398400000004,0.0764577740009,0,0,0,0,0,0,0,0,0,0,0,0,0,0,469176,,0,0.0,,burst-0.5-16,burst,0.5,16,p2c,main,,b73be6507efdb855ad4a63116788e8fcc0c35d0cf1e7f5e178d1c214b3821246,0.11296839500028
qbr,a4ace85c674050fa,64797,64797,52552,25225.6049913,14.2508907012,177.289516714,248.944736632,33.1300088165,0.00443370376009,2.61595,2.6276,22.8173678595,0.000118858012219,223.818363904,0.0217453505007,79846,5107488,14118224,0.0200776718749,0.0202272499999,0.0764566394505,61,51,10,0,0,7,13,92.3,1.85714285714,3,0,0,29,54.0863458003,870831,1.0,13,0.00024737402953265336,16.71516776286234,burst-0.5-16,burst,0.5,16,qbr,main,,b73be6507efdb855ad4a63116788e8fcc0c35d0cf1e7f5e178d1c214b3821246,0.20641249399977823
single,a4ace85c674050fa,64797,64797,52552,25225.6049913,14.2508907012,176.933471837,248.944736632,33.1356620997,0.00441467498858,2.616,2.6276,23.2982677841,4.75432048874e-05,224.043182268,0.0219360991893,79832,5106816,14117216,0.0199902499999,0.0200729999999,0.0764566394505,58,42,16,0,0,6,6,42.6,1,1,0,0,20,42.0460905665,870768,1.0,6,0.00011417262901507079,12.934484069492404,burst-0.5-16,burst,0.5,16,single,main,,b73be6507efdb855ad4a63116788e8fcc0c35d0cf1e7f5e178d1c214b3821246,0.2469729689992164
steal,a4ace85c674050fa,64797,64797,52552,25228.6181386,14.2508907012,177.289516714,248.69504159,33.1539065366,0.0045288476176,2.6157,2.6276,23.7641135153,0.00019017281955,223.818363904,0.0219360991893,93407,5757440,14221232,0.0431881939739,0.0517189999998,0.0764416394505,8395,7053,1342,0,0,317,620,6967,1.95583596215,8,0,0,875,320,937813,0.9112903225806451,620,0.011797838331557314,7.001975095615265,burst-0.5-16,burst,0.5,16,steal,main,,b73be6507efdb855ad4a63116788e8fcc0c35d0cf1e7f5e178d1c214b3821246,0.21671712399984244
threshold,a4ace85c674050fa,64797,64797,52552,25225.6049913,14.2508907012,177.111405309,248.944736632,33.1630775195,0.0045478763891,2.61565,2.6276,23.6160474969,0.00019017281955,224.26822545,0.0220314735336,81075,5166480,14158672,0.0216480781249,0.0225157499999,0.0764566302703,562,378,184,0,0,107,247,3178.7,2.30841121495,7,0,0,347,238.78176656,875756,0.9271255060728745,247,0.004700106561120414,9.24672171067251,burst-0.5-16,burst,0.5,16,threshold,main,,b73be6507efdb855ad4a63116788e8fcc0c35d0cf1e7f5e178d1c214b3821246,0.20093058000020392
work,a4ace85c674050fa,64797,64797,52552,25225.6049913,14.6524102803,176.755716121,248.944736632,33.2088280926,0.00430050235957,2.6163,2.6276,21.0310766268,0,223.818363904,0.0215546018121,15936,1019904,14116608,0.00398400000004,0.00398400000004,0.155278274,0,0,0,0,0,0,0,0,0,0,0,0,0,0,533972,,0,0.0,,burst-0.5-16,burst,0.5,16,work,main,,b73be6507efdb855ad4a63116788e8fcc0c35d0cf1e7f5e178d1c214b3821246,0.14339192599982198
bwc,299b735d6a614c97,64955,64955,52646,25178.7082356,14.3119858304,175.869597667,236.285918844,32.8897156528,0.00429282376629,2.621,2.6323,20.6166429345,0,218.928786741,0.0215648854962,45082,2885248,14132352,0.0112705000001,0.0139400000001,0.120270830866,0,0,0,0,0,0,0,0,0,0,29146,1.80604542647,0,0,614701,,0,0.0,,burst-0.5-17,burst,0.5,17,bwc,main,,9a337d7ba6e6cdbc369f69b92006565d93582c52597df0192f7c553887e0b3fb,0.14184126800046215
jbsq,299b735d6a614c97,64955,64955,52646,25178.7082356,13.8003806198,175.869597667,236.285918844,32.4910874892,0.00436880294799,2.6208,2.6323,19.29744474,9.48631598919e-05,218.928786741,0.0215648854962,0,0,14132288,0,0,0.1316105,0,0,0,0,0,0,0,0,0,0,0,0,0,0,454684,,0,0.0,,burst-0.5-17,burst,0.5,17,jbsq,main,,9a337d7ba6e6cdbc369f69b92006565d93582c52597df0192f7c553887e0b3fb,0.11981005599955097
jsw,299b735d6a614c97,64955,64955,52646,25178.7082356,14.2508907012,176.223513732,236.285918844,33.0244847728,0.00433081335714,2.6209,2.6323,22.6986374488,0,219.368864243,0.0217557251908,15936,1019904,14132288,0.00398400000004,0.00398400000004,0.0765500000009,0,0,0,0,0,0,0,0,0,0,0,0,0,0,469976,,0,0.0,,burst-0.5-17,burst,0.5,17,jsw,main,,9a337d7ba6e6cdbc369f69b92006565d93582c52597df0192f7c553887e0b3fb,0.1248000530003992
p2c,299b735d6a614c97,64955,64955,52646,25178.7082356,13.8894052054,176.046467265,237.713198395,32.7186699595,0.00567944383239,2.61735,2.6323,22.4629493025,0.00154152634824,219.148715527,0.0223282442748,15936,1019904,14132288,0.00398400000004,0.00398400000004,0.0765500000009,0,0,0,0,0,0,0,0,0,0,0,0,0,0,469976,,0,0.0,,burst-0.5-17,burst,0.5,17,p2c,main,,9a337d7ba6e6cdbc369f69b92006565d93582c52597df0192f7c553887e0b3fb,0.1239118369994685
qbr,299b735d6a614c97,64955,64955,52646,25178.7082356,14.2356550462,176.223513732,236.285918844,32.9967714818,0.00436880294799,2.6208,2.6323,22.5098986641,0,219.368864243,0.0219465648855,79792,5104896,14133312,0.0200057187499,0.0201174999999,0.0765500000009,41,34,7,0,0,4,6,42.6,1.5,2,0,0,11,70.3482643175,870733,1.0,6,0.00011396877255631957,11.935557515825167,burst-0.5-17,burst,0.5,17,qbr,main,,9a337d7ba6e6cdbc369f69b92006565d93582c52597df0192f7c553887e0b3fb,0.18735442900015187
single,299b735d6a614c97,64955,64955,52646,25178.7082356,14.2356550462,176.223513732,236.998488695,33.005780302,0.00446377692512,2.62055,2.6323,22.5334085628,0,219.368864243,0.0224236641221,79821,5106288,14132528,0.0199772343749,0.0201399999999,0.0765500000009,51,40,11,0,0,1,1,7.1,1,1,0,0,3,50.5276070102,870821,1.0,1,1.8994795426053262e-05,14.041468018735031,burst-0.5-17,burst,0.5,17,single,main,,9a337d7ba6e6cdbc369f69b92006565d93582c52597df0192f7c553887e0b3fb,0.18787430900010804
steal,299b735d6a614c97,64955,64955,52646,25178.7082356,14.2356550462,176.223513732,236.760727967,33.0049330654,0.00436880294799,2.6208,2.6323,22.9127803304,0,219.589233107,0.0219465648855,92747,5725664,14211328,0.041930026444,0.0535267499998,0.0765350000009,7889,6695,1194,0,0,252,473,4973.3,1.87698412698,8,0,0,655,320,936852,0.9323467230443975,473,0.008984538236523192,7.507886173932152,burst-0.5-17,burst,0.5,17,steal,main,,9a337d7ba6e6cdbc369f69b92006565d93582c52597df0192f7c553887e0b3fb,0.23067657299998245
threshold,299b735d6a614c97,64955,64955,52646,25178.7082356,14.2508907012,176.046467265,236.285918844,33.032260737,0.0044447821297,2.6206,2.6323,23.2982677841,2.3715789973e-05,219.148715527,0.0222328244275,80994,5162592,14174928,0.0216158517108,0.0221072499999,0.0765500000009,509,399,110,0,0,103,259,2978.9,2.5145631068,8,0,0,368,239.838083339,875714,0.9768339768339769,259,0.004919652015347795,10.175452432271701,burst-0.5-17,burst,0.5,17,threshold,main,,9a337d7ba6e6cdbc369f69b92006565d93582c52597df0192f7c553887e0b3fb,0.2023554180004794
work,299b735d6a614c97,64955,64955,52646,25178.7082356,14.5743824683,175.869597667,236.285918844,33.0659289797,0.00431181856171,2.62095,2.6323,20.8993515887,0,219.148715527,0.0216603053435,15936,1019904,14132480,0.00398400000004,0.00398400000004,0.155519,0,0,0,0,0,0,0,0,0,0,0,0,0,0,534930,,0,0.0,,burst-0.5-17,burst,0.5,17,work,main,,9a337d7ba6e6cdbc369f69b92006565d93582c52597df0192f7c553887e0b3fb,0.137143154000114
bwc,1ebd339113fffbe1,64945,64945,52640,25147.0020935,14.2966891412,178.541293657,239.870230938,33.1104632945,0.00471124620061,2.6196,2.632,20.4659298887,0,222.474162344,0.0235071090047,44616,2855424,14158080,0.0111540000001,0.0135800000001,0.119570280968,0,0,0,0,0,0,0,0,0,0,28680,1.83532078103,0,0,612434,,0,0.0,,burst-0.5-18,burst,0.5,18,bwc,main,,26b0c2e18fe05370ffacd9303e8f2bdea921f3dc8f0042856e05ba9b0615c250,0.17612423700029467
jbsq,1ebd339113fffbe1,64945,64945,52640,25147.0230682,13.7855950248,178.541293657,239.870230938,32.7146777367,0.00471124620061,2.6196,2.632,19.3177421847,0,222.474162344,0.0235071090047,0,0,14158080,0,0,0.131600655897,0,0,0,0,0,0,0,0,0,0,0,0,0,0,454614,,0,0.0,,burst-0.5-18,burst,0.5,18,jbsq,main,,26b0c2e18fe05370ffacd9303e8f2bdea921f3dc8f0042856e05ba9b0615c250,0.11895508700035862
jsw,1ebd339113fffbe1,64945,64945,52640,25150.64871,14.2356550462,179.080456342,240.111101169,33.2387208176,0.00484422492401,2.61925,2.632,22.299363654,9.50344499881e-05,223.145255477,0.0237914691943,15936,1019904,14158016,0.00398400000004,0.00398400000004,0.0765447740009,0,0,0,0,0,0,0,0,0,0,0,0,0,0,469826,,0,0.0,,burst-0.5-18,burst,0.5,18,jsw,main,,26b0c2e18fe05370ffacd9303e8f2bdea921f3dc8f0042856e05ba9b0615c250,0.11778924699956406
p2c,1ebd339113fffbe1,64945,64945,52640,25147.0020935,13.8745306748,178.720834951,240.111101169,32.8851013359,0.00522416413374,2.61825,2.632,21.1414525411,0.000570206699929,223.145255477,0.0237914691943,15936,1019904,14158080,0.00398400000004,0.00398400000004,0.0765447740009,0,0,0,0,0,0,0,0,0,0,0,0,0,0,469814,,0,0.0,,burst-0.5-18,burst,0.5,18,p2c,main,,26b0c2e18fe05370ffacd9303e8f2bdea921f3dc8f0042856e05ba9b0615c250,0.12577622399930988
qbr,1ebd339113fffbe1,64945,64945,52640,25147.0020935,14.1900393428,179.440797335,240.111101169,33.1984463392,0.00476823708207,2.61945,2.632,22.2528347317,0,223.145255477,0.0237914691943,79779,5104272,14158080,0.0199844374999,0.0202179999999,0.0765457809685,35,29,6,0,0,0,0,0,0,0,0,0,2,45.1560706586,869951,,0,0.0,,burst-0.5-18,burst,0.5,18,qbr,main,,26b0c2e18fe05370ffacd9303e8f2bdea921f3dc8f0042856e05ba9b0615c250,0.1911997950001023
single,1ebd339113fffbe1,64945,64945,52640,25148.0120476,14.2204346116,179.080456342,240.111101169,33.2206031625,0.00473024316109,2.61955,2.632,22.4395097927,0,223.145255477,0.0236018957346,79808,5105664,14158432,0.0199681562499,0.0200949999999,0.0765457809685,45,40,5,0,0,2,2,14.2,1,1,0,0,8,52.0626849509,870077,1.0,2,3.799392097264438e-05,12.9168457910273,burst-0.5-18,burst,0.5,18,single,main,,26b0c2e18fe05370ffacd9303e8f2bdea921f3dc8f0042856e05ba9b0615c250,0.1934925599998678
steal,1ebd339113fffbe1,64945,64945,52640,25147.0020935,14.2052293822,179.080456342,240.111101169,33.2131518782,0.00480623100304,2.61935,2.632,22.5804989133,2.3758612497e-05,223.369400733,0.0238862559242,92878,5731952,14240528,0.042121321665,0.0528824999998,0.0765307809685,7933,6758,1174,0,0,251,478,5673.8,1.90438247012,9,0,0,644,285.160248544,933328,0.9330543933054394,478,0.009080547112462006,7.078103194512887,burst-0.5-18,burst,0.5,18,steal,main,,26b0c2e18fe05370ffacd9303e8f2bdea921f3dc8f0042856e05ba9b0615c250,0.24197445800018613
threshold,1ebd339113fffbe1,64945,64945,52640,25147.06355,14.2204346116,179.080456342,240.111101169,33.2282833622,0.00476823708207,2.61945,2.632,22.8411852274,0,223.593770134,0.0237914691943,80898,5157984,14200320,0.0215076192116,0.0220564999999,0.0765442809685,466,382,84,0,0,96,249,3192.9,2.59375,7,0,0,324,249.710151158,874532,0.9718875502008032,249,0.004730243161094225,10.020570491479118,burst-0.5-18,burst,0.5,18,threshold,main,,26b0c2e18fe05370ffacd9303e8f2bdea921f3dc8f0042856e05ba9b0615c250,0.19571661099962512
work,1ebd339113fffbe1,64945,64945,52640,25147.0230682,14.5277526116,178.541293657,239.870230938,33.2728528151,0.00473024316109,2.61955,2.632,20.8337847114,0,223.369400733,0.0236018957346,15936,1019904,14157952,0.00398400000004,0.00398400000004,0.155503155897,0,0,0,0,0,0,0,0,0,0,0,0,0,0,534758,,0,0.0,,burst-0.5-18,burst,0.5,18,work,main,,26b0c2e18fe05370ffacd9303e8f2bdea921f3dc8f0042856e05ba9b0615c250,0.13783693200002745
bwc,37e572cae610f3ca,64750,64750,52520,25195.2904937,14.2814077335,175.869597667,242.289801362,32.8748058321,0.00409367859863,2.61525,2.626,20.3375838945,0,221.805078471,0.0205446727186,44781,2865984,14103680,0.0111952500001,0.0129760000001,0.119695603646,0,0,0,0,0,0,0,0,0,0,28845,1.82152886115,0,0,611696,,0,0.0,,burst-0.5-19,burst,0.5,19,bwc,main,,058634c77aede082c2686b839a350c0c8ba60d6d826e6057713f19133d0949ab,0.23387914400063892
jbsq,37e572cae610f3ca,64750,64750,52520,25195.2904937,13.8003806198,175.869597667,242.289801362,32.5046314111,0.0041127189642,2.6152,2.626,19.1156777833,2.37783854476e-05,221.805078471,0.0205446727186,0,0,14103616,0,0,0.1313375,0,0,0,0,0,0,0,0,0,0,0,0,0,0,453249,,0,0.0,,burst-0.5-19,burst,0.5,19,jbsq,main,,058634c77aede082c2686b839a350c0c8ba60d6d826e6057713f19133d0949ab,0.11917598000036378
jsw,37e572cae610f3ca,64750,64750,52520,25195.2904937,14.2204346116,176.578137983,242.533091164,32.9943766004,0.00420792079208,2.61495,2.626,22.1600554569,0,222.474162344,0.0211180124224,15936,1019904,14103616,0.00398400000004,0.00398400000004,0.0764240000009,0,0,0,0,0,0,0,0,0,0,0,0,0,0,468798,,0,0.0,,burst-0.5-19,burst,0.5,19,jsw,main,,058634c77aede082c2686b839a350c0c8ba60d6d826e6057713f19133d0949ab,0.11639874699994834
p2c,37e572cae610f3ca,64750,64750,52520,25195.2904937,13.8596710038,176.046467265,243.508685701,32.6943783757,0.00483625285605,2.6133,2.626,21.4534558306,0.000856021876115,222.474162344,0.0208313425705,15936,1019904,14103616,0.00398400000004,0.00398400000004,0.0764240000009,0,0,0,0,0,0,0,0,0,0,0,0,0,0,468798,,0,0.0,,burst-0.5-19,burst,0.5,19,p2c,main,,058634c77aede082c2686b839a350c0c8ba60d6d826e6057713f19133d0949ab,0.12023656099972868
qbr,37e572cae610f3ca,64750,64750,52520,25195.2904937,14.2052293822,176.400737246,243.020400879,32.9964671702,0.00422696115765,2.6149,2.626,22.299363654,2.37783854476e-05,222.250911433,0.0211180124224,79807,5105616,14104832,0.0200255004087,0.0201329999999,0.0764255000009,46,39,7,0,0,4,8,56.8,2,3,0,0,15,71.0657827287,869786,1.0,8,0.0001523229246001523,16.392071008606536,burst-0.5-19,burst,0.5,19,qbr,main,,058634c77aede082c2686b839a350c0c8ba60d6d826e6057713f19133d0949ab,0.19100397799957136
single,37e572cae610f3ca,64750,64750,52520,25195.2904937,14.1900393428,176.578137983,243.508685701,32.9830126677,0.00416984006093,2.61505,2.626,22.0446017715,2.37783854476e-05,222.697636507,0.0208313425705,79812,5105856,14103728,0.0199704999999,0.0200594999999,0.0764240000009,46,41,5,0,0,1,1,7.1,1,1,0,0,4,62.1147903937,869796,1.0,1,1.904036557501904e-05,12.470213859197429,burst-0.5-19,burst,0.5,19,single,main,,058634c77aede082c2686b839a350c0c8ba60d6d826e6057713f19133d0949ab,0.18989283300015813
steal,37e572cae610f3ca,64750,64750,52520,25195.2904937,14.2204346116,176.578137983,243.508685701,33.0352365826,0.0041888804265,2.615,2.626,23.1047534717,2.37783854476e-05,222.474162344,0.0209268991878,93628,5768048,14199584,0.0433102562186,0.0556174999998,0.0764105000009,8302,7133,1169,0,0,262,519,7864.9,1.98091603053,8,0,0,680,320,938136,0.9614643545279383,519,0.009881949733434882,7.8601156615865575,burst-0.5-19,burst,0.5,19,steal,main,,058634c77aede082c2686b839a350c0c8ba60d6d826e6057713f19133d0949ab,0.221695408999949
threshold,37e572cae610f3ca,64750,64750,52520,25195.2904937,14.2204346116,176.400737246,243.508685701,32.9985630852,0.00409367859863,2.61525,2.626,22.2063987279,0,222.697636507,0.0205446727186,80843,5155216,14137840,0.0214249843749,0.0219069999999,0.0764240000009,445,362,83,0,0,81,207,2419.7,2.55555555556,7,0,0,287,239.142344018,874114,0.9806763285024155,207,0.003941355674028942,9.332289798148423,burst-0.5-19,burst,0.5,19,threshold,main,,058634c77aede082c2686b839a350c0c8ba60d6d826e6057713f19133d0949ab,0.20365146200037998
work,37e572cae610f3ca,64750,64750,52520,25195.2904937,14.5588236446,176.046467265,242.289801362,33.0709391478,0.00409367859863,2.61525,2.626,20.8337847114,0,221.805078471,0.0205446727186,15936,1019904,14103616,0.00398400000004,0.00398400000004,0.1552415,0,0,0,0,0,0,0,0,0,0,0,0,0,0,533547,,0,0.0,,burst-0.5-19,burst,0.5,19,work,main,,058634c77aede082c2686b839a350c0c8ba60d6d826e6057713f19133d0949ab,0.1434524850001253
bwc,56936d83608c44ae,65003,65003,52759,25220.1760968,14.4040877316,176.400737246,238.909153907,33.2549840684,0.00401827176406,2.62735,2.63795,21.1414525411,0,218.489588075,0.0199004975124,45104,2886656,14220352,0.0112759155607,0.0136022961097,0.120413500001,0,0,0,0,0,0,0,0,0,0,29168,1.80879731212,0,0,614594,,0,0.0,,burst-0.5-20,burst,0.5,20,bwc,main,,898e16c0caf3300b8c3b448e017018dab4bf3a1e1dfbddb999a499640e96c9b1,0.1585689880002974
jbsq,56936d83608c44ae,65003,65003,52759,25220.1760968,13.8448261776,176.223513732,238.909153907,32.816023751,0.00411304232453,2.6271,2.63795,19.6246509528,0.000142497506294,218.709077663,0.0198066272412,0,0,14220352,0,0,0.131902,0,0,0,0,0,0,0,0,0,0,0,0,0,0,455020,,0,0.0,,burst-0.5-20,burst,0.5,20,jbsq,main,,898e16c0caf3300b8c3b448e017018dab4bf3a1e1dfbddb999a499640e96c9b1,0.10707956799979002
jsw,56936d83608c44ae,65003,65003,52759,25220.1760968,14.2661415919,176.578137983,238.909153907,33.3964857663,0.00454898690271,2.62595,2.63795,23.8136665065,0.000546240440792,219.148715527,0.0203698488689,15936,1019904,14220416,0.00398400000004,0.00398400000004,0.0766630000009,0,0,0,0,0,0,0,0,0,0,0,0,0,0,470396,,0,0.0,,burst-0.5-20,burst,0.5,20,jsw,main,,898e16c0caf3300b8c3b448e017018dab4bf3a1e1dfbddb999a499640e96c9b1,0.12215333899985126
p2c,56936d83608c44ae,65003,65003,52759,25220.1760968,13.9341181042,176.755716121,238.909153907,33.1084512193,0.00608426998237,2.6219,2.63795,24.4415096557,0.00256495511329,218.709077663,0.0199943677837,15936,1019904,14220352,0.00398400000004,0.00398400000004,0.0766630000009,0,0,0,0,0,0,0,0,0,0,0,0,0,0,470396,,0,0.0,,burst-0.5-20,burst,0.5,20,p2c,main,,898e16c0caf3300b8c3b448e017018dab4bf3a1e1dfbddb999a499640e96c9b1,0.12719325499983825
qbr,56936d83608c44ae,65003,65003,52759,25220.1760968,14.3119858304,176.755716121,238.909153907,33.4454819877,0.00434049166967,2.6265,2.63795,24.2136767515,0.000237495843823,220.472914458,0.0205575894114,79874,5108832,14221776,0.0200867187499,0.0202164999999,0.0766631520009,79,43,36,0,0,7,8,56.8,1.14285714286,2,0,0,27,66.8150388679,872055,1.0,8,0.00015163289675695143,14.935952023398272,burst-0.5-20,burst,0.5,20,qbr,main,,898e16c0caf3300b8c3b448e017018dab4bf3a1e1dfbddb999a499640e96c9b1,0.221478475999902
single,56936d83608c44ae,65003,65003,52759,25220.1760968,14.2814077335,176.755716121,238.909153907,33.4148884178,0.00418885877291,2.6269,2.63795,24.0629227694,9.49983375291e-05,219.148715527,0.0203698488689,79861,5108208,14221104,0.0200122343749,0.0201869999999,0.0766644700009,72,42,30,0,0,5,5,35.5,1,1,0,0,12,35.6768907201,872007,1.0,5,9.477056047309464e-05,16.071580194871785,burst-0.5-20,burst,0.5,20,single,main,,898e16c0caf3300b8c3b448e017018dab4bf3a1e1dfbddb999a499640e96c9b1,0.22690537800008315
steal,56936d83608c44ae,65003,65003,52759,25220.1760968,14.2814077335,176.578137983,238.909153907,33.4126221791,0.00418885877291,2.6269,2.63795,24.4415096557,9.49983375291e-05,218.709077663,0.0203698488689,93263,5750464,14309280,0.0431078274686,0.0556454999998,0.0766495000009,8584,6959,1625,0,0,270,497,6568.7,1.84074074074,11,0,0,728,320,940073,0.93158953722334,497,0.009420193711025607,7.151700326079868,burst-0.5-20,burst,0.5,20,steal,main,,898e16c0caf3300b8c3b448e017018dab4bf3a1e1dfbddb999a499640e96c9b1,0.20393604200035043
threshold,56936d83608c44ae,65003,65003,52759,25220.1760968,14.2814077335,176.578137983,238.909153907,33.4217007049,0.00466271157528,2.62565,2.63795,24.6970726785,0.000641238778321,218.928786741,0.0205575894114,81294,5176992,14260256,0.0218314374999,0.0225712499999,0.0766629700009,664,388,276,0,0,102,252,2454.2,2.47058823529,13,0,0,376,248.555681558,877575,0.9365079365079365,252,0.0047764362478439695,11.098809067924941,burst-0.5-20,burst,0.5,20,threshold,main,,898e16c0caf3300b8c3b448e017018dab4bf3a1e1dfbddb999a499640e96c9b1,0.20474140799979068
work,56936d83608c44ae,65003,65003,52759,25220.1760968,14.699414484,176.400737246,238.909153907,33.4494138015,0.00401827176406,2.62735,2.63795,21.3638660935,0,218.709077663,0.0199004975124,15936,1019904,14220416,0.00398400000004,0.00398400000004,0.155803,0,0,0,0,0,0,0,0,0,0,0,0,0,0,535398,,0,0.0,,burst-0.5-20,burst,0.5,20,work,main,,898e16c0caf3300b8c3b448e017018dab4bf3a1e1dfbddb999a499640e96c9b1,0.14299804300026153
bwc,2b0cac6c897e8163,91315,91315,74009,25223.7324837,18.365991022,233.69136698,303.034719947,56.5835263021,0.255239227662,2.75595,3.70045,145.717088211,0.289493728736,281.076801684,0.119691895512,54742,3503488,19942592,0.0136855000001,0.0254360000002,0.156114500001,0,0,0,0,0,0,0,0,0,0,38806,1.90684430243,0,0,819496,,0,0.0,,burst-0.7-11,burst,0.7,11,bwc,main,,b5f26a54b5fcc890fe46b000b09f509aa3c527a335c6b7e6bb8921dc0904a688,0.2332701889999953
jbsq,2b0cac6c897e8163,91315,91315,74009,25223.7393706,14.7308290124,188.119529622,255.525185433,38.4876017338,0.0817603264468,3.3979,3.70045,79.4637250394,0.094314392593,234.39614539,0.0320830542532,0,0,19942784,0,0,0.184998500001,0,0,0,0,0,0,0,0,0,0,0,0,0,0,639204,,0,0.0,,burst-0.7-11,burst,0.7,11,jbsq,main,,b5f26a54b5fcc890fe46b000b09f509aa3c527a335c6b7e6bb8921dc0904a688,0.1929837050001879
jsw,2b0cac6c897e8163,91315,91315,74009,25223.7324837,16.7708852662,191.360410934,258.361113769,40.6202646797,0.101257955114,3.32575,3.70045,82.0788762581,0.117622166929,239.149063061,0.036503683858,15936,1019904,19941888,0.00398400000004,0.00398400000004,0.0979130000014,0,0,0,0,0,0,0,0,0,0,0,0,0,0,628280,,0,0.0,,burst-0.7-11,burst,0.7,11,jsw,main,,b5f26a54b5fcc890fe46b000b09f509aa3c527a335c6b7e6bb8921dc0904a688,0.16169531800005643
p2c,2b0cac6c897e8163,91315,91315,74009,25223.7324837,15.2583387223,194.071031697,263.069508502,40.7265871885,0.103014498237,3.31925,3.70045,101.072928338,0.118908580037,245.22538975,0.0401205626256,15936,1019904,19942336,0.00398400000004,0.00398400000004,0.0979130000014,0,0,0,0,0,0,0,0,0,0,0,0,0,0,628280,,0,0.0,,burst-0.7-11,burst,0.7,11,p2c,main,,b5f26a54b5fcc890fe46b000b09f509aa3c527a335c6b7e6bb8921dc0904a688,0.19668439300039608
qbr,2b0cac6c897e8163,91315,91315,74009,25223.7324837,16.8242512525,191.552771345,256.810379178,40.6459927402,0.101068788931,3.32645,3.70045,82.9134135571,0.11702973984,237.474723671,0.0379102478232,81872,5204736,19947744,0.0217864999999,0.0226139999999,0.0979145000014,1043,124,919,0,0,18,34,241.4,1.88888888889,4,0,0,80,53.5714140959,1036510,0.9705882352941176,34,0.00045940358605034523,16.062046984742157,burst-0.7-11,burst,0.7,11,qbr,main,,b5f26a54b5fcc890fe46b000b09f509aa3c527a335c6b7e6bb8921dc0904a688,0.253194146000169
single,2b0cac6c897e8163,91315,91315,74009,25223.7324837,16.7531321341,191.168242692,259.139975453,40.5492330019,0.0982177843235,3.337,3.70045,81.4172261455,0.114016824929,238.909153907,0.0356999330208,81969,5209392,19944928,0.0216797968749,0.0225879999999,0.0979130000014,1084,135,949,0,0,14,14,99.4,1,1,0,0,40,58.6234369362,1036784,1.0,14,0.00018916618249131863,13.791100253965007,burst-0.7-11,burst,0.7,11,single,main,,b5f26a54b5fcc890fe46b000b09f509aa3c527a335c6b7e6bb8921dc0904a688,0.2526200840002275
steal,2b0cac6c897e8163,91315,91315,74009,25223.7324837,16.8064448077,191.552771345,257.843168589,40.5389836406,0.0983393911551,3.33655,3.70045,82.8295839731,0.113847560047,236.523204763,0.0369725385131,103814,6256240,20224112,0.0625873749998,0.0856572499998,0.0978902849573,16465,12549,3916,0,0,857,1668,18587.8,1.9463243874,10,0,0,2477,272.45127401,1163786,0.9203592814371258,1670,0.022564823197178722,7.208615480327733,burst-0.7-11,burst,0.7,11,steal,main,,b5f26a54b5fcc890fe46b000b09f509aa3c527a335c6b7e6bb8921dc0904a688,0.31102987400026905
threshold,2b0cac6c897e8163,91315,91315,74009,25223.7324837,16.7353967374,190.210277289,256.295530821,40.6217208598,0.0981502249726,3.33725,3.70045,82.662175959,0.114067604394,237.474723671,0.0351640991293,94176,5794992,20088304,0.0336390027499,0.0375369999999,0.0979070000014,6772,1331,5441,0,0,357,884,10171.4,2.47619047619,9,0,0,1332,254.829893781,1080883,0.9413754227733935,887,0.01198502884784283,10.055304766774231,burst-0.7-11,burst,0.7,11,threshold,main,,b5f26a54b5fcc890fe46b000b09f509aa3c527a335c6b7e6bb8921dc0904a688,0.264626127000156
work,2b0cac6c897e8163,91315,91315,74009,25223.7324837,17.6815513039,215.87275361,283.341330064,50.5840154844,0.216243970328,2.90025,3.70045,123.659697918,0.250850556035,264.12737201,0.0793034159411,15936,1019904,19942592,0.00398400000004,0.00398400000004,0.20891,0,0,0,0,0,0,0,0,0,0,0,0,0,0,719594,,0,0.0,,burst-0.7-11,burst,0.7,11,work,main,,b5f26a54b5fcc890fe46b000b09f509aa3c527a335c6b7e6bb8921dc0904a688,0.2676747630002865
bwc,780e0be3a9af83d8,91196,91196,73856,25165.6364899,17.3118147987,218.709077663,293.170165537,50.9799017181,0.2109375,2.91385,3.6928,132.56030933,0.243012395993,271.379650934,0.0847253775224,54585,3493440,19929600,0.0136463092627,0.0183440000001,0.155738000001,0,0,0,0,0,0,0,0,0,0,38649,1.91179590675,0,0,817990,,0,0.0,,burst-0.7-12,burst,0.7,12,bwc,main,,9130c9dc129ba86d0cc936093d6436176c512028700987fd07e03a631d14693f,0.23448761199961154
jbsq,780e0be3a9af83d8,91196,91196,73856,25165.6466445,14.6211523544,183.821545268,244.488188475,36.1895718659,0.0393603769497,3.54745,3.6928,60.187527576,0.0421124129733,229.506788449,0.0285313376988,0,0,19928896,0,0,0.184674500001,0,0,0,0,0,0,0,0,0,0,0,0,0,0,638371,,0,0.0,,burst-0.7-12,burst,0.7,12,jbsq,main,,9130c9dc129ba86d0cc936093d6436176c512028700987fd07e03a631d14693f,0.168808471000375
jsw,780e0be3a9af83d8,91196,91196,73856,25167.8690857,16.5590143277,186.613359056,252.466799146,38.7417323621,0.0700552426343,3.4341,3.6928,65.214793006,0.0798777381559,232.521422318,0.031404516905,15936,1019904,19929088,0.00398400000004,0.00398400000004,0.0977600000014,0,0,0,0,0,0,0,0,0,0,0,0,0,0,627387,,0,0.0,,burst-0.7-12,burst,0.7,12,jsw,main,,9130c9dc129ba86d0cc936093d6436176c512028700987fd07e03a631d14693f,0.16584947799947258
p2c,780e0be3a9af83d8,91196,91196,73856,25165.6364899,15.1772903359,189.257087378,257.843168589,38.8065917161,0.0750108318891,3.4158,3.6928,85.6406830891,0.0853625403294,236.048869974,0.0342776961112,15936,1019904,19929536,0.00398400000004,0.00398400000004,0.0977600000014,0,0,0,0,0,0,0,0,0,0,0,0,0,0,627380,,0,0.0,,burst-0.7-12,burst,0.7,12,p2c,main,,9130c9dc129ba86d0cc936093d6436176c512028700987fd07e03a631d14693f,0.2474226419999468
qbr,780e0be3a9af83d8,91196,91196,73856,25168.0785227,16.5590143277,186.425933123,247.202100985,38.6123703315,0.0667785961872,3.4462,3.6928,65.7463690769,0.0756325352352,232.055079105,0.0319390618736,81773,5199984,19935264,0.0217681972255,0.0223022499999,0.0977600000014,978,159,819,0,0,22,37,262.7,1.68181818182,3,0,0,99,77.9691484944,1034681,0.972972972972973,37,0.000500974870017331,13.809550872231247,burst-0.7-12,burst,0.7,12,qbr,main,,9130c9dc129ba86d0cc936093d6436176c512028700987fd07e03a631d14693f,0.25206333299956896
single,780e0be3a9af83d8,91196,91196,73856,25165.6503122,16.5414728548,185.305302997,252.720265945,38.6133469861,0.0657495667244,3.45,3.6928,65.5465297815,0.074732552216,231.589667181,0.0304022450889,81751,5198928,19933056,0.0215149843749,0.0221467499999,0.0977600000014,975,141,834,0,0,20,20,142,1,1,0,0,49,73.852609105,1034527,1.0,20,0.00027079722703639514,13.078987846985502,burst-0.7-12,burst,0.7,12,single,main,,9130c9dc129ba86d0cc936093d6436176c512028700987fd07e03a631d14693f,0.2579996469994512
steal,780e0be3a9af83d8,91196,91196,73856,25169.974401,16.6117440653,185.864778008,254.757146466,38.6270701825,0.065925584922,3.44935,3.6928,66.2149976727,0.0748344370861,232.521422318,0.0308699719364,105279,6327024,20264560,0.06562628063,0.0833998520409,0.0977360000014,17920,13341,4579,0,0,1007,1963,22867.3,1.94935451837,9,0,0,2971,320,1172217,0.9370199692780338,1953,0.026443349220103985,7.506072602085497,burst-0.7-12,burst,0.7,12,steal,main,,9130c9dc129ba86d0cc936093d6436176c512028700987fd07e03a631d14693f,0.3048054399996545
threshold,780e0be3a9af83d8,91196,91196,73856,25165.6364899,16.5590143277,186.238694429,250.699607384,38.6301600693,0.0681461221837,3.44115,3.6928,64.5562723695,0.0773475972151,232.288134184,0.0319390618736,93199,5748112,20076848,0.0329505277499,0.0369509999999,0.0977555000014,6271,1368,4904,0,0,373,899,9992.9,2.41018766756,8,0,0,1365,233.35699664,1076821,0.9487179487179487,897,0.012145255632582322,9.457277564953399,burst-0.7-12,burst,0.7,12,threshold,main,,9130c9dc129ba86d0cc936093d6436176c512028700987fd07e03a631d14693f,0.26731193700015865
work,780e0be3a9af83d8,91196,91196,73856,25165.6364899,17.2935212774,204.272481443,275.217852014,46.4668248928,0.169762781629,3.0659,3.6928,107.48989791,0.19859059263,253.482188158,0.0563276760657,15936,1019904,19928896,0.00398400000004,0.00398400000004,0.2085815,0,0,0,0,0,0,0,0,0,0,0,0,0,0,718575,,0,0.0,,burst-0.7-12,burst,0.7,12,work,main,,9130c9dc129ba86d0cc936093d6436176c512028700987fd07e03a631d14693f,0.19232131599983404
bwc,a7e1e55fc3e2154d,91870,91870,74425,25231.1509692,19.0755066944,243.508685701,316.069476688,59.2444853819,0.272583137387,2.7069,3.72125,160.008908121,0.3051066472,293.758800038,0.141952008628,55092,3525888,19986560,0.0137730000001,0.0203560000002,0.157057565634,0,0,0,0,0,0,0,0,0,0,39156,1.90062825621,0,0,824518,,0,0.0,,burst-0.7-13,burst,0.7,13,bwc,main,,8425958fc204ec8a2484834495bf60bc2fa0ce3edd664da27f0cbff51fbb4dca,0.216648546000215
jbsq,a7e1e55fc3e2154d,91870,91870,74425,25231.1509692,14.7465598414,190.019258031,260.182097236,38.8745028854,0.0922405105811,3.378,3.72125,84.8648015191,0.106177314605,237.713198395,0.0362631437045,0,0,19986560,0,0,0.186057685706,0,0,0,0,0,0,0,0,0,0,0,0,0,0,643089,,0,0.0,,burst-0.7-13,burst,0.7,13,jbsq,main,,8425958fc204ec8a2484834495bf60bc2fa0ce3edd664da27f0cbff51fbb4dca,0.15938582200033125
jsw,a7e1e55fc3e2154d,91870,91870,74425,25231.1509692,16.8956552743,192.904691099,264.392499382,41.0837859979,0.11082297615,3.30885,3.72125,87.2135423738,0.128278709158,239.389212124,0.0407117821515,15936,1019904,19986304,0.00398400000004,0.00398400000004,0.0983290000014,0,0,0,0,0,0,0,0,0,0,0,0,0,0,631633,,0,0.0,,burst-0.7-13,burst,0.7,13,jsw,main,,8425958fc204ec8a2484834495bf60bc2fa0ce3edd664da27f0cbff51fbb4dca,0.16735966600026586
p2c,a7e1e55fc3e2154d,91870,91870,74425,25231.1509692,15.4052504388,196.227574204,268.670775576,40.9933012772,0.110540812899,3.3099,3.72125,102.407867361,0.127053650842,245.22538975,0.0442167700189,15936,1019904,19986624,0.00398400000004,0.00398400000004,0.0983290000014,0,0,0,0,0,0,0,0,0,0,0,0,0,0,631633,,0,0.0,,burst-0.7-13,burst,0.7,13,p2c,main,,8425958fc204ec8a2484834495bf60bc2fa0ce3edd664da27f0cbff51fbb4dca,0.22712939600023674
qbr,a7e1e55fc3e2154d,91870,91870,74425,25231.1509692,16.8064448077,192.13100751,263.069508502,41.0542506835,0.10910312395,3.31525,3.72125,89.1747541308,0.126348822769,239.149063061,0.0398355351847,82127,5216880,19988816,0.0219805644999,0.0227342819999,0.0983290000014,1171,122,1049,0,0,11,13,92.3,1.18181818182,2,0,0,41,61.6098360389,1040755,1.0,13,0.00017467248908296942,17.982275001247565,burst-0.7-13,burst,0.7,13,qbr,main,,8425958fc204ec8a2484834495bf60bc2fa0ce3edd664da27f0cbff51fbb4dca,0.2581603210001049
single,a7e1e55fc3e2154d,91870,91870,74425,25231.1509692,16.8242512525,192.710980119,263.8625095,41.0153838628,0.110245213302,3.311,3.72125,88.1887576692,0.127741697293,241.076993205,0.0399703424104,82009,5211216,19990960,0.0217230314014,0.0225897499999,0.0983290000014,1117,126,991,0,0,25,25,177.5,1,1,0,0,53,72.8206801117,1040498,1.0,25,0.0003359086328518643,13.595993579838286,burst-0.7-13,burst,0.7,13,single,main,,8425958fc204ec8a2484834495bf60bc2fa0ce3edd664da27f0cbff51fbb4dca,0.25526878099935857
steal,a7e1e55fc3e2154d,91870,91870,74425,25231.1509692,16.7708852662,192.710980119,263.333578011,41.0209566158,0.111037957676,3.30805,3.72125,87.0373795773,0.128882847505,241.076993205,0.0393637098949,103907,6261008,20265024,0.0628131837498,0.0789149999998,0.0983095000014,16620,12587,4033,0,0,864,1678,17423.8,1.94212962963,9,0,0,2496,282.017527775,1168633,0.9147794994040525,1678,0.022546187437017133,7.228097260130402,burst-0.7-13,burst,0.7,13,steal,main,,8425958fc204ec8a2484834495bf60bc2fa0ce3edd664da27f0cbff51fbb4dca,0.304544972000258
threshold,a7e1e55fc3e2154d,91870,91870,74425,25231.1509692,16.8420755037,192.517462656,261.753112778,41.1401265316,0.111682902251,3.30565,3.72125,86.9494301472,0.12963802044,240.111101169,0.0395659207334,94218,5796960,20139584,0.0335730156249,0.0373832499999,0.0983170000014,6835,1260,5575,0,0,368,947,10238.7,2.57336956522,8,0,0,1395,252.205392096,1084957,0.9493136219640972,947,0.012724219012428619,9.71367920089496,burst-0.7-13,burst,0.7,13,threshold,main,,8425958fc204ec8a2484834495bf60bc2fa0ce3edd664da27f0cbff51fbb4dca,0.27784786999927746
work,a7e1e55fc3e2154d,91870,91870,74425,25231.1644239,17.8692097325,222.921334143,294.64396101,52.3513574757,0.221525025193,2.8969,3.72125,138.704663241,0.253217875782,273.566330044,0.0942302507414,15936,1019904,19986432,0.00398400000004,0.00398400000004,0.2099545,0,0,0,0,0,0,0,0,0,0,0,0,0,0,723502,,0,0.0,,burst-0.7-13,burst,0.7,13,work,main,,8425958fc204ec8a2484834495bf60bc2fa0ce3edd664da27f0cbff51fbb4dca,0.19384208399969793
bwc,9d77e893b91e6470,91590,91590,74407,25185.8801328,17.4957591796,222.697636507,290.827359135,52.1348561248,0.223997742148,2.887,3.72035,133.095352463,0.256884891,271.652030585,0.0917678812416,55213,3533632,19977408,0.0138033220927,0.0188400000002,0.157229500001,0,0,0,0,0,0,0,0,0,0,39277,1.89446750006,0,0,822744,,0,0.0,,burst-0.7-14,burst,0.7,14,bwc,main,,66cc7c590aafa6985a6c8efece7c2d954ef4120b678a81a623f63d87f77882b1,0.2079224310000427
jbsq,9d77e893b91e6470,91590,91590,74407,25185.8801328,14.5743824683,183.268187716,250.951306992,35.7995399255,0.040466622764,3.5698,3.72035,63.0024194122,0.0437679359592,229.276511937,0.0271929824561,0,0,19977216,0,0,0.186019431034,0,0,0,0,0,0,0,0,0,0,0,0,0,0,641129,,0,0.0,,burst-0.7-14,burst,0.7,14,jbsq,main,,66cc7c590aafa6985a6c8efece7c2d954ef4120b678a81a623f63d87f77882b1,0.17294671600029687
jsw,9d77e893b91e6470,91590,91590,74407,25185.8801328,16.4540279999,185.864778008,254.501644822,38.1835916406,0.0647250930692,3.47955,3.72035,68.9566955492,0.0734052729622,230.893291395,0.0298245614035,15936,1019904,19977216,0.00398400000004,0.00398400000004,0.0983110000014,0,0,0,0,0,0,0,0,0,0,0,0,0,0,629808,,0,0.0,,burst-0.7-14,burst,0.7,14,jsw,main,,66cc7c590aafa6985a6c8efece7c2d954ef4120b678a81a623f63d87f77882b1,0.1873446250001507
p2c,9d77e893b91e6470,91590,91590,74407,25185.8801328,15.0484524597,187.741857166,255.525185433,38.2886414397,0.0748719878506,3.4418,3.72035,85.6406830891,0.0854548810982,234.631541535,0.0323211875843,15936,1019904,19977600,0.00398400000004,0.00398400000004,0.0983110000014,0,0,0,0,0,0,0,0,0,0,0,0,0,0,629808,,0,0.0,,burst-0.7-14,burst,0.7,14,p2c,main,,66cc7c590aafa6985a6c8efece7c2d954ef4120b678a81a623f63d87f77882b1,0.17073175000041374
qbr,9d77e893b91e6470,91590,91590,74407,25185.8801328,16.4191722363,186.988773388,251.707917019,38.0710260615,0.0626553953257,3.48725,3.72035,68.8169917487,0.070787252253,230.199000565,0.02995951417,81655,5194320,19981632,0.0216277187499,0.0224522499999,0.0983110000014,933,130,802,0,0,20,28,198.8,1.4,3,0,0,94,67.8879914905,1036903,1.0,28,0.0003763086806348865,14.0957945483824,burst-0.7-14,burst,0.7,14,qbr,main,,66cc7c590aafa6985a6c8efece7c2d954ef4120b678a81a623f63d87f77882b1,0.25055377899934683
single,9d77e893b91e6470,91590,91590,74407,25193.2136457,16.3843860797,186.238694429,251.203258299,38.1488214553,0.0634214522827,3.4844,3.72035,69.7300783845,0.0716431436387,230.430199565,0.0303643724696,81823,5202384,19982160,0.0215794218749,0.0225074999999,0.0983110000014,1006,158,848,0,0,27,27,191.7,1,1,0,0,71,64.4241094799,1037671,0.9629629629629629,27,0.0003628690848979263,11.636842322913926,burst-0.7-14,burst,0.7,14,single,main,,66cc7c590aafa6985a6c8efece7c2d954ef4120b678a81a623f63d87f77882b1,0.25460414799999853
steal,9d77e893b91e6470,91590,91590,74407,25189.1973246,16.4191722363,186.051642786,252.213585561,38.1566166512,0.0643891031758,3.4808,3.72035,69.4478639596,0.0728346787051,232.988698684,0.0304318488529,105126,6319200,20301456,0.0651023491412,0.0898447299998,0.0982825000014,17550,13246,4305,0,0,940,1900,22420,2.02127659574,11,0,0,2786,284.32053067,1172727,0.9315789473684211,1900,0.025535231900224442,7.888978065835331,burst-0.7-14,burst,0.7,14,steal,main,,66cc7c590aafa6985a6c8efece7c2d954ef4120b678a81a623f63d87f77882b1,0.2876517690001492
threshold,9d77e893b91e6470,91590,91590,74407,25190.0631153,16.4017704658,186.613359056,252.720265945,38.1518571915,0.0653433144731,3.47725,3.72035,66.4842612223,0.0741436890597,232.055079105,0.02995951417,92783,5728112,20130720,0.0326191423749,0.0359289999999,0.0983065000014,6060,1366,4694,0,0,362,972,9751.2,2.68508287293,13,0,0,1363,224.025236098,1078245,0.9557613168724279,972,0.013063287056325345,10.036869986447988,burst-0.7-14,burst,0.7,14,threshold,main,,66cc7c590aafa6985a6c8efece7c2d954ef4120b678a81a623f63d87f77882b1,0.2673287440002241
work,9d77e893b91e6470,91590,91590,74407,25185.8801328,17.0934947021,205.300898629,275.217852014,46.3932564937,0.176045264558,3.0654,3.72035,111.802395419,0.204944031416,254.501644822,0.0598515519568,15936,1019904,19977216,0.00398400000004,0.00398400000004,0.209923,0,0,0,0,0,0,0,0,0,0,0,0,0,0,721397,,0,0.0,,burst-0.7-14,burst,0.7,14,work,main,,66cc7c590aafa6985a6c8efece7c2d954ef4120b678a81a623f63d87f77882b1,0.19748803699985729
bwc,2a563aa3ee005601,90794,90794,73733,25223.4400401,16.6646321503,210.309478998,273.018019986,47.3204557376,0.180923060231,3.01965,3.68665,122.050409383,0.208792324483,256.295530821,0.0683930035529,54592,3493888,19775744,0.0136477794456,0.0175280000001,0.155617681811,0,0,0,0,0,0,0,0,0,0,38656,1.90702607616,0,0,815277,,0,0.0,,burst-0.7-15,burst,0.7,15,bwc,main,,5d951b03b8468cc96ba14f7f44386519d82c057528d10abbfdba9d03694eb6cf,0.2194180509995931
jbsq,2a563aa3ee005601,90794,90794,73733,25223.6180737,14.5122403713,179.98266123,240.111101169,35.7676048639,0.0411484681215,3.53495,3.68665,60.6787444782,0.0449769023808,224.718987169,0.0256900792566,0,0,19775552,0,0,0.184299165536,0,0,0,0,0,0,0,0,0,0,0,0,0,0,635557,,0,0.0,,burst-0.7-15,burst,0.7,15,jbsq,main,,5d951b03b8468cc96ba14f7f44386519d82c057528d10abbfdba9d03694eb6cf,0.16471356599959108
jsw,2a563aa3ee005601,90794,90794,73733,25226.764995,16.3670190607,183.63690836,243.26442128,38.10888746,0.0645301289789,3.44875,3.68665,67.2985411982,0.0736416400156,228.128575481,0.0277398196228,15936,1019904,19774848,0.00398400000004,0.00398400000004,0.0976366655373,0,0,0,0,0,0,0,0,0,0,0,0,0,0,625162,,0,0.0,,burst-0.7-15,burst,0.7,15,jsw,main,,5d951b03b8468cc96ba14f7f44386519d82c057528d10abbfdba9d03694eb6cf,0.2292996550004318
p2c,2a563aa3ee005601,90794,90794,73733,25223.4218646,14.9684503636,187.176762161,248.69504159,37.9551898577,0.0708366674352,3.4255,3.68665,81.9129674103,0.080240959778,230.893291395,0.0328641705384,15936,1019904,19774720,0.00398400000004,0.00398400000004,0.0976366655373,0,0,0,0,0,0,0,0,0,0,0,0,0,0,625152,,0,0.0,,burst-0.7-15,burst,0.7,15,p2c,main,,5d951b03b8468cc96ba14f7f44386519d82c057528d10abbfdba9d03694eb6cf,0.17725953700028185
qbr,2a563aa3ee005601,90794,90794,73733,25226.7898298,16.2977243079,183.821545268,245.22538975,38.0774267083,0.0656693746355,3.44455,3.68665,66.7546034427,0.0748938186372,227.6710048,0.0284230664116,81589,5191152,19778272,0.0215536718749,0.0223099999999,0.0976366655373,902,119,783,0,0,14,19,134.9,1.35714285714,3,0,0,69,60.1664667504,1032537,1.0,19,0.00025768651757015175,18.382137066057158,burst-0.7-15,burst,0.7,15,qbr,main,,5d951b03b8468cc96ba14f7f44386519d82c057528d10abbfdba9d03694eb6cf,0.27718608400027733
single,2a563aa3ee005601,90794,90794,73733,25229.4184637,16.211494548,183.63690836,245.22538975,37.9848291591,0.0636485698398,3.452,3.68665,67.0940546839,0.0725417533885,228.128575481,0.0277398196228,81481,5185968,19778816,0.0213011093749,0.0223682499999,0.0976366655373,851,119,732,0,0,20,20,142,1,1,0,0,47,56.4363131108,1032367,0.95,20,0.00027124896586331763,11.71016151609515,burst-0.7-15,burst,0.7,15,single,main,,5d951b03b8468cc96ba14f7f44386519d82c057528d10abbfdba9d03694eb6cf,0.2797507309996945
steal,2a563aa3ee005601,90794,90794,73733,25225.7890453,16.2459347486,183.821545268,245.22538975,37.9704148296,0.0622923250105,3.457,3.68665,67.2985411982,0.0707988561179,227.442562238,0.0279447936595,104687,6298128,20051216,0.0640052624579,0.0959974999998,0.0976111655373,16997,12972,4024,0,0,832,1596,19216.6,1.91826923077,10,0,0,2308,274.089297406,1161824,0.9250468457214241,1601,0.021713479717358576,7.424030633667689,burst-0.7-15,burst,0.7,15,steal,main,,5d951b03b8468cc96ba14f7f44386519d82c057528d10abbfdba9d03694eb6cf,0.2967802470002425
threshold,2a563aa3ee005601,90794,90794,73733,25223.4218646,16.2977243079,183.63690836,244.733676663,38.0884785874,0.0654116881179,3.4455,3.68665,67.7093582905,0.0747246053099,227.21434789,0.0278081443017,92253,5702864,19940800,0.0321841562499,0.0369677499999,0.0976351655373,5826,1336,4488,0,0,404,1010,11351,2.5,9,0,0,1455,246.991609934,1072090,0.9426310583580614,1011,0.013711635224390707,9.829587691091824,burst-0.7-15,burst,0.7,15,threshold,main,,5d951b03b8468cc96ba14f7f44386519d82c057528d10abbfdba9d03694eb6cf,0.27133527300065907
work,2a563aa3ee005601,90794,90794,73733,25223.4218646,16.7886561515,198.806972967,260.704722612,43.8889525186,0.143748389459,3.1567,3.68665,104.285115075,0.167555036635,243.26442128,0.0476223011752,15936,1019904,19775616,0.00398400000004,0.00398400000004,0.208200165536,0,0,0,0,0,0,0,0,0,0,0,0,0,0,715945,,0,0.0,,burst-0.7-15,burst,0.7,15,work,main,,5d951b03b8468cc96ba14f7f44386519d82c057528d10abbfdba9d03694eb6cf,0.19213210999987496
bwc,9cf023dda365cab9,90731,90731,73441,25222.2798175,16.949395945,219.589233107,291.411305681,51.1804730187,0.206764613772,2.9128,3.67205,131.761744778,0.236415909632,268.940446351,0.0878641107852,54504,3488256,19728064,0.0136258709901,0.0193640000002,0.155195099082,0,0,0,0,0,0,0,0,0,0,38568,1.90367662311,0,0,815126,,0,0.0,,burst-0.7-16,burst,0.7,16,bwc,main,,e8aea5426b6505c270e0ac77bec601531a5338d53734974c59c8941ccd9e9541,0.2144775930000833
jbsq,9cf023dda365cab9,90731,90731,73441,25222.2798175,14.6680626905,183.63690836,252.973986211,37.1124514272,0.0601162838197,3.4513,3.67205,69.3071792938,0.0679119458338,231.357309871,0.0288559929054,0,0,19728192,0,0,0.183558599082,0,0,0,0,0,0,0,0,0,0,0,0,0,0,635116,,0,0.0,,burst-0.7-16,burst,0.7,16,jbsq,main,,e8aea5426b6505c270e0ac77bec601531a5338d53734974c59c8941ccd9e9541,0.1681900339999629
jsw,9cf023dda365cab9,90731,90731,73441,25222.2798175,16.3670190607,186.238694429,253.736670346,39.0289950192,0.0821475742433,3.3704,3.67205,73.2803490503,0.0948929944541,234.867173077,0.0310389521795,15936,1019904,19727808,0.00398400000004,0.00398400000004,0.0973445990828,0,0,0,0,0,0,0,0,0,0,0,0,0,0,624770,,0,0.0,,burst-0.7-16,burst,0.7,16,jsw,main,,e8aea5426b6505c270e0ac77bec601531a5338d53734974c59c8941ccd9e9541,0.19843073599986383
p2c,9cf023dda365cab9,90731,90731,73441,25222.2798175,15.0645009122,190.019258031,261.228393762,38.9671970931,0.0840674827412,3.36335,3.67205,88.4565915976,0.0962539552924,239.629601336,0.0352002182959,15936,1019904,19727552,0.00398400000004,0.00398400000004,0.0973445990828,0,0,0,0,0,0,0,0,0,0,0,0,0,0,624770,,0,0.0,,burst-0.7-16,burst,0.7,16,p2c,main,,e8aea5426b6505c270e0ac77bec601531a5338d53734974c59c8941ccd9e9541,0.20784783300041454
qbr,9cf023dda365cab9,90731,90731,73441,25227.7991764,16.4191722363,186.425933123,253.482188158,39.0280053576,0.0797783254585,3.3791,3.67205,74.3270605614,0.0917627845259,236.523204763,0.0317211269527,81803,5201424,19733744,0.0217510624999,0.0223942499999,0.0973445990828,1005,134,871,0,0,21,40,284,1.90476190476,7,0,0,81,73.343951021,1032853,0.925,40,0.0005446548930433954,12.908744558398052,burst-0.7-16,burst,0.7,16,qbr,main,,e8aea5426b6505c270e0ac77bec601531a5338d53734974c59c8941ccd9e9541,0.2774444289998428
single,9cf023dda365cab9,90731,90731,73441,25225.3605747,16.4540279999,186.800972415,254.501644822,39.1353234284,0.082637763647,3.3686,3.67205,73.8018739834,0.0954543907999,233.69136698,0.0312436046115,81769,5199792,19729840,0.0215202968749,0.0222474999999,0.0973445990828,991,120,871,0,0,13,13,92.3,1,1,0,0,34,64.9121992224,1032709,1.0,13,0.0001770128402391035,15.92108899138524,burst-0.7-16,burst,0.7,16,single,main,,e8aea5426b6505c270e0ac77bec601531a5338d53734974c59c8941ccd9e9541,0.2800754179997966
steal,9cf023dda365cab9,90731,90731,73441,25222.5288822,16.3323370542,185.864778008,255.781710618,38.9608291539,0.0805544586811,3.37625,3.67205,74.0265040858,0.0928175291756,235.10304025,0.0313800395661,103827,6257216,20012192,0.0622433906248,0.0817367499998,0.0973145990828,16055,12540,3515,0,0,846,1663,19502.3,1.96572104019,9,0,0,2305,304.665215281,1161941,0.9253285543608124,1674,0.022793807273866096,7.223738048368032,burst-0.7-16,burst,0.7,16,steal,main,,e8aea5426b6505c270e0ac77bec601531a5338d53734974c59c8941ccd9e9541,0.29359834599927126
threshold,9cf023dda365cab9,90731,90731,73441,25222.2798175,16.4365914085,185.864778008,256.295530821,39.0594844665,0.0821475742433,3.3704,3.67205,72.615156305,0.0949100064646,235.33914329,0.0309707347022,92822,5730080,19889600,0.0326480312499,0.0350587499999,0.0973415990828,6098,1354,4744,0,0,392,974,11380.4,2.48469387755,9,0,0,1460,242.797907843,1073486,0.9640657084188912,974,0.013262346645606677,9.08191297869807,burst-0.7-16,burst,0.7,16,threshold,main,,e8aea5426b6505c270e0ac77bec601531a5338d53734974c59c8941ccd9e9541,0.27307073999963904
work,9cf023dda365cab9,90731,90731,73441,25222.2798175,17.003297999,206.95709381,276.879307923,47.3475849588,0.179395705396,3.0133,3.67205,115.818340918,0.208686332551,256.038492329,0.0619414694045,15936,1019904,19728128,0.00398400000004,0.00398400000004,0.207464099082,0,0,0,0,0,0,0,0,0,0,0,0,0,0,715500,,0,0.0,,burst-0.7-16,burst,0.7,16,work,main,,e8aea5426b6505c270e0ac77bec601531a5338d53734974c59c8941ccd9e9541,0.19344072099920595
bwc,e0992b7588fd0f8f,91254,91254,74050,25176.1196863,17.003297999,215.656097513,284.48040257,50.1320996845,0.206266036462,2.9388,3.7025,130.310090023,0.238113762833,265.988840577,0.0801232665639,54699,3500736,19947904,0.0136747926599,0.0202280000001,0.15609873909,0,0,0,0,0,0,0,0,0,0,38763,1.90955292418,0,0,818924,,0,0.0,,burst-0.7-17,burst,0.7,17,bwc,main,,f1aad1caf6967ca4b9fc3591de7fda6a4eda0a43fe3bafa0174496dd5e237449,0.2245199210001374
jbsq,e0992b7588fd0f8f,91254,91254,74050,25176.1196863,14.6680626905,182.532953968,247.450303086,36.5219605934,0.0474814314652,3.5267,3.7025,61.5478821796,0.0522977521438,227.6710048,0.0284049038655,0,0,19947648,0,0,0.18507897667,0,0,0,0,0,0,0,0,0,0,0,0,0,0,638777,,0,0.0,,burst-0.7-17,burst,0.7,17,jbsq,main,,f1aad1caf6967ca4b9fc3591de7fda6a4eda0a43fe3bafa0174496dd5e237449,0.1761645500000668
jsw,e0992b7588fd0f8f,91254,91254,74050,25176.1196863,16.5590143277,184.561941118,249.695320926,38.7509958387,0.073031735314,3.4321,3.7025,66.9580705846,0.0839436429139,230.199000565,0.0298117505192,15936,1019904,19947776,0.00398400000004,0.00398400000004,0.0979540000014,0,0,0,0,0,0,0,0,0,0,0,0,0,0,627762,,0,0.0,,burst-0.7-17,burst,0.7,17,jsw,main,,f1aad1caf6967ca4b9fc3591de7fda6a4eda0a43fe3bafa0174496dd5e237449,0.17983106800056703
p2c,e0992b7588fd0f8f,91254,91254,74050,25176.1196863,15.1934676262,187.364938923,253.482188158,38.7019168854,0.0797569209993,3.4072,3.7025,80.7608454935,0.0913688412293,234.39614539,0.0337643196892,15936,1019904,19947648,0.00398400000004,0.00398400000004,0.0979540000014,0,0,0,0,0,0,0,0,0,0,0,0,0,0,627762,,0,0.0,,burst-0.7-17,burst,0.7,17,p2c,main,,f1aad1caf6967ca4b9fc3591de7fda6a4eda0a43fe3bafa0174496dd5e237449,0.173250525000185
qbr,e0992b7588fd0f8f,91254,91254,74050,25176.1196863,16.5941499153,185.119183813,249.946016247,38.6971642683,0.0717758271438,3.43675,3.7025,65.6796893875,0.0823706510157,230.430199565,0.0298117505192,81693,5196144,19953792,0.0216689999999,0.0225327499999,0.0979540000014,951,135,816,0,0,24,42,298.2,1.75,3,0,0,86,51.8288482349,1034888,1.0,42,0.0005671843349088453,16.53727416320126,burst-0.7-17,burst,0.7,17,qbr,main,,f1aad1caf6967ca4b9fc3591de7fda6a4eda0a43fe3bafa0174496dd5e237449,0.2633452630007014
single,e0992b7588fd0f8f,91254,91254,74050,25178.764128,16.5414728548,185.305302997,250.699607384,38.8241493773,0.0767724510466,3.41825,3.7025,67.2303108873,0.0883750824552,229.276511937,0.0308166409861,81868,5204544,19951776,0.0216102499999,0.0223292499999,0.0979540000014,1041,132,909,0,0,26,26,184.6,1,1,0,0,62,63.6218577763,1035478,0.9615384615384616,26,0.0003511141120864281,13.531913253584557,burst-0.7-17,burst,0.7,17,single,main,,f1aad1caf6967ca4b9fc3591de7fda6a4eda0a43fe3bafa0174496dd5e237449,0.2839609120001114
steal,e0992b7588fd0f8f,91254,91254,74050,25177.9717081,16.5590143277,185.305302997,252.213585561,38.6426748918,0.0720324105334,3.4358,3.7025,65.0825617998,0.082472134364,232.288134184,0.0306826555905,103996,6265296,20232992,0.063096762703,0.0887867499998,0.0979315000014,16784,12657,4127,0,0,910,1682,18497.2,1.84835164835,7,0,0,2512,294.475,1166638,0.9168646080760094,1684,0.022741390952059418,6.6882863254191935,burst-0.7-17,burst,0.7,17,steal,main,,f1aad1caf6967ca4b9fc3591de7fda6a4eda0a43fe3bafa0174496dd5e237449,0.29657963499994366
threshold,e0992b7588fd0f8f,91254,91254,74050,25183.2642173,16.576573342,185.305302997,251.203258299,38.7729432415,0.0736799459824,3.4297,3.7025,66.0137552985,0.0845356291122,229.506788449,0.0306826555905,93203,5748496,20108496,0.0329576718749,0.0359127499999,0.0979510000014,6275,1367,4909,0,0,387,983,11064.3,2.54005167959,9,0,0,1383,268.95,1077816,0.9684638860630722,983,0.013274814314652262,10.168054428547984,burst-0.7-17,burst,0.7,17,threshold,main,,f1aad1caf6967ca4b9fc3591de7fda6a4eda0a43fe3bafa0174496dd5e237449,0.28478344999984984
work,e0992b7588fd0f8f,91254,91254,74050,25176.1196863,17.3118147987,206.127340854,273.566330044,47.2927074207,0.181701553005,3.02975,3.7025,108.908759901,0.212641442417,254.246398423,0.0591545521538,15936,1019904,19947968,0.00398400000004,0.00398400000004,0.208984542801,0,0,0,0,0,0,0,0,0,0,0,0,0,0,719015,,0,0.0,,burst-0.7-17,burst,0.7,17,work,main,,f1aad1caf6967ca4b9fc3591de7fda6a4eda0a43fe3bafa0174496dd5e237449,0.23248246000002837
bwc,9efd96aef53f340,90857,90857,73543,25199.7866624,17.6256185528,226.531071854,300.914964404,53.3647412729,0.230463810288,2.8297,3.67715,140.108013377,0.262408330639,276.601706216,0.103371242892,54768,3505152,19792192,0.0136920000001,0.0202440000002,0.155699500001,0,0,0,0,0,0,0,0,0,0,38832,1.89367016893,0,0,816214,,0,0.0,,burst-0.7-18,burst,0.7,18,bwc,main,,753ef32a5a0d0ad9980f1e5bbeadceae5b0f2ba78bf47588a523a8a0f0410ebe,0.2641801439995106
jbsq,9efd96aef53f340,90857,90857,73543,25199.8098366,14.6524102803,185.4916083,251.203258299,36.9755874901,0.0584284024312,3.4623,3.67715,66.7546034427,0.0654234231168,232.055079105,0.0305984294611,0,0,19792192,0,0,0.183850000001,0,0,0,0,0,0,0,0,0,0,0,0,0,0,635998,,0,0.0,,burst-0.7-18,burst,0.7,18,jbsq,main,,753ef32a5a0d0ad9980f1e5bbeadceae5b0f2ba78bf47588a523a8a0f0410ebe,0.16855583699998533
jsw,9efd96aef53f340,90857,90857,73543,25199.7866624,16.576573342,188.119529622,252.973986211,39.2648277108,0.0816937030037,3.37675,3.67715,72.7624602328,0.0938047676575,234.39614539,0.0335093419984,15936,1019904,19792448,0.00398400000004,0.00398400000004,0.0974470000014,0,0,0,0,0,0,0,0,0,0,0,0,0,0,625456,,0,0.0,,burst-0.7-18,burst,0.7,18,jsw,main,,753ef32a5a0d0ad9980f1e5bbeadceae5b0f2ba78bf47588a523a8a0f0410ebe,0.17335163400002784
p2c,9efd96aef53f340,90857,90857,73543,25199.7866624,15.1611292067,191.360410934,256.295530821,39.1259744508,0.0823191874142,3.37445,3.67715,88.9047700166,0.0934134181824,237.236487184,0.038180341186,15936,1019904,19792256,0.00398400000004,0.00398400000004,0.0974470000014,0,0,0,0,0,0,0,0,0,0,0,0,0,0,625456,,0,0.0,,burst-0.7-18,burst,0.7,18,p2c,main,,753ef32a5a0d0ad9980f1e5bbeadceae5b0f2ba78bf47588a523a8a0f0410ebe,0.17562951800027804
qbr,9efd96aef53f340,90857,90857,73543,25199.7938884,16.576573342,188.687455759,253.227960197,39.2195269108,0.0801571869519,3.3824,3.67715,71.5922326582,0.0916608531419,234.39614539,0.0343893853236,81862,5204256,19800192,0.0218285937499,0.0226252499999,0.0974470000014,1030,150,880,0,0,28,50,355,1.78571428571,4,0,0,122,57.7113704025,1033316,0.98,50,0.0006798743592184164,14.717721100441485,burst-0.7-18,burst,0.7,18,qbr,main,,753ef32a5a0d0ad9980f1e5bbeadceae5b0f2ba78bf47588a523a8a0f0410ebe,0.24957111300045653
single,9efd96aef53f340,90857,90857,73543,25201.0424993,16.5941499153,188.497957801,254.246398423,39.2326374056,0.0802251743878,3.38215,3.67715,72.4681465438,0.0919671266441,236.048869974,0.0335093419984,81707,5196816,19795072,0.0214761874999,0.0222714999999,0.0974470000014,956,132,823,0,0,16,16,113.6,1,1,0,0,39,46.7313887419,1032878,0.9375,16,0.00021755979494989325,11.42813322541258,burst-0.7-18,burst,0.7,18,single,main,,753ef32a5a0d0ad9980f1e5bbeadceae5b0f2ba78bf47588a523a8a0f0410ebe,0.2587227489993893
steal,9efd96aef53f340,90857,90857,73543,25203.2512106,16.6293558093,188.119529622,253.991407016,39.230286423,0.0801163944903,3.38255,3.67715,71.1581996431,0.0919671266441,235.812057916,0.0329677768752,104390,6284160,20105120,0.0636045447186,0.0901174999998,0.0974185000014,16793,12867,3927,0,0,934,1818,21647.8,1.94646680942,9,0,0,2665,271.704816907,1163394,0.9317931793179318,1818,0.024720231701181622,7.432572810497997,burst-0.7-18,burst,0.7,18,steal,main,,753ef32a5a0d0ad9980f1e5bbeadceae5b0f2ba78bf47588a523a8a0f0410ebe,0.30253003100006026
threshold,9efd96aef53f340,90857,90857,73543,25199.7866624,16.4714820279,188.119529622,253.736670346,39.2148273542,0.0816529105421,3.3769,3.67715,71.3748907888,0.0936856612955,235.33914329,0.03378012456,93116,5744112,19926944,0.0328324857361,0.0363814999999,0.0974410000014,6223,1353,4870,0,0,342,808,9441.8,2.36257309942,10,0,0,1150,257.000727951,1074505,0.9616336633663366,808,0.01098676964496961,9.849295141129462,burst-0.7-18,burst,0.7,18,threshold,main,,753ef32a5a0d0ad9980f1e5bbeadceae5b0f2ba78bf47588a523a8a0f0410ebe,0.27912952299993776
work,9efd96aef53f340,90857,90857,73543,25199.8098366,17.3301266135,208.207959892,278.271486036,47.3582809672,0.177936717295,3.02285,3.67715,114.425590295,0.206479386092,254.757146466,0.0643785540211,15936,1019904,19792448,0.00398400000004,0.00398400000004,0.20776,0,0,0,0,0,0,0,0,0,0,0,0,0,0,716312,,0,0.0,,burst-0.7-18,burst,0.7,18,work,main,,753ef32a5a0d0ad9980f1e5bbeadceae5b0f2ba78bf47588a523a8a0f0410ebe,0.22923400600029709
bwc,797c60969940db2e,90545,90545,73547,25241.7689833,16.6293558093,207.165050904,279.670638975,46.813651875,0.175030932601,3.0337,3.67735,124.534938024,0.203319219847,258.102011758,0.0621522594653,54496,3487744,19779200,0.0136240247252,0.0202320000002,0.155292500001,0,0,0,0,0,0,0,0,0,0,38560,1.90684647303,0,0,813494,,0,0.0,,burst-0.7-19,burst,0.7,19,bwc,main,,9a2c5eb82edb5e47e381229ba80b796c7173c9d72fc7eea4b2614b1ad23088a3,0.2248392920000697
jbsq,797c60969940db2e,90545,90545,73547,25241.7689833,14.4040877316,181.071275559,250.699607384,35.6309733047,0.0395393421893,3.53195,3.67735,61.7984492458,0.0432586848952,227.442562238,0.0246980594382,0,0,19779008,0,0,0.183827411673,0,0,0,0,0,0,0,0,0,0,0,0,0,0,633814,,0,0.0,,burst-0.7-19,burst,0.7,19,jbsq,main,,9a2c5eb82edb5e47e381229ba80b796c7173c9d72fc7eea4b2614b1ad23088a3,0.18087059099980252
jsw,797c60969940db2e,90545,90545,73547,25241.7689833,16.1256946465,183.268187716,252.213585561,37.6655734741,0.0538159272302,3.47945,3.67735,68.1917691023,0.0606709857335,229.737295237,0.0264622065409,15936,1019904,19778496,0.00398400000004,0.00398400000004,0.0974510000014,0,0,0,0,0,0,0,0,0,0,0,0,0,0,623716,,0,0.0,,burst-0.7-19,burst,0.7,19,jsw,main,,9a2c5eb82edb5e47e381229ba80b796c7173c9d72fc7eea4b2614b1ad23088a3,0.2146485279999979
p2c,797c60969940db2e,90545,90545,73547,25241.7689833,14.9047359279,185.305302997,255.268916516,37.7177237246,0.0648700830761,3.4388,3.67735,80.1096923356,0.0737472155622,232.988698684,0.0294476862532,15936,1019904,19778560,0.00398400000004,0.00398400000004,0.0974510000014,0,0,0,0,0,0,0,0,0,0,0,0,0,0,623716,,0,0.0,,burst-0.7-19,burst,0.7,19,p2c,main,,9a2c5eb82edb5e47e381229ba80b796c7173c9d72fc7eea4b2614b1ad23088a3,0.18728713000018615
qbr,797c60969940db2e,90545,90545,73547,25242.8594981,16.1599631615,182.900203409,252.973986211,37.7410006237,0.0568208084626,3.4684,3.67735,66.4168443779,0.0642928803414,230.430199565,0.0270050210341,81489,5186352,19782128,0.0215211406249,0.0222164999999,0.0974510000014,840,146,694,0,0,17,27,191.7,1.58823529412,4,0,0,61,54.2541772566,1031110,1.0,27,0.00036711218676492585,15.833371679347996,burst-0.7-19,burst,0.7,19,qbr,main,,9a2c5eb82edb5e47e381229ba80b796c7173c9d72fc7eea4b2614b1ad23088a3,0.2547294570003942
single,797c60969940db2e,90545,90545,73547,25241.7689833,16.0744201457,182.716486922,253.227960197,37.6199456482,0.0545501516037,3.47675,3.67735,66.2822126704,0.0613001411349,229.506788449,0.0276156873389,81502,5186976,19781760,0.0213179062499,0.0217767499999,0.0974510000014,859,124,735,0,0,20,20,142,1,1,0,0,51,72.9711611088,1031030,1.0,20,0.00027193495315920433,10.999040718525839,burst-0.7-19,burst,0.7,19,single,main,,9a2c5eb82edb5e47e381229ba80b796c7173c9d72fc7eea4b2614b1ad23088a3,0.2616676340003323
steal,797c60969940db2e,90545,90545,73547,25246.4008127,16.1599631615,182.900203409,252.466799146,37.710511689,0.0564808897712,3.46965,3.67735,66.2822126704,0.0636807291401,229.276511937,0.0277513909621,105703,6346976,20090048,0.0660606808739,0.0940962499998,0.0974285000014,17895,13534,4361,0,0,944,1878,19793.8,1.98940677966,13,0,0,2788,294.475,1167713,0.9164004259850905,1878,0.025534692101649284,7.4777646036664,burst-0.7-19,burst,0.7,19,steal,main,,9a2c5eb82edb5e47e381229ba80b796c7173c9d72fc7eea4b2614b1ad23088a3,0.31782485700023244
threshold,797c60969940db2e,90545,90545,73547,25241.7689833,16.1599631615,183.63690836,252.466799146,37.7870825249,0.0582076767237,3.4633,3.67735,66.4842612223,0.0661463381455,230.430199565,0.0265300583526,91629,5672784,19944352,0.0317524463281,0.0352129999999,0.0974450000014,5491,1376,4114,0,0,390,1004,11688.4,2.57435897436,11,0,0,1486,267.753906182,1068562,0.94831013916501,1006,0.013678328143907978,10.099483399762711,burst-0.7-19,burst,0.7,19,threshold,main,,9a2c5eb82edb5e47e381229ba80b796c7173c9d72fc7eea4b2614b1ad23088a3,0.2670158020000599
work,797c60969940db2e,90545,90545,73547,25241.7689833,16.7531321341,196.62222658,266.790608333,43.037268459,0.133560852244,3.1862,3.67735,108.470221755,0.155741468143,246.954146838,0.0450536029312,15936,1019904,19779136,0.00398400000004,0.00398400000004,0.20772836002,0,0,0,0,0,0,0,0,0,0,0,0,0,0,714260,,0,0.0,,burst-0.7-19,burst,0.7,19,work,main,,9a2c5eb82edb5e47e381229ba80b796c7173c9d72fc7eea4b2614b1ad23088a3,0.17529119299979357
bwc,108a4ae1fbd84326,90778,90778,73689,25172.3386372,17.4957591796,227.442562238,297.613740137,52.8942425122,0.227781622766,2.8452,3.68445,150.485539732,0.260343978675,281.076801684,0.0981068289385,54645,3497280,19827712,0.0136612500001,0.0197400000002,0.155658000001,0,0,0,0,0,0,0,0,0,0,38709,1.90379498308,0,0,815558,,0,0.0,,burst-0.7-20,burst,0.7,20,bwc,main,,f6a5397d3ae722e2243fe7f5b0f11cb2c2c2789583f2655aa2561a6ea5fa9aa6,0.24435780300063925
jbsq,108a4ae1fbd84326,90778,90778,73689,25172.3386372,14.6680626905,184.376564554,252.720265945,36.8118135837,0.0497224823244,3.50125,3.68445,75.0837299398,0.0549075536087,231.357309871,0.0290736984449,0,0,19827648,0,0,0.184230000001,0,0,0,0,0,0,0,0,0,0,0,0,0,0,635445,,0,0.0,,burst-0.7-20,burst,0.7,20,jbsq,main,,f6a5397d3ae722e2243fe7f5b0f11cb2c2c2789583f2655aa2561a6ea5fa9aa6,0.1909367360003671
jsw,108a4ae1fbd84326,90778,90778,73689,25172.3386372,16.4540279999,187.741857166,252.213585561,39.127267514,0.0719238963753,3.41945,3.68445,81.9129674103,0.081750114603,238.909153907,0.0327924273158,15936,1019904,19827968,0.00398400000004,0.00398400000004,0.0975930000014,0,0,0,0,0,0,0,0,0,0,0,0,0,0,624894,,0,0.0,,burst-0.7-20,burst,0.7,20,jsw,main,,f6a5397d3ae722e2243fe7f5b0f11cb2c2c2789583f2655aa2561a6ea5fa9aa6,0.21087412500037317
p2c,108a4ae1fbd84326,90778,90778,73689,25172.3386372,15.1611292067,189.257087378,264.392499382,39.3227178552,0.0851958908385,3.37055,3.68445,90.6284218298,0.0975398563643,243.26442128,0.0360378634212,15936,1019904,19827840,0.00398400000004,0.00398400000004,0.0975930000014,0,0,0,0,0,0,0,0,0,0,0,0,0,0,624894,,0,0.0,,burst-0.7-20,burst,0.7,20,p2c,main,,f6a5397d3ae722e2243fe7f5b0f11cb2c2c2789583f2655aa2561a6ea5fa9aa6,0.19742083700020885
qbr,108a4ae1fbd84326,90778,90778,73689,25172.3386372,16.5590143277,187.553303862,256.810379178,39.1702757472,0.0724395771418,3.41755,3.68445,80.9244489454,0.0823273739792,237.951911593,0.0330628803245,81939,5207952,19830256,0.0218398168749,0.0226562499999,0.0975930000014,1069,130,939,0,0,9,15,106.5,1.66666666667,3,0,0,41,77.4811042251,1032579,1.0,15,0.0002035581972886048,12.08705819673305,burst-0.7-20,burst,0.7,20,qbr,main,,f6a5397d3ae722e2243fe7f5b0f11cb2c2c2789583f2655aa2561a6ea5fa9aa6,0.2606533769994712
single,108a4ae1fbd84326,90778,90778,73689,25172.3386372,16.5414728548,187.364938923,253.482188158,39.3109179736,0.0750044104276,3.4081,3.68445,83.0813242976,0.0855702134162,236.285918844,0.0329276538201,81799,5201232,19830464,0.0215455156249,0.0223269999999,0.0975930000014,1010,115,895,0,0,16,16,113.6,1,1,0,0,37,54.4849752083,1032164,0.9375,16,0.0002171287437745118,14.283282377107298,burst-0.7-20,burst,0.7,20,single,main,,f6a5397d3ae722e2243fe7f5b0f11cb2c2c2789583f2655aa2561a6ea5fa9aa6,0.2665084640002533
steal,108a4ae1fbd84326,90778,90778,73689,25172.3386372,16.576573342,187.553303862,256.552826352,39.1431533223,0.0720053196542,3.41915,3.68445,80.7608454935,0.0816312670843,236.285918844,0.0336713995943,104767,6302384,20123104,0.0641701352936,0.0906356894035,0.0975705000014,17038,13026,4011,0,0,883,1701,20912.1,1.92638731597,9,0,0,2391,306.160913974,1163531,0.9217186580341378,1699,0.02305635847955597,7.2915873547210035,burst-0.7-20,burst,0.7,20,steal,main,,f6a5397d3ae722e2243fe7f5b0f11cb2c2c2789583f2655aa2561a6ea5fa9aa6,0.30022690199984936
threshold,108a4ae1fbd84326,90778,90778,73689,25172.3386372,16.4889535099,186.988773388,256.810379178,39.1020428771,0.0726024236996,3.41695,3.68445,80.4346180877,0.0826499601012,237.236487184,0.0325895875592,93119,5744384,19962592,0.0326837524999,0.0363599999999,0.0975900000014,6249,1273,4976,0,0,318,854,8628.4,2.68553459119,10,0,0,1166,237.880967029,1073840,0.9625292740046838,854,0.011589246698964568,9.625454191556434,burst-0.7-20,burst,0.7,20,threshold,main,,f6a5397d3ae722e2243fe7f5b0f11cb2c2c2789583f2655aa2561a6ea5fa9aa6,0.26449572299952706
work,108a4ae1fbd84326,90778,90778,73689,25172.3386372,17.6070115412,213.287117995,281.358878486,48.7688069025,0.195144458467,2.96545,3.68445,130.441400113,0.226455457648,264.923549773,0.0704530087897,15936,1019904,19827648,0.00398400000004,0.00398400000004,0.208137380882,0,0,0,0,0,0,0,0,0,0,0,0,0,0,715671,,0,0.0,,burst-0.7-20,burst,0.7,20,work,main,,f6a5397d3ae722e2243fe7f5b0f11cb2c2c2789583f2655aa2561a6ea5fa9aa6,0.1844493889993828
bwc,6ec325a065e6d480,110720,110720,89745,26270.7791973,757.759384001,1285.16588037,1361.92977119,722.308082625,0.995531784501,0.02005,4.48725,1205.46860667,0.997488839286,1338.96717923,0.987766399114,62316,3988224,22930240,0.0155790000001,0.0207520000002,0.178555954923,0,0,0,0,0,0,0,0,0,0,46380,1.83398016386,0,0,987622,,0,0.0,,burst-0.85-11,burst,0.85,11,bwc,main,,6b40e173f9c240437aea46acaf158ec6c1702de7b9aa9885ee4bdf23ebecd40c,0.2473493130000861
jbsq,6ec325a065e6d480,110720,110720,89745,25218.1573807,54.644922815,275.770563936,356.473401939,75.3783479571,0.385737366984,2.75635,4.48725,192.13100751,0.42333984375,329.663067247,0.236534735677,0,0,24170368,0,0,0.224413500001,0,0,0,0,0,0,0,0,0,0,0,0,0,0,775039,,0,0.0,,burst-0.85-11,burst,0.85,11,jbsq,main,,6b40e173f9c240437aea46acaf158ec6c1702de7b9aa9885ee4bdf23ebecd40c,0.18767938600012712
jsw,6ec325a065e6d480,110720,110720,89745,25218.1573807,59.3372927604,282.490009283,358.983235218,79.6440746137,0.399587720764,2.6942,4.48725,204.683231679,0.437220982143,336.339533138,0.250262939386,15936,1019904,24170816,0.00398400000004,0.00398400000004,0.113649000002,0,0,0,0,0,0,0,0,0,0,0,0,0,0,744692,,0,0.0,,burst-0.85-11,burst,0.85,11,jsw,main,,6b40e173f9c240437aea46acaf158ec6c1702de7b9aa9885ee4bdf23ebecd40c,0.22144786700027908
p2c,6ec325a065e6d480,110720,110720,89745,25218.1573807,57.9660502412,291.411305681,376.297491044,79.9371720241,0.405136776422,2.6693,4.48725,226.758602926,0.444461495536,354.336048496,0.249100470523,15936,1019904,24170624,0.00398400000004,0.00398400000004,0.113649000002,0,0,0,0,0,0,0,0,0,0,0,0,0,0,744692,,0,0.0,,burst-0.85-11,burst,0.85,11,p2c,main,,6b40e173f9c240437aea46acaf158ec6c1702de7b9aa9885ee4bdf23ebecd40c,0.20067599399953906
qbr,6ec325a065e6d480,110720,110720,89745,25218.1573807,58.3207322136,281.076801684,357.188706217,79.4326185369,0.401448548666,2.68585,4.48725,203.249190953,0.43955078125,335.665864743,0.250262939386,86741,5438400,24183008,0.0257058593749,0.0278397499999,0.113649000002,3462,182,3280,0,0,42,79,560.9,1.88095238095,6,0,0,212,69.9506050176,1169352,0.9746835443037974,79,0.000880271881441863,15.232719815886792,burst-0.85-11,burst,0.85,11,qbr,main,,6b40e173f9c240437aea46acaf158ec6c1702de7b9aa9885ee4bdf23ebecd40c,0.28138905400010117
single,6ec325a065e6d480,110720,110720,89745,25218.1573807,58.6775476052,281.923878602,358.623611607,79.2958457088,0.397203186807,2.7049,4.48725,203.453440144,0.434291294643,335.665864743,0.250041516745,86523,5427984,24176272,0.0252568281249,0.0281227499999,0.113649000002,3365,148,3217,0,0,35,35,248.5,1,1,0,0,84,59.3210569057,1168287,0.8857142857142857,35,0.000389993871524876,10.763098189579276,burst-0.85-11,burst,0.85,11,single,main,,6b40e173f9c240437aea46acaf158ec6c1702de7b9aa9885ee4bdf23ebecd40c,0.3311158650003563
steal,6ec325a065e6d480,110720,110720,89745,25222.7603771,58.7969623779,281.076801684,360.425329499,79.2298153558,0.398150314781,2.70065,4.48725,203.249190953,0.435672433036,335.665864743,0.249266537503,91642,5673040,24488032,0.0458756023447,0.0607994999998,0.113638500002,13370,6519,6851,0,0,1034,2046,16141.6,1.97872340426,10,0,0,3675,259.582376602,1231789,0.8607038123167156,2046,0.022797927461139896,7.458116347879596,burst-0.85-11,burst,0.85,11,steal,main,,6b40e173f9c240437aea46acaf158ec6c1702de7b9aa9885ee4bdf23ebecd40c,0.3286119599997619
threshold,6ec325a065e6d480,110720,110720,89745,25226.1511791,58.2614707428,280.795006677,361.148541583,79.2610825309,0.400100284138,2.6919,4.48725,203.453440144,0.438127790179,337.352564093,0.249211181843,117638,6919456,24387776,0.0521701718749,0.0643464999999,0.113610000002,18677,1296,17381,0,0,564,1395,12754.5,2.47340425532,11,0,0,2470,209.797820594,1278375,0.9003584229390681,1395,0.015544041450777202,10.28865020066498,burst-0.85-11,burst,0.85,11,threshold,main,,6b40e173f9c240437aea46acaf158ec6c1702de7b9aa9885ee4bdf23ebecd40c,0.3012183119999463
work,6ec325a065e6d480,110720,110720,89745,25620.9212019,407.296858214,710.031824045,782.419819828,399.034646624,0.989971586161,0.045,4.48725,632.192921949,0.996805245536,761.560776106,0.962856352062,15936,1019904,23687232,0.00398400000004,0.00398400000004,0.243710533934,0,0,0,0,0,0,0,0,0,0,0,0,0,0,856695,,0,0.0,,burst-0.85-11,burst,0.85,11,work,main,,6b40e173f9c240437aea46acaf158ec6c1702de7b9aa9885ee4bdf23ebecd40c,0.23098836299959657
bwc,bb1f8e6a7c457d2c,110320,110320,89264,25958.7385847,678.080836691,1065.90191764,1140.93599957,637.97692993,0.995518910199,0.02,4.4632,1008.83457094,0.997968334034,1122.81939946,0.985749413211,62156,3977984,23169600,0.0155390000001,0.0216760000002,0.179324000001,0,0,0,0,0,0,0,0,0,0,46220,1.86259195154,0,0,981204,,0,0.0,,burst-0.85-12,burst,0.85,12,bwc,main,,e89d0a0e740c4112d88e09076b8162e34207d749f27456e377be7b70601f792e,0.2514117399996394
jbsq,bb1f8e6a7c457d2c,110320,110320,89264,25200.84104,38.2191725444,273.566330044,350.45070287,70.3379242091,0.336597060405,2.9609,4.4632,203.657893584,0.369805240297,329.332734513,0.204146641332,0,0,24012032,0,0,0.223209009762,0,0,0,0,0,0,0,0,0,0,0,0,0,0,772239,,0,0.0,,burst-0.85-12,burst,0.85,12,jbsq,main,,e89d0a0e740c4112d88e09076b8162e34207d749f27456e377be7b70601f792e,0.19307212800049456
jsw,bb1f8e6a7c457d2c,110320,110320,89264,25204.9901921,44.0195467966,279.110138587,356.473401939,74.4982528796,0.355977773795,2.8744,4.4632,212.859185765,0.390486198683,338.029607574,0.218341343467,15936,1019904,24013952,0.00398400000004,0.00398400000004,0.113168000002,0,0,0,0,0,0,0,0,0,0,0,0,0,0,742250,,0,0.0,,burst-0.85-12,burst,0.85,12,jsw,main,,e89d0a0e740c4112d88e09076b8162e34207d749f27456e377be7b70601f792e,0.2096447870007978
p2c,bb1f8e6a7c457d2c,110320,110320,89264,25206.2824573,47.0894967604,290.244578733,375.167858588,75.7711424573,0.366194658541,2.8288,4.4632,231.125184686,0.401639344262,348.34935948,0.22482396334,15936,1019904,24014912,0.00398400000004,0.00398400000004,0.113168000002,0,0,0,0,0,0,0,0,0,0,0,0,0,0,742254,,0,0.0,,burst-0.85-12,burst,0.85,12,p2c,main,,e89d0a0e740c4112d88e09076b8162e34207d749f27456e377be7b70601f792e,0.20286819000011747
qbr,bb1f8e6a7c457d2c,110320,110320,89264,25200.84104,43.3496254642,279.390248726,355.403123005,74.2791727688,0.351978401147,2.89225,4.4632,209.466349958,0.386086591005,334.322561221,0.215938303342,86246,5414688,24024064,0.0253372343749,0.0266702499999,0.113168000002,3210,192,3020,0,0,48,73,518.3,1.52083333333,4,0,0,220,58.7425085378,1165170,0.958904109589041,73,0.0008177988886897293,14.00103836554715,burst-0.85-12,burst,0.85,12,qbr,main,,e89d0a0e740c4112d88e09076b8162e34207d749f27456e377be7b70601f792e,0.37792331600030593
single,bb1f8e6a7c457d2c,110320,110320,89264,25213.2375241,42.9085587136,279.951309614,353.626440987,74.3979683429,0.35213523929,2.89155,4.4632,212.645540224,0.385666246322,334.993541666,0.218397228121,86381,5421120,24022560,0.0251710573749,0.0264922499999,0.113166500002,3275,208,3067,0,0,54,54,383.4,1,1,0,0,136,74.1158827223,1165746,0.9074074074074074,54,0.0006049471231403477,11.640663564361367,burst-0.85-12,burst,0.85,12,single,main,,e89d0a0e740c4112d88e09076b8162e34207d749f27456e377be7b70601f792e,0.2737530770000376
steal,bb1f8e6a7c457d2c,110320,110320,89264,25200.84104,43.5718175315,279.390248726,354.336048496,74.2167185817,0.353445958057,2.8857,4.4632,207.79017076,0.387613843352,333.652920726,0.217167765732,92444,5711232,24381264,0.0477666424998,0.0556232499998,0.113159000002,14381,6976,7405,0,0,1126,2367,19560.7,2.10213143872,10,0,0,4144,255.552048666,1231969,0.880338266384778,2365,0.02649444344864671,8.098814733129862,burst-0.85-12,burst,0.85,12,steal,main,,e89d0a0e740c4112d88e09076b8162e34207d749f27456e377be7b70601f792e,0.3104390380003679
threshold,bb1f8e6a7c457d2c,110320,110320,89264,25201.6642159,43.7951227833,278.830308279,355.047075929,74.4566130583,0.354913514967,2.87915,4.4632,212.005883344,0.389183130167,335.665864743,0.218229574159,115240,6804816,24245968,0.0505189682913,0.0564839999999,0.113136500002,17420,1424,15999,0,0,607,1521,13174.1,2.5057660626,11,0,0,2756,217.918048565,1269843,0.9121311475409836,1525,0.017084154866463523,11.090399997098752,burst-0.85-12,burst,0.85,12,threshold,main,,e89d0a0e740c4112d88e09076b8162e34207d749f27456e377be7b70601f792e,0.32197168299990153
work,bb1f8e6a7c457d2c,110320,110320,89264,25402.4809312,336.339533138,627.778247841,704.369081508,338.558859984,0.986355081556,0.0609,4.4632,569.109025159,0.996497127645,682.165521515,0.945903654856,15936,1019904,23791680,0.00398400000004,0.00398400000004,0.244986,0,0,0,0,0,0,0,0,0,0,0,0,0,0,853197,,0,0.0,,burst-0.85-12,burst,0.85,12,work,main,,e89d0a0e740c4112d88e09076b8162e34207d749f27456e377be7b70601f792e,0.22297478899963608
bwc,3e0cabd5aa113cdf,111300,111300,90077,26033.6820099,571.392884194,1079.85516682,1153.56029084,577.343592919,0.995370627352,0.02085,4.50385,1010.85524992,0.998335206226,1131.84148462,0.983496332518,62268,3985152,23273792,0.0155670000001,0.0196120000002,0.180060000001,0,0,0,0,0,0,0,0,0,0,46332,1.87011137011,0,0,989062,,0,0.0,,burst-0.85-13,burst,0.85,13,bwc,main,,793a908a053f935db44a401399b0798efbd3be856bad65837459937a44512075,0.2790748799998255
jbsq,3e0cabd5aa113cdf,111300,111300,90077,25211.3411085,36.4942732417,264.923549773,340.068877449,67.0211713795,0.326354119254,3.034,4.50385,194.85248703,0.361620954204,316.386546165,0.185096688153,0,0,24204544,0,0,0.225174500001,0,0,0,0,0,0,0,0,0,0,0,0,0,0,779099,,0,0.0,,burst-0.85-13,burst,0.85,13,jbsq,main,,793a908a053f935db44a401399b0798efbd3be856bad65837459937a44512075,0.18939677400067012
jsw,3e0cabd5aa113cdf,111300,111300,90077,25211.3411085,41.6967690485,270.835707683,345.220878496,71.0690054071,0.344882711458,2.95055,4.50385,201.420105848,0.382361509968,322.148324099,0.194765503445,15936,1019904,24205184,0.00398400000004,0.00398400000004,0.113981000002,0,0,0,0,0,0,0,0,0,0,0,0,0,0,748150,,0,0.0,,burst-0.85-13,burst,0.85,13,jsw,main,,793a908a053f935db44a401399b0798efbd3be856bad65837459937a44512075,0.19824361100017995
p2c,3e0cabd5aa113cdf,111300,111300,90077,25219.7459267,42.6896730147,279.390248726,362.59931009,71.5232620501,0.350588940573,2.92485,4.50385,222.474162344,0.388493500368,340.068877449,0.198766392532,15936,1019904,24203520,0.00398400000004,0.00398400000004,0.113981000002,0,0,0,0,0,0,0,0,0,0,0,0,0,0,748176,,0,0.0,,burst-0.85-13,burst,0.85,13,p2c,main,,793a908a053f935db44a401399b0798efbd3be856bad65837459937a44512075,0.1929581770000368
qbr,3e0cabd5aa113cdf,111300,111300,90077,25223.3079734,42.1687888895,270.564143539,342.463533987,71.0703475136,0.347491590528,2.9388,4.50385,199.406993507,0.384858700628,322.471472423,0.197821738164,86255,5415024,24218016,0.0253295624999,0.0268379999999,0.113979500002,3229,177,3052,0,0,54,86,610.6,1.59259259259,4,0,0,245,85.1852946797,1171276,0.9302325581395349,86,0.0009547387235365298,11.698867229674539,burst-0.85-13,burst,0.85,13,qbr,main,,793a908a053f935db44a401399b0798efbd3be856bad65837459937a44512075,0.32483617500020046
single,3e0cabd5aa113cdf,111300,111300,90077,25211.3411085,42.7333626877,269.210386798,345.220878496,71.1416608226,0.349123527649,2.93145,4.50385,202.027973628,0.386551240965,322.148324099,0.199210935764,86452,5424480,24214720,0.025231244729,0.0275749999999,0.113981000002,3326,185,3142,0,0,60,60,426,1,1,0,0,138,55.5405467531,1171636,0.9166666666666666,60,0.0006660967838626953,12.308560058946856,burst-0.85-13,burst,0.85,13,single,main,,793a908a053f935db44a401399b0798efbd3be856bad65837459937a44512075,0.31267744100023265
steal,3e0cabd5aa113cdf,111300,111300,90077,25218.171385,40.9774154132,267.594783797,345.567099375,70.604184818,0.343139758207,2.9584,4.50385,202.231001602,0.379767206337,322.471472423,0.196432540565,91589,5670656,24557696,0.0464426718748,0.0582017499998,0.113973500002,14044,6532,7512,0,0,1124,2241,18951.1,1.99377224199,9,0,0,3985,251.320978609,1236019,0.856378233719893,2242,0.024889816490336045,7.763730948616081,burst-0.85-13,burst,0.85,13,steal,main,,793a908a053f935db44a401399b0798efbd3be856bad65837459937a44512075,0.2946540789998835
threshold,3e0cabd5aa113cdf,111300,111300,90077,25222.5638944,41.8249874887,270.564143539,341.777635938,70.9177632098,0.346636766322,2.94265,4.50385,201.015872088,0.383762711394,322.148324099,0.197932873972,115916,6837376,24433328,0.051019635314,0.0622154999999,0.113955500002,17764,1406,16359,0,0,608,1490,12764,2.45065789474,10,0,0,2781,225.232152846,1277650,0.8966442953020134,1490,0.016541403465923598,10.175086522686923,burst-0.85-13,burst,0.85,13,threshold,main,,793a908a053f935db44a401399b0798efbd3be856bad65837459937a44512075,0.31496595600037836
work,3e0cabd5aa113cdf,111300,111300,90077,25432.7421278,258.102011758,566.834278766,640.474000529,273.307156407,0.95609312033,0.19775,4.50385,495.159311874,0.973779498065,617.802799062,0.885252278284,15936,1019904,23941632,0.00398400000004,0.00398400000004,0.246682286321,0,0,0,0,0,0,0,0,0,0,0,0,0,0,860155,,0,0.0,,burst-0.85-13,burst,0.85,13,work,main,,793a908a053f935db44a401399b0798efbd3be856bad65837459937a44512075,0.25760762299978524
bwc,4d2d3eb4cb17d7f3,110930,110930,90105,25992.081905,566.834278766,995.798158819,1072.31935403,588.201307306,0.994284445924,0.02575,4.50525,933.097459635,0.996369431165,1053.18192608,0.985897435897,62570,4004480,23288000,0.0156425954366,0.0213160000002,0.180596267531,0,0,0,0,0,0,0,0,0,0,46634,1.85969464339,0,0,987375,,0,0.0,,burst-0.85-14,burst,0.85,14,bwc,main,,3b80ab2de88c353c4328d58194b2d04c9b322f38b87b13f402042a74b93bf7b8,0.3462622850001935
jbsq,4d2d3eb4cb17d7f3,110930,110930,90105,25206.5479812,42.6896730147,274.11573727,353.626440987,72.2758723544,0.351589811886,2.92125,4.50525,195.637072877,0.383620868842,330.324724045,0.222742474916,0,0,24189376,0,0,0.225256767531,0,0,0,0,0,0,0,0,0,0,0,0,0,0,776509,,0,0.0,,burst-0.85-14,burst,0.85,14,jbsq,main,,3b80ab2de88c353c4328d58194b2d04c9b322f38b87b13f402042a74b93bf7b8,0.20013835200006724
jsw,4d2d3eb4cb17d7f3,110930,110930,90105,25215.3957474,47.0894967604,279.110138587,358.26434726,75.8212646763,0.365284945342,2.85955,4.50525,204.477753925,0.39826785838,335.665864743,0.232608695652,15936,1019904,24189440,0.00398400000004,0.00398400000004,0.114009774002,0,0,0,0,0,0,0,0,0,0,0,0,0,0,745942,,0,0.0,,burst-0.85-14,burst,0.85,14,jsw,main,,3b80ab2de88c353c4328d58194b2d04c9b322f38b87b13f402042a74b93bf7b8,0.19316301899925747
p2c,4d2d3eb4cb17d7f3,110930,110930,90105,25206.5479812,48.3062722452,288.503211124,368.830195983,76.4157267359,0.371388935131,2.83205,4.50525,228.357704057,0.405958567172,345.220878496,0.232329988852,15936,1019904,24189440,0.00398400000004,0.00398400000004,0.114009774002,0,0,0,0,0,0,0,0,0,0,0,0,0,0,745914,,0,0.0,,burst-0.85-14,burst,0.85,14,p2c,main,,3b80ab2de88c353c4328d58194b2d04c9b322f38b87b13f402042a74b93bf7b8,0.1852174349996858
qbr,4d2d3eb4cb17d7f3,110930,110930,90105,25206.5479812,47.6211340978,279.670638975,356.116285654,75.9440266018,0.365751068198,2.85745,4.50525,205.300898629,0.399154714889,335.329535207,0.23138238573,86287,5416592,24199952,0.0253837432811,0.0276734999999,0.114007767532,3223,204,3019,0,0,39,67,475.7,1.71794871795,5,0,0,172,58.8424635712,1168849,0.9104477611940298,67,0.0007435769380167583,12.405019325624474,burst-0.85-14,burst,0.85,14,qbr,main,,3b80ab2de88c353c4328d58194b2d04c9b322f38b87b13f402042a74b93bf7b8,0.3209771390002061
single,4d2d3eb4cb17d7f3,110930,110930,90105,25206.5479812,47.6697552319,279.390248726,356.830875341,75.9102563135,0.366483546973,2.85415,4.50525,202.841304503,0.399847571537,334.657883782,0.232274247492,86391,5421648,24198704,0.0251761718749,0.0282567499999,0.114009267532,3280,204,3076,0,0,53,53,376.3,1,1,0,0,123,60.7940898492,1169364,0.9245283018867925,53,0.0005882026524610177,11.718331236379681,burst-0.85-14,burst,0.85,14,single,main,,3b80ab2de88c353c4328d58194b2d04c9b322f38b87b13f402042a74b93bf7b8,0.3091462920001504
steal,4d2d3eb4cb17d7f3,110930,110930,90105,25206.5479812,47.1375862572,279.951309614,351.506109682,75.6660140655,0.364996393097,2.86085,4.50525,202.637666836,0.398531143906,333.318602124,0.230100334448,92203,5699952,24584016,0.0472349999998,0.0573187499998,0.113998767532,13950,6890,7060,0,0,1213,2554,20508.4,2.10552349547,13,0,0,4443,248.223723801,1236731,0.8758297540023429,2561,0.028422396093446534,8.434461654851216,burst-0.85-14,burst,0.85,14,steal,main,,3b80ab2de88c353c4328d58194b2d04c9b322f38b87b13f402042a74b93bf7b8,0.29824385899974004
threshold,4d2d3eb4cb17d7f3,110930,110930,90105,25206.5479812,47.7184249871,277.992493542,359.703561672,75.7609723731,0.366805393707,2.8527,4.50525,203.045145807,0.400290999792,334.993541666,0.232107023411,115320,6808496,24442528,0.0508106050008,0.0637749999999,0.113979267532,17449,1526,15923,0,0,674,1644,14332.4,2.43916913947,10,0,0,2904,221.252932647,1273174,0.9146489104116223,1652,0.018334165695577383,11.170402158781357,burst-0.85-14,burst,0.85,14,threshold,main,,3b80ab2de88c353c4328d58194b2d04c9b322f38b87b13f402042a74b93bf7b8,0.3211978619992806
work,4d2d3eb4cb17d7f3,110930,110930,90105,25373.7140639,287.348087531,517.466327336,591.770985376,296.460985431,0.993529770823,0.02915,4.50525,435.139229235,0.99578743158,568.539485673,0.984448160535,15936,1019904,23988096,0.00398400000004,0.00398400000004,0.247264774001,0,0,0,0,0,0,0,0,0,0,0,0,0,0,857377,,0,0.0,,burst-0.85-14,burst,0.85,14,work,main,,3b80ab2de88c353c4328d58194b2d04c9b322f38b87b13f402042a74b93bf7b8,0.2612750230000529
bwc,cba929d4bbb3c73f,110277,110277,89606,26048.4375811,496.649278784,1078.77539143,1151.25462933,553.279798267,0.993460259358,0.0293,4.4803,997.792751935,0.995291561029,1132.9743261,0.98608305275,62828,4020992,23058944,0.0157070000001,0.0223920000002,0.180127000001,0,0,0,0,0,0,0,0,0,0,46892,1.83139981233,0,0,984548,,0,0.0,,burst-0.85-15,burst,0.85,15,bwc,main,,1b364d15dbbb09815ac302b49a6387d9db49b37444ac4ea6a1d867eddcb9fb34,0.2443092120001893
jbsq,cba929d4bbb3c73f,110277,110277,89606,25196.4782527,45.4362906236,270.564143539,340.068877449,71.8201054526,0.356460504877,2.88325,4.4803,190.401487567,0.389393475051,320.537418416,0.22379349046,0,0,24046656,0,0,0.223999614677,0,0,0,0,0,0,0,0,0,0,0,0,0,0,771938,,0,0.0,,burst-0.85-15,burst,0.85,15,jbsq,main,,1b364d15dbbb09815ac302b49a6387d9db49b37444ac4ea6a1d867eddcb9fb34,0.20386284600044746
jsw,cba929d4bbb3c73f,110277,110277,89606,25196.4782527,48.901212598,274.66624386,344.184289729,75.1779005874,0.368189630159,2.8307,4.4803,196.424801778,0.402418298833,327.357656636,0.230303030303,15936,1019904,24047424,0.00398400000004,0.00398400000004,0.113510774002,0,0,0,0,0,0,0,0,0,0,0,0,0,0,741964,,0,0.0,,burst-0.85-15,burst,0.85,15,jsw,main,,1b364d15dbbb09815ac302b49a6387d9db49b37444ac4ea6a1d867eddcb9fb34,0.18676773900006083
p2c,cba929d4bbb3c73f,110277,110277,89606,25196.4782527,48.0114672885,287.348087531,368.460735248,75.3345141006,0.369495346294,2.82485,4.4803,226.986361529,0.405148636224,348.34935948,0.225869809203,15936,1019904,24047680,0.00398400000004,0.00398400000004,0.113510774002,0,0,0,0,0,0,0,0,0,0,0,0,0,0,741964,,0,0.0,,burst-0.85-15,burst,0.85,15,p2c,main,,1b364d15dbbb09815ac302b49a6387d9db49b37444ac4ea6a1d867eddcb9fb34,0.18222609799977363
qbr,cba929d4bbb3c73f,110277,110277,89606,25196.4782527,49.1011170553,276.0473345,344.875003493,75.2228278286,0.368390509564,2.8298,4.4803,198.806972967,0.402487950297,326.374550533,0.231032547699,86178,5411376,24058496,0.0252563439999,0.0280779999999,0.113510000002,3188,173,3015,0,0,48,76,539.6,1.58333333333,4,0,0,219,58.9133189361,1164327,0.9210526315789473,76,0.0008481574894538312,14.84849650922505,burst-0.85-15,burst,0.85,15,qbr,main,,1b364d15dbbb09815ac302b49a6387d9db49b37444ac4ea6a1d867eddcb9fb34,0.35985455399986677
single,cba929d4bbb3c73f,110277,110277,89606,25196.4782527,47.7671434121,274.941910104,344.529474019,75.053976336,0.366526795081,2.83815,4.4803,198.407957644,0.400189451982,325.068319541,0.230920314254,86231,5413968,24056128,0.0250492343749,0.0282037499999,0.113510000002,3204,195,3009,0,0,52,52,369.2,1,1,0,0,118,75.4028709848,1164582,0.8461538461538461,52,0.0005803182822578845,10.89048854593681,burst-0.85-15,burst,0.85,15,single,main,,1b364d15dbbb09815ac302b49a6387d9db49b37444ac4ea6a1d867eddcb9fb34,0.324912089999998
steal,cba929d4bbb3c73f,110277,110277,89606,25199.1150568,48.2078074226,275.217852014,346.26058014,75.0901178264,0.366437515345,2.83855,4.4803,197.017668655,0.40042626696,326.701925084,0.229517396184,92722,5724672,24430208,0.0481265577811,0.0645876334998,0.113501000002,14338,7135,7203,0,0,1180,2466,20358.6,2.08983050847,11,0,0,4275,267.393103684,1236840,0.8596918085969181,2466,0.027520478539383525,7.946733115752362,burst-0.85-15,burst,0.85,15,steal,main,,1b364d15dbbb09815ac302b49a6387d9db49b37444ac4ea6a1d867eddcb9fb34,0.3234296149994407
threshold,cba929d4bbb3c73f,110277,110277,89606,25196.4782527,48.5037933691,274.66624386,344.875003493,75.1386515023,0.368100350423,2.8311,4.4803,198.208748895,0.401888947706,326.374550533,0.231986531987,115243,6804768,24287216,0.0506082656249,0.0670192499999,0.113474000002,17413,1466,15946,0,0,617,1575,13557.5,2.55267423015,11,0,0,2783,244.130091922,1267748,0.9314285714285714,1575,0.017576947972234,11.674305207587297,burst-0.85-15,burst,0.85,15,threshold,main,,1b364d15dbbb09815ac302b49a6387d9db49b37444ac4ea6a1d867eddcb9fb34,0.35288007400049537
work,cba929d4bbb3c73f,110277,110277,89606,25452.7141565,286.197572905,552.268050531,627.150097743,281.68587204,0.982914090574,0.07655,4.4803,481.948759221,0.993327389742,609.204189107,0.940965207632,15936,1019904,23727424,0.00398400000004,0.00398400000004,0.244800274,0,0,0,0,0,0,0,0,0,0,0,0,0,0,853056,,0,0.0,,burst-0.85-15,burst,0.85,15,work,main,,1b364d15dbbb09815ac302b49a6387d9db49b37444ac4ea6a1d867eddcb9fb34,0.22491583499959233
bwc,ae191d94d8754d38,110242,110242,89252,25962.877865,542.946610236,945.313854033,1019.99845908,533.157393334,0.993411912338,0.0294,4.4626,870.848139076,0.995866668535,996.794956978,0.983613891841,62500,4000000,23079552,0.0156250000001,0.0202040000001,0.179594625588,0,0,0,0,0,0,0,0,0,0,46564,1.8436560433,0,0,981966,,0,0.0,,burst-0.85-16,burst,0.85,16,bwc,main,,2340f71c8daaafff6cc71967be5c52bc3c347751b9f7706c83979ca024239eba,0.2817403799999738
jbsq,ae191d94d8754d38,110242,110242,89252,25175.9967449,35.6055621351,263.333578011,330.656048769,68.1035878745,0.329572446556,2.99185,4.4626,181.800653818,0.362780401003,311.039229005,0.197024774901,0,0,24000256,0,0,0.223082000001,0,0,0,0,0,0,0,0,0,0,0,0,0,0,771693,,0,0.0,,burst-0.85-16,burst,0.85,16,jbsq,main,,2340f71c8daaafff6cc71967be5c52bc3c347751b9f7706c83979ca024239eba,0.22071264799978962
jsw,ae191d94d8754d38,110242,110242,89252,25191.2586281,39.9824422592,267.32645734,337.014549544,71.7627650085,0.341471339578,2.93875,4.4626,187.930599023,0.374760056606,316.703932711,0.208601308652,15936,1019904,24000512,0.00398400000004,0.00398400000004,0.113156774002,0,0,0,0,0,0,0,0,0,0,0,0,0,0,741738,,0,0.0,,burst-0.85-16,burst,0.85,16,jsw,main,,2340f71c8daaafff6cc71967be5c52bc3c347751b9f7706c83979ca024239eba,0.20645585300007951
p2c,ae191d94d8754d38,110242,110242,89252,25186.1207554,42.3850649537,275.494069866,353.272168818,72.2454558712,0.348406758392,2.9078,4.4626,213.07304495,0.383909431001,335.329535207,0.206699849002,15936,1019904,23998848,0.00398400000004,0.00398400000004,0.113156774002,0,0,0,0,0,0,0,0,0,0,0,0,0,0,741722,,0,0.0,,burst-0.85-16,burst,0.85,16,p2c,main,,2340f71c8daaafff6cc71967be5c52bc3c347751b9f7706c83979ca024239eba,0.20017046700013452
qbr,ae191d94d8754d38,110242,110242,89252,25186.0736723,40.476945444,267.863378581,339.047713825,71.873943114,0.342479720342,2.93425,4.4626,188.119529622,0.376063106864,318.614928225,0.2084335328,85982,5401936,24014816,0.0251766249999,0.0264077499999,0.113156000002,3076,213,2863,0,0,58,88,624.8,1.51724137931,4,0,0,251,52.1072108179,1163295,0.9659090909090909,88,0.0009859723031416664,14.044466849144948,burst-0.85-16,burst,0.85,16,qbr,main,,2340f71c8daaafff6cc71967be5c52bc3c347751b9f7706c83979ca024239eba,0.3002986109995618
single,ae191d94d8754d38,110242,110242,89252,25175.9967449,40.7681565311,268.13224196,338.368637182,71.7502009245,0.343264016493,2.93075,4.4626,189.447344466,0.377212032899,320.858955834,0.207762429394,85920,5399040,24009712,0.0248117535683,0.0260709999999,0.113156000002,3031,232,2798,0,0,53,53,376.3,1,1,0,0,124,84.2380433669,1163177,0.9444444444444444,54,0.0006050284587460225,11.55252113445655,burst-0.85-16,burst,0.85,16,single,main,,2340f71c8daaafff6cc71967be5c52bc3c347751b9f7706c83979ca024239eba,0.2926690129997951
steal,ae191d94d8754d38,110242,110242,89252,25181.8188267,40.0644481262,266.790608333,339.387761538,71.6740654672,0.341180029579,2.94005,4.4626,189.067020358,0.374956214709,317.657997939,0.206364297299,92866,5731584,24424672,0.0489715781248,0.0555157499998,0.113141000002,15022,7266,7756,0,0,1294,2721,22739.1,2.1027820711,9,0,0,4904,253.424884337,1237666,0.8713126843657817,2712,0.03038587370591135,8.317788617349004,burst-0.85-16,burst,0.85,16,steal,main,,2340f71c8daaafff6cc71967be5c52bc3c347751b9f7706c83979ca024239eba,0.3540785839995806
threshold,ae191d94d8754d38,110242,110242,89252,25175.9967449,40.8935863469,267.32645734,339.047713825,71.797538041,0.34353291803,2.92955,4.4626,189.067020358,0.377576326519,318.295632593,0.207650578827,114251,6757184,24255984,0.0500923948734,0.0567137499999,0.113121500002,16889,1590,15298,0,0,690,1680,13923,2.4347826087,9,0,0,3116,221.408347262,1265048,0.9134844868735084,1676,0.018778290682561736,11.314237744189489,burst-0.85-16,burst,0.85,16,threshold,main,,2340f71c8daaafff6cc71967be5c52bc3c347751b9f7706c83979ca024239eba,0.4023302599998715
work,ae191d94d8754d38,110242,110242,89252,25326.0251744,200.612445584,404.450178307,471.917546244,199.101897988,0.930914713396,0.3083,4.4626,315.436287677,0.963990976727,451.570267241,0.79889267938,15936,1019904,23835456,0.00398400000004,0.00398400000004,0.245583274,0,0,0,0,0,0,0,0,0,0,0,0,0,0,852408,,0,0.0,,burst-0.85-16,burst,0.85,16,work,main,,2340f71c8daaafff6cc71967be5c52bc3c347751b9f7706c83979ca024239eba,0.25350646799961396
bwc,a4bed43a80dbe61e,110561,110561,89618,26274.7178766,493.179626314,1168.65996136,1243.43560262,571.893468046,0.99103974648,0.04015,4.4809,1093.99090059,0.994656595328,1221.24714902,0.976776257723,62442,3996288,23048384,0.0156105000001,0.0217320000001,0.179177500001,0,0,0,0,0,0,0,0,0,0,46506,1.83862297338,0,0,988026,,0,0.0,,burst-0.85-17,burst,0.85,17,bwc,main,,c4a843c84c65014a6c3c91f92b91ca4c19fabcc32f3f915840cfe8db693621e4,0.2550577530000737
jbsq,a4bed43a80dbe61e,110561,110561,89618,25295.637914,45.2972599058,264.12737201,336.339533138,70.8628414695,0.350264455801,2.9114,4.4809,179.080456342,0.385564414603,313.544297432,0.211054721977,0,0,24167296,0,0,0.224035794298,0,0,0,0,0,0,0,0,0,0,0,0,0,0,773926,,0,0.0,,burst-0.85-17,burst,0.85,17,jbsq,main,,c4a843c84c65014a6c3c91f92b91ca4c19fabcc32f3f915840cfe8db693621e4,0.21597527600079047
jsw,a4bed43a80dbe61e,110561,110561,89618,25309.2359718,48.901212598,268.940446351,341.435200737,74.7836762998,0.365060590506,2.8451,4.4809,187.930599023,0.400937194013,320.537418416,0.22357678729,15936,1019904,24166912,0.00398400000004,0.00398400000004,0.113521794299,0,0,0,0,0,0,0,0,0,0,0,0,0,0,744028,,0,0.0,,burst-0.85-17,burst,0.85,17,jsw,main,,c4a843c84c65014a6c3c91f92b91ca4c19fabcc32f3f915840cfe8db693621e4,0.19888964299934742
p2c,a4bed43a80dbe61e,110561,110561,89618,25288.6921483,50.1638286834,279.670638975,355.759526128,75.4001916007,0.371744515611,2.81515,4.4809,216.959288276,0.409987410827,335.665864743,0.220928949691,15936,1019904,24166720,0.00398400000004,0.00398400000004,0.113521794299,0,0,0,0,0,0,0,0,0,0,0,0,0,0,743962,,0,0.0,,burst-0.85-17,burst,0.85,17,p2c,main,,c4a843c84c65014a6c3c91f92b91ca4c19fabcc32f3f915840cfe8db693621e4,0.2077265849993637
qbr,a4bed43a80dbe61e,110561,110561,89618,25297.2086663,48.7021057634,269.480597184,341.777635938,74.8592031843,0.363643464483,2.85145,4.4809,186.425933123,0.399706252623,319.895306906,0.221425419241,86373,5420784,24180432,0.0254069374999,0.0270137499999,0.113521794299,3289,170,3119,0,0,54,80,568,1.48148148148,6,0,0,240,61.2928574277,1169040,0.9518072289156626,83,0.0009261532281461313,13.993124389537488,burst-0.85-17,burst,0.85,17,qbr,main,,c4a843c84c65014a6c3c91f92b91ca4c19fabcc32f3f915840cfe8db693621e4,0.31955956799993146
single,a4bed43a80dbe61e,110561,110561,89618,25300.066171,47.6697552319,269.480597184,343.494955323,74.7234195396,0.36146756232,2.8612,4.4809,186.988773388,0.396936634494,320.537418416,0.221590909091,86563,5429904,24176864,0.0253099687499,0.0269044999999,0.113521794299,3371,195,3176,0,0,53,53,376.3,1,1,0,0,124,81.2203857515,1170001,0.9259259259259259,54,0.0006025575219263987,12.383200696627329,burst-0.85-17,burst,0.85,17,single,main,,c4a843c84c65014a6c3c91f92b91ca4c19fabcc32f3f915840cfe8db693621e4,0.33196604199929425
steal,a4bed43a80dbe61e,110561,110561,89618,25297.6217634,47.2339095673,269.210386798,339.7281493,74.4778575231,0.359559463501,2.86975,4.4809,186.988773388,0.394614631417,319.254477697,0.221315092674,90949,5639664,24519984,0.0458256448942,0.0551717499999,0.113509794299,14177,6226,7951,0,0,1136,2259,18223.9,1.98855633803,10,0,0,3960,249.622695402,1229153,0.8529020824102791,2257,0.025184672721997814,7.868745815006489,burst-0.85-17,burst,0.85,17,steal,main,,c4a843c84c65014a6c3c91f92b91ca4c19fabcc32f3f915840cfe8db693621e4,0.34171059599975706
threshold,a4bed43a80dbe61e,110561,110561,89618,25288.6921483,47.7184249871,269.751077782,341.435200737,74.6716863251,0.362326764712,2.85735,4.4809,188.877143215,0.397817876626,319.895306906,0.222363195057,116139,6847680,24385168,0.0512610441249,0.0601344999999,0.113487294299,17874,1439,16434,0,0,611,1434,11511.4,2.34697217676,9,0,0,2703,184.257591237,1276133,0.909853249475891,1431,0.015967774331049567,10.95546676197828,burst-0.85-17,burst,0.85,17,threshold,main,,c4a843c84c65014a6c3c91f92b91ca4c19fabcc32f3f915840cfe8db693621e4,0.31146740400072304
work,a4bed43a80dbe61e,110561,110561,89618,25687.2740472,281.358878486,659.339544246,739.774827068,315.792797284,0.964940079002,0.1571,4.4809,606.769462209,0.978402573787,723.663706898,0.911849073257,15936,1019904,23704320,0.00398400000004,0.00398400000004,0.243719738503,0,0,0,0,0,0,0,0,0,0,0,0,0,0,855792,,0,0.0,,burst-0.85-17,burst,0.85,17,work,main,,c4a843c84c65014a6c3c91f92b91ca4c19fabcc32f3f915840cfe8db693621e4,0.21464545599974372
bwc,d74b3f6afe81f352,110392,110392,89390,25978.5271261,557.825694607,930.300762514,1015.92465484,545.208093536,0.996162881754,0.01715,4.4695,873.46629991,0.998181767322,989.838246933,0.988095238095,62018,3969152,23179136,0.0155045000001,0.0217120000002,0.179251500001,0,0,0,0,0,0,0,0,0,0,46082,1.87086063973,0,0,979068,,0,0.0,,burst-0.85-18,burst,0.85,18,bwc,main,,b88c614dd88c9d914070cb9270c416cfdcb9b577c5421e76c93725d2fbc5329d,0.30952741900000547
jbsq,d74b3f6afe81f352,110392,110392,89390,25207.8345346,40.5184223894,262.015865891,339.047713825,68.7410927844,0.340396017452,2.9481,4.4695,179.260536798,0.376262273071,317.021636644,0.19707131679,0,0,24034688,0,0,0.223496861121,0,0,0,0,0,0,0,0,0,0,0,0,0,0,772743,,0,0.0,,burst-0.85-18,burst,0.85,18,jbsq,main,,b88c614dd88c9d914070cb9270c416cfdcb9b577c5421e76c93725d2fbc5329d,0.2230586770001537
jsw,d74b3f6afe81f352,110392,110392,89390,25207.8345346,45.762321447,267.863378581,343.494955323,73.0139205024,0.359178879069,2.86415,4.4695,187.930599023,0.395689389913,323.442857578,0.213279678068,15936,1019904,24035904,0.00398400000004,0.00398400000004,0.113294618051,0,0,0,0,0,0,0,0,0,0,0,0,0,0,742690,,0,0.0,,burst-0.85-18,burst,0.85,18,jsw,main,,b88c614dd88c9d914070cb9270c416cfdcb9b577c5421e76c93725d2fbc5329d,0.18979361400033667
p2c,d74b3f6afe81f352,110392,110392,89390,25207.8345346,45.2972599058,277.713779762,360.425329499,73.2569915177,0.360118581497,2.85995,4.4695,215.87275361,0.396990125598,340.068877449,0.21277665996,15936,1019904,24035840,0.00398400000004,0.00398400000004,0.113294618051,0,0,0,0,0,0,0,0,0,0,0,0,0,0,742690,,0,0.0,,burst-0.85-18,burst,0.85,18,p2c,main,,b88c614dd88c9d914070cb9270c416cfdcb9b577c5421e76c93725d2fbc5329d,0.20056259000011778
qbr,d74b3f6afe81f352,110392,110392,89390,25207.8345346,45.1586454474,267.594783797,341.435200737,72.823031696,0.356796062199,2.8748,4.4695,187.741857166,0.392780217628,321.8254986,0.213000223564,86263,5415376,24047264,0.0253239999999,0.0271139999999,0.113292500002,3232,173,3059,0,0,46,74,525.4,1.60869565217,4,0,0,213,60.68854117,1165405,0.9054054054054054,74,0.0008278330909497707,13.398027916418819,burst-0.85-18,burst,0.85,18,qbr,main,,b88c614dd88c9d914070cb9270c416cfdcb9b577c5421e76c93725d2fbc5329d,0.3186230640003487
single,d74b3f6afe81f352,110392,110392,89390,25207.8345346,44.4263472087,267.32645734,343.494955323,72.8084797301,0.354066450386,2.887,4.4695,187.364938923,0.389885031749,322.794943895,0.210932260228,86418,5422816,24045392,0.0252043749999,0.0273139999999,0.113294000002,3301,199,3102,0,0,55,55,390.5,1,1,0,0,141,64.7578960571,1166058,0.9818181818181818,55,0.0006152813513815863,12.360977677664811,burst-0.85-18,burst,0.85,18,single,main,,b88c614dd88c9d914070cb9270c416cfdcb9b577c5421e76c93725d2fbc5329d,0.3308246680007869
steal,d74b3f6afe81f352,110392,110392,89390,25207.8345346,45.1586454474,268.670775576,344.184289729,72.6779202519,0.357064548607,2.8736,4.4695,187.930599023,0.393367646647,323.442857578,0.211994187346,91813,5681168,24403600,0.0468742433417,0.0572739999998,0.113282000002,14203,6659,7543,0,0,1139,2380,19178,2.08955223881,11,0,0,4090,245.231430955,1234195,0.8504829903401931,2381,0.026636089047991945,8.21048254909259,burst-0.85-18,burst,0.85,18,steal,main,,b88c614dd88c9d914070cb9270c416cfdcb9b577c5421e76c93725d2fbc5329d,0.3447670619998462
threshold,d74b3f6afe81f352,110392,110392,89390,25207.8345346,45.1586454474,266.523085247,343.839450279,72.6773211,0.356404519521,2.87655,4.4695,186.800972415,0.392234747825,324.092067736,0.213223787167,115617,6822688,24282016,0.050962139591,0.0621109999999,0.113258000002,17598,1491,16112,0,0,642,1629,13465.9,2.53738317757,9,0,0,2892,211.009756257,1269689,0.9123774509803921,1632,0.01825707573554089,10.695685069024535,burst-0.85-18,burst,0.85,18,threshold,main,,b88c614dd88c9d914070cb9270c416cfdcb9b577c5421e76c93725d2fbc5329d,0.3066946569997526
work,d74b3f6afe81f352,110392,110392,89390,25396.3980533,235.812057916,461.169887245,535.388168767,241.191679273,0.978588208972,0.0957,4.4695,384.685775375,0.996335561834,515.397636339,0.907668231612,15936,1019904,23809664,0.00398400000004,0.00398400000004,0.245244504599,0,0,0,0,0,0,0,0,0,0,0,0,0,0,853683,,0,0.0,,burst-0.85-18,burst,0.85,18,work,main,,b88c614dd88c9d914070cb9270c416cfdcb9b577c5421e76c93725d2fbc5329d,0.217821854000249
bwc,2a10d2b34417df58,110134,110134,89423,25918.9573552,540.776252402,966.352821593,1042.69785565,530.266332157,0.994095478792,0.0264,4.47115,906.410800303,0.9966541606,1024.08858299,0.983936412651,62268,3985152,23141440,0.0155670000001,0.0193840000001,0.179356000001,0,0,0,0,0,0,0,0,0,0,46332,1.85532677199,0,0,979614,,0,0.0,,burst-0.85-19,burst,0.85,19,bwc,main,,424b33b270c4578efedfc5015d961a1eb1c1cf2865a9f1093f6e8bfebafe9708,0.24382069500006764
jbsq,2a10d2b34417df58,110134,110134,89423,25146.9756409,39.4938347208,270.564143539,341.777635938,69.9854944517,0.33877190432,2.95645,4.47115,193.876155541,0.372326128346,319.895306906,0.205547218053,0,0,24077056,0,0,0.223541000001,0,0,0,0,0,0,0,0,0,0,0,0,0,0,770937,,0,0.0,,burst-0.85-19,burst,0.85,19,jbsq,main,,424b33b270c4578efedfc5015d961a1eb1c1cf2865a9f1093f6e8bfebafe9708,0.22483939299945632
jsw,2a10d2b34417df58,110134,110134,89423,25147.8301333,44.5627625748,274.941910104,344.875003493,73.7560629208,0.354595573846,2.8857,4.47115,198.607365602,0.389419307873,325.720782248,0.216330387416,15936,1019904,24077248,0.00398400000004,0.00398400000004,0.113327000002,0,0,0,0,0,0,0,0,0,0,0,0,0,0,740952,,0,0.0,,burst-0.85-19,burst,0.85,19,jsw,main,,424b33b270c4578efedfc5015d961a1eb1c1cf2865a9f1093f6e8bfebafe9708,0.21963060000052792
p2c,2a10d2b34417df58,110134,110134,89423,25149.9559379,44.6995875964,285.051648855,376.674788535,73.6047837672,0.357514286034,2.87265,4.47115,220.030632163,0.394487064621,344.184289729,0.210716469346,15936,1019904,24076736,0.00398400000004,0.00398400000004,0.113327000002,0,0,0,0,0,0,0,0,0,0,0,0,0,0,740958,,0,0.0,,burst-0.85-19,burst,0.85,19,p2c,main,,424b33b270c4578efedfc5015d961a1eb1c1cf2865a9f1093f6e8bfebafe9708,0.20677304699984234
qbr,2a10d2b34417df58,110134,110134,89423,25146.9756409,44.471773556,274.941910104,341.093107629,73.7084040584,0.355244176554,2.8828,4.47115,198.806972967,0.390133273603,325.068319541,0.216719470847,86255,5415120,24089824,0.0253622812499,0.0284059999999,0.113327000002,3212,202,3009,0,0,50,84,596.4,1.68,4,0,0,259,69.7047628691,1162496,0.9166666666666666,84,0.0009393556467575456,15.250289174763198,burst-0.85-19,burst,0.85,19,qbr,main,,424b33b270c4578efedfc5015d961a1eb1c1cf2865a9f1093f6e8bfebafe9708,0.29318676799994137
single,2a10d2b34417df58,110134,110134,89423,25146.9756409,44.6995875964,273.840896374,342.120413574,73.6584466167,0.355009337642,2.88385,4.47115,198.607365602,0.389783290402,325.39438786,0.216941804235,86152,5410176,24088096,0.0249960624999,0.0274587499999,0.113327000002,3168,198,2970,0,0,62,62,440.2,1,1,0,0,141,84.3067518702,1162325,0.967741935483871,62,0.000693333929749617,14.632214519148112,burst-0.85-19,burst,0.85,19,single,main,,424b33b270c4578efedfc5015d961a1eb1c1cf2865a9f1093f6e8bfebafe9708,0.29841581900018355
steal,2a10d2b34417df58,110134,110134,89423,25146.9756409,44.2450951764,274.390853007,343.494955323,73.4565248176,0.353969336748,2.8885,4.47115,199.00677994,0.388621346175,324.092067736,0.216385970763,92914,5734016,24461472,0.0486307081561,0.0618354999998,0.113312000002,14644,7250,7394,0,0,1221,2462,19950.2,2.01638001638,9,0,0,4230,257.765556891,1236042,0.846185064935065,2464,0.027554432304888004,7.063261242786397,burst-0.85-19,burst,0.85,19,steal,main,,424b33b270c4578efedfc5015d961a1eb1c1cf2865a9f1093f6e8bfebafe9708,0.3253878719997374
threshold,2a10d2b34417df58,110134,110134,89423,25146.9756409,44.3356306119,273.840896374,347.30340401,73.7190563497,0.355188262528,2.88305,4.47115,201.015872088,0.389825288386,324.742576964,0.217664387749,115178,6801552,24340112,0.0506436223749,0.0637412499999,0.113294000002,17384,1498,15883,0,0,648,1729,14935.9,2.66820987654,11,0,0,3029,216.125,1264580,0.9117817759721416,1723,0.019267973563848226,10.851883833940683,burst-0.85-19,burst,0.85,19,threshold,main,,424b33b270c4578efedfc5015d961a1eb1c1cf2865a9f1093f6e8bfebafe9708,0.3496935339999254
work,2a10d2b34417df58,110134,110134,89423,25267.1725388,197.612315912,399.21603821,463.485363004,199.827290255,0.95645415609,0.1947,4.47115,305.169358368,0.994834247956,443.056821891,0.804068701017,15936,1019904,23923904,0.00398400000004,0.00398400000004,0.2460505,0,0,0,0,0,0,0,0,0,0,0,0,0,0,851465,,0,0.0,,burst-0.85-19,burst,0.85,19,work,main,,424b33b270c4578efedfc5015d961a1eb1c1cf2865a9f1093f6e8bfebafe9708,0.2366657259999556
bwc,5c361a1145c8b51f,109968,109968,89196,26070.7346604,710.031824045,1052.12879728,1131.84148462,667.405985248,0.994551325172,0.0243,4.4598,979.00413915,0.996623609516,1109.42081704,0.986249859692,62381,3992384,23038400,0.0155953447538,0.0222480000001,0.179238274001,0,0,0,0,0,0,0,0,0,0,46445,1.84446119066,0,0,980032,,0,0.0,,burst-0.85-20,burst,0.85,20,bwc,main,,938b78a9367bdcadcfc4adb89f19180f73e9f035ecbd2711a451d35738a180d2,0.263034585999776
jbsq,5c361a1145c8b51f,109968,109968,89196,25300.6430227,43.6610057384,276.0473345,346.607840721,72.0643360926,0.352437329028,2.888,4.4598,201.82514848,0.384432177982,329.332734513,0.224267594567,0,0,23967296,0,0,0.222984000001,0,0,0,0,0,0,0,0,0,0,0,0,0,0,769775,,0,0.0,,burst-0.85-20,burst,0.85,20,jbsq,main,,938b78a9367bdcadcfc4adb89f19180f73e9f035ecbd2711a451d35738a180d2,0.22551416300029814
jsw,5c361a1145c8b51f,109968,109968,89196,25300.0011146,47.427134802,282.20680248,355.403123005,75.8238231146,0.368301269115,2.81725,4.4598,211.793090253,0.401202051052,334.322561221,0.23650241329,15936,1019904,23967936,0.00398400000004,0.00398400000004,0.113100774002,0,0,0,0,0,0,0,0,0,0,0,0,0,0,740440,,0,0.0,,burst-0.85-20,burst,0.85,20,jsw,main,,938b78a9367bdcadcfc4adb89f19180f73e9f035ecbd2711a451d35738a180d2,0.19841678899956605
p2c,5c361a1145c8b51f,109968,109968,89196,25326.2823202,48.1095392346,294.64396101,382.379738574,76.1379763729,0.372651239966,2.79785,4.4598,235.10304025,0.407142256718,356.116285654,0.23448198451,15936,1019904,23967232,0.00398400000004,0.00398400000004,0.113100774002,0,0,0,0,0,0,0,0,0,0,0,0,0,0,740524,,0,0.0,,burst-0.85-20,burst,0.85,20,p2c,main,,938b78a9367bdcadcfc4adb89f19180f73e9f035ecbd2711a451d35738a180d2,0.20980965300077514
qbr,5c361a1145c8b51f,109968,109968,89196,25296.2563832,48.2078074226,281.076801684,354.691384544,75.9409092092,0.369803578636,2.81055,4.4598,208.62658502,0.40323348931,333.987573647,0.235885060052,86422,5423072,23976912,0.0254274807499,0.0281672499999,0.113098500002,3309,166,3144,0,0,39,60,426,1.53846153846,4,0,0,162,61.40591217,1165255,0.9333333333333333,60,0.0006726759047490919,14.225346170245286,burst-0.85-20,burst,0.85,20,qbr,main,,938b78a9367bdcadcfc4adb89f19180f73e9f035ecbd2711a451d35738a180d2,0.29141339599937055
single,5c361a1145c8b51f,109968,109968,89196,25296.2563832,48.3062722452,281.358878486,352.564685882,75.9314969541,0.369433606888,2.8122,4.4598,209.676816308,0.402771161983,334.657883782,0.235885060052,86243,5414544,23975216,0.0250537299686,0.0267134999999,0.113098500002,3212,186,3027,0,0,49,49,347.9,1,1,0,0,116,84.2266465201,1164892,0.9591836734693877,49,0.000549351988878425,14.897986718901327,burst-0.85-20,burst,0.85,20,single,main,,938b78a9367bdcadcfc4adb89f19180f73e9f035ecbd2711a451d35738a180d2,0.2841063209998538
steal,5c361a1145c8b51f,109968,109968,89196,25307.0962189,47.6697552319,282.20680248,350.45070287,75.8467783029,0.365599354231,2.8293,4.4598,212.005883344,0.398259968057,333.652920726,0.234762599618,93394,5757120,24337440,0.0487383107499,0.0596149999998,0.113086102002,14183,7453,6729,0,0,1150,2332,20737.2,2.02782608696,11,0,0,3986,277.565774102,1234529,0.8693230505569837,2334,0.026167092694739675,7.6537260181640425,burst-0.85-20,burst,0.85,20,steal,main,,938b78a9367bdcadcfc4adb89f19180f73e9f035ecbd2711a451d35738a180d2,0.30651999700057786
threshold,5c361a1145c8b51f,109968,109968,89196,25300.4147607,49.0010649244,282.490009283,356.473401939,75.7720481574,0.368660029598,2.81565,4.4598,211.793090253,0.402589033035,336.339533138,0.232742170838,115541,6818896,24213648,0.0508628952785,0.0614462499999,0.113067000002,17560,1477,16082,0,0,612,1600,14495,2.61437908497,10,0,0,2614,212.106830915,1270135,0.9139114160948222,1603,0.017971657921879904,10.392094048767714,burst-0.85-20,burst,0.85,20,threshold,main,,938b78a9367bdcadcfc4adb89f19180f73e9f035ecbd2711a451d35738a180d2,0.37820798800021294
work,5c361a1145c8b51f,109968,109968,89196,25465.2120158,310.416085418,536.461481493,604.344449921,314.947156841,0.993418987399,0.02935,4.4598,445.281551011,0.995754994536,587.050086311,0.984061061848,15936,1019904,23751616,0.00398400000004,0.00398400000004,0.244873120733,0,0,0,0,0,0,0,0,0,0,0,0,0,0,850933,,0,0.0,,burst-0.85-20,burst,0.85,20,work,main,,938b78a9367bdcadcfc4adb89f19180f73e9f035ecbd2711a451d35738a180d2,0.25130318500032445
bwc,a82089889379428,123678,123678,100222,29026.2463829,2353.58221518,3845.32432681,3958.44348624,2303.19028513,1,0,5.0111,3833.80839337,1,3930.83791449,1,62002,3968128,23067712,0.0155005000001,0.0236960000002,0.178623500001,0,0,0,0,0,0,0,0,0,0,46066,1.85894151869,0,0,1101160,,0,0.0,,burst-0.95-11,burst,0.95,11,bwc,main,,8c8fa552fa0d5b415a14bd486b2645030fb2bb4e0ea4c1232a6b0b6f3a304de4,0.27321264700003667
jbsq,a82089889379428,123678,123678,100222,25760.1947092,498.642863786,802.242153088,885.788723725,463.937677864,0.989952305881,0.05035,5.0111,751.716533465,0.994326772883,863.904636162,0.972619695994,0,0,26284544,0,0,0.243821970832,0,0,0,0,0,0,0,0,0,0,0,0,0,0,865745,,0,0.0,,burst-0.95-11,burst,0.95,11,jbsq,main,,8c8fa552fa0d5b415a14bd486b2645030fb2bb4e0ea4c1232a6b0b6f3a304de4,0.29239811499974167
jsw,a82089889379428,123678,123678,100222,25774.9526886,503.157678736,820.921372555,910.045891599,470.83826704,0.991987787113,0.04015,5.0111,773.079604638,0.995888784755,886.675512448,0.976531167995,15936,1019904,26823360,0.00398400000004,0.00398400000004,0.124126774002,0,0,0,0,0,0,0,0,0,0,0,0,0,0,824214,,0,0.0,,burst-0.95-11,burst,0.95,11,jsw,main,,8c8fa552fa0d5b415a14bd486b2645030fb2bb4e0ea4c1232a6b0b6f3a304de4,0.2640733710004497
p2c,a82089889379428,123678,123678,100222,25789.8955361,502.150873837,869.107054859,980.965127432,474.944414801,0.990860290156,0.0458,5.0111,823.389603259,0.995838800375,934.031557095,0.97113432688,15936,1019904,26823872,0.00398400000004,0.00398400000004,0.124126774002,0,0,0,0,0,0,0,0,0,0,0,0,0,0,824262,,0,0.0,,burst-0.95-11,burst,0.95,11,p2c,main,,8c8fa552fa0d5b415a14bd486b2645030fb2bb4e0ea4c1232a6b0b6f3a304de4,0.23505425800067314
qbr,a82089889379428,123678,123678,100222,25797.7233793,505.177336414,819.279992291,906.410800303,471.478664396,0.992157410549,0.0393,5.0111,766.147594437,0.996063730084,880.486564397,0.976679704907,92456,5712720,26824384,0.0298437187499,0.0330499999999,0.124124500002,6389,0,6390,0,0,0,0,0,0,0,0,0,0,190.488914154,1280396,0.4594594594594595,37,0.0003691804194687793,-1.3982860807233453,burst-0.95-11,burst,0.95,11,qbr,main,,8c8fa552fa0d5b415a14bd486b2645030fb2bb4e0ea4c1232a6b0b6f3a304de4,0.4345601609993537
single,a82089889379428,123678,123678,100222,25770.0843468,505.683513751,814.375492384,904.598697309,471.566589106,0.99225718904,0.0388,5.0111,774.628537926,0.996101218369,881.368050961,0.977026291033,92730,5725808,26823168,0.0300607499999,0.0336499999999,0.124124500002,6529,0,6528,0,0,0,0,0,0,0,0,0,0,233.415642359,1279905,0.4444444444444444,9,8.980064257348687e-05,-0.5843497569827983,burst-0.95-11,burst,0.95,11,single,main,,8c8fa552fa0d5b415a14bd486b2645030fb2bb4e0ea4c1232a6b0b6f3a304de4,0.3452711720001389
steal,a82089889379428,123678,123678,100222,25758.2737316,506.190197264,816.824065803,908.226529314,472.003621879,0.992666280856,0.03675,5.0111,769.991011561,0.996588566073,879.605958438,0.977125315641,79680,5099520,26824960,0.0198720312499,0.0199099999999,0.124126000002,15,0,15,0,0,0,0,0,0,0,0,0,0,200.412947424,1240723,0.53125,32,0.00031929117359461994,8.565918648984052,burst-0.95-11,burst,0.95,11,steal,main,,8c8fa552fa0d5b415a14bd486b2645030fb2bb4e0ea4c1232a6b0b6f3a304de4,0.34338231699985045
threshold,a82089889379428,123678,123678,100222,25830.1358408,504.671664749,820.100272283,907.318211103,471.337779188,0.991927920018,0.04045,5.0111,767.682656774,0.99572633552,882.250419012,0.976877754122,142564,8110864,26825328,0.0692801551249,0.0871501459999,0.123988000002,31664,1,31662,0,0,1,1,7.1,1,1,0,0,5,242.088085273,1459189,0.5581395348837209,43,0.00042904751451777057,11.068246930841566,burst-0.95-11,burst,0.95,11,threshold,main,,8c8fa552fa0d5b415a14bd486b2645030fb2bb4e0ea4c1232a6b0b6f3a304de4,0.3832183209997311
work,a82089889379428,123678,123678,100222,28199.8612612,1936.62063486,3049.28154037,3145.27245655,1853.11689181,1,0,5.0111,3012.9149777,1,3120.21516619,1,15936,1019904,23734848,0.00398400000004,0.00398400000004,0.2442615,0,0,0,0,0,0,0,0,0,0,0,0,0,0,955619,,0,0.0,,burst-0.95-11,burst,0.95,11,work,main,,8c8fa552fa0d5b415a14bd486b2645030fb2bb4e0ea4c1232a6b0b6f3a304de4,0.2778899260001708
bwc,26848fcad034b9a2,123332,123332,99905,28870.8780747,2425.25354937,3654.17311135,3754.15650694,2295.29812874,1,0,4.99525,3635.95194571,1,3731.70421637,1,62163,3978432,23141696,0.0155407500001,0.0187960000002,0.179247500001,0,0,0,0,0,0,0,0,0,0,46227,1.86006013801,0,0,1097438,,0,0.0,,burst-0.95-12,burst,0.95,12,bwc,main,,2a58216f3a727d8616c724036552970d5244c4be718b1d40ddeeb1f795883543,0.2914074789996448
jbsq,26848fcad034b9a2,123332,123332,99905,25610.2403966,461.169887245,735.345692986,813.560931453,441.85003361,0.991561983885,0.04215,4.99525,681.483038477,0.993079021802,795.048987468,0.985502174674,0,0,26387520,0,0,0.245185327913,0,0,0,0,0,0,0,0,0,0,0,0,0,0,863323,,0,0.0,,burst-0.95-12,burst,0.95,12,jbsq,main,,2a58216f3a727d8616c724036552970d5244c4be718b1d40ddeeb1f795883543,0.23503055099990888
jsw,26848fcad034b9a2,123332,123332,99905,25577.4866343,463.949848367,749.462892648,831.670695924,447.302099615,0.99254291577,0.03725,4.99525,697.354031314,0.994105278967,807.881744386,0.986302054692,15936,1019904,26743744,0.00398400000004,0.00398400000004,0.123809827914,0,0,0,0,0,0,0,0,0,0,0,0,0,0,821509,,0,0.0,,burst-0.95-12,burst,0.95,12,jsw,main,,2a58216f3a727d8616c724036552970d5244c4be718b1d40ddeeb1f795883543,0.26444199999968987
p2c,26848fcad034b9a2,123332,123332,99905,25703.0025602,460.708179066,799.837238061,900.08425617,450.045893515,0.992502877734,0.03745,4.99525,757.001382618,0.994393131586,866.501945649,0.984952257161,15936,1019904,26743616,0.00398400000004,0.00398400000004,0.123809827914,0,0,0,0,0,0,0,0,0,0,0,0,0,0,821908,,0,0.0,,burst-0.95-12,burst,0.95,12,p2c,main,,2a58216f3a727d8616c724036552970d5244c4be718b1d40ddeeb1f795883543,0.23706242000025668
qbr,26848fcad034b9a2,123332,123332,99905,25606.5562608,466.746531011,748.713179469,837.516906052,448.714704606,0.993493819128,0.0325,4.99525,698.751437731,0.995381842757,812.747184268,0.985952107184,92427,5711376,26745408,0.0298190624999,0.0322099999999,0.123809827914,6374,0,6373,0,0,0,0,0,0,0,0,0,0,187.149869043,1273588,0.5526315789473685,38,0.0003803613432761123,9.858597146518628,burst-0.95-12,burst,0.95,12,qbr,main,,2a58216f3a727d8616c724036552970d5244c4be718b1d40ddeeb1f795883543,0.3310601000002862
single,26848fcad034b9a2,123332,123332,99905,25615.1918868,465.346093227,749.462892648,834.171206856,447.362744448,0.992703067915,0.03645,4.99525,693.872712075,0.994355585592,811.934250018,0.986102084687,92203,5700624,26743488,0.0296436741833,0.0324349999999,0.123808327914,6262,0,6261,0,0,0,0,0,0,0,0,0,0,102.251262879,1272169,0.25,8,8.007607226865522e-05,-9.506675544967038,burst-0.95-12,burst,0.95,12,single,main,,2a58216f3a727d8616c724036552970d5244c4be718b1d40ddeeb1f795883543,0.32923440499962453
steal,26848fcad034b9a2,123332,123332,99905,25570.3195117,464.414798216,747.964215254,825.865246062,447.221844993,0.993103448276,0.03445,4.99525,698.052385346,0.994906260169,807.881744386,0.985902114683,79682,5099616,26744128,0.0198884687499,0.0199239999999,0.123809827914,33,1,32,0,0,0,0,0,0,0,0,0,0,236.147494553,1234232,0.6818181818181818,22,0.00022020919873880186,11.54324461299422,burst-0.95-12,burst,0.95,12,steal,main,,2a58216f3a727d8616c724036552970d5244c4be718b1d40ddeeb1f795883543,0.3518623050003953
threshold,26848fcad034b9a2,123332,123332,99905,25599.8301478,464.880213014,747.964215254,829.177671546,447.536942023,0.992863220059,0.03565,4.99525,693.872712075,0.994543315562,807.073670715,0.986152077188,142522,8108544,26744384,0.0692600223399,0.0833599954396,0.123673327914,31653,0,31651,0,0,0,0,0,0,0,0,0,0,200.330365897,1451401,0.43333333333333335,30,0.0003002852710074571,1.784731125792799,burst-0.95-12,burst,0.95,12,threshold,main,,2a58216f3a727d8616c724036552970d5244c4be718b1d40ddeeb1f795883543,0.39901294899937056
work,26848fcad034b9a2,123332,123332,99905,28079.4619439,1967.85616809,2912.21382607,2985.92487326,1831.53299243,1,0,4.99525,2848.85430531,1,2965.09978277,1,15936,1019904,23788800,0.00398400000004,0.00398400000004,0.244947,0,0,0,0,0,0,0,0,0,0,0,0,0,0,952813,,0,0.0,,burst-0.95-12,burst,0.95,12,work,main,,2a58216f3a727d8616c724036552970d5244c4be718b1d40ddeeb1f795883543,0.27673079800024425
bwc,dcab01aa99bf558,124370,124370,100669,28986.7928789,2365.37869564,3810.87985971,3919.06595252,2278.21787717,1,0,5.03345,3791.87750546,1,3891.73492423,1,62418,3994752,23177920,0.0156045000001,0.0251520000002,0.179911000001,0,0,0,0,0,0,0,0,0,0,46482,1.85643905168,0,0,1106514,,0,0.0,,burst-0.95-13,burst,0.95,13,bwc,main,,bfcd004ca8621ac562b2405a1bad6d9b821ccd7a9ee40c74e7c0a7dda8c9decc,0.3007532479996371
jbsq,dcab01aa99bf558,124370,124370,100669,25716.2515442,476.190868977,764.615597626,840.876008133,442.11643969,0.988487021824,0.05795,5.03345,694.567584787,0.994211899143,820.921372555,0.965623294806,0,0,26384320,0,0,0.245166343621,0,0,0,0,0,0,0,0,0,0,0,0,0,0,870589,,0,0.0,,burst-0.95-13,burst,0.95,13,jbsq,main,,bfcd004ca8621ac562b2405a1bad6d9b821ccd7a9ee40c74e7c0a7dda8c9decc,0.24337391300014133
jsw,dcab01aa99bf558,124370,124370,100669,25754.8040469,476.190868977,777.735708953,857.016432136,446.29366034,0.989371107292,0.0535,5.03345,720.772284239,0.994845360825,837.516906052,0.967508308944,15936,1019904,26898624,0.00398400000004,0.00398400000004,0.124573000002,0,0,0,0,0,0,0,0,0,0,0,0,0,0,828302,,0,0.0,,burst-0.95-13,burst,0.95,13,jsw,main,,bfcd004ca8621ac562b2405a1bad6d9b821ccd7a9ee40c74e7c0a7dda8c9decc,0.2462567559996387
p2c,dcab01aa99bf558,124370,124370,100669,25830.8863393,468.620325486,823.389603259,915.525850872,447.897660468,0.98821881612,0.0593,5.03345,779.293959106,0.994634206931,887.563187961,0.962597351059,15936,1019904,26899456,0.00398400000004,0.00398400000004,0.124573000002,0,0,0,0,0,0,0,0,0,0,0,0,0,0,828544,,0,0.0,,burst-0.95-13,burst,0.95,13,p2c,main,,bfcd004ca8621ac562b2405a1bad6d9b821ccd7a9ee40c74e7c0a7dda8c9decc,0.22842278799998894
qbr,dcab01aa99bf558,124370,124370,100669,25750.7085395,477.145727906,777.735708953,859.593056339,445.73563321,0.989390974381,0.0534,5.03345,715.024003392,0.99495714818,839.194778381,0.967161069497,92785,5728464,26899520,0.0301044062499,0.0346114999999,0.124571500002,6555,1,6554,0,0,0,0,0,0,0,0,0,0,128.970462431,1283914,0.56,50,0.0004966772293357439,11.07930176981994,burst-0.95-13,burst,0.95,13,qbr,main,,bfcd004ca8621ac562b2405a1bad6d9b821ccd7a9ee40c74e7c0a7dda8c9decc,0.349076538999725
single,dcab01aa99bf558,124370,124370,100669,25727.502573,477.623873634,773.853684242,862.177418148,445.596425897,0.988943964875,0.05565,5.03345,713.594100597,0.994721152652,834.171206856,0.965871322982,92650,5721904,26896512,0.0300009999999,0.0342724999999,0.124572341373,6491,0,6490,0,0,0,0,0,0,0,0,0,0,149.710044055,1282294,0.5384615384615384,13,0.0001291360796272934,8.54748782655532,burst-0.95-13,burst,0.95,13,single,main,,bfcd004ca8621ac562b2405a1bad6d9b821ccd7a9ee40c74e7c0a7dda8c9decc,0.33810006200019416
steal,dcab01aa99bf558,124370,124370,100669,25755.9924969,478.581600005,776.180570631,851.886303947,445.704132659,0.988943964875,0.05565,5.03345,710.031824045,0.994733573469,829.177671546,0.965821717347,79694,5100192,26900336,0.0199149338436,0.0199829999999,0.124573000002,44,7,37,0,0,2,2,14.2,1,1,0,0,1,268.95,1245938,0.6666666666666666,33,0.000327806971361591,15.196615994763334,burst-0.95-13,burst,0.95,13,steal,main,,bfcd004ca8621ac562b2405a1bad6d9b821ccd7a9ee40c74e7c0a7dda8c9decc,0.3465000719997988
threshold,dcab01aa99bf558,124370,124370,100669,25714.7565159,478.102497507,773.079604638,853.592929441,445.990030814,0.989291638936,0.0539,5.03345,714.308694698,0.994944727363,832.50336662,0.966714618781,142511,8108016,26899376,0.0692633000117,0.0857764999999,0.124435000002,31647,6,31636,0,0,1,2,14.2,2,2,0,0,4,173.086481171,1460141,0.5849056603773585,53,0.0005264778630958885,5.85352326890437,burst-0.95-13,burst,0.95,13,threshold,main,,bfcd004ca8621ac562b2405a1bad6d9b821ccd7a9ee40c74e7c0a7dda8c9decc,0.3849948540000696
work,dcab01aa99bf558,124370,124370,100669,28220.4616995,1881.26386104,3073.76937161,3161.03531304,1799.44606691,1,0,5.03345,3034.07578035,1,3138.98933789,1,15936,1019904,23771776,0.00398400000004,0.00398400000004,0.244979,0,0,0,0,0,0,0,0,0,0,0,0,0,0,960529,,0,0.0,,burst-0.95-13,burst,0.95,13,work,main,,bfcd004ca8621ac562b2405a1bad6d9b821ccd7a9ee40c74e7c0a7dda8c9decc,0.3110076940001818
bwc,5514cacdb23d790a,124112,124112,100781,29196.9274184,2405.93057575,3895.62765916,4006.21900439,2376.31864769,1,0,5.03905,3887.84607815,1,3986.24287768,1,62698,4012672,23185472,0.0156745000001,0.0236080000002,0.180407500001,0,0,0,0,0,0,0,0,0,0,46762,1.84703391643,0,0,1108026,,0,0.0,,burst-0.95-14,burst,0.95,14,bwc,main,,9139512802a8c7fa4aafe8f8912047458f1f1cb0cce9c28e17b20a95aaf5d080,0.2957493069998236
jbsq,5514cacdb23d790a,124112,124112,100781,25736.1248708,381.614127705,650.814921813,730.211829116,381.158754769,0.99681487582,0.01605,5.03905,585.289458481,0.998885131369,707.902987664,0.988481101027,0,0,26477248,0,0,0.246550000001,0,0,0,0,0,0,0,0,0,0,0,0,0,0,868783,,0,0.0,,burst-0.95-14,burst,0.95,14,jbsq,main,,9139512802a8c7fa4aafe8f8912047458f1f1cb0cce9c28e17b20a95aaf5d080,0.24863592899964715
jsw,5514cacdb23d790a,124112,124112,100781,25790.0611845,387.782082405,665.972734348,748.713179469,388.67859826,0.997320923587,0.0135,5.03905,609.204189107,0.999442565684,727.294279319,0.988780293208,15936,1019904,26913344,0.00398400000004,0.00398400000004,0.124685000002,0,0,0,0,0,0,0,0,0,0,0,0,0,0,826866,,0,0.0,,burst-0.95-14,burst,0.95,14,jsw,main,,9139512802a8c7fa4aafe8f8912047458f1f1cb0cce9c28e17b20a95aaf5d080,0.24808270999983506
p2c,5514cacdb23d790a,124112,124112,100781,25721.5592698,390.903246762,700.151640358,791.872736115,392.862110414,0.996487433147,0.0177,5.03905,667.307346789,0.998686932501,769.22079077,0.987633389847,15936,1019904,26914880,0.00398400000004,0.00398400000004,0.124685000002,0,0,0,0,0,0,0,0,0,0,0,0,0,0,826648,,0,0.0,,burst-0.95-14,burst,0.95,14,p2c,main,,9139512802a8c7fa4aafe8f8912047458f1f1cb0cce9c28e17b20a95aaf5d080,0.22521814499941684
qbr,5514cacdb23d790a,124112,124112,100781,25765.8028693,388.949595387,667.975654136,745.721808915,389.785903588,0.99743999365,0.0129,5.03905,607.985608903,0.99934346625,725.113758975,0.989777600479,92907,5734352,26915072,0.0301962812499,0.0357099999999,0.124682000002,6615,0,6616,0,0,0,0,0,0,0,0,0,0,181.530588834,1282945,0.9166666666666666,48,0.00047628025123783255,27.266791291606523,burst-0.95-14,burst,0.95,14,qbr,main,,9139512802a8c7fa4aafe8f8912047458f1f1cb0cce9c28e17b20a95aaf5d080,0.36253285800012236
single,5514cacdb23d790a,124112,124112,100781,25765.7937737,389.339544983,664.640787133,753.976941968,389.506019299,0.997539218702,0.0124,5.03905,603.135574636,0.99951689026,729.481347768,0.989578139025,92630,5720976,26913920,0.0299841917303,0.0341249999999,0.124685000002,6479,0,6480,0,0,0,0,0,0,0,0,0,0,137.556913215,1281846,0.8461538461538461,13,0.00012899256804357965,25.92864327818377,burst-0.95-14,burst,0.95,14,single,main,,9139512802a8c7fa4aafe8f8912047458f1f1cb0cce9c28e17b20a95aaf5d080,0.36109192300045834
steal,5514cacdb23d790a,124112,124112,100781,25760.6745715,387.782082405,663.975811321,745.721808915,389.418873898,0.99743999365,0.0129,5.03905,601.92911348,0.999405403397,720.051233006,0.989528273661,79680,5099520,26914112,0.0198604687499,0.0198624999999,0.124685000002,0,0,0,0,0,0,0,0,0,0,0,0,0,202.609912375,1243318,0.84,25,0.0002480626308530378,24.432489264458855,burst-0.95-14,burst,0.95,14,steal,main,,9139512802a8c7fa4aafe8f8912047458f1f1cb0cce9c28e17b20a95aaf5d080,0.3221271269994759
threshold,5514cacdb23d790a,124112,124112,100781,25705.8407347,387.782082405,663.311499822,744.975833082,388.396905617,0.997549141207,0.01235,5.03905,603.135574636,0.999479727972,722.93976713,0.989777600479,142604,8112784,26913216,0.0693094008749,0.0907969999999,0.124547000002,31683,0,31684,0,0,0,0,0,0,0,0,0,0,225.174835779,1457654,0.6885245901639344,61,0.0006052728192814121,13.118863449116942,burst-0.95-14,burst,0.95,14,threshold,main,,9139512802a8c7fa4aafe8f8912047458f1f1cb0cce9c28e17b20a95aaf5d080,0.39090391199988517
work,5514cacdb23d790a,124112,124112,100781,28210.5286825,1785.93384702,2947.36530644,3034.07578035,1772.53050129,1,0,5.03905,2909.30352254,1,3015.92889268,1,15936,1019904,23950592,0.00398400000004,0.00398400000004,0.2470312875,0,0,0,0,0,0,0,0,0,0,0,0,0,0,958693,,0,0.0,,burst-0.95-14,burst,0.95,14,work,main,,9139512802a8c7fa4aafe8f8912047458f1f1cb0cce9c28e17b20a95aaf5d080,0.2484295160002148
bwc,ed8135e52a4fb5d0,123345,123345,100275,28686.4172996,1991.61282074,3521.46821963,3625.06287527,2026.07221217,1,0,5.01375,3496.90927605,1,3603.38244274,1,62338,3989632,23206144,0.0155845000001,0.0212240000002,0.179958500001,0,0,0,0,0,0,0,0,0,0,46402,1.86295849317,0,0,1096480,,0,0.0,,burst-0.95-15,burst,0.95,15,bwc,main,,e206f40fca82f2e2551c5f32f6640264d9fafbd37bd26c8f40c978beab5ceff9,0.3028896480000185
jbsq,ed8135e52a4fb5d0,123345,123345,100275,25561.2097878,303.947736515,615.333763539,699.451189169,313.760367954,0.98161057093,0.0922,5.01375,560.064352576,0.996740361049,679.439677445,0.920494522063,0,0,26407424,0,0,0.245997000001,0,0,0,0,0,0,0,0,0,0,0,0,0,0,863414,,0,0.0,,burst-0.95-15,burst,0.95,15,jbsq,main,,e206f40fca82f2e2551c5f32f6640264d9fafbd37bd26c8f40c978beab5ceff9,0.22363975799999025
jsw,ed8135e52a4fb5d0,123345,123345,100275,25611.7447906,309.483702549,627.778247841,720.772284239,321.017596402,0.984203440539,0.0792,5.01375,582.950151836,0.99728778133,695.959415524,0.93134988441,15936,1019904,26774272,0.00398400000004,0.00398400000004,0.124179000002,0,0,0,0,0,0,0,0,0,0,0,0,0,0,821696,,0,0.0,,burst-0.95-15,burst,0.95,15,jsw,main,,e206f40fca82f2e2551c5f32f6640264d9fafbd37bd26c8f40c978beab5ceff9,0.2782657919997291
p2c,ed8135e52a4fb5d0,123345,123345,100275,25614.285752,315.752723964,658.020843538,748.713179469,327.128982678,0.982907005734,0.0857,5.01375,620.903007276,0.996043644326,727.294279319,0.929842195195,15936,1019904,26771584,0.00398400000004,0.00398400000004,0.124179000002,0,0,0,0,0,0,0,0,0,0,0,0,0,0,821704,,0,0.0,,burst-0.95-15,burst,0.95,15,p2c,main,,e206f40fca82f2e2551c5f32f6640264d9fafbd37bd26c8f40c978beab5ceff9,0.20606487800068862
qbr,ed8135e52a4fb5d0,123345,123345,100275,25574.2348541,310.727501504,624.643766312,716.456767423,321.237736271,0.98400398903,0.0802,5.01375,580.039139932,0.996989188449,693.178533541,0.931550909639,92349,5707584,26774016,0.0297603749999,0.0344974999999,0.124179000002,6336,0,6336,0,0,0,0,0,0,0,0,0,0,158.059309422,1272296,0.6470588235294118,34,0.00033906756419845426,10.739642243643603,burst-0.95-15,burst,0.95,15,qbr,main,,e206f40fca82f2e2551c5f32f6640264d9fafbd37bd26c8f40c978beab5ceff9,0.36060194299989234
single,ed8135e52a4fb5d0,123345,123345,100275,25623.9025121,309.794186252,625.269410079,714.308694698,320.792559648,0.984103714784,0.0797,5.01375,578.299502945,0.996976747079,692.485048493,0.932103729018,92313,5705856,26772928,0.0297322555422,0.0341349999999,0.124177500002,6318,0,6318,0,0,0,0,0,0,0,0,0,0,236.329764517,1271693,0.35294117647058826,17,0.00016953378209922713,-0.4990466152701308,burst-0.95-15,burst,0.95,15,single,main,,e206f40fca82f2e2551c5f32f6640264d9fafbd37bd26c8f40c978beab5ceff9,0.3548116669999217
steal,ed8135e52a4fb5d0,123345,123345,100275,25598.5952872,309.794186252,625.895679489,715.024003392,321.515107097,0.984043879332,0.08,5.01375,580.039139932,0.997424636401,693.178533541,0.929992964117,79680,5099520,26772864,0.019867319677,0.0199124999999,0.124179000002,8,0,8,0,0,0,0,0,0,0,0,0,0,253.167971518,1240566,0.8421052631578947,19,0.00018947893293443032,27.302559354871175,burst-0.95-15,burst,0.95,15,steal,main,,e206f40fca82f2e2551c5f32f6640264d9fafbd37bd26c8f40c978beab5ceff9,0.31941572100004123
threshold,ed8135e52a4fb5d0,123345,123345,100275,25577.4841912,310.104980438,625.269410079,711.454598725,320.623580625,0.984143605086,0.0795,5.01375,575.411674688,0.997573932841,691.10015608,0.929892451503,142569,8110784,26772736,0.0692957271249,0.0937774999999,0.124039500002,31676,0,31675,0,0,0,0,0,0,0,0,0,0,175.181572865,1446136,0.6,40,0.00039890301670406384,11.16627692875718,burst-0.95-15,burst,0.95,15,threshold,main,,e206f40fca82f2e2551c5f32f6640264d9fafbd37bd26c8f40c978beab5ceff9,0.36220049999974435
work,ed8135e52a4fb5d0,123345,123345,100275,27911.6123123,1543.30530406,2781.30539839,2865.99623599,1583.85475698,1,0,5.01375,2731.69652019,1,2846.00729801,1,15936,1019904,23847744,0.00398400000004,0.00398400000004,0.246046808766,0,0,0,0,0,0,0,0,0,0,0,0,0,0,952370,,0,0.0,,burst-0.95-15,burst,0.95,15,work,main,,e206f40fca82f2e2551c5f32f6640264d9fafbd37bd26c8f40c978beab5ceff9,0.2861121180003465
bwc,b278557013f7bb00,123196,123196,99753,28645.8094762,2110.54049202,3567.53606895,3661.48711275,2068.65521826,1,0,4.98765,3532.04619521,1,3639.58889766,1,62202,3980928,23117824,0.0155507493979,0.0204600000002,0.179305098559,0,0,0,0,0,0,0,0,0,0,46266,1.85834089828,0,0,1094684,,0,0.0,,burst-0.95-16,burst,0.95,16,bwc,main,,aec61a93cd1c64ad79d0fffe1c64b22463125ab78cd4403b5ec06a9906897540,0.2822090669997124
jbsq,b278557013f7bb00,123196,123196,99753,25542.9509138,309.17352902,624.643766312,700.852791998,317.390745193,0.982506791776,0.08725,4.98765,556.709717462,0.996453234074,679.439677445,0.926760845607,0,0,26336768,0,0,0.244758500001,0,0,0,0,0,0,0,0,0,0,0,0,0,0,862371,,0,0.0,,burst-0.95-16,burst,0.95,16,jbsq,main,,aec61a93cd1c64ad79d0fffe1c64b22463125ab78cd4403b5ec06a9906897540,0.22712721999960195
jsw,b278557013f7bb00,123196,123196,99753,25545.2240336,318.295632593,635.365224823,719.330902104,324.4575848,0.984652090664,0.07655,4.98765,577.720782163,0.996904412778,698.751437731,0.935677787797,15936,1019904,26698496,0.00398400000004,0.00398400000004,0.123657000002,0,0,0,0,0,0,0,0,0,0,0,0,0,0,820590,,0,0.0,,burst-0.95-16,burst,0.95,16,jsw,main,,aec61a93cd1c64ad79d0fffe1c64b22463125ab78cd4403b5ec06a9906897540,0.21483697800067603
p2c,b278557013f7bb00,123196,123196,99753,25614.2679248,317.33965828,662.64785197,752.469249999,326.394790428,0.982266197508,0.08845,4.98765,622.770582629,0.995450614731,730.211829116,0.929566175734,15936,1019904,26698880,0.00398400000004,0.00398400000004,0.123657000002,0,0,0,0,0,0,0,0,0,0,0,0,0,0,820810,,0,0.0,,burst-0.95-16,burst,0.95,16,p2c,main,,aec61a93cd1c64ad79d0fffe1c64b22463125ab78cd4403b5ec06a9906897540,0.23083159399993747
qbr,b278557013f7bb00,123196,123196,99753,25561.0058249,317.33965828,635.365224823,725.113758975,324.311569783,0.984642065903,0.0766,4.98765,578.878802448,0.997255329548,696.656374939,0.934225027552,92186,5699728,26697600,0.0296340937499,0.0326224999999,0.123655500002,6256,0,6255,0,0,0,0,0,0,0,0,0,0,159.399449686,1270460,0.7659574468085106,47,0.000471163774523072,21.869530978777625,burst-0.95-16,burst,0.95,16,qbr,main,,aec61a93cd1c64ad79d0fffe1c64b22463125ab78cd4403b5ec06a9906897540,0.3591661899999963
single,b278557013f7bb00,123196,123196,99753,25532.0403936,318.295632593,634.729495327,715.740027396,324.438405381,0.984872635409,0.07545,4.98765,577.720782163,0.996992141971,695.263152372,0.936429215509,92205,5700720,26699136,0.0296453124999,0.0320224999999,0.123657000002,6263,0,6262,0,0,0,0,0,0,0,0,0,0,132.907703362,1269768,0.8571428571428571,7,7.017332812045753e-05,21.022464821506478,burst-0.95-16,burst,0.95,16,single,main,,aec61a93cd1c64ad79d0fffe1c64b22463125ab78cd4403b5ec06a9906897540,0.35931564399925264
steal,b278557013f7bb00,123196,123196,99753,25532.6605734,318.614928225,634.094400926,722.21655058,324.462937049,0.984431545918,0.07765,4.98765,577.142639524,0.996829216328,696.656374939,0.934876264903,79680,5099520,26698496,0.0198653706085,0.0198874999999,0.123657000002,6,0,6,0,0,0,0,0,0,0,0,0,0,294.475,1236025,0.7857142857142857,28,0.0002806933124818301,14.961087499812752,burst-0.95-16,burst,0.95,16,steal,main,,aec61a93cd1c64ad79d0fffe1c64b22463125ab78cd4403b5ec06a9906897540,0.3097344540001359
threshold,b278557013f7bb00,123196,123196,99753,25555.1501503,318.295632593,636.638591638,720.772284239,324.274876957,0.985002957305,0.0748,4.98765,582.950151836,0.997142534872,697.354031314,0.93647931069,142580,8111664,26697408,0.0692907925737,0.0833179999999,0.123526500002,31670,0,31671,0,0,0,0,0,0,0,0,0,0,199.00140425,1445959,0.8378378378378378,37,0.0003709161629224184,22.121080828348028,burst-0.95-16,burst,0.95,16,threshold,main,,aec61a93cd1c64ad79d0fffe1c64b22463125ab78cd4403b5ec06a9906897540,0.4003839449997031
work,b278557013f7bb00,123196,123196,99753,27853.8672384,1640.39040104,2800.84006207,2880.35991582,1616.3180021,1,0,4.98765,2742.64371338,1,2857.41242064,1,15936,1019904,23809216,0.00398400000004,0.00398400000004,0.245203918518,0,0,0,0,0,0,0,0,0,0,0,0,0,0,951143,,0,0.0,,burst-0.95-16,burst,0.95,16,work,main,,aec61a93cd1c64ad79d0fffe1c64b22463125ab78cd4403b5ec06a9906897540,0.3032580709996182
bwc,b32c9a56c3a0633f,123538,123538,100231,29238.1792408,2346.53257252,4014.23744962,4124.07002446,2347.67767353,1,0,5.01155,3998.21657203,1,4099.4060003,1,62208,3981312,23025152,0.0155520000001,0.0232080000002,0.178730000001,0,0,0,0,0,0,0,0,0,0,46272,1.8461920816,0,0,1102656,,0,0.0,,burst-0.95-17,burst,0.95,17,bwc,main,,ab127c195027d4e4be38bf9266bf7aa3e2b7d5a21b1c124aabfa1fad0460ef7b,0.27320705599959183
jbsq,b32c9a56c3a0633f,123538,123538,100231,25895.6071996,394.839961986,817.641889869,892.907913321,427.738852419,0.988436711197,0.05795,5.01155,749.462892648,0.995093683117,870.848139076,0.962279925248,0,0,26255424,0,0,0.243218167665,0,0,0,0,0,0,0,0,0,0,0,0,0,0,864765,,0,0.0,,burst-0.95-17,burst,0.95,17,jbsq,main,,ab127c195027d4e4be38bf9266bf7aa3e2b7d5a21b1c124aabfa1fad0460ef7b,0.2520713109997814
jsw,b32c9a56c3a0633f,123538,123538,100231,25914.8580992,398.416805183,825.865246062,904.598697309,432.18078455,0.98989334637,0.05065,5.01155,766.914742032,0.996107488391,884.017803101,0.965476541753,15936,1019904,26863168,0.00398400000004,0.00398400000004,0.124135774002,0,0,0,0,0,0,0,0,0,0,0,0,0,0,823820,,0,0.0,,burst-0.95-17,burst,0.95,17,jsw,main,,ab127c195027d4e4be38bf9266bf7aa3e2b7d5a21b1c124aabfa1fad0460ef7b,0.22689520600033575
p2c,b32c9a56c3a0633f,123538,123538,100231,25954.6510185,404.450178307,869.107054859,960.568965023,434.314840689,0.988336941665,0.05845,5.01155,824.213992862,0.99563187604,934.031557095,0.959673453329,15936,1019904,26861952,0.00398400000004,0.00398400000004,0.124135774002,0,0,0,0,0,0,0,0,0,0,0,0,0,0,823946,,0,0.0,,burst-0.95-17,burst,0.95,17,p2c,main,,ab127c195027d4e4be38bf9266bf7aa3e2b7d5a21b1c124aabfa1fad0460ef7b,0.20762475399988034
qbr,b32c9a56c3a0633f,123538,123538,100231,25866.0617381,400.016870503,826.692111308,904.598697309,432.380443942,0.990033023715,0.04995,5.01155,766.147594437,0.996370326796,884.017803101,0.965132290745,93055,5741392,26862976,0.0303147812499,0.0336249999999,0.124132504519,6692,0,6691,0,0,0,0,0,0,0,0,0,0,143.209774215,1283548,0.5538461538461539,65,0.0006485019604713113,6.974504036160327,burst-0.95-17,burst,0.95,17,qbr,main,,ab127c195027d4e4be38bf9266bf7aa3e2b7d5a21b1c124aabfa1fad0460ef7b,0.3713229290005984
single,b32c9a56c3a0633f,123538,123538,100231,25883.7617628,399.616254249,827.519803419,905.504296007,432.585092717,0.989414452614,0.05305,5.01155,766.914742032,0.995757037185,884.017803101,0.964492967444,93274,5751952,26862720,0.0304839028749,0.0344724999999,0.124135504519,6799,0,6800,0,0,0,0,0,0,0,0,0,0,204.767264813,1283838,0.6111111111111112,18,0.0001795851582843631,5.541183845425824,burst-0.95-17,burst,0.95,17,single,main,,ab127c195027d4e4be38bf9266bf7aa3e2b7d5a21b1c124aabfa1fad0460ef7b,0.38580031000037707
steal,b32c9a56c3a0633f,123538,123538,100231,25897.0848021,398.416805183,828.348323223,904.598697309,432.124288046,0.990043000668,0.0499,5.01155,772.306298339,0.996220133422,885.788723725,0.965771614045,79680,5099520,26864320,0.0198703124999,0.0198874999999,0.124135504519,12,0,12,0,0,0,0,0,0,0,0,0,0,320,1242085,0.5512820512820513,78,0.0007782023525655735,5.666608619776105,burst-0.95-17,burst,0.95,17,steal,main,,ab127c195027d4e4be38bf9266bf7aa3e2b7d5a21b1c124aabfa1fad0460ef7b,0.34428063899940753
threshold,b32c9a56c3a0633f,123538,123538,100231,25880.0053773,399.21603821,825.865246062,908.226529314,432.432121528,0.989823507697,0.051,5.01155,771.533764575,0.995894714445,884.902820904,0.965968328907,142560,8110416,26863424,0.0692867849061,0.0829399999999,0.123997504519,31670,0,31669,0,0,0,0,0,0,0,0,0,0,207.938401637,1461625,0.625,48,0.00047889375542496833,6.190797731854673,burst-0.95-17,burst,0.95,17,threshold,main,,ab127c195027d4e4be38bf9266bf7aa3e2b7d5a21b1c124aabfa1fad0460ef7b,0.40926988599949254
work,b32c9a56c3a0633f,123538,123538,100231,28320.0648553,1814.74022458,3107.76145537,3212.0090988,1813.40436568,1,0,5.01155,3083.00290711,1,3189.60773014,1,15936,1019904,23793088,0.00398400000004,0.00398400000004,0.244515500001,0,0,0,0,0,0,0,0,0,0,0,0,0,0,955023,,0,0.0,,burst-0.95-17,burst,0.95,17,work,main,,ab127c195027d4e4be38bf9266bf7aa3e2b7d5a21b1c124aabfa1fad0460ef7b,0.2542840209998758
bwc,eff57ec45a2766eb,123325,123325,99921,28808.0830606,2161.80454528,3606.98682518,3713.09655547,2123.29441576,1,0,4.99605,3585.41447036,1,3687.20156308,1,62075,3972800,23129536,0.0155185153754,0.0238920000003,0.179125000001,0,0,0,0,0,0,0,0,0,0,46139,1.86449641301,0,0,1096720,,0,0.0,,burst-0.95-18,burst,0.95,18,bwc,main,,ad447d24d185420b48cccd1626d45d74f475bf4bcbddb7ea98b8f181d27a6b8f,0.30834264799977973
jbsq,eff57ec45a2766eb,123325,123325,99921,25685.2056111,399.616254249,700.852791998,780.855327318,394.086805002,0.989982085848,0.05005,4.99605,641.115474529,0.994718397997,760.798977129,0.971080365616,0,0,26298816,0,0,0.244394000001,0,0,0,0,0,0,0,0,0,0,0,0,0,0,863274,,0,0.0,,burst-0.95-18,burst,0.95,18,jbsq,main,,ad447d24d185420b48cccd1626d45d74f475bf4bcbddb7ea98b8f181d27a6b8f,0.2582763870004783
jsw,eff57ec45a2766eb,123325,123325,99921,25630.4956309,403.640492681,712.880220377,799.03720086,398.393909042,0.991373184816,0.0431,4.99605,660.660883674,0.995969962453,774.628537926,0.973028320264,15936,1019904,26734400,0.00398400000004,0.00398400000004,0.123825000002,0,0,0,0,0,0,0,0,0,0,0,0,0,0,821636,,0,0.0,,burst-0.95-18,burst,0.95,18,jsw,main,,ad447d24d185420b48cccd1626d45d74f475bf4bcbddb7ea98b8f181d27a6b8f,0.2122838489995047
p2c,eff57ec45a2766eb,123325,123325,99921,25726.6737771,408.113860227,745.721808915,851.886303947,402.749068548,0.990412425816,0.0479,4.99605,707.902987664,0.995757196496,815.190867877,0.969082463413,15936,1019904,26731968,0.00398400000004,0.00398400000004,0.123825000002,0,0,0,0,0,0,0,0,0,0,0,0,0,0,821942,,0,0.0,,burst-0.95-18,burst,0.95,18,p2c,main,,ad447d24d185420b48cccd1626d45d74f475bf4bcbddb7ea98b8f181d27a6b8f,0.21741530899998907
qbr,eff57ec45a2766eb,123325,123325,99921,25688.6822604,405.261484113,713.594100597,805.459944367,399.236949415,0.991703445722,0.04145,4.99605,652.772322675,0.996382978723,773.853684242,0.973028320264,92449,5712208,26732096,0.0298465261513,0.0341084999999,0.123823500002,6392,0,6391,0,0,0,0,0,0,0,0,0,0,101.204606259,1274341,0.7692307692307693,39,0.0003903083435914372,20.9391462385205,burst-0.95-18,burst,0.95,18,qbr,main,,ad447d24d185420b48cccd1626d45d74f475bf4bcbddb7ea98b8f181d27a6b8f,0.35190251900075964
single,eff57ec45a2766eb,123325,123325,99921,25718.0922683,404.855628485,712.880220377,799.03720086,399.550106536,0.992033706628,0.0398,4.99605,665.30642792,0.996357947434,777.735708953,0.974776484691,92423,5711056,26731712,0.0298211557186,0.0343627419999,0.123823500002,6375,0,6376,0,0,0,0,0,0,0,0,0,0,243.915695236,1275630,0.5714285714285714,28,0.0002802213748861601,2.691247675863711,burst-0.95-18,burst,0.95,18,single,main,,ad447d24d185420b48cccd1626d45d74f475bf4bcbddb7ea98b8f181d27a6b8f,0.3289996149997023
steal,eff57ec45a2766eb,123325,123325,99921,25743.7250333,406.481487757,710.742855869,802.242153088,399.334133622,0.991833548503,0.0408,4.99605,659.339544246,0.996520650814,773.853684242,0.973128215374,79682,5099616,26731936,0.0198799182103,0.0199119999999,0.123825000002,18,2,17,0,0,2,3,21.3,1.5,2,0,0,5,236.667200717,1242281,0.717948717948718,39,0.0003903083435914372,26.723742150873594,burst-0.95-18,burst,0.95,18,steal,main,,ad447d24d185420b48cccd1626d45d74f475bf4bcbddb7ea98b8f181d27a6b8f,0.36135175800063735
threshold,eff57ec45a2766eb,123325,123325,99921,25660.3977893,404.450178307,710.742855869,797.439523374,399.033722309,0.99152330341,0.04235,4.99605,657.362481057,0.996145181477,774.628537926,0.973078267819,142559,8110704,26730432,0.0692709160502,0.0872929999999,0.123685500002,31663,0,31655,0,0,0,0,0,0,0,0,0,0,193.31631491,1449863,0.6721311475409836,61,0.0006104822810019916,17.07682665467983,burst-0.95-18,burst,0.95,18,threshold,main,,ad447d24d185420b48cccd1626d45d74f475bf4bcbddb7ea98b8f181d27a6b8f,0.40101100399988354
work,eff57ec45a2766eb,123325,123325,99921,27988.0842839,1612.73631437,2812.06424456,2903.49163478,1607.44051794,1,0,4.99605,2770.2039443,1,2877.48143439,1,15936,1019904,23763648,0.00398400000004,0.00398400000004,0.244869000001,0,0,0,0,0,0,0,0,0,0,0,0,0,0,952474,,0,0.0,,burst-0.95-18,burst,0.95,18,work,main,,ad447d24d185420b48cccd1626d45d74f475bf4bcbddb7ea98b8f181d27a6b8f,0.25713899100082926
bwc,47da43c54e29cf30,123040,123040,99878,28746.174563,2074.96533345,3628.68893815,3735.43692059,2045.41771249,1,0,4.9939,3596.1844766,1,3709.3861693,1,62550,4003200,23067712,0.0156372910664,0.0210680000002,0.179504000001,0,0,0,0,0,0,0,0,0,0,46615,1.83812077657,0,0,1096564,,0,0.0,,burst-0.95-19,burst,0.95,19,bwc,main,,3208aa468fdee62c03a22323c96d8b71d341463d276411ac9d53e82ed7826486,0.3076841010006319
jbsq,47da43c54e29cf30,123040,123040,99878,25604.7546862,339.387761538,648.863381429,726.566712607,340.853947245,0.98672380304,0.0663,4.9939,592.363756361,0.996615226466,705.78052504,0.947486200209,0,0,26340800,0,0,0.24444757157,0,0,0,0,0,0,0,0,0,0,0,0,0,0,861279,,0,0.0,,burst-0.95-19,burst,0.95,19,jbsq,main,,3208aa468fdee62c03a22323c96d8b71d341463d276411ac9d53e82ed7826486,0.21883794499990472
jsw,47da43c54e29cf30,123040,123040,99878,25636.4066152,345.220878496,662.64785197,745.721808915,348.83617383,0.989347003344,0.0532,4.9939,606.769462209,0.997906454888,724.388370604,0.955393107564,15936,1019904,26761984,0.00398400000004,0.00398400000004,0.123782000002,0,0,0,0,0,0,0,0,0,0,0,0,0,0,819944,,0,0.0,,burst-0.95-19,burst,0.95,19,jsw,main,,3208aa468fdee62c03a22323c96d8b71d341463d276411ac9d53e82ed7826486,0.2696652949998679
p2c,47da43c54e29cf30,123040,123040,99878,25682.4937419,343.839450279,695.959415524,807.881744386,352.285577507,0.986944071768,0.0652,4.9939,651.466736735,0.996138850932,761.560776106,0.950469938833,15936,1019904,26760256,0.00398400000004,0.00398400000004,0.123782000002,0,0,0,0,0,0,0,0,0,0,0,0,0,0,820092,,0,0.0,,burst-0.95-19,burst,0.95,19,p2c,main,,3208aa468fdee62c03a22323c96d8b71d341463d276411ac9d53e82ed7826486,0.21237061199917662
qbr,47da43c54e29cf30,123040,123040,99878,25600.7539073,345.567099375,659.99988379,740.515601895,348.618426619,0.989447125493,0.0527,4.9939,606.769462209,0.998069425466,717.892398415,0.955243920633,92668,5722816,26761472,0.0300131562499,0.0337724999999,0.123780500002,6498,0,6498,0,0,0,0,0,0,0,0,0,0,173.831478179,1271111,0.6545454545454545,55,0.0005506718196199363,23.279464505911957,burst-0.95-19,burst,0.95,19,qbr,main,,3208aa468fdee62c03a22323c96d8b71d341463d276411ac9d53e82ed7826486,0.31612327599941636
single,47da43c54e29cf30,123040,123040,99878,25595.8295934,344.529474019,661.322544558,742.742373989,348.415474692,0.989016600252,0.05485,4.9939,609.814393296,0.997756020509,721.494056523,0.954348799045,92914,5734624,26761600,0.030205063078,0.0341849999999,0.123780500002,6621,0,6621,0,0,0,0,0,0,0,0,0,0,109.368001976,1271285,0.5625,16,0.00016019543843489057,5.744903240135272,burst-0.95-19,burst,0.95,19,single,main,,3208aa468fdee62c03a22323c96d8b71d341463d276411ac9d53e82ed7826486,0.31830651400014176
steal,47da43c54e29cf30,123040,123040,99878,25613.783854,343.494955323,662.64785197,747.964215254,349.106574613,0.989597308717,0.05195,4.9939,612.874579518,0.998119570259,727.294279319,0.95579093938,79680,5099520,26758592,0.0198632812499,0.0198849999999,0.123782000002,4,0,4,0,0,0,0,0,0,0,0,0,0,274.447239541,1240282,0.640625,64,0.0006407817537395623,16.797316190640174,burst-0.95-19,burst,0.95,19,steal,main,,3208aa468fdee62c03a22323c96d8b71d341463d276411ac9d53e82ed7826486,0.32542608800031303
threshold,47da43c54e29cf30,123040,123040,99878,25624.5149934,345.913666474,663.975811321,742.742373989,348.986582067,0.989206832335,0.0539,4.9939,607.377231672,0.997730948113,720.772284239,0.955393107564,142590,8112064,26760896,0.0693031347268,0.0925569999999,0.123645500002,31680,0,31678,0,0,0,0,0,0,0,0,0,0,216.40905106,1444426,0.5957446808510638,47,0.00047057410040249103,6.000083469201042,burst-0.95-19,burst,0.95,19,threshold,main,,3208aa468fdee62c03a22323c96d8b71d341463d276411ac9d53e82ed7826486,0.3495411359999707
work,47da43c54e29cf30,123040,123040,99878,27854.3624576,1587.1346909,2772.97514824,2860.27083306,1551.80800021,1,0,4.9939,2723.51479952,1,2837.48332973,1,15936,1019904,23879104,0.00398400000004,0.00398400000004,0.245626466312,0,0,0,0,0,0,0,0,0,0,0,0,0,0,950053,,0,0.0,,burst-0.95-19,burst,0.95,19,work,main,,3208aa468fdee62c03a22323c96d8b71d341463d276411ac9d53e82ed7826486,0.2780500609997034
bwc,309ad96b2f1df9f7,122843,122843,99662,28709.4445005,2339.50403655,3585.41447036,3672.48556521,2255.21445939,1,0,4.9831,3542.65593647,1,3650.52158976,1,62448,3996672,23112832,0.0156120000001,0.0216040000003,0.179655500001,0,0,0,0,0,0,0,0,0,0,46512,1.8485122119,0,0,1093216,,0,0.0,,burst-0.95-20,burst,0.95,20,bwc,main,,b434a92cc9267525cd250acc80fb6ae907fb1732f68962b15a59e089a0400048,0.27469627499976923
jbsq,309ad96b2f1df9f7,122843,122843,99662,25498.4376903,415.540839224,636.001590047,710.031824045,408.333532406,0.99549477233,0.02245,4.9831,556.152564898,0.997517552658,686.962050577,0.987388202191,0,0,26361344,0,0,0.245238024596,0,0,0,0,0,0,0,0,0,0,0,0,0,0,859900,,0,0.0,,burst-0.95-20,burst,0.95,20,jbsq,main,,b434a92cc9267525cd250acc80fb6ae907fb1732f68962b15a59e089a0400048,0.23106724499939446
jsw,309ad96b2f1df9f7,122843,122843,99662,25540.0997932,422.255711575,647.56560166,724.388370604,415.6789929,0.996247315928,0.0187,4.9831,578.299502945,0.998156970913,703.664417091,0.988594111145,15936,1019904,26675264,0.00398400000004,0.00398400000004,0.123566774002,0,0,0,0,0,0,0,0,0,0,0,0,0,0,818456,,0,0.0,,burst-0.95-20,burst,0.95,20,jsw,main,,b434a92cc9267525cd250acc80fb6ae907fb1732f68962b15a59e089a0400048,0.21458005899967247
p2c,309ad96b2f1df9f7,122843,122843,99662,25567.5456757,416.791711781,702.257199435,811.934250018,416.713870522,0.99590616283,0.0204,4.9831,656.047728552,0.998069207623,771.533764575,0.987237463572,15936,1019904,26676928,0.00398400000004,0.00398400000004,0.123566774002,0,0,0,0,0,0,0,0,0,0,0,0,0,0,818544,,0,0.0,,burst-0.95-20,burst,0.95,20,p2c,main,,b434a92cc9267525cd250acc80fb6ae907fb1732f68962b15a59e089a0400048,0.2061901429997306
qbr,309ad96b2f1df9f7,122843,122843,99662,25535.8590106,420.145767068,648.214167261,726.566712607,414.947826594,0.996397824647,0.01795,4.9831,577.142639524,0.998457873621,704.369081508,0.988141895287,92697,5724272,26676416,0.0300323749999,0.0336224999999,0.123564524597,6511,0,6510,0,0,0,0,0,0,0,0,0,0,133.43094487,1269964,0.8823529411764706,34,0.0003411530974694467,27.83389929964923,burst-0.95-20,burst,0.95,20,qbr,main,,b434a92cc9267525cd250acc80fb6ae907fb1732f68962b15a59e089a0400048,0.3787152229997446
single,309ad96b2f1df9f7,122843,122843,99662,25540.1966536,421.410468228,647.56560166,725.113758975,415.203130745,0.996106841123,0.0194,4.9831,577.720782163,0.99805667001,705.07445059,0.988292633906,92323,5706240,26676096,0.0297438437499,0.0347224999999,0.123564524597,6328,0,6324,0,0,0,0,0,0,0,0,0,0,170.769796297,1268508,0.5454545454545454,11,0.00011037306094599747,2.2689501903342633,burst-0.95-20,burst,0.95,20,single,main,,b434a92cc9267525cd250acc80fb6ae907fb1732f68962b15a59e089a0400048,0.3119098749994009
steal,309ad96b2f1df9f7,122843,122843,99662,25520.174915,421.410468228,648.863381429,725.113758975,415.103531629,0.996247315928,0.0187,4.9831,577.720782163,0.998257271815,702.257199435,0.988192141493,79680,5099520,26675072,0.0198639062499,0.0198874999999,0.123566024597,4,0,4,0,0,0,0,0,0,0,0,0,0,223.114613686,1230931,0.75,24,0.00024081395115490358,23.29131159131536,burst-0.95-20,burst,0.95,20,steal,main,,b434a92cc9267525cd250acc80fb6ae907fb1732f68962b15a59e089a0400048,0.3145587680000972
threshold,309ad96b2f1df9f7,122843,122843,99662,25552.3199096,421.832878696,649.51324481,722.93976713,415.164526438,0.99618711244,0.019,4.9831,576.565074449,0.998169508526,702.257199435,0.9882423877,142586,8112000,26675456,0.0692932639999,0.0895694999999,0.123435524597,31672,0,31672,0,0,0,0,0,0,0,0,0,0,151.408150694,1446782,0.6666666666666666,33,0.0003311191828379924,12.874887253575391,burst-0.95-20,burst,0.95,20,threshold,main,,b434a92cc9267525cd250acc80fb6ae907fb1732f68962b15a59e089a0400048,0.349948974999279
work,309ad96b2f1df9f7,122843,122843,99662,27881.0095318,1802.08073159,2778.52587251,2860.27083306,1735.30132833,1,0,4.9831,2718.07393258,1,2834.64768205,1,15936,1019904,23877184,0.00398400000004,0.00398400000004,0.246051713244,0,0,0,0,0,0,0,0,0,0,0,0,0,0,948758,,0,0.0,,burst-0.95-20,burst,0.95,20,work,main,,b434a92cc9267525cd250acc80fb6ae907fb1732f68962b15a59e089a0400048,0.2962342629998602
bwc,cd6cdd478faa4bd6,61380,61380,48999,25240.6071674,14.3733257069,186.425933123,389.729884528,34.1171440962,0.00816343190677,2.42995,2.44995,21.6563471464,0.00174068859593,284.765882972,0.0334205758003,42995,2751680,13222656,0.0107489173939,0.0124520000001,0.113487,0,0,0,0,0,0,0,0,0,0,27059,1.81093166784,0,0,584826,,0,0.0,,capacity-0.5-11,capacity,0.5,11,bwc,main,,f1a01327ffd393122d54310e5dc427a462bf16903ea5dadb545c1cededa91e72,0.1549271020003289
jbsq,cd6cdd478faa4bd6,61380,61380,48999,25240.6071674,13.8894052054,200.612445584,514.881754584,35.0862393042,0.014449274475,2.41455,2.44995,35.8994336404,0.00545245104313,429.078831441,0.0498288705456,0,0,13222656,0,0,0.122493,0,0,0,0,0,0,0,0,0,0,0,0,0,0,429901,,0,0.0,,capacity-0.5-11,capacity,0.5,11,jbsq,main,,f1a01327ffd393122d54310e5dc427a462bf16903ea5dadb545c1cededa91e72,0.1066566370000146
jsw,cd6cdd478faa4bd6,61380,61380,48999,25240.6071674,14.2052293822,186.800972415,429.939419183,34.2885296468,0.00912263515582,2.4276,2.44995,27.1720714334,0.00273902470242,300.312039014,0.0342258908798,15936,1019904,13222656,0.00398400000004,0.00398400000004,0.0729030000009,0,0,0,0,0,0,0,0,0,0,0,0,0,0,448902,,0,0.0,,capacity-0.5-11,capacity,0.5,11,jsw,main,,f1a01327ffd393122d54310e5dc427a462bf16903ea5dadb545c1cededa91e72,0.12227281499963283
p2c,cd6cdd478faa4bd6,61380,61380,48999,25240.6071674,13.9640012745,213.07304495,536.461481493,36.1077051316,0.0265923794363,2.3848,2.44995,51.0926475722,0.0189683860233,451.570267241,0.0565733843366,15936,1019904,13222656,0.00398400000004,0.00398400000004,0.0729030000009,0,0,0,0,0,0,0,0,0,0,0,0,0,0,448986,,0,0.0,,capacity-0.5-11,capacity,0.5,11,p2c,main,,f1a01327ffd393122d54310e5dc427a462bf16903ea5dadb545c1cededa91e72,0.12428949199966155
qbr,cd6cdd478faa4bd6,61380,61380,48999,25240.6071674,14.2052293822,187.930599023,408.522974087,34.258722972,0.00895936651768,2.428,2.44995,26.122132713,0.00225265583003,293.758800038,0.0353331991142,79807,5105616,13224752,0.0200311323637,0.0202669999999,0.0729045000009,45,42,3,0,0,5,9,253.9,1.8,4,0,0,14,151.788088827,850671,0.8888888888888888,9,0.00018367721790240617,12.057267070351777,capacity-0.5-11,capacity,0.5,11,qbr,main,,f1a01327ffd393122d54310e5dc427a462bf16903ea5dadb545c1cededa91e72,0.19420056200033287
single,cd6cdd478faa4bd6,61380,61380,48999,25240.6071674,14.2204346116,186.800972415,421.832878696,34.2698892724,0.00891854935815,2.4281,2.44995,27.7696387066,0.00243184436196,289.082507049,0.0344272196497,79776,5104128,13223536,0.0199444062499,0.0199942499999,0.0729030000009,34,33,1,0,0,5,5,35.5,1,1,0,0,9,127.693668629,850576,0.6,5,0.0001020428988346701,2.966359179140818,capacity-0.5-11,capacity,0.5,11,single,main,,f1a01327ffd393122d54310e5dc427a462bf16903ea5dadb545c1cededa91e72,0.20130665400029102
steal,cd6cdd478faa4bd6,61380,61380,48999,25240.6071674,14.2204346116,186.425933123,382.379738574,34.2634006861,0.00887773219862,2.4282,2.44995,28.7343853044,0.00232945091514,294.939604971,0.0346285484196,91344,5658400,13280720,0.0400319999999,0.0508277499998,0.0728895000009,7737,5947,1790,0,0,167,322,4566.2,1.92814371257,8,0,0,412,318.225,911501,0.953416149068323,322,0.006571562684952754,6.958851756678208,capacity-0.5-11,capacity,0.5,11,steal,main,,f1a01327ffd393122d54310e5dc427a462bf16903ea5dadb545c1cededa91e72,0.2132596849996844
threshold,cd6cdd478faa4bd6,61380,61380,48999,25240.6071674,14.2204346116,187.364938923,396.823124156,34.2650880854,0.00887773219862,2.4282,2.44995,27.1158116942,0.00220145910662,305.169358368,0.0351318703443,80631,5145168,13240576,0.0211256093749,0.0218114999999,0.0729030000009,346,303,43,0,0,44,101,1477.1,2.29545454545,7,0,0,119,251.833380588,854054,0.8910891089108911,101,0.002061266556460336,8.816887986034377,capacity-0.5-11,capacity,0.5,11,threshold,main,,f1a01327ffd393122d54310e5dc427a462bf16903ea5dadb545c1cededa91e72,0.1998809890001212
work,cd6cdd478faa4bd6,61380,61380,48999,25240.6071674,14.6680626905,186.425933123,394.839961986,34.347744982,0.00859201208188,2.4289,2.44995,21.883932877,0.00215026238321,304.252684252,0.033923897725,15936,1019904,13222784,0.00398400000004,0.00398400000004,0.1464045,0,0,0,0,0,0,0,0,0,0,0,0,0,0,510272,,0,0.0,,capacity-0.5-11,capacity,0.5,11,work,main,,f1a01327ffd393122d54310e5dc427a462bf16903ea5dadb545c1cededa91e72,0.12874417300008645
bwc,50b832e9849831c2,61498,61498,49252,25211.525329,14.3733257069,187.176762161,398.416805183,34.1094853962,0.00931941850077,2.43965,2.4626,23.1771400705,0.0024964972615,305.169358368,0.03611083325,43092,2757888,13295552,0.0107729278569,0.0136480000001,0.113890279631,0,0,0,0,0,0,0,0,0,0,27156,1.81377964354,0,0,585625,,0,0.0,,capacity-0.5-12,capacity,0.5,12,bwc,main,,bf320bb966f1847f0c8c553ff6e24240ddc82a71590bee905300ab0b3824e413,0.14268946499942103
jbsq,50b832e9849831c2,61498,61498,49252,25211.525329,13.8894052054,202.841304503,528.463690813,35.025250675,0.0151668967758,2.42525,2.4626,36.232860027,0.00593554961151,430.370358602,0.0514154246274,0,0,13295552,0,0,0.123136036955,0,0,0,0,0,0,0,0,0,0,0,0,0,0,430735,,0,0.0,,capacity-0.5-12,capacity,0.5,12,jbsq,main,,bf320bb966f1847f0c8c553ff6e24240ddc82a71590bee905300ab0b3824e413,0.10754236899992975
jsw,50b832e9849831c2,61498,61498,49252,25211.525329,14.2052293822,187.930599023,386.230834134,34.2108783499,0.00968488589296,2.43875,2.4626,28.9431514654,0.00282766526557,287.925072055,0.036610983295,15936,1019904,13295616,0.00398400000004,0.00398400000004,0.0731560000009,0,0,0,0,0,0,0,0,0,0,0,0,0,0,449516,,0,0.0,,capacity-0.5-12,capacity,0.5,12,jsw,main,,bf320bb966f1847f0c8c553ff6e24240ddc82a71590bee905300ab0b3824e413,0.11624564500016277
p2c,50b832e9849831c2,61498,61498,49252,25211.525329,13.9640012745,211.580509744,520.063848823,35.9268353916,0.0257654511492,2.39915,2.4626,47.4755619368,0.0174754808305,446.621734955,0.0583174952486,15936,1019904,13295552,0.00398400000004,0.00398400000004,0.0731560000009,0,0,0,0,0,0,0,0,0,0,0,0,0,0,449610,,0,0.0,,capacity-0.5-12,capacity,0.5,12,p2c,main,,bf320bb966f1847f0c8c553ff6e24240ddc82a71590bee905300ab0b3824e413,0.1066832019996582
qbr,50b832e9849831c2,61498,61498,49252,25211.525329,14.2052293822,188.497957801,383.531028313,34.1865791371,0.00946154470884,2.4393,2.4626,27.8560339604,0.00219080371927,308.554111244,0.038011403421,79760,5103360,13298064,0.0199689218749,0.0200629999999,0.0731559660009,28,27,1,0,0,3,9,348.9,3,6,0,0,15,184.839362501,850624,0.8888888888888888,9,0.00018273369609355967,9.81885017224704,capacity-0.5-12,capacity,0.5,12,qbr,main,,bf320bb966f1847f0c8c553ff6e24240ddc82a71590bee905300ab0b3824e413,0.1923295609994966
single,50b832e9849831c2,61498,61498,49252,25211.525329,14.1900393428,188.497957801,402.428995005,34.175081119,0.00936002598879,2.43955,2.4626,25.8792495528,0.00201248248631,318.934543153,0.038211463439,79763,5103504,13297232,0.0199356231835,0.0200567499999,0.0731559660009,30,30,0,0,0,7,7,144.7,1,1,0,0,9,184.839362501,850650,0.7142857142857143,7,0.0001421262080727686,10.149584784806263,capacity-0.5-12,capacity,0.5,12,single,main,,bf320bb966f1847f0c8c553ff6e24240ddc82a71590bee905300ab0b3824e413,0.19670315800067328
steal,50b832e9849831c2,61498,61498,49252,25211.525329,14.1900393428,188.119529622,401.623345691,34.1993250292,0.00921789978072,2.4399,2.4626,27.7696387066,0.00206343141001,309.17352902,0.037311193358,90639,5624592,13354416,0.0387799687499,0.0466797499998,0.0731410000009,7210,5592,1618,0,0,165,314,4889.4,1.90303030303,8,0,0,395,312.945694328,908560,0.9777070063694268,314,0.006375375619264192,5.707272362638233,capacity-0.5-12,capacity,0.5,12,steal,main,,bf320bb966f1847f0c8c553ff6e24240ddc82a71590bee905300ab0b3824e413,0.21151917899987893
threshold,50b832e9849831c2,61498,61498,49252,25211.525329,14.2052293822,188.308649152,401.623345691,34.1915656298,0.00936002598879,2.43955,2.4626,28.1458962903,0.00213985479557,299.710317669,0.037711313394,80525,5140080,13310608,0.0210048124999,0.0215259999999,0.0731559660009,301,282,19,0,0,39,88,1099.8,2.25641025641,7,0,0,112,270.315498985,853866,0.9431818181818182,88,0.0017867294729148055,6.8465358153934055,capacity-0.5-12,capacity,0.5,12,threshold,main,,bf320bb966f1847f0c8c553ff6e24240ddc82a71590bee905300ab0b3824e413,0.2002534180001021
work,50b832e9849831c2,61498,61498,49252,25211.525329,14.7151138985,187.930599023,372.918729944,34.2854856248,0.00797937139609,2.44295,2.4626,21.2746338213,0.0006368615463,307.31898416,0.036811043313,15936,1019904,13295744,0.00398400000004,0.00398400000004,0.147040036954,0,0,0,0,0,0,0,0,0,0,0,0,0,0,510995,,0,0.0,,capacity-0.5-12,capacity,0.5,12,work,main,,bf320bb966f1847f0c8c553ff6e24240ddc82a71590bee905300ab0b3824e413,0.1709933699994508
bwc,67fb645ca3e04240,61798,61798,49423,25184.561949,14.342625114,184.561941118,384.685775375,33.7220644248,0.00857900167938,2.44995,2.47115,22.299363654,0.00212298127227,307.010973186,0.0344967532468,43241,2767424,13272960,0.0108102500001,0.0129600000001,0.114286,0,0,0,0,0,0,0,0,0,0,27305,1.80959531221,0,0,588245,,0,0.0,,capacity-0.5-13,capacity,0.5,13,bwc,main,,0d75b6461d344972683393431cbbaf5412e33d0f1cd93028a9170210b796f3a0,0.14544420000038372
jbsq,67fb645ca3e04240,61798,61798,49423,25184.561949,13.8894052054,199.406993507,528.993154503,34.6657884537,0.0144467150922,2.43545,2.47115,36.1213844723,0.00563600980615,432.098429984,0.0498173701299,0,0,13272896,0,0,0.123538,0,0,0,0,0,0,0,0,0,0,0,0,0,0,432816,,0,0.0,,capacity-0.5-13,capacity,0.5,13,jbsq,main,,0d75b6461d344972683393431cbbaf5412e33d0f1cd93028a9170210b796f3a0,0.10572247399977641
jsw,67fb645ca3e04240,61798,61798,49423,25184.561949,14.1900393428,185.864778008,400.417887373,33.8736952141,0.00920624000971,2.4484,2.47115,29.5172207534,0.00267900017692,299.409907761,0.0354099025974,15936,1019904,13272832,0.00398400000004,0.00398400000004,0.0733270000009,0,0,0,0,0,0,0,0,0,0,0,0,0,0,451210,,0,0.0,,capacity-0.5-13,capacity,0.5,13,jsw,main,,0d75b6461d344972683393431cbbaf5412e33d0f1cd93028a9170210b796f3a0,0.11729423900032998
p2c,67fb645ca3e04240,61798,61798,49423,25184.561949,13.9490522223,215.007426994,541.860346683,35.8168136672,0.0278008214799,2.40245,2.47115,53.6527663825,0.0198144918745,452.475860346,0.059862012987,15936,1019904,13272896,0.00398400000004,0.00398400000004,0.0733270000009,0,0,0,0,0,0,0,0,0,0,0,0,0,0,451341,,0,0.0,,capacity-0.5-13,capacity,0.5,13,p2c,main,,0d75b6461d344972683393431cbbaf5412e33d0f1cd93028a9170210b796f3a0,0.11160076000032859
qbr,67fb645ca3e04240,61798,61798,49423,25186.1616542,14.1748644784,186.051642786,390.120614412,33.8097893845,0.00918600651519,2.44845,2.47115,27.5120018592,0.00257790583062,298.211266231,0.0357142857143,79767,5103696,13274752,0.0199784062499,0.0201749999999,0.0733270000009,31,29,2,0,0,4,10,166,2.5,5,0,0,12,126.732314012,851962,0.75,8,0.00016186795621471784,-21.573203423661198,capacity-0.5-13,capacity,0.5,13,qbr,main,,0d75b6461d344972683393431cbbaf5412e33d0f1cd93028a9170210b796f3a0,0.18135543599964876
single,67fb645ca3e04240,61798,61798,49423,25184.561949,14.1900393428,185.4916083,396.425698458,33.8356133742,0.00950974242761,2.44765,2.47115,29.2439340213,0.00300755680239,304.557936936,0.0356128246753,79779,5104272,13275456,0.0199489531249,0.0200777499999,0.0733270000009,38,31,7,0,0,8,8,341.8,1,1,0,0,15,213.854341457,852001,0.5,8,0.00016186795621471784,-62.16564394608213,capacity-0.5-13,capacity,0.5,13,single,main,,0d75b6461d344972683393431cbbaf5412e33d0f1cd93028a9170210b796f3a0,0.23468386999957147
steal,67fb645ca3e04240,61798,61798,49423,25184.561949,14.1900393428,186.051642786,389.729884528,33.8399045422,0.00944904194403,2.4478,2.47115,29.3954564334,0.00278009452321,293.758800038,0.0362215909091,92316,5705376,13340064,0.0415137553749,0.0503377499998,0.0733165000009,8155,6429,1726,0,0,182,360,5596,1.97802197802,7,0,0,468,314.675,916601,0.9527777777777777,360,0.007284058029662303,7.321848914365202,capacity-0.5-13,capacity,0.5,13,steal,main,,0d75b6461d344972683393431cbbaf5412e33d0f1cd93028a9170210b796f3a0,0.2125370779995137
threshold,67fb645ca3e04240,61798,61798,49423,25184.561949,14.1900393428,185.678099908,394.839961986,33.8353011623,0.00948950893309,2.4477,2.47115,29.9163337162,0.00308337756211,290.244578733,0.0352069805195,80624,5144832,13292928,0.0211317343749,0.0216987499999,0.0733270000009,345,306,39,0,0,52,113,1562.3,2.17307692308,5,0,0,137,268.051828985,855489,0.9734513274336283,113,0.0022863848815328895,6.636255301730768,capacity-0.5-13,capacity,0.5,13,threshold,main,,0d75b6461d344972683393431cbbaf5412e33d0f1cd93028a9170210b796f3a0,0.18708258100014064
work,67fb645ca3e04240,61798,61798,49423,25184.561949,14.5899568507,185.4916083,376.297491044,33.927239539,0.00944904194403,2.4478,2.47115,23.7888776288,0.00293173604266,289.082507049,0.0356128246753,15936,1019904,13273024,0.00398400000004,0.00398400000004,0.147447774,0,0,0,0,0,0,0,0,0,0,0,0,0,0,513018,,0,0.0,,capacity-0.5-13,capacity,0.5,13,work,main,,0d75b6461d344972683393431cbbaf5412e33d0f1cd93028a9170210b796f3a0,0.12477629400018486
bwc,ab7205cbc07f952d,61546,61546,49275,25156.7291811,14.3272978162,185.4916083,360.425329499,33.7062995615,0.00759005580923,2.44505,2.46375,21.2523814399,0.00134521180741,280.232260923,0.0325030376671,43070,2756480,13252864,0.010767458451,0.0137000000001,0.1138755,0,0,0,0,0,0,0,0,0,0,27134,1.81595046805,0,0,585928,,0,0.0,,capacity-0.5-14,capacity,0.5,14,bwc,main,,14db894241bd90c821323000adbe66ec5697eb06d9add41d2be6d58b07ec0821,0.16024198199920647
jbsq,ab7205cbc07f952d,61546,61546,49275,25156.7629146,13.8745306748,198.009739156,485.825898939,34.6695733759,0.0144292237443,2.4282,2.46375,36.4942732417,0.00588847432676,397.22094728,0.048501417578,0,0,13252864,0,0,0.1231845,0,0,0,0,0,0,0,0,0,0,0,0,0,0,431076,,0,0.0,,capacity-0.5-14,capacity,0.5,14,jbsq,main,,14db894241bd90c821323000adbe66ec5697eb06d9add41d2be6d58b07ec0821,0.10561607300041942
jsw,ab7205cbc07f952d,61546,61546,49275,25156.7291811,14.2052293822,185.4916083,420.988479748,33.9167278151,0.00844241501776,2.44295,2.46375,27.4550632776,0.00223355922739,300.914964404,0.0332118266505,15936,1019904,13252800,0.00398400000004,0.00398400000004,0.0731790000009,0,0,0,0,0,0,0,0,0,0,0,0,0,0,449626,,0,0.0,,capacity-0.5-14,capacity,0.5,14,jsw,main,,14db894241bd90c821323000adbe66ec5697eb06d9add41d2be6d58b07ec0821,0.1082085759999245
p2c,ab7205cbc07f952d,61546,61546,49275,25156.7291811,13.9341181042,210.732309266,546.218459984,35.9219914046,0.0263622526636,2.3988,2.46375,52.1444577655,0.0192136856265,460.246932134,0.0548805184285,15936,1019904,13252864,0.00398400000004,0.00398400000004,0.0731790000009,0,0,0,0,0,0,0,0,0,0,0,0,0,0,449734,,0,0.0,,capacity-0.5-14,capacity,0.5,14,p2c,main,,14db894241bd90c821323000adbe66ec5697eb06d9add41d2be6d58b07ec0821,0.11171172900048987
qbr,ab7205cbc07f952d,61546,61546,49275,25156.7291811,14.2052293822,185.4916083,414.709005504,33.9010109638,0.00809741248097,2.4438,2.46375,27.2849288643,0.00205588974339,303.338754667,0.0321992709599,79773,5103984,13256208,0.0199906406249,0.0201749999999,0.0731790000009,34,32,2,0,0,7,19,324.9,2.71428571429,7,0,0,22,189.494599726,849912,0.8333333333333334,18,0.00036529680365296805,8.05742976345957,capacity-0.5-14,capacity,0.5,14,qbr,main,,14db894241bd90c821323000adbe66ec5697eb06d9add41d2be6d58b07ec0821,0.19766375200015318
single,ab7205cbc07f952d,61546,61546,49275,25156.7291811,14.2204346116,185.305302997,380.087489696,33.8872197969,0.00868594622019,2.44235,2.46375,29.6394728619,0.00261427955024,289.662962146,0.0329080599433,79755,5103120,13254416,0.0199286718749,0.0200064999999,0.0731790000009,28,27,1,0,0,7,7,144.7,1,1,0,0,8,189.494599726,849850,1.0,7,0.00014205986808726534,14.760591461214712,capacity-0.5-14,capacity,0.5,14,single,main,,14db894241bd90c821323000adbe66ec5697eb06d9add41d2be6d58b07ec0821,0.1945956430008664
steal,ab7205cbc07f952d,61546,61546,49275,25156.7291811,14.2052293822,185.678099908,396.823124156,33.8840291772,0.00858447488584,2.4426,2.46375,28.5270746786,0.00261427955024,287.348087531,0.032401782098,91818,5681312,13317936,0.0408154809137,0.0508894999998,0.0731640000009,8024,6184,1839,0,0,177,355,5275.5,2.00564971751,6,0,0,452,294.475,911848,0.9549295774647887,355,0.007204464738711314,6.872139154996714,capacity-0.5-14,capacity,0.5,14,steal,main,,14db894241bd90c821323000adbe66ec5697eb06d9add41d2be6d58b07ec0821,0.20526726099978987
threshold,ab7205cbc07f952d,61546,61546,49275,25156.7291811,14.2052293822,185.305302997,401.623345691,33.8579735039,0.00825976661593,2.4434,2.46375,27.5690543749,0.00223355922739,288.213997127,0.032300526529,80589,5143152,13271552,0.0210864843749,0.0218487499999,0.0731790000009,333,295,38,0,0,52,105,1410.5,2.01923076923,7,0,0,141,247.25788597,853351,0.9523809523809523,105,0.00213089802130898,4.702350706431181,capacity-0.5-14,capacity,0.5,14,threshold,main,,14db894241bd90c821323000adbe66ec5697eb06d9add41d2be6d58b07ec0821,0.19916788399950747
work,ab7205cbc07f952d,61546,61546,49275,25156.7365045,14.5899568507,185.864778008,392.473212736,33.8929496283,0.00732623033993,2.4457,2.46375,21.2301512886,0.000964491484555,288.792714335,0.0327055488052,15936,1019904,13252800,0.00398400000004,0.00398400000004,0.1470855,0,0,0,0,0,0,0,0,0,0,0,0,0,0,511167,,0,0.0,,capacity-0.5-14,capacity,0.5,14,work,main,,14db894241bd90c821323000adbe66ec5697eb06d9add41d2be6d58b07ec0821,0.13419382800020685
bwc,4bbba783ad53cfc7,60693,60693,48647,25180.4170116,14.3579677392,182.716486922,378.566943004,33.9365139509,0.0109975949185,2.4056,2.43235,34.8094273464,0.00582633915967,263.8625095,0.0317984720215,43255,2768320,13060544,0.0108137500001,0.0141600000001,0.113531,0,0,0,0,0,0,0,0,0,0,27319,1.78110472565,0,0,581191,,0,0.0,,capacity-0.5-15,capacity,0.5,15,bwc,main,,3b540d6efe71a9e67341694a6824825213ca8051a3743c5daad9ebf0fe6d422d,0.15626476099987485
jbsq,4bbba783ad53cfc7,60693,60693,48647,25180.4170116,13.8745306748,202.027973628,505.177336414,34.7560126983,0.0143893765289,2.39735,2.43235,36.0472529192,0.00528733862067,432.098429984,0.0510014453851,0,0,13060544,0,0,0.121630888522,0,0,0,0,0,0,0,0,0,0,0,0,0,0,425094,,0,0.0,,capacity-0.5-15,capacity,0.5,15,jbsq,main,,3b540d6efe71a9e67341694a6824825213ca8051a3743c5daad9ebf0fe6d422d,0.10228988400012895
jsw,4bbba783ad53cfc7,60693,60693,48647,25182.2497536,14.1597047736,185.305302997,405.261484113,33.8891541722,0.00851028840422,2.41165,2.43235,25.8792495528,0.00195066861734,291.996420703,0.0348957257898,15936,1019904,13060416,0.00398400000004,0.00398400000004,0.0725510000008,0,0,0,0,0,0,0,0,0,0,0,0,0,0,444578,,0,0.0,,capacity-0.5-15,capacity,0.5,15,jsw,main,,3b540d6efe71a9e67341694a6824825213ca8051a3743c5daad9ebf0fe6d422d,0.10731324500011397
p2c,4bbba783ad53cfc7,60693,60693,48647,25180.4170116,13.9341181042,210.732309266,550.060499963,35.8245053586,0.0264353403088,2.36805,2.43235,51.1968849599,0.018942018942,454.292486457,0.0565765021681,15936,1019904,13060544,0.00398400000004,0.00398400000004,0.0725510000008,0,0,0,0,0,0,0,0,0,0,0,0,0,0,444686,,0,0.0,,capacity-0.5-15,capacity,0.5,15,p2c,main,,3b540d6efe71a9e67341694a6824825213ca8051a3743c5daad9ebf0fe6d422d,0.09625089000019216
qbr,4bbba783ad53cfc7,60693,60693,48647,25180.4170116,14.1748644784,184.747503059,381.231895809,33.8812385787,0.00857195716077,2.4115,2.43235,28.7938838094,0.002079002079,282.490009283,0.0346892422052,79760,5103360,13062912,0.0199682968749,0.0201844999999,0.0725510000008,29,26,3,0,0,4,13,187.3,3.25,7,0,0,16,119.510068944,845184,0.7692307692307693,13,0.0002672312783933233,-2.5457372423225726,capacity-0.5-15,capacity,0.5,15,qbr,main,,3b540d6efe71a9e67341694a6824825213ca8051a3743c5daad9ebf0fe6d422d,0.2072108959991965
single,4bbba783ad53cfc7,60693,60693,48647,25180.4170116,14.1597047736,185.119183813,413.050318272,33.8990359644,0.00875696343043,2.41105,2.43235,29.3044521333,0.002233002233,289.372589556,0.0349989675821,79755,5103120,13061936,0.0199267343749,0.0200072499999,0.0725510000008,28,24,4,0,0,5,5,130.5,1,1,0,0,8,119.510068944,845164,0.6,5,0.00010278126092050897,-21.58799280151961,capacity-0.5-15,capacity,0.5,15,single,main,,3b540d6efe71a9e67341694a6824825213ca8051a3743c5daad9ebf0fe6d422d,0.1978482559998156
steal,4bbba783ad53cfc7,60693,60693,48647,25180.4170116,14.1748644784,184.933250562,397.619168228,33.8839075346,0.00844861964767,2.4118,2.43235,27.059664306,0.001848001848,307.935930447,0.0349989675821,90618,5623728,13117872,0.0389299618749,0.0519022499998,0.0725379820008,7448,5580,1867,0,0,169,294,4937.4,1.73964497041,7,0,0,366,313.173807786,899363,0.9455782312925171,294,0.0060435381421259276,6.36878105768906,capacity-0.5-15,capacity,0.5,15,steal,main,,3b540d6efe71a9e67341694a6824825213ca8051a3743c5daad9ebf0fe6d422d,0.2386609650002356
threshold,4bbba783ad53cfc7,60693,60693,48647,25180.4170116,14.1597047736,184.933250562,385.07146115,33.8988368836,0.00857195716077,2.4115,2.43235,28.0586331858,0.00213033546367,294.348612397,0.0344827586207,80565,5142000,13078496,0.0210474002499,0.0217599039999,0.0725525000008,323,285,38,0,0,46,105,1315.5,2.28260869565,6,0,0,131,288.091812596,848418,0.9428571428571428,105,0.0021584064793306883,9.930953769894309,capacity-0.5-15,capacity,0.5,15,threshold,main,,3b540d6efe71a9e67341694a6824825213ca8051a3743c5daad9ebf0fe6d422d,0.21066238399998838
work,4bbba783ad53cfc7,60693,60693,48647,25180.4170116,14.5899568507,183.821545268,392.080132604,33.9365989815,0.00740025078628,2.41435,2.43235,21.4983851957,0.000821334154667,289.953625108,0.033863307867,15936,1019904,13060224,0.00398400000004,0.00398400000004,0.145534888521,0,0,0,0,0,0,0,0,0,0,0,0,0,0,505257,,0,0.0,,capacity-0.5-15,capacity,0.5,15,work,main,,3b540d6efe71a9e67341694a6824825213ca8051a3743c5daad9ebf0fe6d422d,0.13013857700025255
bwc,ffed0aec332758db,61181,61181,48936,25230.3348261,14.3886990326,185.678099908,387.005683033,33.8364590409,0.00915481445153,2.4244,2.4468,23.3712355066,0.00283271660074,283.910297065,0.0345605578915,43075,2756800,13140928,0.0107687500001,0.0128520000001,0.11355408615,0,0,0,0,0,0,0,0,0,0,27139,1.8033457386,0,0,584103,,0,0.0,,capacity-0.5-16,capacity,0.5,16,bwc,main,,1a5d570991aa64662b94b0e94418b8cf15e0d8acdefb828ba5f2681dbd2e5219,0.15987264800060075
jbsq,ffed0aec332758db,61181,61181,48936,25230.3348261,13.8745306748,201.21788796,518.503778457,34.7369242704,0.0143861369953,2.4116,2.4468,36.1585058568,0.00530815363022,425.653632159,0.0508665777869,0,0,13140416,0,0,0.12235113945,0,0,0,0,0,0,0,0,0,0,0,0,0,0,428517,,0,0.0,,capacity-0.5-16,capacity,0.5,16,jbsq,main,,1a5d570991aa64662b94b0e94418b8cf15e0d8acdefb828ba5f2681dbd2e5219,0.12106452700027148
jsw,ffed0aec332758db,61181,61181,48936,25230.3348261,14.1900393428,185.119183813,389.729884528,33.8812707278,0.00831698545038,2.42645,2.4468,26.3398707152,0.00183743779507,309.483702549,0.034355450723,15936,1019904,13140928,0.00398400000004,0.00398400000004,0.0728417740008,0,0,0,0,0,0,0,0,0,0,0,0,0,0,447661,,0,0.0,,capacity-0.5-16,capacity,0.5,16,jsw,main,,1a5d570991aa64662b94b0e94418b8cf15e0d8acdefb828ba5f2681dbd2e5219,0.10259099099948799
p2c,ffed0aec332758db,61181,61181,48936,25230.3348261,13.9341181042,212.859185765,536.461481493,35.8478794873,0.0273418342325,2.3799,2.4468,54.2017599907,0.0196248564502,454.292486457,0.058352989437,15936,1019904,13140928,0.00398400000004,0.00398400000004,0.0728417740008,0,0,0,0,0,0,0,0,0,0,0,0,0,0,447764,,0,0.0,,capacity-0.5-16,capacity,0.5,16,p2c,main,,1a5d570991aa64662b94b0e94418b8cf15e0d8acdefb828ba5f2681dbd2e5219,0.10184698300054151
qbr,ffed0aec332758db,61181,61181,48936,25230.3348261,14.2052293822,185.4916083,396.028669788,33.9070937489,0.00864394310937,2.42565,2.4468,27.7408978088,0.00219471736634,292.876289248,0.0345605578915,79784,5104512,13144208,0.020004606117,0.0202194999999,0.0728421394504,38,35,3,0,0,7,27,191.7,3.85714285714,8,0,0,36,119.893224028,849193,0.7777777777777778,27,0.0005517410495340853,7.026303804637859,capacity-0.5-16,capacity,0.5,16,qbr,main,,1a5d570991aa64662b94b0e94418b8cf15e0d8acdefb828ba5f2681dbd2e5219,0.23451551700054551
single,ffed0aec332758db,61181,61181,48936,25230.3348261,14.2204346116,185.119183813,430.370358602,33.9503685295,0.00946133725683,2.42365,2.4468,30.1645317768,0.00331759601888,303.034719947,0.0341503435545,79798,5105184,13144624,0.0199690624999,0.0200679999999,0.0728406394504,46,39,7,0,0,13,13,567.3,1,1,0,0,21,199.312770304,849267,0.9230769230769231,13,0.0002656530979238189,0.29980119032118707,capacity-0.5-16,capacity,0.5,16,single,main,,1a5d570991aa64662b94b0e94418b8cf15e0d8acdefb828ba5f2681dbd2e5219,0.20207314799972664
steal,ffed0aec332758db,61181,61181,48936,25230.3348261,14.1900393428,185.4916083,385.457532612,33.8699193693,0.00856220369462,2.42585,2.4468,28.233421446,0.00201607758071,293.758800038,0.0348682186442,91305,5656496,13193552,0.0401753298436,0.0466492499998,0.0728271394504,7996,5919,2077,0,0,151,277,4531.7,1.83443708609,6,0,0,384,320,907987,0.9350180505415162,277,0.0056604544711459865,5.216417781640382,capacity-0.5-16,capacity,0.5,16,steal,main,,1a5d570991aa64662b94b0e94418b8cf15e0d8acdefb828ba5f2681dbd2e5219,0.20950430399989273
threshold,ffed0aec332758db,61181,61181,48936,25230.3348261,14.1900393428,186.800972415,391.295150009,33.88310047,0.00897090076835,2.42485,2.4468,27.6262210527,0.0024499170601,296.422265352,0.035175879397,80558,5141664,13162960,0.0210372968749,0.0216642499999,0.0728406302702,325,279,46,0,0,51,133,1704.3,2.60784313725,8,0,0,172,301.00759597,852445,0.9624060150375939,133,0.0027178355402975316,8.062796407479247,capacity-0.5-16,capacity,0.5,16,threshold,main,,1a5d570991aa64662b94b0e94418b8cf15e0d8acdefb828ba5f2681dbd2e5219,0.19677263100038545
work,ffed0aec332758db,61181,61181,48936,25230.3348261,14.6211523544,185.119183813,406.074413343,33.9832041794,0.00817394147458,2.4268,2.4468,22.0676463732,0.00170983794819,301.519096248,0.0341503435545,15936,1019904,13141056,0.00398400000004,0.00398400000004,0.146256274,0,0,0,0,0,0,0,0,0,0,0,0,0,0,508828,,0,0.0,,capacity-0.5-16,capacity,0.5,16,work,main,,1a5d570991aa64662b94b0e94418b8cf15e0d8acdefb828ba5f2681dbd2e5219,0.14326711899957445
bwc,8dd364987229ffe3,61227,61227,48918,25139.0332795,14.3272978162,184.376564554,399.21603821,33.6198256251,0.00772721697535,2.427,2.4459,21.1857575877,0.00109671495613,286.772255249,0.0345005149331,42853,2742592,13122176,0.0107132500001,0.0125320000001,0.113200830866,0,0,0,0,0,0,0,0,0,0,26917,1.81788460824,0,0,583395,,0,0.0,,capacity-0.5-17,capacity,0.5,17,bwc,main,,90a856cd58968a1ad624ffc9f1e957168471b62d924ef0bf69d0ec22fe686e19,0.1482567149996612
jbsq,8dd364987229ffe3,61227,61227,48918,25139.0332795,13.9042946107,199.607400501,505.177336414,34.5922760679,0.014514084795,2.4104,2.4459,36.0102426766,0.00563660477454,417.209503492,0.0503604531411,0,0,13122112,0,0,0.122322,0,0,0,0,0,0,0,0,0,0,0,0,0,0,428826,,0,0.0,,capacity-0.5-17,capacity,0.5,17,jbsq,main,,90a856cd58968a1ad624ffc9f1e957168471b62d924ef0bf69d0ec22fe686e19,0.10805288000028668
jsw,8dd364987229ffe3,61227,61227,48918,25139.0332795,14.2052293822,185.119183813,397.22094728,33.7759222244,0.0094034915573,2.4229,2.4459,28.8236776932,0.00285655988574,307.31898416,0.0358393408857,15936,1019904,13122112,0.00398400000004,0.00398400000004,0.0728220000008,0,0,0,0,0,0,0,0,0,0,0,0,0,0,447650,,0,0.0,,capacity-0.5-17,capacity,0.5,17,jsw,main,,90a856cd58968a1ad624ffc9f1e957168471b62d924ef0bf69d0ec22fe686e19,0.11411367999971844
p2c,8dd364987229ffe3,61227,61227,48918,25139.0332795,13.9640012745,209.466349958,527.406349707,35.5803784838,0.0255120814424,2.3835,2.4459,50.1638286834,0.017674964293,442.170038644,0.057157569516,15936,1019904,13122112,0.00398400000004,0.00398400000004,0.0728220000008,0,0,0,0,0,0,0,0,0,0,0,0,0,0,447756,,0,0.0,,capacity-0.5-17,capacity,0.5,17,p2c,main,,90a856cd58968a1ad624ffc9f1e957168471b62d924ef0bf69d0ec22fe686e19,0.10975515399968572
qbr,8dd364987229ffe3,61227,61227,48918,25139.0332795,14.1900393428,184.561941118,408.113860227,33.7622158678,0.00883110511468,2.4243,2.4459,27.2002435049,0.00229544990818,307.010973186,0.0352214212152,79787,5104656,13123648,0.0200067343749,0.0201274999999,0.0728220000008,37,37,0,0,0,4,9,158.9,2.25,6,0,0,13,183.490458625,847771,0.8888888888888888,9,0.000183981356555869,16.56977780101483,capacity-0.5-17,capacity,0.5,17,qbr,main,,90a856cd58968a1ad624ffc9f1e957168471b62d924ef0bf69d0ec22fe686e19,0.18185830500078737
single,8dd364987229ffe3,61227,61227,48918,25139.0332795,14.1900393428,184.19137318,411.810647485,33.7793964434,0.00897420172534,2.42395,2.4459,27.4266366409,0.00255049989798,294.939604971,0.03491246138,79761,5103408,13123248,0.0199319843749,0.0200454999999,0.0728220000008,29,28,1,0,0,5,5,130.5,1,1,0,0,8,166.74986142,847664,0.8,5,0.00010221186475326056,10.424570550104544,capacity-0.5-17,capacity,0.5,17,single,main,,90a856cd58968a1ad624ffc9f1e957168471b62d924ef0bf69d0ec22fe686e19,0.2515655090001019
steal,8dd364987229ffe3,61227,61227,48918,25139.0332795,14.1597047736,184.19137318,404.855628485,33.7454272259,0.00883110511468,2.4243,2.4459,28.7046806238,0.00237196490512,287.925072055,0.03491246138,89985,5593200,13170752,0.0377877818749,0.0489457499998,0.0728085000008,6967,5255,1712,0,0,143,247,4128.7,1.72727272727,8,0,0,329,320,902894,0.94,250,0.005110593237663028,6.983902965420129,capacity-0.5-17,capacity,0.5,17,steal,main,,90a856cd58968a1ad624ffc9f1e957168471b62d924ef0bf69d0ec22fe686e19,0.22918838800069352
threshold,8dd364987229ffe3,61227,61227,48918,25139.0332795,14.1900393428,184.933250562,399.616254249,33.7674495331,0.00899464409829,2.4239,2.4459,28.087691819,0.00255049989798,291.119186494,0.0350154479918,80470,5137440,13139520,0.0209406249999,0.0214612499999,0.0728220000008,284,266,18,0,0,44,96,1441.6,2.18181818182,8,0,0,110,264.749390359,850729,0.9375,96,0.0019624678032626026,8.173900977562653,capacity-0.5-17,capacity,0.5,17,threshold,main,,90a856cd58968a1ad624ffc9f1e957168471b62d924ef0bf69d0ec22fe686e19,0.20944714000052045
work,8dd364987229ffe3,61227,61227,48918,25139.0332795,14.6367735067,184.561941118,388.949595387,33.8361892516,0.00756367799174,2.4274,2.4459,21.4086161896,0.000816159967354,292.876289248,0.0348094747683,15936,1019904,13122304,0.00398400000004,0.00398400000004,0.146229,0,0,0,0,0,0,0,0,0,0,0,0,0,0,508873,,0,0.0,,capacity-0.5-17,capacity,0.5,17,work,main,,90a856cd58968a1ad624ffc9f1e957168471b62d924ef0bf69d0ec22fe686e19,0.13157400000000052
bwc,4e567ee742bc3c3e,61372,61372,49067,25164.4887929,14.3733257069,186.051642786,378.566943004,33.9078715966,0.00845782297675,2.4326,2.45335,22.3459856807,0.00208885265947,280.513493184,0.0339414942412,43011,2752704,13187072,0.0107527500001,0.0126360000001,0.113590547309,0,0,0,0,0,0,0,0,0,0,27075,1.8113388735,0,0,584863,,0,0.0,,capacity-0.5-18,capacity,0.5,18,bwc,main,,3130acf8b1db54f3973463f5a9ccc47f1f8ecea37ba562e9ab7057859198dea6,0.14445581600011792
jbsq,4e567ee742bc3c3e,61372,61372,49067,25164.4887929,13.8894052054,199.00677994,492.192747626,34.771303898,0.0150610389875,2.4164,2.45335,36.9087786314,0.00649582229468,415.124714509,0.0493323820202,0,0,13187264,0,0,0.122635155897,0,0,0,0,0,0,0,0,0,0,0,0,0,0,429839,,0,0.0,,capacity-0.5-18,capacity,0.5,18,jbsq,main,,3130acf8b1db54f3973463f5a9ccc47f1f8ecea37ba562e9ab7057859198dea6,0.12062124000021868
jsw,4e567ee742bc3c3e,61372,61372,49067,25164.4887929,14.1748644784,187.741857166,386.230834134,34.0142999304,0.00947683779322,2.4301,2.45335,29.0931669538,0.00272569798247,294.939604971,0.0364896544695,15936,1019904,13187136,0.00398400000004,0.00398400000004,0.0729717740009,0,0,0,0,0,0,0,0,0,0,0,0,0,0,448592,,0,0.0,,capacity-0.5-18,capacity,0.5,18,jsw,main,,3130acf8b1db54f3973463f5a9ccc47f1f8ecea37ba562e9ab7057859198dea6,0.1292493379996813
p2c,4e567ee742bc3c3e,61372,61372,49067,25164.4887929,13.9191989053,213.501405113,567.402113045,36.0368240571,0.0263313428577,2.38875,2.45335,51.7739301529,0.0181628286122,476.668059846,0.0590153908878,15936,1019904,13187264,0.00398400000004,0.00398400000004,0.0729717740009,0,0,0,0,0,0,0,0,0,0,0,0,0,0,448711,,0,0.0,,capacity-0.5-18,capacity,0.5,18,p2c,main,,3130acf8b1db54f3973463f5a9ccc47f1f8ecea37ba562e9ab7057859198dea6,0.1305544890001329
qbr,4e567ee742bc3c3e,61372,61372,49067,25165.803416,14.1748644784,188.119529622,401.623345691,33.9790528643,0.00874314712536,2.4319,2.45335,26.7251268126,0.0017576930915,300.312039014,0.0366935072877,79752,5102976,13188560,0.0199594999999,0.0200559999999,0.0729720349684,25,25,0,0,0,3,6,137.6,2,3,0,0,7,166.508907533,848966,0.8,5,0.00010190148164754315,-13.096353906527657,capacity-0.5-18,capacity,0.5,18,qbr,main,,3130acf8b1db54f3973463f5a9ccc47f1f8ecea37ba562e9ab7057859198dea6,0.19241072899967548
single,4e567ee742bc3c3e,61372,61372,49067,25164.4887929,14.1748644784,187.741857166,396.028669788,33.9795204559,0.00894695008865,2.4314,2.45335,25.7987728113,0.00201243122071,312.289259405,0.0366935072877,79782,5104416,13189376,0.0199521562499,0.0200109999999,0.0729712954684,37,36,1,0,0,8,8,246.8,1,1,0,0,11,166.508907533,849052,0.75,8,0.00016304237063606905,-5.395592081585505,capacity-0.5-18,capacity,0.5,18,single,main,,3130acf8b1db54f3973463f5a9ccc47f1f8ecea37ba562e9ab7057859198dea6,0.19809693200022593
steal,4e567ee742bc3c3e,61372,61372,49067,25167.01866,14.1748644784,187.364938923,394.444517469,33.998506929,0.00902847127397,2.4312,2.45335,29.6701123347,0.00234359078867,297.613740137,0.0357761696055,90835,5634112,13237664,0.0389845468749,0.0507447499998,0.0729607809684,7222,5675,1547,0,0,142,275,4042.5,1.93661971831,7,0,0,325,294.475,904304,0.96,275,0.005604581490614873,6.050577435913543,capacity-0.5-18,capacity,0.5,18,steal,main,,3130acf8b1db54f3973463f5a9ccc47f1f8ecea37ba562e9ab7057859198dea6,0.19823998900028528
threshold,4e567ee742bc3c3e,61372,61372,49067,25164.4887929,14.1900393428,187.741857166,410.574688284,33.9861778603,0.00892656979232,2.43145,2.45335,26.9756533909,0.00201243122071,295.53178012,0.0365915808786,80456,5136768,13207472,0.0209358749999,0.0215214999999,0.0729712809684,282,266,16,0,0,53,112,1650.2,2.11320754717,8,0,0,134,244.507462751,851884,0.9285714285714286,112,0.0022825931889049666,6.974568748867788,capacity-0.5-18,capacity,0.5,18,threshold,main,,3130acf8b1db54f3973463f5a9ccc47f1f8ecea37ba562e9ab7057859198dea6,0.1943884580005033
work,4e567ee742bc3c3e,61372,61372,49067,25164.4887929,14.6367735067,186.988773388,376.674788535,34.1065047451,0.00915075305195,2.4309,2.45335,22.6276834916,0.00267475035663,287.925072055,0.0350626847416,15936,1019904,13187008,0.00398400000004,0.00398400000004,0.146531655897,0,0,0,0,0,0,0,0,0,0,0,0,0,0,509968,,0,0.0,,capacity-0.5-18,capacity,0.5,18,work,main,,3130acf8b1db54f3973463f5a9ccc47f1f8ecea37ba562e9ab7057859198dea6,0.13712395599941374
bwc,7a55a18ad19688b5,61074,61074,48844,25280.890751,14.3119858304,183.268187716,392.473212736,33.6627823068,0.00761608385882,2.4236,2.4422,20.9870804788,0.000997340425532,301.519096248,0.0341889117043,42952,2748928,13116800,0.0107380000001,0.0135960000001,0.113274603646,0,0,0,0,0,0,0,0,0,0,27016,1.80715131774,0,0,582863,,0,0.0,,capacity-0.5-19,capacity,0.5,19,bwc,main,,37fc82ec016eeee8cc04f075cd7a7ecae054c9a16e54ec2c8c5365c0d195c58d,0.13143208000019513
jbsq,7a55a18ad19688b5,61074,61074,48844,25280.8857141,13.8894052054,200.612445584,487.776125438,34.6317131586,0.0147612808124,2.40615,2.4422,36.4193970283,0.00583060556465,409.342429558,0.0506160164271,0,0,13116864,0,0,0.122074266267,0,0,0,0,0,0,0,0,0,0,0,0,0,0,427763,,0,0.0,,capacity-0.5-19,capacity,0.5,19,jbsq,main,,37fc82ec016eeee8cc04f075cd7a7ecae054c9a16e54ec2c8c5365c0d195c58d,0.10500612899977568
jsw,7a55a18ad19688b5,61074,61074,48844,25280.8857141,14.1748644784,183.63690836,394.444517469,33.7861882318,0.00841454426337,2.42165,2.4422,27.2284437484,0.00196910801964,303.947736515,0.0342915811088,15936,1019904,13116864,0.00398400000004,0.00398400000004,0.0727480000008,0,0,0,0,0,0,0,0,0,0,0,0,0,0,447170,,0,0.0,,capacity-0.5-19,capacity,0.5,19,jsw,main,,37fc82ec016eeee8cc04f075cd7a7ecae054c9a16e54ec2c8c5365c0d195c58d,0.1155242669992731
p2c,7a55a18ad19688b5,61074,61074,48844,25280.8857141,13.9341181042,219.80982234,539.154168892,35.9392028993,0.0256121529768,2.37965,2.4422,51.1968849599,0.0170315057283,475.714154822,0.0600616016427,15936,1019904,13116864,0.00398400000004,0.00398400000004,0.0727480000008,0,0,0,0,0,0,0,0,0,0,0,0,0,0,447290,,0,0.0,,capacity-0.5-19,capacity,0.5,19,p2c,main,,37fc82ec016eeee8cc04f075cd7a7ecae054c9a16e54ec2c8c5365c0d195c58d,0.09999085999970703
qbr,7a55a18ad19688b5,61074,61074,48844,25280.9030294,14.2052293822,183.452455904,401.623345691,33.8396548132,0.00886495782491,2.42055,2.4422,27.7121856232,0.00242941898527,310.727501504,0.0347022587269,79771,5103888,13118080,0.0199816874999,0.0200839999999,0.0727491020009,33,29,4,0,0,4,10,71,2.5,5,0,0,13,134.055935273,849413,0.8888888888888888,9,0.0001842600933584473,13.543744627805811,capacity-0.5-19,capacity,0.5,19,qbr,main,,37fc82ec016eeee8cc04f075cd7a7ecae054c9a16e54ec2c8c5365c0d195c58d,0.19547544100078085
single,7a55a18ad19688b5,61074,61074,48844,25280.8857141,14.1900393428,183.452455904,392.866685949,33.8289420822,0.00902874457456,2.42015,2.4422,28.4386703222,0.00273629296236,309.483702549,0.0342915811088,79759,5103312,13117440,0.0199293281249,0.0199894999999,0.0727494100009,29,25,4,0,0,4,4,28.4,1,1,0,0,6,134.055935273,849373,1.0,4,8.189337482597658e-05,11.899415030388582,capacity-0.5-19,capacity,0.5,19,single,main,,37fc82ec016eeee8cc04f075cd7a7ecae054c9a16e54ec2c8c5365c0d195c58d,0.18948793999970803
steal,7a55a18ad19688b5,61074,61074,48844,25280.8857141,14.1748644784,183.452455904,377.808946302,33.7996990375,0.00861927770043,2.42115,2.4422,28.4681089925,0.00212254500818,303.947736515,0.0347022587269,89963,5592336,13171168,0.0377732856823,0.0473852499999,0.0727405000008,6972,5242,1730,0,0,158,284,4581.4,1.79746835443,8,0,0,371,320,903519,0.9442508710801394,287,0.00587584964376382,6.881521670707395,capacity-0.5-19,capacity,0.5,19,steal,main,,37fc82ec016eeee8cc04f075cd7a7ecae054c9a16e54ec2c8c5365c0d195c58d,0.2098582369999349
threshold,7a55a18ad19688b5,61074,61074,48844,25280.8857141,14.1748644784,184.561941118,389.729884528,33.7995821184,0.00859880435673,2.4212,2.4422,26.0950376754,0.00194353518822,299.710317669,0.035318275154,80521,5139888,13134880,0.0209966874999,0.0212997499999,0.0727480000008,309,273,36,0,0,50,104,1308.4,2.08,7,0,0,145,229.473641432,852624,0.9326923076923077,104,0.002129227745475391,8.707200325312801,capacity-0.5-19,capacity,0.5,19,threshold,main,,37fc82ec016eeee8cc04f075cd7a7ecae054c9a16e54ec2c8c5365c0d195c58d,0.1977959389996613
work,7a55a18ad19688b5,61074,61074,48844,25280.8857141,14.5743824683,183.452455904,406.888969244,33.8683724715,0.00782081729588,2.4231,2.4422,21.6563471464,0.00130421440262,295.53178012,0.0339835728953,15936,1019904,13116736,0.00398400000004,0.00398400000004,0.14597513902,0,0,0,0,0,0,0,0,0,0,0,0,0,0,508259,,0,0.0,,capacity-0.5-19,capacity,0.5,19,work,main,,37fc82ec016eeee8cc04f075cd7a7ecae054c9a16e54ec2c8c5365c0d195c58d,0.16240180099975987
bwc,f19d78f9c0d5bd53,61275,61275,49031,25166.182999,14.3733257069,184.747503059,394.049468001,34.0132390329,0.00728110787053,2.4337,2.45155,21.0531077034,0.000971991303236,291.119186494,0.0321054750403,43079,2757056,13228672,0.0107696435069,0.0129560000001,0.113648,0,0,0,0,0,0,0,0,0,0,27143,1.80617470434,0,0,584121,,0,0.0,,capacity-0.5-20,capacity,0.5,20,bwc,main,,0d4ff9c6b19db62c613eb59fd3bf28ab7f5d595895c5e2c776d46ccb74cf5d8b,0.1504915109999274
jbsq,f19d78f9c0d5bd53,61275,61275,49031,25166.182999,13.9042946107,200.209824725,521.628604082,35.0378106831,0.0140523342375,2.4171,2.45155,35.8994336404,0.00498785010871,423.102646254,0.0497181964573,0,0,13228672,0,0,0.122563210325,0,0,0,0,0,0,0,0,0,0,0,0,0,0,429159,,0,0.0,,capacity-0.5-20,capacity,0.5,20,jbsq,main,,0d4ff9c6b19db62c613eb59fd3bf28ab7f5d595895c5e2c776d46ccb74cf5d8b,0.10382368499995209
jsw,f19d78f9c0d5bd53,61275,61275,49031,25166.182999,14.2508907012,184.747503059,394.839961986,34.1867481141,0.00842324243846,2.4309,2.45155,29.7007824471,0.00250671441361,283.057272791,0.0317028985507,15936,1019904,13228800,0.00398400000004,0.00398400000004,0.0729350000009,0,0,0,0,0,0,0,0,0,0,0,0,0,0,448013,,0,0.0,,capacity-0.5-20,capacity,0.5,20,jsw,main,,0d4ff9c6b19db62c613eb59fd3bf28ab7f5d595895c5e2c776d46ccb74cf5d8b,0.10623358700013341
p2c,f19d78f9c0d5bd53,61275,61275,49031,25166.182999,13.9789652758,213.07304495,504.166498251,36.0963923601,0.0272888580694,2.38465,2.45155,51.9853427283,0.0197211919683,429.508910272,0.0570652173913,15936,1019904,13228672,0.00398400000004,0.00398400000004,0.0729350000009,0,0,0,0,0,0,0,0,0,0,0,0,0,0,448121,,0,0.0,,capacity-0.5-20,capacity,0.5,20,p2c,main,,0d4ff9c6b19db62c613eb59fd3bf28ab7f5d595895c5e2c776d46ccb74cf5d8b,0.11788370899921574
qbr,f19d78f9c0d5bd53,61275,61275,49031,25166.182999,14.2204346116,185.305302997,385.843990144,34.1644949438,0.00866798556016,2.4303,2.45155,29.4562777417,0.0024555569766,299.710317669,0.0331119162641,79771,5103888,13231504,0.0199863004999,0.0201354999999,0.0729364700009,34,30,4,0,0,7,19,134.9,2.71428571429,9,0,0,28,123.895323134,848476,0.631578947368421,19,0.000387509942689319,2.566670272667244,capacity-0.5-20,capacity,0.5,20,qbr,main,,0d4ff9c6b19db62c613eb59fd3bf28ab7f5d595895c5e2c776d46ccb74cf5d8b,0.21638808499938023
single,f19d78f9c0d5bd53,61275,61275,49031,25166.182999,14.2204346116,184.933250562,381.996741832,34.1746438772,0.00823968509718,2.43135,2.45155,28.4092610611,0.00209745491751,296.719687618,0.0324074074074,79794,5104992,13230176,0.0199598281249,0.0200557499999,0.0729364700009,43,34,9,0,0,6,6,137.6,1,1,0,0,9,135.996305788,848547,0.6666666666666666,6,0.00012237156084925863,-39.77564247735245,capacity-0.5-20,capacity,0.5,20,single,main,,0d4ff9c6b19db62c613eb59fd3bf28ab7f5d595895c5e2c776d46ccb74cf5d8b,0.19279635299972142
steal,f19d78f9c0d5bd53,61275,61275,49031,25166.182999,14.2052293822,185.305302997,387.005683033,34.1727928876,0.00860679977973,2.43045,2.45155,28.3505306493,0.00242997825809,294.348612397,0.0329106280193,91727,5676848,13285056,0.0409103743436,0.0554234999998,0.0729230000009,8275,6134,2141,0,0,168,296,4666.6,1.7619047619,8,0,0,385,320,910756,0.9155405405405406,296,0.006036997001896759,7.725429604601477,capacity-0.5-20,capacity,0.5,20,steal,main,,0d4ff9c6b19db62c613eb59fd3bf28ab7f5d595895c5e2c776d46ccb74cf5d8b,0.23554204199990636
threshold,f19d78f9c0d5bd53,61275,61275,49031,25166.182999,14.2356550462,185.119183813,387.782082405,34.1754591962,0.0081988945769,2.43145,2.45155,28.3505306493,0.0020462974805,289.082507049,0.0324074074074,80638,5145504,13251744,0.0211423979616,0.0217997499999,0.0729349700009,357,302,55,0,0,58,143,1490.3,2.46551724138,7,0,0,177,248.555681558,852062,0.972027972027972,143,0.0029165222002406643,9.728287036670245,capacity-0.5-20,capacity,0.5,20,threshold,main,,0d4ff9c6b19db62c613eb59fd3bf28ab7f5d595895c5e2c776d46ccb74cf5d8b,0.1971387749999849
work,f19d78f9c0d5bd53,61275,61275,49031,25167.4268693,14.6524102803,184.747503059,387.782082405,34.1973167252,0.00752585099223,2.4331,2.45155,21.5208835809,0.00112546361427,279.670638975,0.0327093397746,15936,1019904,13228864,0.00398400000004,0.00398400000004,0.1464695,0,0,0,0,0,0,0,0,0,0,0,0,0,0,509291,,0,0.0,,capacity-0.5-20,capacity,0.5,20,work,main,,0d4ff9c6b19db62c613eb59fd3bf28ab7f5d595895c5e2c776d46ccb74cf5d8b,0.12153601299996808
bwc,996fe6c92b8667f8,86198,86198,68892,25177.8168203,15.5534896619,203.249190953,501.146079532,38.2159055253,0.0426609766011,3.29765,3.4446,53.1633418689,0.0403101057344,418.884852437,0.0519256974826,52414,3354496,18581504,0.0131035000001,0.0170360000001,0.147510000001,0,0,0,0,0,0,0,0,0,0,36478,1.88861779703,0,0,779585,,0,0.0,,capacity-0.7-11,capacity,0.7,11,bwc,main,,022872c2bdc2d11e9f3729901179d7539ceb494e51d313c61fb825854e247d04,0.21552258100018662
jbsq,996fe6c92b8667f8,86198,86198,68892,25177.8168203,14.0540100417,200.008815909,499.14250665,35.5512136829,0.0234570051675,3.3638,3.4446,48.1095392346,0.0170521756538,415.957380063,0.0486982715341,0,0,18581440,0,0,0.172225500001,0,0,0,0,0,0,0,0,0,0,0,0,0,0,603702,,0,0.0,,capacity-0.7-11,capacity,0.7,11,jbsq,main,,022872c2bdc2d11e9f3729901179d7539ceb494e51d313c61fb825854e247d04,0.17073633400013932
jsw,996fe6c92b8667f8,86198,86198,68892,25177.8168203,16.0403224605,188.497957801,397.619168228,36.8144036542,0.0219619113975,3.36895,3.4446,44.7910324712,0.0182168920272,297.017407305,0.0367209352363,15936,1019904,18581376,0.00398400000004,0.00398400000004,0.0927960000013,0,0,0,0,0,0,0,0,0,0,0,0,0,0,597643,,0,0.0,,capacity-0.7-11,capacity,0.7,11,jsw,main,,022872c2bdc2d11e9f3729901179d7539ceb494e51d313c61fb825854e247d04,0.1627557669999078
p2c,996fe6c92b8667f8,86198,86198,68892,25177.8168203,14.6680626905,224.043182268,590.58721935,39.3637459742,0.0508331881786,3.2695,3.4446,117.820219723,0.0497370288813,496.152126657,0.0551531234311,15936,1019904,18581504,0.00398400000004,0.00398400000004,0.0927960000013,0,0,0,0,0,0,0,0,0,0,0,0,0,0,597741,,0,0.0,,capacity-0.7-11,capacity,0.7,11,p2c,main,,022872c2bdc2d11e9f3729901179d7539ceb494e51d313c61fb825854e247d04,0.15238842200051295
qbr,996fe6c92b8667f8,86198,86198,68892,25177.8168203,16.0403224605,189.447344466,387.782082405,36.8236108708,0.0212651686698,3.37135,3.4446,44.7910324712,0.0171795665071,304.863494873,0.037366420426,80967,5161296,18593984,0.0211735004809,0.0216114999999,0.0927960000013,578,171,407,0,0,40,76,729.6,1.9,7,0,0,192,133.569562642,1002612,0.8026315789473685,76,0.0011031759856006502,10.071837921952369,capacity-0.7-11,capacity,0.7,11,qbr,main,,022872c2bdc2d11e9f3729901179d7539ceb494e51d313c61fb825854e247d04,0.23692885999935243
single,996fe6c92b8667f8,86198,86198,68892,25177.8168203,15.9893035649,189.828429602,380.850045763,36.7098823784,0.0186959298612,3.3802,3.4446,42.9085587136,0.0138674043204,298.510477498,0.0377250233092,81117,5168496,18589296,0.0210368593749,0.0215897499999,0.0927960000013,656,162,494,0,0,37,37,547.7,1,1,0,0,84,158.617004954,1002986,0.8648648648648649,37,0.0005370725193055797,6.927431064973904,capacity-0.7-11,capacity,0.7,11,single,main,,022872c2bdc2d11e9f3729901179d7539ceb494e51d313c61fb825854e247d04,0.23375961000056122
steal,996fe6c92b8667f8,86198,86198,68892,25177.8168203,15.9893035649,190.019258031,398.017787396,36.6792144797,0.0194942809034,3.37745,3.4446,43.305320144,0.0152323063204,303.338754667,0.0362906117765,102941,6214320,18921632,0.0654357968748,0.0887542499998,0.0927735000013,21175,12189,8986,0,0,1010,2013,22747.3,1.99306930693,9,0,0,3126,282.717223186,1134489,0.882762046696473,2013,0.029219648144922488,7.027235439112715,capacity-0.7-11,capacity,0.7,11,steal,main,,022872c2bdc2d11e9f3729901179d7539ceb494e51d313c61fb825854e247d04,0.31125029299983
threshold,996fe6c92b8667f8,86198,86198,68892,25177.8168203,15.9893035649,189.63779181,386.618064969,36.7351795896,0.0209603437264,3.3724,3.4446,44.5627625748,0.0169611821871,296.422265352,0.0367209352363,89699,5580320,18769248,0.0305520339999,0.0348247499999,0.0927930000013,4495,1522,2973,0,0,486,1164,12064.4,2.3950617284,15,0,0,1852,281.762998453,1036901,0.936426116838488,1164,0.016896011147883645,10.01578492105855,capacity-0.7-11,capacity,0.7,11,threshold,main,,022872c2bdc2d11e9f3729901179d7539ceb494e51d313c61fb825854e247d04,0.24826312299956044
work,996fe6c92b8667f8,86198,86198,68892,25178.0313841,15.686382005,199.20678672,478.102497507,36.535325451,0.0212361377228,3.37145,3.4446,43.4828074338,0.0143041729604,398.017787396,0.0485548303808,15936,1019904,18581568,0.00398400000004,0.00398400000004,0.1961355,0,0,0,0,0,0,0,0,0,0,0,0,0,0,683934,,0,0.0,,capacity-0.7-11,capacity,0.7,11,work,main,,022872c2bdc2d11e9f3729901179d7539ceb494e51d313c61fb825854e247d04,0.19434188299965172
bwc,86f5a936a020ce10,86048,86048,68708,25212.7118816,15.4545154223,212.645540224,507.713289934,39.7222239515,0.0750130989113,3.1777,3.4354,72.9100589157,0.0788593975485,419.304737289,0.0599355531686,52331,3349184,18556864,0.0130827500001,0.0193760000002,0.147213500001,0,0,0,0,0,0,0,0,0,0,36395,1.88888583597,0,0,778517,,0,0.0,,capacity-0.7-12,capacity,0.7,12,bwc,main,,8aff3eea711e03d012e25ad73e065e7f2a4c4449de01ab10ccde80bccc77c6d3,0.18772903900025995
jbsq,86f5a936a020ce10,86048,86048,68708,25212.7118816,14.0690640517,202.231001602,510.261948606,35.7546118919,0.0245386272341,3.3511,3.4354,50.0616543131,0.0178652978463,410.16352476,0.0506981740064,0,0,18556096,0,0,0.171810500001,0,0,0,0,0,0,0,0,0,0,0,0,0,0,602652,,0,0.0,,capacity-0.7-12,capacity,0.7,12,jbsq,main,,8aff3eea711e03d012e25ad73e065e7f2a4c4449de01ab10ccde80bccc77c6d3,0.15897278000011283
jsw,86f5a936a020ce10,86048,86048,68708,25212.7118816,16.1428203411,192.324138518,400.016870503,37.3359359335,0.0298655178436,3.3328,3.4354,49.4024762771,0.0269806185266,310.104980438,0.0411743644826,15936,1019904,18556352,0.00398400000004,0.00398400000004,0.0926120000013,0,0,0,0,0,0,0,0,0,0,0,0,0,0,596871,,0,0.0,,capacity-0.7-12,capacity,0.7,12,jsw,main,,8aff3eea711e03d012e25ad73e065e7f2a4c4449de01ab10ccde80bccc77c6d3,0.1844731840001259
p2c,86f5a936a020ce10,86048,86048,68708,25212.7118816,14.7151138985,227.899675805,595.336514717,39.9908733611,0.0548262211096,3.24705,3.4354,141.098737683,0.0539612370531,494.168479746,0.0582169709989,15936,1019904,18556736,0.00398400000004,0.00398400000004,0.0926120000013,0,0,0,0,0,0,0,0,0,0,0,0,0,0,596949,,0,0.0,,capacity-0.7-12,capacity,0.7,12,p2c,main,,8aff3eea711e03d012e25ad73e065e7f2a4c4449de01ab10ccde80bccc77c6d3,0.17231762899973546
qbr,86f5a936a020ce10,86048,86048,68708,25212.7118816,16.1428203411,191.745324117,393.260552635,37.2170428532,0.0257029749083,3.3471,3.4354,46.1377319855,0.0220119467329,297.315424713,0.040171858217,81103,5167824,18567408,0.0212848593749,0.0218794999999,0.0926120000013,639,178,461,0,0,33,65,651.5,1.9696969697,6,0,0,154,119.556820252,1002931,1.0,65,0.0009460324853001106,15.1865684614732,capacity-0.7-12,capacity,0.7,12,qbr,main,,8aff3eea711e03d012e25ad73e065e7f2a4c4449de01ab10ccde80bccc77c6d3,0.2616401320001387
single,86f5a936a020ce10,86048,86048,68708,25214.0243263,16.1428203411,191.745324117,398.416805183,37.2382829279,0.0277260289923,3.34015,3.4354,48.9511138105,0.024350145224,305.782003254,0.0409595417114,81074,5166432,18563712,0.0210098124999,0.0217782499999,0.0926120000013,621,192,429,0,0,40,40,284,1,1,0,0,86,142.390107183,1002927,0.95,40,0.0005821738371077603,11.897587891013654,capacity-0.7-12,capacity,0.7,12,single,main,,8aff3eea711e03d012e25ad73e065e7f2a4c4449de01ab10ccde80bccc77c6d3,0.22970171100041625
steal,86f5a936a020ce10,86048,86048,68708,25212.7118816,16.1599631615,191.360410934,398.017787396,37.1480181981,0.0250043663038,3.3495,3.4354,46.3265659285,0.0213543284073,304.863494873,0.0393125671321,102391,6188304,18896848,0.0645772405024,0.0772559999998,0.0925880000013,21002,11888,9114,0,0,982,2067,21990.7,2.10488798371,10,0,0,3212,282.79798982,1135296,0.9032101167315175,2056,0.029923735227338884,7.596790924638164,capacity-0.7-12,capacity,0.7,12,steal,main,,8aff3eea711e03d012e25ad73e065e7f2a4c4449de01ab10ccde80bccc77c6d3,0.27416682799957925
threshold,86f5a936a020ce10,86048,86048,68708,25212.7118816,16.1599631615,191.552771345,400.819305261,37.2558576664,0.0258921814054,3.34645,3.4354,47.6211340978,0.0222128856657,300.312039014,0.0403150733978,90131,5601168,18751040,0.0307802031249,0.0349552499999,0.0926105000013,4718,1469,3250,0,0,456,1197,13343.7,2.625,11,0,0,1932,222.331580336,1038280,0.9313807531380753,1195,0.01739244338359434,9.661130827513437,capacity-0.7-12,capacity,0.7,12,threshold,main,,8aff3eea711e03d012e25ad73e065e7f2a4c4449de01ab10ccde80bccc77c6d3,0.24267239700020582
work,86f5a936a020ce10,86048,86048,68708,25212.7118816,15.8539987181,207.581589171,478.102497507,38.0056988523,0.0492810153112,3.2661,3.4354,55.429035733,0.0477869316625,398.816221989,0.0551378446115,15936,1019904,18555968,0.00398400000004,0.00398400000004,0.19571,0,0,0,0,0,0,0,0,0,0,0,0,0,0,682993,,0,0.0,,capacity-0.7-12,capacity,0.7,12,work,main,,8aff3eea711e03d012e25ad73e065e7f2a4c4449de01ab10ccde80bccc77c6d3,0.1986121469999489
bwc,3d3d65075a353c58,86604,86604,69159,25159.6806888,15.8203412154,209.046047816,494.663648226,39.7373666012,0.077357972209,3.19045,3.45795,64.0992085456,0.0820261674136,416.791711781,0.0586703320553,52907,3386048,18585920,0.0132268742178,0.0186800000002,0.148508631819,0,0,0,0,0,0,0,0,0,0,36971,1.87035784804,0,0,784254,,0,0.0,,capacity-0.7-13,capacity,0.7,13,bwc,main,,b305f7e0c6bf40ded0d74753babe6efe9b8f386eac3aca4839bcf8eaeb9638c7,0.2145281180000893
jbsq,3d3d65075a353c58,86604,86604,69159,25159.6806888,14.0389710706,202.434232603,497.645074991,35.2155061011,0.0232652293989,3.3775,3.45795,47.9625047837,0.0161377764927,408.522974087,0.0517977284236,0,0,18586240,0,0,0.172884566186,0,0,0,0,0,0,0,0,0,0,0,0,0,0,606522,,0,0.0,,capacity-0.7-13,capacity,0.7,13,jbsq,main,,b305f7e0c6bf40ded0d74753babe6efe9b8f386eac3aca4839bcf8eaeb9638c7,0.14634449599998334
jsw,3d3d65075a353c58,86604,86604,69159,25160.4532012,16.0403224605,190.401487567,384.3004749,36.6830062923,0.0226434737344,3.37965,3.45795,45.3435571657,0.0185051322828,294.64396101,0.0392100122983,15936,1019904,18586112,0.00398400000004,0.00398400000004,0.0930620661869,0,0,0,0,0,0,0,0,0,0,0,0,0,0,600021,,0,0.0,,capacity-0.7-13,capacity,0.7,13,jsw,main,,b305f7e0c6bf40ded0d74753babe6efe9b8f386eac3aca4839bcf8eaeb9638c7,0.1511646799999653
p2c,3d3d65075a353c58,86604,86604,69159,25159.6806888,14.6680626905,230.661629765,584.703754726,39.5491593614,0.0507381541086,3.2825,3.45795,149.128961803,0.0489374006072,515.914033975,0.057946900094,15936,1019904,18586176,0.00398400000004,0.00398400000004,0.0930620661869,0,0,0,0,0,0,0,0,0,0,0,0,0,0,600111,,0,0.0,,capacity-0.7-13,capacity,0.7,13,p2c,main,,b305f7e0c6bf40ded0d74753babe6efe9b8f386eac3aca4839bcf8eaeb9638c7,0.15942906599957496
qbr,3d3d65075a353c58,86604,86604,69159,25161.0632754,16.0403224605,189.828429602,371.054732014,36.5968440741,0.0213855029714,3.384,3.45795,44.1998952812,0.0169329188955,298.809987975,0.0392100122983,80976,5161728,18601360,0.0211869687499,0.0215672499999,0.0930620661869,586,171,415,0,0,47,98,790.8,2.08510638298,9,0,0,211,169.555356709,1004794,0.9285714285714286,98,0.001417024537659596,12.562783835964174,capacity-0.7-13,capacity,0.7,13,qbr,main,,b305f7e0c6bf40ded0d74753babe6efe9b8f386eac3aca4839bcf8eaeb9638c7,0.2619799329995658
single,3d3d65075a353c58,86604,86604,69159,25159.6806888,16.0914945658,189.257087378,387.393688717,36.5938196372,0.0202142888127,3.38805,3.45795,42.9524672724,0.0153426340899,298.211266231,0.0397164146712,81012,5163456,18593680,0.0209575937499,0.0215777499999,0.0930620661869,600,171,429,0,0,39,39,466.9,1,1,0,0,85,163.841199506,1004880,0.8205128205128205,39,0.0005639179282522882,11.42074140102891,capacity-0.7-13,capacity,0.7,13,single,main,,b305f7e0c6bf40ded0d74753babe6efe9b8f386eac3aca4839bcf8eaeb9638c7,0.2538991490000626
steal,3d3d65075a353c58,86604,86604,69159,25159.6806888,16.0403224605,189.828429602,378.946509947,36.6064903915,0.0214578001417,3.38375,3.45795,43.9745722243,0.016896776059,299.109797963,0.0397164146712,102614,6198848,18919648,0.064875810164,0.0921254999998,0.0930395661869,20985,12019,8966,0,0,1010,1951,22592.1,1.93168316832,10,0,0,3022,294.475,1136481,0.8826242952332137,1951,0.028210355846672162,6.788771627210516,capacity-0.7-13,capacity,0.7,13,steal,main,,b305f7e0c6bf40ded0d74753babe6efe9b8f386eac3aca4839bcf8eaeb9638c7,0.2697373159999188
threshold,3d3d65075a353c58,86604,86604,69159,25159.6806888,16.0403224605,190.401487567,392.866685949,36.5959065212,0.0193322633352,3.3911,3.45795,42.4718784687,0.0142222061587,302.12443696,0.0397887578673,89801,5585152,18770032,0.0304961562499,0.0337664999999,0.0930605661869,4587,1440,3147,0,0,481,1104,12683.4,2.29521829522,8,0,0,1788,252.205392096,1039703,0.917572463768116,1104,0.015963215199757082,9.213743982548742,capacity-0.7-13,capacity,0.7,13,threshold,main,,b305f7e0c6bf40ded0d74753babe6efe9b8f386eac3aca4839bcf8eaeb9638c7,0.24726302199997008
work,3d3d65075a353c58,86604,86604,69159,25159.6932743,15.8708527169,202.434232603,497.645074991,36.9147195204,0.0205179369279,3.387,3.45795,41.3567268703,0.0125957785167,418.884852437,0.0522317876004,15936,1019904,18585984,0.00398400000004,0.00398400000004,0.196779566186,0,0,0,0,0,0,0,0,0,0,0,0,0,0,686678,,0,0.0,,capacity-0.7-13,capacity,0.7,13,work,main,,b305f7e0c6bf40ded0d74753babe6efe9b8f386eac3aca4839bcf8eaeb9638c7,0.17023909899944556
bwc,61130ea556a60fd0,86316,86316,69133,25204.0892691,15.1127426245,199.607400501,467.68249182,35.9376965348,0.0183703875139,3.39315,3.45665,40.6015007526,0.010532210861,395.235801948,0.0498584802961,52572,3364608,18565312,0.0131429877273,0.0168160000001,0.147995500001,0,0,0,0,0,0,0,0,0,0,36636,1.88726935255,0,0,780858,,0,0.0,,capacity-0.7-14,capacity,0.7,14,bwc,main,,192dbb860393da05bf90c764620d538a3d1a2e83920a679613e6af18074cf5d2,0.2010651089995008
jbsq,61130ea556a60fd0,86316,86316,69133,25204.0892691,13.9789652758,197.612315912,494.168479746,34.8670875443,0.0202797506256,3.38655,3.45665,43.616389349,0.0134407630885,409.342429558,0.0477538282894,0,0,18565120,0,0,0.172849431034,0,0,0,0,0,0,0,0,0,0,0,0,0,0,604515,,0,0.0,,capacity-0.7-14,capacity,0.7,14,jbsq,main,,192dbb860393da05bf90c764620d538a3d1a2e83920a679613e6af18074cf5d2,0.14692555200053903
jsw,61130ea556a60fd0,86316,86316,69133,25204.0892691,15.7699809458,187.364938923,407.296858214,35.8782801235,0.01489881822,3.40515,3.45665,39.9006001583,0.00982765473137,297.613740137,0.0352710646636,15936,1019904,18565056,0.00398400000004,0.00398400000004,0.0930370000013,0,0,0,0,0,0,0,0,0,0,0,0,0,0,598442,,0,0.0,,capacity-0.7-14,capacity,0.7,14,jsw,main,,192dbb860393da05bf90c764620d538a3d1a2e83920a679613e6af18074cf5d2,0.17116949400042358
p2c,61130ea556a60fd0,86316,86316,69133,25204.0892691,14.5122403713,217.613820236,555.595968929,38.3219849469,0.045723460576,3.2986,3.45665,113.620833408,0.043646348954,477.623873634,0.0540677843095,15936,1019904,18565504,0.00398400000004,0.00398400000004,0.0930370000013,0,0,0,0,0,0,0,0,0,0,0,0,0,0,598527,,0,0.0,,capacity-0.7-14,capacity,0.7,14,p2c,main,,192dbb860393da05bf90c764620d538a3d1a2e83920a679613e6af18074cf5d2,0.14155811899945547
qbr,61130ea556a60fd0,86316,86316,69133,25204.1182052,15.8035376777,188.687455759,375.167858588,35.9053434829,0.0152025805332,3.4041,3.45665,39.8597404179,0.00979152364779,293.170165537,0.0369402714275,80895,5157840,18575216,0.0211125624999,0.0216207499999,0.0930370000013,538,172,366,0,0,33,60,616,1.81818181818,6,0,0,144,147.324207301,1003666,0.8833333333333333,60,0.0008678923234923987,12.62520665965917,capacity-0.7-14,capacity,0.7,14,qbr,main,,192dbb860393da05bf90c764620d538a3d1a2e83920a679613e6af18074cf5d2,0.26084819300012896
single,61130ea556a60fd0,86316,86316,69133,25204.0892691,15.7364912269,187.930599023,375.544026447,35.8244243749,0.0161283323449,3.4009,3.45665,40.7681565311,0.0110199804892,286.197572905,0.036649974599,80799,5153232,18573872,0.0207917187499,0.0210967499999,0.0930370000013,499,163,335,0,0,41,41,576.1,1,1,0,0,87,145.237045927,1003439,0.925,40,0.0005785948823282658,11.193879172277343,capacity-0.7-14,capacity,0.7,14,single,main,,192dbb860393da05bf90c764620d538a3d1a2e83920a679613e6af18074cf5d2,0.2599183610000182
steal,61130ea556a60fd0,86316,86316,69133,25204.0892691,15.7699809458,187.364938923,375.167858588,35.8313046266,0.0140309258965,3.40815,3.45665,39.1312057694,0.00868952559887,285.910662243,0.035488787285,103713,6251184,18935232,0.066699143105,0.0871914999998,0.0930055000013,21438,12636,8803,0,0,1117,2243,23145.3,2.00805729633,11,0,0,3502,271.21373347,1141170,0.8920606601248885,2242,0.0324302431544993,6.946314724448805,capacity-0.7-14,capacity,0.7,14,steal,main,,192dbb860393da05bf90c764620d538a3d1a2e83920a679613e6af18074cf5d2,0.2710700670004371
threshold,61130ea556a60fd0,86316,86316,69133,25204.0892691,15.7867509268,187.741857166,351.153955726,35.8765244919,0.0150434669405,3.40465,3.45665,39.9415007585,0.00982765473137,282.490009283,0.0359968067349,88677,5531232,18769456,0.0298250798749,0.0335822499999,0.0930355000013,3972,1557,2416,0,0,497,1248,13895.8,2.51106639839,10,0,0,1926,257.690088894,1035518,0.934136546184739,1245,0.018008765712467272,10.06664841110766,capacity-0.7-14,capacity,0.7,14,threshold,main,,192dbb860393da05bf90c764620d538a3d1a2e83920a679613e6af18074cf5d2,0.2497180179998395
work,61130ea556a60fd0,86316,86316,69133,25204.1061115,15.3724890881,194.266102729,460.708179066,35.184044967,0.010935443276,3.41885,3.45665,30.2268920049,0.0025111103082,375.167858588,0.0447782857972,15936,1019904,18565120,0.00398400000004,0.00398400000004,0.196756,0,0,0,0,0,0,0,0,0,0,0,0,0,0,684822,,0,0.0,,capacity-0.7-14,capacity,0.7,14,work,main,,192dbb860393da05bf90c764620d538a3d1a2e83920a679613e6af18074cf5d2,0.200698201000705
bwc,e11a7cf3b2784611,85485,85485,68424,25195.8595611,15.0966459785,199.406993507,498.143720066,36.2897592386,0.019583771776,3.3542,3.4212,42.1687888895,0.0121272909638,422.678967286,0.0496725292516,52072,3332608,18355008,0.0130179291333,0.0200040000002,0.146532000001,0,0,0,0,0,0,0,0,0,0,36136,1.89334735444,0,0,773524,,0,0.0,,capacity-0.7-15,capacity,0.7,15,bwc,main,,3911f1fd536cb1bd9b7cbf78cbc2e5b72c3ed5047601df2ed5db17daf6d072fa,0.23224283999934414
jbsq,e11a7cf3b2784611,85485,85485,68424,25195.8595611,13.9789652758,199.406993507,494.168479746,35.0209748762,0.0213229276277,3.34825,3.4212,45.5757388508,0.0143156742956,409.342429558,0.0495989403194,0,0,18354880,0,0,0.171045000001,0,0,0,0,0,0,0,0,0,0,0,0,0,0,598716,,0,0.0,,capacity-0.7-15,capacity,0.7,15,jbsq,main,,3911f1fd536cb1bd9b7cbf78cbc2e5b72c3ed5047601df2ed5db17daf6d072fa,0.1606047530003707
jsw,e11a7cf3b2784611,85485,85485,68424,25197.947736,15.7197714554,187.553303862,396.823124156,35.9468790369,0.0156377879107,3.3677,3.4212,40.2701814222,0.0102854016595,298.211266231,0.0372359997056,15936,1019904,18354816,0.00398400000004,0.00398400000004,0.0923280000013,0,0,0,0,0,0,0,0,0,0,0,0,0,0,593428,,0,0.0,,capacity-0.7-15,capacity,0.7,15,jsw,main,,3911f1fd536cb1bd9b7cbf78cbc2e5b72c3ed5047601df2ed5db17daf6d072fa,0.16776726200077974
p2c,e11a7cf3b2784611,85485,85485,68424,25197.4004202,14.5122403713,215.007426994,540.776252402,38.2589944652,0.0467233719163,3.26135,3.4212,119.374184625,0.0448800948299,462.09468919,0.0541614541173,15936,1019904,18354816,0.00398400000004,0.00398400000004,0.0923280000013,0,0,0,0,0,0,0,0,0,0,0,0,0,0,593522,,0,0.0,,capacity-0.7-15,capacity,0.7,15,p2c,main,,3911f1fd536cb1bd9b7cbf78cbc2e5b72c3ed5047601df2ed5db17daf6d072fa,0.17171558700010792
qbr,e11a7cf3b2784611,85485,85485,68424,25195.8595611,15.7532277181,186.800972415,388.170864488,35.9566634945,0.0161346895826,3.366,3.4212,40.8935863469,0.0109966262424,285.051648855,0.0368680550445,80800,5153280,18366192,0.0210627031249,0.0213649999999,0.0923280000013,486,185,301,0,0,37,71,599.1,1.91891891892,8,0,0,141,138.6555288,998142,0.9285714285714286,70,0.0010230328539693676,9.199143762820093,capacity-0.7-15,capacity,0.7,15,qbr,main,,3911f1fd536cb1bd9b7cbf78cbc2e5b72c3ed5047601df2ed5db17daf6d072fa,0.23491703499985306
single,e11a7cf3b2784611,85485,85485,68424,25195.8595611,15.7197714554,186.800972415,388.170864488,35.8399321358,0.0142640009353,3.3724,3.4212,39.2919715402,0.00902708124373,277.435344418,0.0353962764,80865,5156400,18365392,0.0208522031249,0.0217739999999,0.0923292400013,521,190,331,0,0,47,47,903.7,1,1,0,0,88,142.905812302,998474,0.9361702127659575,47,0.0006868934876651467,3.9459491604871957,capacity-0.7-15,capacity,0.7,15,single,main,,3911f1fd536cb1bd9b7cbf78cbc2e5b72c3ed5047601df2ed5db17daf6d072fa,0.23202525600027002
steal,e11a7cf3b2784611,85485,85485,68424,25197.9659034,15.686382005,185.4916083,375.167858588,35.8168294843,0.0142786156904,3.37235,3.4212,39.4533813394,0.00908179082703,281.076801684,0.0352490985356,102747,6205024,18693120,0.0643686105329,0.0802972499998,0.0923008705303,20098,12092,8006,0,0,1017,2034,21661.4,2,9,0,0,3154,320,1126522,0.890255905511811,2032,0.029697182275225067,7.12885495647956,capacity-0.7-15,capacity,0.7,15,steal,main,,3911f1fd536cb1bd9b7cbf78cbc2e5b72c3ed5047601df2ed5db17daf6d072fa,0.28638829899955454
threshold,e11a7cf3b2784611,85485,85485,68424,25195.8595611,15.703068387,186.800972415,405.667745598,35.9136779953,0.0150385829533,3.36975,3.4212,39.7781433531,0.00964712318775,285.337700504,0.0367944661123,88223,5509472,18560672,0.0293791562499,0.0324597499999,0.0923250000013,3777,1497,2280,0,0,502,1284,13391.4,2.5577689243,13,0,0,2045,233.203113406,1028444,0.9118564742589703,1282,0.01873611598269613,9.883312165139046,capacity-0.7-15,capacity,0.7,15,threshold,main,,3911f1fd536cb1bd9b7cbf78cbc2e5b72c3ed5047601df2ed5db17daf6d072fa,0.2528424829997675
work,e11a7cf3b2784611,85485,85485,68424,25195.8595611,15.339793162,194.85248703,452.929336206,35.5199589651,0.0191453291243,3.3557,3.4212,45.2510088969,0.0126379137412,392.866685949,0.0454043711826,15936,1019904,18354880,0.00398400000004,0.00398400000004,0.194946075643,0,0,0,0,0,0,0,0,0,0,0,0,0,0,678963,,0,0.0,,capacity-0.7-15,capacity,0.7,15,work,main,,3911f1fd536cb1bd9b7cbf78cbc2e5b72c3ed5047601df2ed5db17daf6d072fa,0.17544640799951594
bwc,58fcb2c05a8fc911,85541,85541,68251,25155.8665792,15.1449842225,200.81405803,506.697387462,36.6110033303,0.0288200905481,3.3142,3.41255,55.8820511958,0.0233017883619,406.481487757,0.0509544787078,51828,3316992,18334784,0.0129568709901,0.0186240000002,0.145996137111,0,0,0,0,0,0,0,0,0,0,35892,1.90206731305,0,0,773277,,0,0.0,,capacity-0.7-16,capacity,0.7,16,bwc,main,,2ed315fa4b78be27404578d48b785750c442905dcbdc6085f7fc6ee59ac2919f,0.22207445100048062
jbsq,58fcb2c05a8fc911,85541,85541,68251,25155.8665792,14.0089381853,200.209824725,483.883453882,35.0334463365,0.0214795387613,3.33925,3.41255,44.8368235037,0.0144423495817,393.654813188,0.0497063142438,0,0,18334720,0,0,0.1706489357,0,0,0,0,0,0,0,0,0,0,0,0,0,0,599090,,0,0.0,,capacity-0.7-16,capacity,0.7,16,jbsq,main,,2ed315fa4b78be27404578d48b785750c442905dcbdc6085f7fc6ee59ac2919f,0.15724981000039406
jsw,58fcb2c05a8fc911,85541,85541,68251,25155.8665792,15.7364912269,187.741857166,371.426786746,36.0343595617,0.0166004893701,3.3559,3.41255,41.1455771073,0.0115136094891,290.244578733,0.0370044052863,15936,1019904,18334976,0.00398400000004,0.00398400000004,0.0921550000013,0,0,0,0,0,0,0,0,0,0,0,0,0,0,593629,,0,0.0,,capacity-0.7-16,capacity,0.7,16,jsw,main,,2ed315fa4b78be27404578d48b785750c442905dcbdc6085f7fc6ee59ac2919f,0.1598492900002384
p2c,58fcb2c05a8fc911,85541,85541,68251,25155.8665792,14.5432803643,222.697636507,565.134177266,38.4780560487,0.046138518117,3.2551,3.41255,120.219335992,0.0443338031521,479.541242787,0.0533773861968,15936,1019904,18334720,0.00398400000004,0.00398400000004,0.0921550000013,0,0,0,0,0,0,0,0,0,0,0,0,0,0,593736,,0,0.0,,capacity-0.7-16,capacity,0.7,16,p2c,main,,2ed315fa4b78be27404578d48b785750c442905dcbdc6085f7fc6ee59ac2919f,0.16192610899997817
qbr,58fcb2c05a8fc911,85541,85541,68251,25155.8665792,15.7197714554,188.308649152,386.618064969,35.9458561892,0.0150473985729,3.3612,3.41255,39.6560531847,0.00942688217313,292.582706541,0.0375917767988,80733,5150064,18342752,0.0209660156249,0.0212639999999,0.0921550000013,455,165,290,0,0,22,55,390.5,2.5,8,0,0,116,121.991359017,997407,0.9818181818181818,55,0.0008058489985494718,15.974384074419918,capacity-0.7-16,capacity,0.7,16,qbr,main,,2ed315fa4b78be27404578d48b785750c442905dcbdc6085f7fc6ee59ac2919f,0.252550293999775
single,58fcb2c05a8fc911,85541,85541,68251,25155.8665792,15.7867509268,187.364938923,383.915559341,35.9985163546,0.0152671755725,3.36045,3.41255,40.0644481262,0.0100126301916,286.197572905,0.0363436123348,80722,5149536,18339952,0.0207210624999,0.0210164999999,0.0921550000013,456,159,297,0,0,29,29,300.9,1,1,0,0,69,117.289941201,997443,0.896551724137931,29,0.00042490219923517605,12.727304978620067,capacity-0.7-16,capacity,0.7,16,single,main,,2ed315fa4b78be27404578d48b785750c442905dcbdc6085f7fc6ee59ac2919f,0.23766015599994716
steal,58fcb2c05a8fc911,85541,85541,68251,25155.8665792,15.703068387,187.176762161,410.16352476,35.923398396,0.0136408257754,3.366,3.41255,38.8514076401,0.0082370815105,292.289417124,0.035315712188,104554,6291760,18680416,0.0677746580851,0.0855449999998,0.0921235000013,21674,13013,8661,0,0,1042,2096,21626.6,2.01151631478,14,0,0,3163,260.05861492,1138372,0.8979007633587787,2096,0.030710172744721688,7.27419085548399,capacity-0.7-16,capacity,0.7,16,steal,main,,2ed315fa4b78be27404578d48b785750c442905dcbdc6085f7fc6ee59ac2919f,0.2908123400002296
threshold,58fcb2c05a8fc911,85541,85541,68251,25155.8665792,15.7867509268,187.364938923,376.297491044,36.0762239067,0.0156481223718,3.35915,3.41255,40.3527630552,0.0104519412055,287.925072055,0.0364904552129,88387,5517296,18545280,0.0295600312499,0.0325904999999,0.0921550000013,3843,1530,2314,0,0,500,1298,14250.8,2.596,11,0,0,1964,238.907412772,1028664,0.9275808936825886,1298,0.019018036365767533,10.217832949426555,capacity-0.7-16,capacity,0.7,16,threshold,main,,2ed315fa4b78be27404578d48b785750c442905dcbdc6085f7fc6ee59ac2919f,0.24261604200000875
work,58fcb2c05a8fc911,85541,85541,68251,25155.8665792,15.5039283485,194.461368831,467.214277542,35.60451104,0.0115456183792,3.37315,3.41255,32.7925435499,0.00303856784609,383.531028313,0.0456681350954,15936,1019904,18334912,0.00398400000004,0.00398400000004,0.194551,0,0,0,0,0,0,0,0,0,0,0,0,0,0,679254,,0,0.0,,capacity-0.7-16,capacity,0.7,16,work,main,,2ed315fa4b78be27404578d48b785750c442905dcbdc6085f7fc6ee59ac2919f,0.2005604329997368
bwc,355a816c8419c6b5,85952,85952,68748,25157.0036289,15.1449842225,206.334468195,499.14250665,37.4847545133,0.0492814336417,3.268,3.4374,63.3230721738,0.0478522024026,424.801603151,0.0549681344148,52076,3332864,18501376,0.0130190000001,0.0174440000001,0.14686073909,0,0,0,0,0,0,0,0,0,0,36140,1.90196458218,0,0,776815,,0,0.0,,capacity-0.7-17,capacity,0.7,17,bwc,main,,14e541b62e81cf23b081dd6d67a4b0df915a8f31307d9d3fc8a76657e5810261,0.18480610700044053
jbsq,355a816c8419c6b5,85952,85952,68748,25156.5319931,14.0089381853,202.841304503,478.581600005,35.1999992027,0.0226770233316,3.35945,3.4374,47.378756046,0.0155260283946,406.481487757,0.0511297798378,0,0,18501184,0,0,0.171848707869,0,0,0,0,0,0,0,0,0,0,0,0,0,0,601975,,0,0.0,,capacity-0.7-17,capacity,0.7,17,jbsq,main,,14e541b62e81cf23b081dd6d67a4b0df915a8f31307d9d3fc8a76657e5810261,0.1669077999995352
jsw,355a816c8419c6b5,85952,85952,68748,25156.5319931,15.9384374203,190.210277289,399.21603821,36.4461652962,0.0200587653459,3.36845,3.4374,43.4383690647,0.0152712049509,297.613740137,0.0391077636153,15936,1019904,18501120,0.00398400000004,0.00398400000004,0.0926520000013,0,0,0,0,0,0,0,0,0,0,0,0,0,0,596109,,0,0.0,,capacity-0.7-17,capacity,0.7,17,jsw,main,,14e541b62e81cf23b081dd6d67a4b0df915a8f31307d9d3fc8a76657e5810261,0.16358462300013343
p2c,355a816c8419c6b5,85952,85952,68748,25163.6470411,14.6055468076,217.832434057,561.187042345,38.8544469323,0.0505178332461,3.26375,3.4374,123.038264969,0.0492537313433,461.169887245,0.0555475086906,15936,1019904,18501376,0.00398400000004,0.00398400000004,0.0926520000013,0,0,0,0,0,0,0,0,0,0,0,0,0,0,596233,,0,0.0,,capacity-0.7-17,capacity,0.7,17,p2c,main,,14e541b62e81cf23b081dd6d67a4b0df915a8f31307d9d3fc8a76657e5810261,0.1620380539998223
qbr,355a816c8419c6b5,85952,85952,68748,25156.5319931,15.9046112931,189.257087378,400.417887373,36.3491545074,0.0187787281085,3.37285,3.4374,42.8646940196,0.0140152894066,289.082507049,0.0377317497103,80936,5159808,18511488,0.0211822037499,0.0216972499999,0.0926520000013,549,194,355,0,0,36,63,637.3,1.75,4,0,0,161,117.437295382,1000796,0.9365079365079365,63,0.0009163902949903997,15.160128977665149,capacity-0.7-17,capacity,0.7,17,qbr,main,,14e541b62e81cf23b081dd6d67a4b0df915a8f31307d9d3fc8a76657e5810261,0.2738747439998406
single,355a816c8419c6b5,85952,85952,68748,25156.5319931,15.9046112931,189.447344466,411.398249236,36.3494106158,0.017353232094,3.37775,3.4374,41.2721403175,0.0119038951584,301.519096248,0.0390353418308,80919,5158992,18508176,0.0208849531249,0.0215102499999,0.0926520000013,554,170,384,0,0,39,39,371.9,1,1,0,0,90,184.97831018,1000752,0.7435897435897436,39,0.0005672892302321523,3.228242168675234,capacity-0.7-17,capacity,0.7,17,single,main,,14e541b62e81cf23b081dd6d67a4b0df915a8f31307d9d3fc8a76657e5810261,0.2334210159997383
steal,355a816c8419c6b5,85952,85952,68748,25156.5319931,15.9384374203,189.257087378,404.855628485,36.3239102576,0.017498690871,3.37725,3.4374,41.6967690485,0.0123407353477,301.519096248,0.0380214368482,103650,6248160,18831200,0.0664578272253,0.0828819999998,0.0926235000013,21402,12550,8852,0,0,1006,1982,21007.2,1.97017892644,8,0,0,3051,294.475,1138287,0.908678102926337,1982,0.028829929597951942,7.13366798681274,capacity-0.7-17,capacity,0.7,17,steal,main,,14e541b62e81cf23b081dd6d67a4b0df915a8f31307d9d3fc8a76657e5810261,0.27764975799982494
threshold,355a816c8419c6b5,85952,85952,68748,25160.9021237,15.9215159044,189.067020358,390.120614412,36.4371843653,0.0201169488567,3.36825,3.4374,43.8847578239,0.0157080451402,300.011027986,0.0376593279258,89064,5549872,18703808,0.0300270781249,0.0334304999999,0.0926520000013,4197,1495,2703,0,0,500,1279,12785.9,2.558,9,0,0,1959,218.007288604,1033977,0.9304143862392494,1279,0.01860417757607494,9.82355929082029,capacity-0.7-17,capacity,0.7,17,threshold,main,,14e541b62e81cf23b081dd6d67a4b0df915a8f31307d9d3fc8a76657e5810261,0.24464514200008125
work,355a816c8419c6b5,85952,85952,68748,25156.5319931,15.8203412154,201.420105848,499.642649156,36.9686706332,0.0260225752022,3.34795,3.4374,44.1998952812,0.0198944302876,413.050318272,0.050405561993,15936,1019904,18501248,0.00398400000004,0.00398400000004,0.195758774,0,0,0,0,0,0,0,0,0,0,0,0,0,0,682151,,0,0.0,,capacity-0.7-17,capacity,0.7,17,work,main,,14e541b62e81cf23b081dd6d67a4b0df915a8f31307d9d3fc8a76657e5810261,0.1962837529999888
bwc,df577615bdcbe967,85798,85798,68484,25197.0295428,15.4545154223,206.334468195,492.192747626,37.0849915682,0.0211290228375,3.35185,3.4242,42.1256632262,0.0128043545765,413.46436859,0.0543058892043,52087,3333568,18423104,0.0130217500001,0.0198320000002,0.146611500001,0,0,0,0,0,0,0,0,0,0,36151,1.89400016597,0,0,775466,,0,0.0,,capacity-0.7-18,capacity,0.7,18,bwc,main,,23536b7f66c35f91c141fbefb9e12ff9465712b977111c1073f5eac5a47e05d4,0.21074005300033605
jbsq,df577615bdcbe967,85798,85798,68484,25197.0295428,13.993944241,203.045145807,500.143291805,35.2285927256,0.0222095671982,3.34815,3.4242,45.2510088969,0.0148318629331,400.819305261,0.0516124335736,0,0,18423232,0,0,0.171193422613,0,0,0,0,0,0,0,0,0,0,0,0,0,0,600892,,0,0.0,,capacity-0.7-18,capacity,0.7,18,jbsq,main,,23536b7f66c35f91c141fbefb9e12ff9465712b977111c1073f5eac5a47e05d4,0.1617887749998772
jsw,df577615bdcbe967,85798,85798,68484,25199.4287452,15.9046112931,189.828429602,392.080132604,36.316820646,0.0160037380994,3.3694,3.4242,40.187764705,0.0102106051473,303.643093422,0.0390915046953,15936,1019904,18423104,0.00398400000004,0.00398400000004,0.0923880000013,0,0,0,0,0,0,0,0,0,0,0,0,0,0,595306,,0,0.0,,capacity-0.7-18,capacity,0.7,18,jsw,main,,23536b7f66c35f91c141fbefb9e12ff9465712b977111c1073f5eac5a47e05d4,0.16113084799962962
p2c,df577615bdcbe967,85798,85798,68484,25197.0295428,14.5432803643,226.076691395,572.538242356,38.8972415493,0.0463611938555,3.26545,3.4242,126.686190385,0.0431621824027,479.541242787,0.0591104316809,15936,1019904,18423360,0.00398400000004,0.00398400000004,0.0923880000013,0,0,0,0,0,0,0,0,0,0,0,0,0,0,595411,,0,0.0,,capacity-0.7-18,capacity,0.7,18,p2c,main,,23536b7f66c35f91c141fbefb9e12ff9465712b977111c1073f5eac5a47e05d4,0.1664566780000314
qbr,df577615bdcbe967,85798,85798,68484,25197.0295428,15.8371615566,190.592889054,415.124714509,36.3107657378,0.0167630395421,3.3668,3.4242,40.7681565311,0.0109412387893,308.554111244,0.0399650578729,80826,5154400,18436032,0.0210873714996,0.0214914439953,0.0923880000013,509,180,329,0,0,44,84,596.4,1.90909090909,6,0,0,211,126.60080357,1000152,0.8333333333333334,84,0.0012265638689328894,11.513775746651488,capacity-0.7-18,capacity,0.7,18,qbr,main,,23536b7f66c35f91c141fbefb9e12ff9465712b977111c1073f5eac5a47e05d4,0.26333420399987517
single,df577615bdcbe967,85798,85798,68484,25199.5570001,15.8539987181,190.592889054,396.028669788,36.3522689456,0.0179311956077,3.3628,3.4242,41.9106802887,0.012621696166,297.017407305,0.0390915046953,80976,5161728,18433120,0.0209448437499,0.0215522499999,0.0923880000013,579,193,386,0,0,54,54,478.4,1,1,0,0,116,132.992022119,1000731,0.9090909090909091,55,0.00080310729513463,12.626086752991382,capacity-0.7-18,capacity,0.7,18,single,main,,23536b7f66c35f91c141fbefb9e12ff9465712b977111c1073f5eac5a47e05d4,0.2539246059996003
steal,df577615bdcbe967,85798,85798,68484,25197.0295428,15.8371615566,189.828429602,396.028669788,36.2402720117,0.0152590386076,3.37195,3.4242,39.5748628841,0.00931557893583,294.64396101,0.0389459124991,103951,6262432,18776752,0.0671037165936,0.0922702499998,0.0923565000013,21682,12728,8955,0,0,1053,2117,23010.7,2.01044634378,17,0,0,3373,292.7,1137229,0.8932451582427964,2117,0.030912329887272938,7.664141351309424,capacity-0.7-18,capacity,0.7,18,steal,main,,23536b7f66c35f91c141fbefb9e12ff9465712b977111c1073f5eac5a47e05d4,0.2712413569997807
threshold,df577615bdcbe967,85798,85798,68484,25197.0295428,15.8371615566,190.784481943,398.816221989,36.3075353351,0.0158139127387,3.37005,3.4242,39.9006001583,0.00973569328,304.557936936,0.040037853971,88740,5534272,18617760,0.0297981073749,0.0327412499999,0.0923865000013,4033,1508,2525,0,0,506,1173,13458.3,2.31818181818,11,0,0,1937,257.000727951,1032009,0.9258312020460358,1173,0.017128088312598565,9.311599608411855,capacity-0.7-18,capacity,0.7,18,threshold,main,,23536b7f66c35f91c141fbefb9e12ff9465712b977111c1073f5eac5a47e05d4,0.2473833169997306
work,df577615bdcbe967,85798,85798,68484,25197.0295428,15.4052504388,201.622525954,480.021784029,35.6364846007,0.0117983762631,3.3838,3.4242,30.1022960823,0.00199097667452,388.560035352,0.0508844725923,15936,1019904,18423232,0.00398400000004,0.00398400000004,0.195098922613,0,0,0,0,0,0,0,0,0,0,0,0,0,0,681161,,0,0.0,,capacity-0.7-18,capacity,0.7,18,work,main,,23536b7f66c35f91c141fbefb9e12ff9465712b977111c1073f5eac5a47e05d4,0.18299088299954747
bwc,fb7d75513671a5fa,85377,85377,68379,25169.4535212,15.0164036361,197.017668655,504.671664749,36.1610101606,0.0275815674403,3.32465,3.41895,46.8019669723,0.0226691042048,414.293711792,0.0472256743914,52015,3328960,18380608,0.0130037500001,0.0172240000001,0.146403000001,0,0,0,0,0,0,0,0,0,0,36079,1.89495274259,0,0,772551,,0,0.0,,capacity-0.7-19,capacity,0.7,19,bwc,main,,4e65bd92b73a4211b9760382722db578967ef8073c6eb4ec28a7be75966d62b0,0.21545067999977618
jbsq,fb7d75513671a5fa,85377,85377,68379,25169.4535212,13.993944241,197.41390201,493.67380594,35.0458382062,0.0209859752263,3.3472,3.41895,45.4362906236,0.0142961608775,410.16352476,0.0477374077052,0,0,18380480,0,0,0.170919411673,0,0,0,0,0,0,0,0,0,0,0,0,0,0,597930,,0,0.0,,capacity-0.7-19,capacity,0.7,19,jbsq,main,,4e65bd92b73a4211b9760382722db578967ef8073c6eb4ec28a7be75966d62b0,0.17110613199929503
jsw,fb7d75513671a5fa,85377,85377,68379,25172.1673085,15.686382005,185.864778008,383.146881431,35.8977846718,0.0141563930446,3.37055,3.41895,39.3725957753,0.00893967093236,299.710317669,0.0350171796184,15936,1019904,18380288,0.00398400000004,0.00398400000004,0.0922830000013,0,0,0,0,0,0,0,0,0,0,0,0,0,0,592680,,0,0.0,,capacity-0.7-19,capacity,0.7,19,jsw,main,,4e65bd92b73a4211b9760382722db578967ef8073c6eb4ec28a7be75966d62b0,0.16452512899923022
p2c,fb7d75513671a5fa,85377,85377,68379,25169.4535212,14.4812623653,218.489588075,563.439165886,38.3860329622,0.0443118501294,3.26745,3.41895,121.436998794,0.0423400365631,478.102497507,0.0521967980116,15936,1019904,18380288,0.00398400000004,0.00398400000004,0.0922830000013,0,0,0,0,0,0,0,0,0,0,0,0,0,0,592788,,0,0.0,,capacity-0.7-19,capacity,0.7,19,p2c,main,,4e65bd92b73a4211b9760382722db578967ef8073c6eb4ec28a7be75966d62b0,0.18336164799984545
qbr,fb7d75513671a5fa,85377,85377,68379,25171.5845953,15.6530592335,185.678099908,389.729884528,35.8448216393,0.0132350575469,3.3737,3.41895,38.5340262606,0.00797074954296,297.613740137,0.0342861320272,80574,5142432,18393136,0.0208322499999,0.0213742499999,0.0922830000013,396,147,249,0,0,45,80,663,1.77777777778,5,0,0,173,186.056719449,996285,0.9125,80,0.0011699498384006785,14.604280573732467,capacity-0.7-19,capacity,0.7,19,qbr,main,,4e65bd92b73a4211b9760382722db578967ef8073c6eb4ec28a7be75966d62b0,0.2569076640002095
single,fb7d75513671a5fa,85377,85377,68379,25169.4535212,15.686382005,185.678099908,398.816221989,35.8307877718,0.0127670776115,3.3753,3.41895,38.2191725444,0.00749542961609,294.939604971,0.0338475034725,80623,5144784,18388288,0.0206520325311,0.0209702499999,0.0922830000013,401,177,224,0,0,36,36,635.6,1,1,0,0,78,186.361699848,996371,0.9722222222222222,36,0.0005264774272803053,-1.3258582452338032,capacity-0.7-19,capacity,0.7,19,single,main,,4e65bd92b73a4211b9760382722db578967ef8073c6eb4ec28a7be75966d62b0,0.24756690000049275
steal,fb7d75513671a5fa,85377,85377,68379,25171.1370065,15.7867509268,185.4916083,380.850045763,35.9492335227,0.0132204331739,3.37375,3.41895,38.5735602869,0.00782449725777,294.348612397,0.034797865341,103550,6243888,18744208,0.0662166925912,0.0927717499998,0.0922575000013,21157,12525,8632,0,0,1090,2205,22780.5,2.02293577982,12,0,0,3447,274.969502869,1131776,0.8971920289855072,2208,0.03229061553985873,7.559557471981696,capacity-0.7-19,capacity,0.7,19,steal,main,,4e65bd92b73a4211b9760382722db578967ef8073c6eb4ec28a7be75966d62b0,0.2984235339999941
threshold,fb7d75513671a5fa,85377,85377,68379,25169.4535212,15.7197714554,185.864778008,400.417887373,35.9297562325,0.0137176618552,3.37205,3.41895,39.2115083121,0.00875685557587,299.409907761,0.033555084436,88327,5514448,18577856,0.0294806248504,0.0326344999999,0.0922815000013,3813,1518,2295,0,0,488,1231,12825.1,2.52254098361,9,0,0,1947,255.660429655,1027060,0.9278183292781833,1233,0.01803185188435046,9.924397018077116,capacity-0.7-19,capacity,0.7,19,threshold,main,,4e65bd92b73a4211b9760382722db578967ef8073c6eb4ec28a7be75966d62b0,0.261039363999771
work,fb7d75513671a5fa,85377,85377,68379,25169.4535212,15.3234696923,193.292694386,489.243920631,35.3791807366,0.011699498384,3.37895,3.41895,30.9530665051,0.00356489945155,405.667745598,0.0442283792675,15936,1019904,18380544,0.00398400000004,0.00398400000004,0.194828774,0,0,0,0,0,0,0,0,0,0,0,0,0,0,678106,,0,0.0,,capacity-0.7-19,capacity,0.7,19,work,main,,4e65bd92b73a4211b9760382722db578967ef8073c6eb4ec28a7be75966d62b0,0.16458531100033724
bwc,2585d733c092149e,85718,85718,68629,25146.4212177,15.4052504388,207.79017076,503.157678736,38.9243908577,0.071646097131,3.1856,3.43145,66.1478498229,0.0756392952249,411.810647485,0.055784974281,52222,3342208,18477440,0.0130555000001,0.0187200000002,0.146959000001,0,0,0,0,0,0,0,0,0,0,36286,1.89147329549,0,0,775707,,0,0.0,,capacity-0.7-20,capacity,0.7,20,bwc,main,,23bb6ecc054596ab94057e32c0d5febe96e7745132fa7f4c8a1e7f71c39400dd,0.2115620510003282
jbsq,2585d733c092149e,85718,85718,68629,25146.4212177,14.0540100417,197.612315912,499.642649156,35.2593289982,0.0221043582159,3.3556,3.43145,46.8976187083,0.0155400722285,411.398249236,0.0481779323336,0,0,18477440,0,0,0.171578500001,0,0,0,0,0,0,0,0,0,0,0,0,0,0,600342,,0,0.0,,capacity-0.7-20,capacity,0.7,20,jbsq,main,,23bb6ecc054596ab94057e32c0d5febe96e7745132fa7f4c8a1e7f71c39400dd,0.17552754400003323
jsw,2585d733c092149e,85718,85718,68629,25146.4212177,15.9215159044,187.553303862,385.07146115,36.5577450591,0.0206618193475,3.36055,3.43145,44.1998952812,0.0166344435122,289.372589556,0.0366586973846,15936,1019904,18477696,0.00398400000004,0.00398400000004,0.0925330000013,0,0,0,0,0,0,0,0,0,0,0,0,0,0,594671,,0,0.0,,capacity-0.7-20,capacity,0.7,20,jsw,main,,23bb6ecc054596ab94057e32c0d5febe96e7745132fa7f4c8a1e7f71c39400dd,0.16118311300033383
p2c,2585d733c092149e,85718,85718,68629,25146.4212177,14.6055468076,222.250911433,558.943904822,38.9427069322,0.0487403284326,3.2642,3.43145,122.914350618,0.0475504322767,472.863854254,0.0534666376875,15936,1019904,18477696,0.00398400000004,0.00398400000004,0.0925330000013,0,0,0,0,0,0,0,0,0,0,0,0,0,0,594751,,0,0.0,,capacity-0.7-20,capacity,0.7,20,p2c,main,,23bb6ecc054596ab94057e32c0d5febe96e7745132fa7f4c8a1e7f71c39400dd,0.15854658799980825
qbr,2585d733c092149e,85718,85718,68629,25154.6260995,15.9553758578,186.613359056,400.819305261,36.5430946596,0.0197875533667,3.36355,3.43145,43.5718175315,0.0155583117499,300.312039014,0.0365862493661,81002,5162976,18490608,0.0212145224999,0.0220120639999,0.0925330000013,592,179,413,0,0,41,80,758,1.9512195122,7,0,0,181,161.621941093,999486,0.8875,80,0.0011656879744714333,13.265706833557989,capacity-0.7-20,capacity,0.7,20,qbr,main,,23bb6ecc054596ab94057e32c0d5febe96e7745132fa7f4c8a1e7f71c39400dd,0.23287484199954633
single,2585d733c092149e,85718,85718,68629,25146.4212177,15.9553758578,186.988773388,393.654813188,36.5267214868,0.0192629937781,3.36535,3.43145,42.9085587136,0.0150658446722,289.372589556,0.0359342171992,81021,5163888,18487344,0.0209774843749,0.0214524999999,0.0925330000013,607,180,427,0,0,53,53,661.3,1,1,0,0,107,177.523133302,999422,0.8679245283018868,53,0.0007722682830873246,15.05079331633787,capacity-0.7-20,capacity,0.7,20,single,main,,23bb6ecc054596ab94057e32c0d5febe96e7745132fa7f4c8a1e7f71c39400dd,0.28118534200075374
steal,2585d733c092149e,85718,85718,68629,25150.9812167,15.9723312336,186.238694429,418.884852437,36.5433366453,0.0184761543954,3.36805,3.43145,42.5588656975,0.0142450662095,300.011027986,0.0352821850322,102932,6214080,18830912,0.0654285206768,0.0846642499998,0.0925090000013,21150,12193,8957,0,0,1041,2095,23804.5,2.01248799232,12,0,0,3295,288.021693952,1131111,0.8963210702341137,2093,0.030497311632108875,7.900392433088705,capacity-0.7-20,capacity,0.7,20,steal,main,,23bb6ecc054596ab94057e32c0d5febe96e7745132fa7f4c8a1e7f71c39400dd,0.30401769200034323
threshold,2585d733c092149e,85718,85718,68629,25146.4212177,16.0062928684,187.176762161,388.170864488,36.5609427276,0.0189132873858,3.36655,3.43145,42.6024245632,0.0143909823806,296.422265352,0.0368760414403,89454,5568608,18670864,0.0303623437499,0.0351439999999,0.0925315000013,4369,1524,2844,0,0,483,1220,12177,2.52587991718,10,0,0,1966,217.483919746,1033209,0.9275720164609054,1215,0.017703886112284895,9.89610882101158,capacity-0.7-20,capacity,0.7,20,threshold,main,,23bb6ecc054596ab94057e32c0d5febe96e7745132fa7f4c8a1e7f71c39400dd,0.26260524700046517
work,2585d733c092149e,85718,85718,68629,25147.9566056,15.7532277181,199.406993507,502.150873837,37.2955721566,0.0369814509901,3.30455,3.43145,52.3573546759,0.0338707912304,404.855628485,0.0493371006303,15936,1019904,18477312,0.00398400000004,0.00398400000004,0.195488880882,0,0,0,0,0,0,0,0,0,0,0,0,0,0,680459,,0,0.0,,capacity-0.7-20,capacity,0.7,20,work,main,,23bb6ecc054596ab94057e32c0d5febe96e7745132fa7f4c8a1e7f71c39400dd,0.19170457899963367
bwc,2639296acc8509cf,104583,104583,83608,25926.1677577,550.060499963,906.410800303,1047.92679235,537.718606255,0.994187159124,0.0243,4.1804,803.045395241,0.99695761645,985.884782545,0.983238569059,59816,3828224,21698624,0.0149540000001,0.0202840000002,0.170224000001,0,0,0,0,0,0,0,0,0,0,43880,1.83416134913,0,0,936850,,0,0.0,,capacity-0.85-11,capacity,0.85,11,bwc,main,,37408632b0083ecb9d59fc95d2f3c056dd438cd0ec99a5733a56ac4c6afac078,0.25341382500027976
jbsq,2639296acc8509cf,104583,104583,83608,25187.555221,18.4630148308,229.737295237,557.26742718,46.9854145372,0.163788154244,3.4957,4.1804,120.583357779,0.187248965889,468.151174312,0.0710732054016,0,0,22537600,0,0,0.209041000001,0,0,0,0,0,0,0,0,0,0,0,0,0,0,732414,,0,0.0,,capacity-0.85-11,capacity,0.85,11,jbsq,main,,37408632b0083ecb9d59fc95d2f3c056dd438cd0ec99a5733a56ac4c6afac078,0.19585239200023352
jsw,2639296acc8509cf,104583,104583,83608,25190.6975225,32.456469294,233.926058347,432.531528414,57.5592828773,0.277174433069,3.0217,4.1804,129.004182383,0.320109705653,346.955448561,0.10749822317,15936,1019904,22537984,0.00398400000004,0.00398400000004,0.107512000002,0,0,0,0,0,0,0,0,0,0,0,0,0,0,708089,,0,0.0,,capacity-0.85-11,capacity,0.85,11,jsw,main,,37408632b0083ecb9d59fc95d2f3c056dd438cd0ec99a5733a56ac4c6afac078,0.19211907799945038
p2c,2639296acc8509cf,104583,104583,83608,25187.555221,26.7528519394,314.804363146,647.56560166,55.9567575156,0.225432972921,3.238,4.1804,257.326257747,0.259306995983,556.709717462,0.0915659796257,15936,1019904,22537728,0.00398400000004,0.00398400000004,0.107512000002,0,0,0,0,0,0,0,0,0,0,0,0,0,0,708101,,0,0.0,,capacity-0.85-11,capacity,0.85,11,p2c,main,,37408632b0083ecb9d59fc95d2f3c056dd438cd0ec99a5733a56ac4c6afac078,0.19224557600045955
qbr,2639296acc8509cf,104583,104583,83608,25187.555221,32.0575891345,233.926058347,429.078831441,57.2563286086,0.274937804995,3.03105,4.1804,127.197701775,0.317666806546,350.45070287,0.106076759062,85565,5382000,22561200,0.0248474687499,0.0268709999999,0.107512000002,2880,202,2678,0,0,77,150,1160,1.94805194805,15,0,0,447,206.338401625,1128865,0.82,150,0.0017940866902688738,11.912980062728899,capacity-0.85-11,capacity,0.85,11,qbr,main,,37408632b0083ecb9d59fc95d2f3c056dd438cd0ec99a5733a56ac4c6afac078,0.2929464100006953
single,2639296acc8509cf,104583,104583,83608,25187.555221,31.6961280334,233.926058347,427.362808317,57.0435690774,0.27357429911,3.03675,4.1804,125.795951567,0.315838378994,343.839450279,0.106550580431,85421,5375040,22549920,0.0244310937499,0.0262269999999,0.107512000002,2804,202,2602,0,0,66,66,658.6,1,1,0,0,150,140.257307041,1128106,0.9076923076923077,65,0.0007774375657831786,10.4028455247202,capacity-0.85-11,capacity,0.85,11,single,main,,37408632b0083ecb9d59fc95d2f3c056dd438cd0ec99a5733a56ac4c6afac078,0.30956923899975664
steal,2639296acc8509cf,104583,104583,83608,25187.555221,32.3896565912,234.160984405,403.236256424,57.4972241816,0.278059515836,3.018,4.1804,129.264320752,0.320993945207,343.839450279,0.108386638237,90522,5619168,22889360,0.0482407420446,0.0582414999998,0.107497000002,17993,5987,12006,0,0,1087,2258,18691.8,2.07727690892,12,0,0,4496,252.197432212,1195301,0.8135518157661648,2258,0.027006984977514113,6.434250934442297,capacity-0.85-11,capacity,0.85,11,steal,main,,37408632b0083ecb9d59fc95d2f3c056dd438cd0ec99a5733a56ac4c6afac078,0.33251609499984625
threshold,2639296acc8509cf,104583,104583,83608,25187.555221,31.9915729969,233.222687383,433.399025003,57.0169668102,0.272198832648,3.0425,4.1804,125.922747519,0.314324680775,346.955448561,0.105721393035,111926,6646224,22766640,0.0477850570026,0.0585302499999,0.107491000002,15779,1351,14427,0,0,593,1504,12673.4,2.53625632378,14,0,0,3033,209.797820594,1224221,0.8605577689243028,1506,0.018012630370299494,9.082349170896803,capacity-0.85-11,capacity,0.85,11,threshold,main,,37408632b0083ecb9d59fc95d2f3c056dd438cd0ec99a5733a56ac4c6afac078,0.30957370700070896
work,2639296acc8509cf,104583,104583,83608,25378.6202682,238.669484423,449.31418865,656.047728552,228.04357721,0.937087360061,0.263,4.1804,337.352564093,0.958006114741,576.565074449,0.854418384269,15936,1019904,22298560,0.00398400000004,0.00398400000004,0.23064768076,0,0,0,0,0,0,0,0,0,0,0,0,0,0,813293,,0,0.0,,capacity-0.85-11,capacity,0.85,11,work,main,,37408632b0083ecb9d59fc95d2f3c056dd438cd0ec99a5733a56ac4c6afac078,0.26703482199991413
bwc,25fceee22c272d53,104118,104118,83062,25785.6940691,539.694323061,915.525850872,1052.12879728,527.895630874,0.984397197274,0.0648,4.1531,830.838857067,0.987158811738,987.859538995,0.973433853886,60249,3855936,21682304,0.0150622500001,0.0192200000002,0.170851000001,0,0,0,0,0,0,0,0,0,0,44313,1.81621646018,0,0,934526,,0,0.0,,capacity-0.85-12,capacity,0.85,12,bwc,main,,e1417a3b32143697a9b31881caadf080200772b2a079ad92242e5e7dbfd17cee,0.2601594620000469
jbsq,25fceee22c272d53,104118,104118,83062,25191.5712039,18.3466443776,244.242945529,574.260578271,51.4271299744,0.20493125617,3.302,4.1531,144.40321255,0.232407421363,472.390463791,0.0958535271944,0,0,22368000,0,0,0.207709000001,0,0,0,0,0,0,0,0,0,0,0,0,0,0,729173,,0,0.0,,capacity-0.85-12,capacity,0.85,12,jbsq,main,,e1417a3b32143697a9b31881caadf080200772b2a079ad92242e5e7dbfd17cee,0.19957974000044487
jsw,25fceee22c272d53,104118,104118,83062,25191.5712039,33.3716356357,253.991407016,444.835715296,61.4075283174,0.295875370205,2.9243,4.1531,175.692904762,0.334684772943,358.26434726,0.141805779932,15936,1019904,22370304,0.00398400000004,0.00398400000004,0.106966000002,0,0,0,0,0,0,0,0,0,0,0,0,0,0,705322,,0,0.0,,capacity-0.85-12,capacity,0.85,12,jsw,main,,e1417a3b32143697a9b31881caadf080200772b2a079ad92242e5e7dbfd17cee,0.21982959500019206
p2c,25fceee22c272d53,104118,104118,83062,25191.5712039,28.2919175223,350.45070287,658.020843538,60.6282115374,0.260263417688,3.0722,4.1531,293.464335703,0.295814556361,565.134177266,0.119128821875,15936,1019904,22371136,0.00398400000004,0.00398400000004,0.106966000002,0,0,0,0,0,0,0,0,0,0,0,0,0,0,705344,,0,0.0,,capacity-0.85-12,capacity,0.85,12,p2c,main,,e1417a3b32143697a9b31881caadf080200772b2a079ad92242e5e7dbfd17cee,0.19399196100039262
qbr,25fceee22c272d53,104118,104118,83062,25191.5712039,32.9279166146,253.991407016,449.31418865,61.1058069105,0.292793335099,2.9371,4.1531,177.111405309,0.332077348566,360.425329499,0.136839585951,85709,5388864,22389776,0.0249680533861,0.0263164999999,0.106966000002,2943,211,2734,0,0,67,141,1001.1,2.10447761194,7,0,0,582,75.8628235083,1126568,0.8226950354609929,141,0.0016975271483951747,3.8840076916557216,capacity-0.85-12,capacity,0.85,12,qbr,main,,e1417a3b32143697a9b31881caadf080200772b2a079ad92242e5e7dbfd17cee,0.28306422399964504
single,25fceee22c272d53,104118,104118,83062,25191.5712039,33.2344921233,252.973986211,430.370358602,61.1900869289,0.293888902266,2.93255,4.1531,173.41189598,0.332846011244,357.188706217,0.139232932448,85613,5384304,22380864,0.0245824531249,0.0265409999999,0.106966000002,2892,217,2675,0,0,68,68,482.8,1,1,0,0,157,100.710027593,1126181,0.8382352941176471,68,0.0008186655751125665,6.690460462145077,capacity-0.85-12,capacity,0.85,12,single,main,,e1417a3b32143697a9b31881caadf080200772b2a079ad92242e5e7dbfd17cee,0.31340604099932534
steal,25fceee22c272d53,104118,104118,83062,25191.5712039,33.578381712,250.951306992,425.653632159,61.2012514011,0.293551804676,2.93395,4.1531,172.195881627,0.332092420383,356.830875341,0.140549273021,92753,5726128,22755552,0.0508646926499,0.0625944999998,0.106957000002,17782,7161,10621,0,0,1190,2478,20633.8,2.08235294118,15,0,0,4687,251.122150475,1199715,0.8397901533494754,2478,0.029833136693072644,7.016166021015824,capacity-0.85-12,capacity,0.85,12,steal,main,,e1417a3b32143697a9b31881caadf080200772b2a079ad92242e5e7dbfd17cee,0.3171139079995555
threshold,25fceee22c272d53,104118,104118,83062,25194.0561858,33.1661257058,253.482188158,430.370358602,61.2824605903,0.296007801401,2.92375,4.1531,174.987896545,0.334624485674,355.403123005,0.142703284868,111510,6625984,22625584,0.0478389062499,0.0600572499999,0.106940500002,15525,1537,13990,0,0,673,1698,13860.8,2.52303120357,12,0,0,3053,220.549072749,1222068,0.8964096527369041,1699,0.020454600178180155,9.512577464217227,capacity-0.85-12,capacity,0.85,12,threshold,main,,e1417a3b32143697a9b31881caadf080200772b2a079ad92242e5e7dbfd17cee,0.30308188300023176
work,25fceee22c272d53,104118,104118,83062,25191.5712039,163.588546293,398.017787396,567.402113045,165.638084036,0.872974404662,0.52755,4.1531,315.120167509,0.918431325265,514.881754584,0.692514808831,15936,1019904,22375296,0.00398400000004,0.00398400000004,0.2316535,0,0,0,0,0,0,0,0,0,0,0,0,0,0,809451,,0,0.0,,capacity-0.85-12,capacity,0.85,12,work,main,,e1417a3b32143697a9b31881caadf080200772b2a079ad92242e5e7dbfd17cee,0.22722821699971973
bwc,601be88e59ce46d9,105145,105145,83922,25858.5172408,405.667745598,850.183086591,959.608356666,441.741996536,0.984592836205,0.06465,4.1961,758.518143385,0.999136172051,918.278178918,0.926396090351,60183,3851712,21772800,0.0150457500001,0.0183800000002,0.171240500001,0,0,0,0,0,0,0,0,0,0,44247,1.82966076796,0,0,942745,,0,0.0,,capacity-0.85-13,capacity,0.85,13,bwc,main,,5011789dac850afc36c009e07af61f3ed0150eb17c0de3ef5d7dddc5245a47b1,0.26239496000016516
jbsq,601be88e59ce46d9,105145,105145,83922,25186.9446747,16.8064448077,219.589233107,530.584724476,44.0648528767,0.122744929816,3.68105,4.1961,113.850189695,0.137244388842,448.414909417,0.0647237618452,0,0,22556032,0,0,0.209802000001,0,0,0,0,0,0,0,0,0,0,0,0,0,0,736354,,0,0.0,,capacity-0.85-13,capacity,0.85,13,jbsq,main,,5011789dac850afc36c009e07af61f3ed0150eb17c0de3ef5d7dddc5245a47b1,0.1971101320004891
jsw,601be88e59ce46d9,105145,105145,83922,25186.9107717,27.5120018592,225.170650862,424.376226925,52.7206905759,0.222301661066,3.2633,4.1961,127.197701775,0.256050519041,346.955448561,0.0872519220454,15936,1019904,22556864,0.00398400000004,0.00398400000004,0.107826000002,0,0,0,0,0,0,0,0,0,0,0,0,0,0,711439,,0,0.0,,capacity-0.85-13,capacity,0.85,13,jsw,main,,5011789dac850afc36c009e07af61f3ed0150eb17c0de3ef5d7dddc5245a47b1,0.19198678199973074
p2c,601be88e59ce46d9,105145,105145,83922,25193.5723807,23.3712355066,315.436287677,652.119203471,53.1576387947,0.192750411096,3.3873,4.1961,244.488188475,0.219888893853,562.311978617,0.0841528100602,15936,1019904,22555328,0.00398400000004,0.00398400000004,0.107826000002,0,0,0,0,0,0,0,0,0,0,0,0,0,0,711503,,0,0.0,,capacity-0.85-13,capacity,0.85,13,p2c,main,,5011789dac850afc36c009e07af61f3ed0150eb17c0de3ef5d7dddc5245a47b1,0.18215439899995545
qbr,601be88e59ce46d9,105145,105145,83922,25192.2629117,27.3982384025,222.474162344,443.056821891,52.2283071301,0.216629727604,3.2871,4.1961,125.037831488,0.249527128666,338.368637182,0.0849871863639,85163,5362608,22584752,0.0245771406249,0.0263789999999,0.107824500002,2673,225,2448,0,0,81,183,1489.3,2.25925925926,13,0,0,574,111.768315177,1130954,0.6956521739130435,184,0.002192512094564,2.806640657015563,capacity-0.85-13,capacity,0.85,13,qbr,main,,5011789dac850afc36c009e07af61f3ed0150eb17c0de3ef5d7dddc5245a47b1,0.28311488300005294
single,601be88e59ce46d9,105145,105145,83922,25191.3186365,27.683502121,226.076691395,418.884852437,52.9291010544,0.221968017921,3.2647,4.1961,129.004182383,0.255499456384,337.690916657,0.0877883068121,85386,5373312,22571664,0.0244271249999,0.0264097499999,0.107826000002,2785,229,2556,0,0,87,87,617.7,1,1,0,0,200,192.445708864,1131610,0.896551724137931,87,0.0010366769142775435,11.628139221303883,capacity-0.85-13,capacity,0.85,13,single,main,,5011789dac850afc36c009e07af61f3ed0150eb17c0de3ef5d7dddc5245a47b1,0.29815882699949725
steal,601be88e59ce46d9,105145,105145,83922,25197.43758,27.540513861,224.493493675,420.566912835,52.5412782325,0.21790472105,3.28175,4.1961,128.874308075,0.250733509078,346.26058014,0.0865367423565,91384,5660448,22942112,0.0497552121904,0.0621487499998,0.107814000002,18501,6459,12042,0,0,1158,2482,20757.2,2.14335060449,15,0,0,4530,233.568039261,1202828,0.8177795655671762,2486,0.029622744929815783,6.605867573476669,capacity-0.85-13,capacity,0.85,13,steal,main,,5011789dac850afc36c009e07af61f3ed0150eb17c0de3ef5d7dddc5245a47b1,0.34244371999920986
threshold,601be88e59ce46d9,105145,105145,83922,25200.6833049,27.7408978088,224.718987169,426.934873443,52.5206755604,0.219882748266,3.27345,4.1961,129.524979658,0.253444141608,337.014549544,0.085583169438,110768,6590848,22806240,0.047089369689,0.0569284999999,0.107811000002,15166,1456,13710,0,0,646,1643,13850.3,2.54334365325,13,0,0,3169,200.508556726,1225338,0.9037758830694276,1642,0.01956578727866352,10.097685397001948,capacity-0.85-13,capacity,0.85,13,threshold,main,,5011789dac850afc36c009e07af61f3ed0150eb17c0de3ef5d7dddc5245a47b1,0.3195489669997187
work,601be88e59ce46d9,105145,105145,83922,25323.252628,163.424122171,393.654813188,607.985608903,168.142459529,0.862503276852,0.57695,4.1961,287.060027504,0.908076791326,530.584724476,0.680135884141,15936,1019904,22408384,0.00398400000004,0.00398400000004,0.232311,0,0,0,0,0,0,0,0,0,0,0,0,0,0,817058,,0,0.0,,capacity-0.85-13,capacity,0.85,13,work,main,,5011789dac850afc36c009e07af61f3ed0150eb17c0de3ef5d7dddc5245a47b1,0.25131403700015653
bwc,e3ab40c24f38c9f3,104655,104655,83830,25743.5743744,464.414798216,766.147594437,916.442376723,463.206526787,0.991256113563,0.03665,4.1915,689.028001302,0.993668528864,857.016432136,0.981562406465,60394,3865216,21867264,0.0150985000001,0.0200240000002,0.171995267531,0,0,0,0,0,0,0,0,0,0,44458,1.83094156282,0,0,938877,,0,0.0,,capacity-0.85-14,capacity,0.85,14,bwc,main,,a53355901c0cf1752dca0941a7ada3c56b262c80830810ae3428a2ff51aec90c,0.24639618699984567
jbsq,e3ab40c24f38c9f3,104655,104655,83830,25163.4893724,17.8692097325,232.055079105,571.965277079,48.4409484331,0.183156387928,3.4238,4.1915,132.027401029,0.208476722533,452.475860346,0.0814127506735,0,0,22511360,0,0,0.209596267531,0,0,0,0,0,0,0,0,0,0,0,0,0,0,732928,,0,0.0,,capacity-0.85-14,capacity,0.85,14,jbsq,main,,a53355901c0cf1752dca0941a7ada3c56b262c80830810ae3428a2ff51aec90c,0.19818638099968666
jsw,e3ab40c24f38c9f3,104655,104655,83830,25163.4893724,30.6036825692,238.669484423,428.219962296,58.0928853399,0.275521889538,3.03665,4.1915,141.24083642,0.315337057728,349.398455956,0.115534271176,15936,1019904,22511680,0.00398400000004,0.00398400000004,0.107734774002,0,0,0,0,0,0,0,0,0,0,0,0,0,0,708454,,0,0.0,,capacity-0.85-14,capacity,0.85,14,jsw,main,,a53355901c0cf1752dca0941a7ada3c56b262c80830810ae3428a2ff51aec90c,0.18904695299988816
p2c,e3ab40c24f38c9f3,104655,104655,83830,25167.8850871,26.2580148693,328.014700307,689.718029304,57.1673618623,0.23843492783,3.1921,4.1915,270.292850688,0.272387337058,580.039139932,0.102005387609,15936,1019904,22512192,0.00398400000004,0.00398400000004,0.107734774002,0,0,0,0,0,0,0,0,0,0,0,0,0,0,708485,,0,0.0,,capacity-0.85-14,capacity,0.85,14,p2c,main,,a53355901c0cf1752dca0941a7ada3c56b262c80830810ae3428a2ff51aec90c,0.19716840799992497
qbr,e3ab40c24f38c9f3,104655,104655,83830,25168.720492,30.1956963086,237.236487184,423.102646254,57.991340814,0.276022903495,3.03455,4.1915,138.984212272,0.315322160149,352.564685882,0.118108350793,85202,5364576,22535888,0.0245895468749,0.0263757499999,0.107734267532,2686,221,2465,0,0,71,153,1371.3,2.15492957746,11,0,0,484,150.819286224,1127662,0.8169934640522876,153,0.001825122271263271,11.25357097094185,capacity-0.85-14,capacity,0.85,14,qbr,main,,a53355901c0cf1752dca0941a7ada3c56b262c80830810ae3428a2ff51aec90c,0.2959803789999569
single,e3ab40c24f38c9f3,104655,104655,83830,25163.4893724,29.7929769275,237.713198395,417.627712996,57.7170329079,0.269199570559,3.06315,4.1915,142.669662721,0.306979515829,346.26058014,0.117390002993,85547,5381136,22522608,0.0245246718749,0.0263589999999,0.107734267532,2857,214,2643,0,0,61,61,528.1,1,1,0,0,140,217.325210428,1128698,0.847457627118644,59,0.0007038053202910652,7.377406089837415,capacity-0.85-14,capacity,0.85,14,single,main,,a53355901c0cf1752dca0941a7ada3c56b262c80830810ae3428a2ff51aec90c,0.2926100499998938
steal,e3ab40c24f38c9f3,104655,104655,83830,25164.9204955,30.5721104587,238.909153907,433.833424028,57.844585195,0.276440415126,3.0328,4.1915,140.956780902,0.315932960894,349.048407549,0.117749176893,92870,5731792,22935712,0.0516236406248,0.0628774999998,0.107720813965,18403,7270,11133,0,0,1298,2747,22068.7,2.11633281972,12,0,0,5235,248.223723801,1205560,0.8415877640203933,2746,0.0327567696528689,6.82658588605132,capacity-0.85-14,capacity,0.85,14,steal,main,,a53355901c0cf1752dca0941a7ada3c56b262c80830810ae3428a2ff51aec90c,0.3166030390002561
threshold,e3ab40c24f38c9f3,104655,104655,83830,25163.4893724,30.5721104587,238.190863505,440.401781342,57.5230595765,0.271633066921,3.05295,4.1915,141.667985794,0.310689013035,354.336048496,0.114696198743,110752,6589872,22798176,0.0473896638749,0.0570129999999,0.107710267532,15129,1605,13524,0,0,722,1862,16640.2,2.57894736842,18,0,0,3301,221.252932647,1221622,0.907626208378088,1862,0.022211618752236668,11.499647479898481,capacity-0.85-14,capacity,0.85,14,threshold,main,,a53355901c0cf1752dca0941a7ada3c56b262c80830810ae3428a2ff51aec90c,0.35267702199962514
work,e3ab40c24f38c9f3,104655,104655,83830,25208.0755564,166.911777473,373.666941322,582.366785051,169.766855721,0.910843373494,0.3737,4.1915,263.597911589,0.954681564246,508.222003224,0.734690212511,15936,1019904,22465216,0.00398400000004,0.00398400000004,0.233022274,0,0,0,0,0,0,0,0,0,0,0,0,0,0,813256,,0,0.0,,capacity-0.85-14,capacity,0.85,14,work,main,,a53355901c0cf1752dca0941a7ada3c56b262c80830810ae3428a2ff51aec90c,0.24646355400000175
bwc,942bdbb9f8ee1652,104122,104122,83451,25745.3707847,330.656048769,698.052385346,807.073670715,363.265474521,0.991671759476,0.03475,4.17255,596.529784083,0.99536039272,760.03793919,0.97685602645,60311,3859904,21798400,0.0150777500001,0.0191960000001,0.171655000001,0,0,0,0,0,0,0,0,0,0,44375,1.82916056338,0,0,933969,,0,0.0,,capacity-0.85-15,capacity,0.85,15,bwc,main,,a1d7419bdac66394c8b735f374db28e465b582d387968149cf85793ae7c2b59f,0.2541201659996659
jbsq,942bdbb9f8ee1652,104122,104122,83451,25214.9817801,16.8777774968,219.148715527,540.235017384,45.260184101,0.149560820122,3.5485,4.17255,118.057978983,0.170707614943,454.292486457,0.0646227832882,0,0,22409472,0,0,0.208607614677,0,0,0,0,0,0,0,0,0,0,0,0,0,0,729188,,0,0.0,,capacity-0.85-15,capacity,0.85,15,jbsq,main,,a1d7419bdac66394c8b735f374db28e465b582d387968149cf85793ae7c2b59f,0.20431383100003586
jsw,942bdbb9f8ee1652,104122,104122,83451,25217.8234165,28.37988118,225.396821513,425.227404755,54.0952175363,0.241890450684,3.16325,4.17255,124.159085166,0.278810464559,335.665864743,0.0935978358882,15936,1019904,22410304,0.00398400000004,0.00398400000004,0.107355774002,0,0,0,0,0,0,0,0,0,0,0,0,0,0,705414,,0,0.0,,capacity-0.85-15,capacity,0.85,15,jsw,main,,a1d7419bdac66394c8b735f374db28e465b582d387968149cf85793ae7c2b59f,0.1918360979998397
p2c,942bdbb9f8ee1652,104122,104122,83451,25214.9817801,24.0128720125,300.312039014,628.407026089,53.9984979523,0.214185569975,3.27885,4.17255,242.776624255,0.24606381705,549.509989973,0.0861436729787,15936,1019904,22410560,0.00398400000004,0.00398400000004,0.107355774002,0,0,0,0,0,0,0,0,0,0,0,0,0,0,705435,,0,0.0,,capacity-0.85-15,capacity,0.85,15,p2c,main,,a1d7419bdac66394c8b735f374db28e465b582d387968149cf85793ae7c2b59f,0.25466136199975153
qbr,942bdbb9f8ee1652,104122,104122,83451,25214.9817801,28.1750421866,224.043182268,425.227404755,53.7020139292,0.24120741513,3.1661,4.17255,119.615053368,0.278406369732,327.357656636,0.0917944093778,85066,5358048,22435312,0.0244221562499,0.0265269999999,0.107355000002,2630,187,2443,0,0,61,168,1572.8,2.75409836066,15,0,0,498,223.045579718,1124772,0.6287425149700598,167,0.002001174341829337,0.9684469909653525,capacity-0.85-15,capacity,0.85,15,qbr,main,,a1d7419bdac66394c8b735f374db28e465b582d387968149cf85793ae7c2b59f,0.29667541300023004
single,942bdbb9f8ee1652,104122,104122,83451,25227.8662405,27.9426886592,225.170650862,419.725042026,53.7392189907,0.240224802579,3.1702,4.17255,121.31468411,0.277238984674,331.652012215,0.0915539525098,85245,5366640,22422720,0.0242991406249,0.0263002499999,0.107355000002,2708,221,2487,0,0,72,72,701.2,1,1,0,0,158,183.783935867,1125701,0.9027777777777778,72,0.0008627817521659417,12.740132380258892,capacity-0.85-15,capacity,0.85,15,single,main,,a1d7419bdac66394c8b735f374db28e465b582d387968149cf85793ae7c2b59f,0.29536390400062373
steal,942bdbb9f8ee1652,104122,104122,83451,25214.9817801,28.37988118,223.818363904,420.988479748,53.6329193514,0.239218223868,3.1744,4.17255,120.826646078,0.275996767241,330.987704818,0.0914938382928,92478,5712768,22815440,0.0515812229686,0.0674296334998,0.107340000002,19042,7046,11996,0,0,1227,2625,21392.5,2.13936430318,14,0,0,5051,249.065902194,1204910,0.8183890577507599,2632,0.03153946627362165,6.5160656403293045,capacity-0.85-15,capacity,0.85,15,steal,main,,a1d7419bdac66394c8b735f374db28e465b582d387968149cf85793ae7c2b59f,0.30576076500074123
threshold,942bdbb9f8ee1652,104122,104122,83451,25214.9817801,28.37988118,224.718987169,416.374337443,53.8029567728,0.238858731471,3.1759,4.17255,120.826646078,0.275323275862,327.029627009,0.0923955515479,109910,6549376,22682528,0.0465653124999,0.0587392499999,0.107334000002,14740,1516,13223,0,0,689,1818,14617.8,2.63860667634,11,0,0,3355,244.130091922,1215851,0.8962678375411636,1822,0.0218331715617548,10.420750938576777,capacity-0.85-15,capacity,0.85,15,threshold,main,,a1d7419bdac66394c8b735f374db28e465b582d387968149cf85793ae7c2b59f,0.34287651400063623
work,942bdbb9f8ee1652,104122,104122,83451,25364.060987,123.909141973,347.30340401,541.318028654,132.033195422,0.761884219482,0.99355,4.17255,232.055079105,0.822018678161,461.632057133,0.520348662459,15936,1019904,22240064,0.00398400000004,0.00398400000004,0.230902274,0,0,0,0,0,0,0,0,0,0,0,0,0,0,810025,,0,0.0,,capacity-0.85-15,capacity,0.85,15,work,main,,a1d7419bdac66394c8b735f374db28e465b582d387968149cf85793ae7c2b59f,0.26437934300065535
bwc,2f3bad1bb251d96d,103887,103887,82897,25646.9433197,321.502995605,604.949794371,762.323336882,317.160875763,0.978201864965,0.09035,4.14485,509.240956452,0.994011976048,687.650012627,0.915050006025,60091,3845824,21797376,0.0150229473319,0.0182720000001,0.171179080958,0,0,0,0,0,0,0,0,0,0,44155,1.83528479221,0,0,930135,,0,0.0,,capacity-0.85-16,capacity,0.85,16,bwc,main,,d3f9d159e9155ee5b91090c8e0df76faf380e8425a86add465e77d2785b20254,0.24278706000040984
jbsq,2f3bad1bb251d96d,103887,103887,82897,25225.9463523,17.3668051968,221.805078471,558.384520302,45.461634437,0.147556606391,3.53325,4.14485,124.534938024,0.168283081193,453.383265542,0.0647668393782,0,0,22289984,0,0,0.207259000001,0,0,0,0,0,0,0,0,0,0,0,0,0,0,727549,,0,0.0,,capacity-0.85-16,capacity,0.85,16,jbsq,main,,d3f9d159e9155ee5b91090c8e0df76faf380e8425a86add465e77d2785b20254,0.20316578799975105
jsw,2f3bad1bb251d96d,103887,103887,82897,25225.9463523,30.1333983784,229.737295237,443.056821891,55.8239214545,0.266559706624,3.04,4.14485,122.666893165,0.307908113245,352.918250568,0.101397758766,15936,1019904,22290240,0.00398400000004,0.00398400000004,0.106801774002,0,0,0,0,0,0,0,0,0,0,0,0,0,0,704027,,0,0.0,,capacity-0.85-16,capacity,0.85,16,jsw,main,,d3f9d159e9155ee5b91090c8e0df76faf380e8425a86add465e77d2785b20254,0.1943171920001987
p2c,2f3bad1bb251d96d,103887,103887,82897,25226.1015359,23.9130701538,310.727501504,658.020843538,53.7691440953,0.208704778219,3.2798,4.14485,246.458981416,0.239490791716,566.834278766,0.08573322087,15936,1019904,22290112,0.00398400000004,0.00398400000004,0.106801774002,0,0,0,0,0,0,0,0,0,0,0,0,0,0,704062,,0,0.0,,capacity-0.85-16,capacity,0.85,16,p2c,main,,d3f9d159e9155ee5b91090c8e0df76faf380e8425a86add465e77d2785b20254,0.179792271000224
qbr,2f3bad1bb251d96d,103887,103887,82897,25225.9463523,30.0091754973,229.046465471,445.727832562,55.7424816453,0.267054296295,3.03795,4.14485,121.927481901,0.308677355616,345.220878496,0.100795276539,84967,5353296,22313344,0.0244032187499,0.0260272499999,0.106801000002,2567,221,2346,0,0,68,148,1145.8,2.17647058824,10,0,0,506,131.594767335,1123222,0.777027027027027,148,0.0017853480825602856,8.44698228401774,capacity-0.85-16,capacity,0.85,16,qbr,main,,d3f9d159e9155ee5b91090c8e0df76faf380e8425a86add465e77d2785b20254,0.3443188889996236
single,2f3bad1bb251d96d,103887,103887,82897,25225.9463523,30.5721104587,229.968032532,454.292486457,55.910606828,0.26906884447,3.0296,4.14485,121.436998794,0.311271663223,346.26058014,0.100494035426,85085,5358960,22304320,0.0241777031249,0.0253257499999,0.106801000002,2628,225,2403,0,0,76,76,634.6,1,1,0,0,180,115.162398513,1123822,0.84,75,0.0009047372040001448,4.789395458734762,capacity-0.85-16,capacity,0.85,16,single,main,,d3f9d159e9155ee5b91090c8e0df76faf380e8425a86add465e77d2785b20254,0.3438943040000595
steal,2f3bad1bb251d96d,103887,103887,82897,25225.9463523,30.4147223853,229.737295237,453.837648808,55.7744428238,0.266993980482,3.0382,4.14485,123.535162755,0.308556690146,343.150804519,0.100976021207,93746,5773536,22705696,0.0529765468748,0.0610167499998,0.106780000002,18894,7681,11213,0,0,1226,2649,23082.9,2.16068515498,12,0,0,4879,228.968212062,1207276,0.8498862774829417,2638,0.03182262325536509,6.712904567924927,capacity-0.85-16,capacity,0.85,16,steal,main,,d3f9d159e9155ee5b91090c8e0df76faf380e8425a86add465e77d2785b20254,0.3701886459994057
threshold,2f3bad1bb251d96d,103887,103887,82897,25234.0238713,30.9530665051,230.199000565,420.145767068,56.0858658731,0.269129160283,3.02935,4.14485,123.909141973,0.311045415466,335.329535207,0.10169899988,110275,6566816,22563872,0.0469414838972,0.0546064999999,0.106777000002,14890,1575,13315,0,0,683,1774,16015.4,2.59736456808,11,0,0,3239,218.325873577,1216237,0.9060022650056625,1766,0.02130354536352341,11.305783630062706,capacity-0.85-16,capacity,0.85,16,threshold,main,,d3f9d159e9155ee5b91090c8e0df76faf380e8425a86add465e77d2785b20254,0.3262109450006392
work,2f3bad1bb251d96d,103887,103887,82897,25251.9479389,128.614948563,325.39438786,563.439165886,128.158256198,0.780197112079,0.91105,4.14485,196.62222658,0.842637143848,479.061181605,0.530786841788,15936,1019904,22263680,0.00398400000004,0.00398400000004,0.230915602128,0,0,0,0,0,0,0,0,0,0,0,0,0,0,808031,,0,0.0,,capacity-0.85-16,capacity,0.85,16,work,main,,d3f9d159e9155ee5b91090c8e0df76faf380e8425a86add465e77d2785b20254,0.23231184999986
bwc,9538cf07777792a3,104381,104381,83438,25910.423584,378.187755249,899.184072098,988.848398534,447.279682614,0.985833792756,0.0591,4.1719,814.375492384,0.988989034099,958.648707958,0.973381550866,60170,3850880,21694848,0.0150425000001,0.0231080000002,0.170716500001,0,0,0,0,0,0,0,0,0,0,44234,1.81930189447,0,0,938428,,0,0.0,,capacity-0.85-17,capacity,0.85,17,bwc,main,,c1f01482374a028a6371426733bcfa6f6004e3a3cd1b430d7fcdf1bc4d76a1af,0.26914327399936155
jbsq,9538cf07777792a3,104381,104381,83438,25184.3633833,18.8559953826,251.960624936,564.003605052,53.9042565583,0.218401687481,3.26075,4.1719,156.664630664,0.246131891242,460.708179066,0.108963718283,0,0,22497024,0,0,0.208568000001,0,0,0,0,0,0,0,0,0,0,0,0,0,0,731005,,0,0.0,,capacity-0.85-17,capacity,0.85,17,jbsq,main,,c1f01482374a028a6371426733bcfa6f6004e3a3cd1b430d7fcdf1bc4d76a1af,0.23325909499999398
jsw,9538cf07777792a3,104381,104381,83438,25186.9366501,31.500636057,254.757146466,452.475860346,61.9159928004,0.285733119202,2.97985,4.1719,172.022858768,0.320654949677,362.9629094,0.147913208442,15936,1019904,22496256,0.00398400000004,0.00398400000004,0.107342000002,0,0,0,0,0,0,0,0,0,0,0,0,0,0,706876,,0,0.0,,capacity-0.85-17,capacity,0.85,17,jsw,main,,c1f01482374a028a6371426733bcfa6f6004e3a3cd1b430d7fcdf1bc4d76a1af,0.20142252699952223
p2c,9538cf07777792a3,104381,104381,83438,25184.3633833,28.0586331858,366.251708868,674.695595,61.4915455016,0.256705577794,3.10095,4.1719,292.876289248,0.290866756797,589.996223127,0.121887597818,15936,1019904,22496192,0.00398400000004,0.00398400000004,0.107342000002,0,0,0,0,0,0,0,0,0,0,0,0,0,0,706895,,0,0.0,,capacity-0.85-17,capacity,0.85,17,p2c,main,,c1f01482374a028a6371426733bcfa6f6004e3a3cd1b430d7fcdf1bc4d76a1af,0.20502180799940106
qbr,9538cf07777792a3,104381,104381,83438,25195.0999007,31.5982354996,255.525185433,428.219962296,61.9182559522,0.286248471919,2.9777,4.1719,174.81208446,0.321285864504,356.473401939,0.147972492293,85811,5393728,22523024,0.0250697031249,0.0269132499999,0.107342000002,2996,219,2777,0,0,74,175,1242.5,2.36486486486,13,0,0,474,98.4703888051,1128803,0.7430167597765364,179,0.0021453054962966515,6.7141511466036325,capacity-0.85-17,capacity,0.85,17,qbr,main,,c1f01482374a028a6371426733bcfa6f6004e3a3cd1b430d7fcdf1bc4d76a1af,0.2793031349992816
single,9538cf07777792a3,104381,104381,83438,25187.7950143,32.1237373703,255.781710618,447.517426047,62.005484002,0.288166063424,2.9697,4.1719,172.542446586,0.323839567373,365.152153585,0.147379653782,85714,5389072,22512064,0.0246837031249,0.0259032499999,0.107342000002,2948,232,2716,0,0,88,88,719.8,1,1,0,0,191,102.136687466,1128735,0.8409090909090909,88,0.001054675327788298,3.847712923489532,capacity-0.85-17,capacity,0.85,17,single,main,,c1f01482374a028a6371426733bcfa6f6004e3a3cd1b430d7fcdf1bc4d76a1af,0.3194864460001554
steal,9538cf07777792a3,104381,104381,83438,25184.3844762,31.500636057,254.757146466,448.414909417,61.8703963673,0.283372084662,2.9897,4.1719,174.987896545,0.318101246808,365.884824044,0.146312544463,91839,5682160,22903008,0.0500518451631,0.0576979999998,0.107328500002,18062,6727,11335,0,0,1230,2625,21487.5,2.13414634146,13,0,0,4911,223.620439846,1197618,0.83675799086758,2628,0.031496440470768716,6.405944590452147,capacity-0.85-17,capacity,0.85,17,steal,main,,c1f01482374a028a6371426733bcfa6f6004e3a3cd1b430d7fcdf1bc4d76a1af,0.35703394699976343
threshold,9538cf07777792a3,104381,104381,83438,25199.3488712,32.1237373703,255.012903613,432.965059943,62.1587596384,0.286404276229,2.97705,4.1719,173.237658322,0.321721496169,357.905441818,0.147023950676,111759,6638144,22746480,0.0479205498578,0.0589002499999,0.107316500002,15674,1475,14198,0,0,669,1652,13534.2,2.46935724963,13,0,0,3166,207.541018495,1224774,0.9041591320072333,1659,0.01988302691819075,10.419266859267873,capacity-0.85-17,capacity,0.85,17,threshold,main,,c1f01482374a028a6371426733bcfa6f6004e3a3cd1b430d7fcdf1bc4d76a1af,0.30291899599978933
work,9538cf07777792a3,104381,104381,83438,25326.5611189,141.667985794,403.236256424,583.534101988,151.502368685,0.822946379348,0.73865,4.1719,326.701925084,0.882154123479,504.166498251,0.589281479725,15936,1019904,22338048,0.00398400000004,0.00398400000004,0.230952238503,0,0,0,0,0,0,0,0,0,0,0,0,0,0,811725,,0,0.0,,capacity-0.85-17,capacity,0.85,17,work,main,,c1f01482374a028a6371426733bcfa6f6004e3a3cd1b430d7fcdf1bc4d76a1af,0.23187641799995617
bwc,b8f4264afe15bf30,104025,104025,83023,25682.1663666,407.296858214,757.001382618,892.014898422,403.585305454,0.988810329668,0.04645,4.15115,693.178533541,0.996807276999,837.516906052,0.956864396583,60022,3841408,21730432,0.0150055000001,0.0215200000002,0.170887500001,0,0,0,0,0,0,0,0,0,0,44086,1.83380211405,0,0,930291,,0,0.0,,capacity-0.85-18,capacity,0.85,18,bwc,main,,4d1e234a3f2cd5e3084c3e21655ad16b5ccef7653de9cd97d99c718813da92bc,0.30839394300073764
jbsq,b8f4264afe15bf30,104025,104025,83023,25152.7037813,17.8315278453,223.593770134,538.614554338,47.036264203,0.171000807005,3.4413,4.15115,128.356106993,0.196156684387,439.960820521,0.0705089640236,0,0,22324352,0,0,0.207578084459,0,0,0,0,0,0,0,0,0,0,0,0,0,0,728515,,0,0.0,,capacity-0.85-18,capacity,0.85,18,jbsq,main,,4d1e234a3f2cd5e3084c3e21655ad16b5ccef7653de9cd97d99c718813da92bc,0.19294497200007754
jsw,b8f4264afe15bf30,104025,104025,83023,25156.5073319,31.4681678891,230.893291395,443.056821891,56.7382875267,0.275224937668,3.00865,4.15115,125.669282285,0.317811478743,349.748854412,0.105101672482,15936,1019904,22325824,0.00398400000004,0.00398400000004,0.106927618051,0,0,0,0,0,0,0,0,0,0,0,0,0,0,704650,,0,0.0,,capacity-0.85-18,capacity,0.85,18,jsw,main,,4d1e234a3f2cd5e3084c3e21655ad16b5ccef7653de9cd97d99c718813da92bc,0.21084208699994633
p2c,b8f4264afe15bf30,104025,104025,83023,25152.7037813,25.5057473917,346.607840721,691.792256236,55.3872391766,0.218445491009,3.24435,4.15115,278.550757522,0.250342615322,573.685892379,0.0910239441704,15936,1019904,22325568,0.00398400000004,0.00398400000004,0.106927618051,0,0,0,0,0,0,0,0,0,0,0,0,0,0,704660,,0,0.0,,capacity-0.85-18,capacity,0.85,18,p2c,main,,4d1e234a3f2cd5e3084c3e21655ad16b5ccef7653de9cd97d99c718813da92bc,0.19873710499996378
qbr,b8f4264afe15bf30,104025,104025,83023,25152.7037813,31.9256886938,232.988698684,412.636681591,56.9904347663,0.279211784686,2.9921,4.15115,125.669282285,0.322058402735,348.69870884,0.108049572855,85425,5375152,22355072,0.0247724062499,0.0272369999999,0.106927000002,2802,221,2581,0,0,72,196,1581.6,2.72222222222,13,0,0,640,119.276452593,1124110,0.7849462365591398,186,0.002240343037471544,7.829793103506315,capacity-0.85-18,capacity,0.85,18,qbr,main,,4d1e234a3f2cd5e3084c3e21655ad16b5ccef7653de9cd97d99c718813da92bc,0.26697343199975876
single,b8f4264afe15bf30,104025,104025,83023,25155.0023079,31.3709578703,232.521422318,431.233530689,56.701517095,0.275188803103,3.0088,4.15115,126.176719936,0.317480158431,349.048407549,0.106244735892,85048,5357056,22340928,0.0241573124999,0.0266347499999,0.106927000002,2620,216,2404,0,0,80,80,948,1,1,0,0,172,159.667390847,1123116,0.9,80,0.0009635884032135673,10.381071325793027,capacity-0.85-18,capacity,0.85,18,single,main,,4d1e234a3f2cd5e3084c3e21655ad16b5ccef7653de9cd97d99c718813da92bc,0.29906728800051496
steal,b8f4264afe15bf30,104025,104025,83023,25159.950168,31.435732157,230.893291395,437.762615428,56.5447642659,0.275489924479,3.00755,4.15115,125.542739545,0.317962078884,349.048407549,0.105823607267,92700,5723600,22728320,0.0511712812498,0.0628944999998,0.106910500002,18208,7151,11057,0,0,1223,2572,21776.2,2.10302534751,15,0,0,4886,233.814881736,1202738,0.8091366627951994,2583,0.031111860568758056,5.27481862430334,capacity-0.85-18,capacity,0.85,18,steal,main,,4d1e234a3f2cd5e3084c3e21655ad16b5ccef7653de9cd97d99c718813da92bc,0.3048573209998722
threshold,b8f4264afe15bf30,104025,104025,83023,25152.7037813,31.3063129381,230.430199565,442.170038644,56.5534262346,0.274538380931,3.0115,4.15115,123.410752003,0.317103658077,349.048407549,0.104500060161,110748,6589680,22575328,0.0472486532499,0.0572058739999,0.106903000002,15134,1546,13592,0,0,681,1618,13862.8,2.37591776799,10,0,0,3153,223.15872865,1216337,0.8928571428571429,1624,0.019560844585235417,10.224549586846264,capacity-0.85-18,capacity,0.85,18,threshold,main,,4d1e234a3f2cd5e3084c3e21655ad16b5ccef7653de9cd97d99c718813da92bc,0.30091428000014275
work,b8f4264afe15bf30,104025,104025,83023,25164.7983808,131.099922843,334.993541666,556.152564898,133.619679847,0.818676752225,0.7527,4.15115,224.718987169,0.883104170118,487.776125438,0.561304295512,15936,1019904,22313408,0.00398400000004,0.00398400000004,0.23137861805,0,0,0,0,0,0,0,0,0,0,0,0,0,0,808713,,0,0.0,,capacity-0.85-18,capacity,0.85,18,work,main,,4d1e234a3f2cd5e3084c3e21655ad16b5ccef7653de9cd97d99c718813da92bc,0.24168414100040536
bwc,801f2e1144dd6e20,103901,103901,83190,25727.1755837,406.888969244,702.257199435,856.159272863,399.469672879,0.990840245222,0.0381,4.1595,610.425207689,0.994776849552,787.132105725,0.975231274246,60206,3853184,21754688,0.0150515000001,0.0220280000001,0.171062000001,0,0,0,0,0,0,0,0,0,0,44270,1.82410210075,0,0,931956,,0,0.0,,capacity-0.85-19,capacity,0.85,19,bwc,main,,4cd2b8e93a6ec01a8c6ecd8ca999ab6f8f3493a1f9f1dc734feb324fbbd19d90,0.2364174729991646
jbsq,801f2e1144dd6e20,103901,103901,83190,25161.5235082,17.4588230746,219.80982234,553.92951504,46.5301489404,0.172652963097,3.44135,4.1595,122.173459792,0.199984947693,438.201378043,0.0642793196061,0,0,22407040,0,0,0.207991500001,0,0,0,0,0,0,0,0,0,0,0,0,0,0,727640,,0,0.0,,capacity-0.85-19,capacity,0.85,19,jbsq,main,,4cd2b8e93a6ec01a8c6ecd8ca999ab6f8f3493a1f9f1dc734feb324fbbd19d90,0.23114706399974239
jsw,801f2e1144dd6e20,103901,103901,83190,25166.1791073,29.7314832295,227.21434789,429.939419183,55.9066470845,0.258384421204,3.08475,4.1595,122.914350618,0.298803341612,343.494955323,0.0981199641898,15936,1019904,22407552,0.00398400000004,0.00398400000004,0.107094000002,0,0,0,0,0,0,0,0,0,0,0,0,0,0,703937,,0,0.0,,capacity-0.85-19,capacity,0.85,19,jsw,main,,4cd2b8e93a6ec01a8c6ecd8ca999ab6f8f3493a1f9f1dc734feb324fbbd19d90,0.18783456399978604
p2c,801f2e1144dd6e20,103901,103901,83190,25198.9912497,24.9033702188,328.014700307,674.695595,54.9424427468,0.214725327563,3.26635,4.1595,262.278881757,0.247113720178,561.187042345,0.0863025962399,15936,1019904,22406848,0.00398400000004,0.00398400000004,0.107094000002,0,0,0,0,0,0,0,0,0,0,0,0,0,0,704052,,0,0.0,,capacity-0.85-19,capacity,0.85,19,p2c,main,,4cd2b8e93a6ec01a8c6ecd8ca999ab6f8f3493a1f9f1dc734feb324fbbd19d90,0.18057361699993635
qbr,801f2e1144dd6e20,103901,103901,83190,25161.5235082,29.7314832295,227.899675805,438.201378043,56.0287658229,0.26181031374,3.0705,4.1595,123.286465537,0.3030029352,349.748854412,0.0984780662489,84987,5354256,22428816,0.0243749062499,0.0258584999999,0.107094000002,2590,194,2396,0,0,67,142,1198.2,2.11940298507,11,0,0,461,131.235229841,1121889,0.8732394366197183,142,0.0017069359297992547,13.897072118299137,capacity-0.85-19,capacity,0.85,19,qbr,main,,4cd2b8e93a6ec01a8c6ecd8ca999ab6f8f3493a1f9f1dc734feb324fbbd19d90,0.3029064880001897
single,801f2e1144dd6e20,103901,103901,83190,25161.5235082,29.5477379742,229.506788449,421.410468228,56.2216123198,0.26224305806,3.0687,4.1595,123.909141973,0.30249115677,342.120413574,0.102655923605,85254,5366944,22424048,0.0243266562499,0.0260489999999,0.107094000002,2723,225,2498,0,0,89,89,821.9,1,1,0,0,190,140.020466069,1122979,0.8202247191011236,89,0.0010698401250150257,2.336177334109543,capacity-0.85-19,capacity,0.85,19,single,main,,4cd2b8e93a6ec01a8c6ecd8ca999ab6f8f3493a1f9f1dc734feb324fbbd19d90,0.33287349100010033
steal,801f2e1144dd6e20,103901,103901,83190,25161.5235082,29.7007824471,227.442562238,434.703525709,55.7161099405,0.256232720279,3.0937,4.1595,123.659697918,0.29592835102,345.220878496,0.098836168308,92490,5713264,22813248,0.0513703661249,0.0625894999998,0.107076000002,18744,7054,11689,0,0,1228,2609,21753.9,2.12459283388,13,0,0,4999,257.765556891,1201915,0.8348026063625911,2609,0.03136194254117081,6.411163516455824,capacity-0.85-19,capacity,0.85,19,steal,main,,4cd2b8e93a6ec01a8c6ecd8ca999ab6f8f3493a1f9f1dc734feb324fbbd19d90,0.29019599000002927
threshold,801f2e1144dd6e20,103901,103901,83190,25161.5235082,29.7007824471,228.128575481,433.399025003,55.9138809553,0.259033537685,3.08205,4.1595,123.162303234,0.299209753895,351.153955726,0.0997314234557,110227,6564800,22645664,0.046611013953,0.0573852499999,0.107071500002,14904,1431,13472,0,0,629,1576,12804.6,2.50556438792,11,0,0,2945,220.446247377,1212652,0.8989192625556262,1573,0.018908522658973435,9.825071867550161,capacity-0.85-19,capacity,0.85,19,threshold,main,,4cd2b8e93a6ec01a8c6ecd8ca999ab6f8f3493a1f9f1dc734feb324fbbd19d90,0.32894102499994915
work,801f2e1144dd6e20,103901,103901,83190,25276.2461285,137.869361253,327.029627009,541.318028654,130.108308108,0.772520735665,0.9462,4.1595,209.466349958,0.825950176865,465.346093227,0.560668457177,15936,1019904,22259968,0.00398400000004,0.00398400000004,0.230453,0,0,0,0,0,0,0,0,0,0,0,0,0,0,808195,,0,0.0,,capacity-0.85-19,capacity,0.85,19,work,main,,4cd2b8e93a6ec01a8c6ecd8ca999ab6f8f3493a1f9f1dc734feb324fbbd19d90,0.22072773900072207
bwc,8f4bd3423f41d81b,103762,103762,82990,25673.6393066,512.823376084,779.293959106,943.424061486,487.737187745,0.990372334016,0.03995,4.1495,690.408747333,0.993325398141,878.726232206,0.978578735183,60083,3845312,21711424,0.0150208183825,0.0209755345184,0.170792566713,0,0,0,0,0,0,0,0,0,0,44147,1.82703241443,0,0,930107,,0,0.0,,capacity-0.85-20,capacity,0.85,20,bwc,main,,f9aa594840743675fa6c3d84d2cb5975bdd6b3a632d0091671ae6a9d833c599d,0.24629662799998187
jbsq,8f4bd3423f41d81b,103762,103762,82990,25169.9703295,17.403557174,224.043182268,536.461481493,46.2940392562,0.157235811544,3.49705,4.1495,123.286465537,0.179114372241,448.864324326,0.0698597990252,0,0,22315712,0,0,0.207485500001,0,0,0,0,0,0,0,0,0,0,0,0,0,0,726666,,0,0.0,,capacity-0.85-20,capacity,0.85,20,jbsq,main,,f9aa594840743675fa6c3d84d2cb5975bdd6b3a632d0091671ae6a9d833c599d,0.20479307900041022
jsw,8f4bd3423f41d81b,103762,103762,82990,25169.9703295,29.6394728619,232.521422318,415.540839224,55.9890782377,0.258488974575,3.0769,4.1495,140.814965936,0.296861581112,336.339533138,0.105240989229,15936,1019904,22316736,0.00398400000004,0.00398400000004,0.106894774002,0,0,0,0,0,0,0,0,0,0,0,0,0,0,703100,,0,0.0,,capacity-0.85-20,capacity,0.85,20,jsw,main,,f9aa594840743675fa6c3d84d2cb5975bdd6b3a632d0091671ae6a9d833c599d,0.17723344499972882
p2c,8f4bd3423f41d81b,103762,103762,82990,25169.9703295,24.7227697512,314.488874272,666.639707082,55.6976292375,0.223954693337,3.2202,4.1495,262.015865891,0.256603034458,579.458681251,0.0935676033456,15936,1019904,22315968,0.00398400000004,0.00398400000004,0.106894774002,0,0,0,0,0,0,0,0,0,0,0,0,0,0,703119,,0,0.0,,capacity-0.85-20,capacity,0.85,20,p2c,main,,f9aa594840743675fa6c3d84d2cb5975bdd6b3a632d0091671ae6a9d833c599d,0.17262176999975054
qbr,8f4bd3423f41d81b,103762,103762,82990,25169.9703295,29.0631038499,232.288134184,439.960820521,55.5920199868,0.257006868297,3.08305,4.1495,136.076633735,0.29583703726,339.7281493,0.101931524159,85353,5371824,22344240,0.024754339126,0.0268057499999,0.106894000002,2754,245,2510,0,0,81,177,1541.7,2.18518518519,10,0,0,477,171.109667325,1122992,0.8522727272727273,176,0.002120737438245572,10.963055741305466,capacity-0.85-20,capacity,0.85,20,qbr,main,,f9aa594840743675fa6c3d84d2cb5975bdd6b3a632d0091671ae6a9d833c599d,0.3172477979996984
single,8f4bd3423f41d81b,103762,103762,82990,25169.9703295,29.1835367643,231.589667181,409.342429558,55.6838953439,0.258404627064,3.07725,4.1495,135.120923959,0.297795724036,337.690916657,0.101089114869,85095,5359376,22330336,0.0241896313687,0.0262439999999,0.106892500002,2633,228,2407,0,0,78,78,743.8,1,1,0,0,179,162.449652466,1122272,0.8589743589743589,78,0.0009398722737679238,11.192233234669892,capacity-0.85-20,capacity,0.85,20,single,main,,f9aa594840743675fa6c3d84d2cb5975bdd6b3a632d0091671ae6a9d833c599d,0.27859556800012797
steal,8f4bd3423f41d81b,103762,103762,82990,25171.54147,29.1533833809,231.589667181,425.653632159,55.6706451041,0.25719966261,3.08225,4.1495,136.901152431,0.295897304546,341.435200737,0.102653589265,92689,5723040,22703664,0.0512400084673,0.0632079999998,0.106879000002,18429,7110,11319,0,0,1149,2512,20495.2,2.1862489121,11,0,0,4734,225.38852,1196831,0.8367103694874851,2517,0.030328955295818773,6.114660899182292,capacity-0.85-20,capacity,0.85,20,steal,main,,f9aa594840743675fa6c3d84d2cb5975bdd6b3a632d0091671ae6a9d833c599d,0.3834989990000395
threshold,8f4bd3423f41d81b,103762,103762,82990,25170.971544,29.4867340194,232.288134184,426.934873443,55.6240458506,0.255380166285,3.0898,4.1495,134.442356399,0.293320878094,341.777635938,0.103857031109,110388,6572496,22582608,0.0470907235894,0.0582847499999,0.106874500002,14931,1612,13320,0,0,704,1737,14992.7,2.46732954545,11,0,0,3186,216.957522445,1215779,0.908881199538639,1734,0.020894083624533075,10.375172473077209,capacity-0.85-20,capacity,0.85,20,threshold,main,,f9aa594840743675fa6c3d84d2cb5975bdd6b3a632d0091671ae6a9d833c599d,0.2963756620001732
work,8f4bd3423f41d81b,103762,103762,82990,25169.9703295,218.270317757,436.886404732,658.020843538,217.548983726,0.948535968189,0.21355,4.1495,338.708005819,0.970619698362,572.538242356,0.860340574042,15936,1019904,22316288,0.00398400000004,0.00398400000004,0.231397120733,0,0,0,0,0,0,0,0,0,0,0,0,0,0,806885,,0,0.0,,capacity-0.85-20,capacity,0.85,20,work,main,,f9aa594840743675fa6c3d84d2cb5975bdd6b3a632d0091671ae6a9d833c599d,0.21712448400012363
bwc,2a663aa4c397c4bb,116660,116660,93204,28539.9764134,2097.91547343,3323.07328281,3407.18002446,2093.89979057,1,0,4.6602,3276.88343095,1,3386.80232566,1,60015,3840960,21774336,0.0150037500001,0.0236560000003,0.170783000001,0,0,0,0,0,0,0,0,0,0,44079,1.8327775131,0,0,1044548,,0,0.0,,capacity-0.95-11,capacity,0.95,11,bwc,main,,3edcf992f634e5c2c45425e1b2c25fafc288b5f49b116e016bf969ab4733555a,0.2820842490000359
jbsq,2a663aa4c397c4bb,116660,116660,93204,25513.7748246,292.582706541,574.260578271,776.180570631,288.07730622,0.96614952148,0.15775,4.6602,498.143720066,0.98895324616,671.327228856,0.875858032246,0,0,24806016,0,0,0.230022145996,0,0,0,0,0,0,0,0,0,0,0,0,0,0,816979,,0,0.0,,capacity-0.95-11,capacity,0.95,11,jbsq,main,,3edcf992f634e5c2c45425e1b2c25fafc288b5f49b116e016bf969ab4733555a,0.22060381099981896
jsw,2a663aa4c397c4bb,116660,116660,93204,25563.7734328,303.947736515,656.047728552,1056.34763546,305.380319898,0.974636281705,0.1182,4.6602,607.377231672,0.992460792087,751.716533465,0.904060022349,15936,1019904,25030464,0.00398400000004,0.00398400000004,0.117108774002,0,0,0,0,0,0,0,0,0,0,0,0,0,0,781791,,0,0.0,,capacity-0.95-11,capacity,0.95,11,jsw,main,,3edcf992f634e5c2c45425e1b2c25fafc288b5f49b116e016bf969ab4733555a,0.21791344900066179
p2c,2a663aa4c397c4bb,116660,116660,93204,25527.1772229,300.011027986,905.504296007,1252.17282859,304.393936876,0.966535770997,0.15595,4.6602,863.904636162,0.986063888404,1039.57301385,0.889214069068,15936,1019904,25031616,0.00398400000004,0.00398400000004,0.117108774002,0,0,0,0,0,0,0,0,0,0,0,0,0,0,781673,,0,0.0,,capacity-0.95-11,capacity,0.95,11,p2c,main,,3edcf992f634e5c2c45425e1b2c25fafc288b5f49b116e016bf969ab4733555a,0.20806037599959382
qbr,2a663aa4c397c4bb,116660,116660,93204,25536.0759092,302.730988958,654.735601614,1142.07793557,304.437249416,0.97435732372,0.1195,4.6602,609.204189107,0.992299525608,756.24413848,0.90331506412,95126,5840768,25031344,0.0319371874999,0.0360749999999,0.117106500002,7728,1,7727,0,0,1,2,14.2,2,2,0,0,8,124.564756565,1240071,0.8421052631578947,19,0.00020385391184927685,14.499438625513568,capacity-0.95-11,capacity,0.95,11,qbr,main,,3edcf992f634e5c2c45425e1b2c25fafc288b5f49b116e016bf969ab4733555a,0.3115555360000144
single,2a663aa4c397c4bb,116660,116660,93204,25550.8393015,304.252684252,643.043747941,1041.65520045,303.701525511,0.973466804,0.12365,4.6602,595.336514717,0.991667898563,740.515601895,0.901399457245,94713,5820832,25031408,0.0316180937499,0.0356934999999,0.117106500002,7525,1,7524,0,0,1,1,7.1,1,1,0,0,2,77.2625476731,1238532,0.8333333333333334,6,6.437491953135059e-05,18.45266586234887,capacity-0.95-11,capacity,0.95,11,single,main,,3edcf992f634e5c2c45425e1b2c25fafc288b5f49b116e016bf969ab4733555a,0.3099759870001435
steal,2a663aa4c397c4bb,116660,116660,93204,25552.0255949,304.557936936,650.814921813,1103.88533048,304.921184011,0.975194197674,0.1156,4.6602,600.123937694,0.992622058567,759.277661528,0.906188474432,79680,5099520,25032192,0.0202079687499,0.0212974999999,0.117108000002,445,0,445,0,0,0,0,0,0,0,0,0,0,236.874577821,1195433,0.7619047619047619,21,0.00022531221835972706,23.33172550952371,capacity-0.95-11,capacity,0.95,11,steal,main,,3edcf992f634e5c2c45425e1b2c25fafc288b5f49b116e016bf969ab4733555a,0.302559857000233
threshold,2a663aa4c397c4bb,116660,116660,93204,25551.9199553,305.169358368,644.332479481,1059.52285146,305.533288128,0.974539719325,0.11865,4.6602,604.949794371,0.991560387577,744.230602479,0.907146277869,141923,8080224,25030368,0.0687778924999,0.0842251459999,0.116974500002,31340,2,31336,0,0,2,5,35.5,2.5,4,0,0,21,174.033015334,1407151,0.8846153846153846,26,0.00027895798463585254,29.695592293092922,capacity-0.95-11,capacity,0.95,11,threshold,main,,3edcf992f634e5c2c45425e1b2c25fafc288b5f49b116e016bf969ab4733555a,0.3404110159999618
work,2a663aa4c397c4bb,116660,116660,93204,27887.6337465,1614.35005068,2701.81643761,2775.74912339,1648.63329558,1,0,4.6602,2629.85225593,1,2753.63476108,1,15936,1019904,22279808,0.00398400000004,0.00398400000004,0.230551,0,0,0,0,0,0,0,0,0,0,0,0,0,0,905842,,0,0.0,,capacity-0.95-11,capacity,0.95,11,work,main,,3edcf992f634e5c2c45425e1b2c25fafc288b5f49b116e016bf969ab4733555a,0.23873328099944047
bwc,c04e094f18ba1b22,116332,116332,92905,28474.0815852,2170.46874895,3309.81016405,3407.18002446,2157.47939994,1,0,4.64525,3273.60882213,1,3386.80232566,1,60290,3858560,21673216,0.0150726677175,0.0211360000002,0.170883000001,0,0,0,0,0,0,0,0,0,0,44354,1.81329756054,0,0,1043213,,0,0.0,,capacity-0.95-12,capacity,0.95,12,bwc,main,,12bbf905496869b83871ae11b79052d22e1c2bab5fa4c3727354292290109a1b,0.2699538480001138
jbsq,c04e094f18ba1b22,116332,116332,92905,25304.6225889,281.358878486,538.614554338,752.469249999,278.717652998,0.983520800818,0.07655,4.64525,462.09468919,0.990976552504,661.322544558,0.95384367964,0,0,24868672,0,0,0.230907827913,0,0,0,0,0,0,0,0,0,0,0,0,0,0,814682,,0,0.0,,capacity-0.95-12,capacity,0.95,12,jbsq,main,,12bbf905496869b83871ae11b79052d22e1c2bab5fa4c3727354292290109a1b,0.20537030099967524
jsw,c04e094f18ba1b22,116332,116332,92905,25310.0061803,287.060027504,607.985608903,1108.31150554,292.208824503,0.986965179484,0.06055,4.64525,570.249813318,0.992363739209,741.257117497,0.965476573389,15936,1019904,24961728,0.00398400000004,0.00398400000004,0.116809827914,0,0,0,0,0,0,0,0,0,0,0,0,0,0,779014,,0,0.0,,capacity-0.95-12,capacity,0.95,12,jsw,main,,12bbf905496869b83871ae11b79052d22e1c2bab5fa4c3727354292290109a1b,0.2220552939998015
p2c,c04e094f18ba1b22,116332,116332,92905,25402.6463775,270.564143539,873.46629991,1283.88099937,290.193963141,0.980797588935,0.0892,4.64525,831.670695924,0.991434458795,1044.78629506,0.93845823952,15936,1019904,24964032,0.00398400000004,0.00398400000004,0.116809827914,0,0,0,0,0,0,0,0,0,0,0,0,0,0,779308,,0,0.0,,capacity-0.95-12,capacity,0.95,12,p2c,main,,12bbf905496869b83871ae11b79052d22e1c2bab5fa4c3727354292290109a1b,0.20976109200000792
qbr,c04e094f18ba1b22,116332,116332,92905,25326.5991925,285.051648855,611.64866953,1099.47681595,290.832108296,0.986136375868,0.0644,4.64525,561.749229387,0.991905832918,744.975833082,0.963171437761,94815,5825792,24963312,0.0316955312499,0.0353834999999,0.116805327914,7574,1,7573,0,0,1,6,42.6,6,6,0,0,8,84.3254744303,1232476,0.8125,16,0.00017221893331898175,12.071835626382153,capacity-0.95-12,capacity,0.95,12,qbr,main,,12bbf905496869b83871ae11b79052d22e1c2bab5fa4c3727354292290109a1b,0.3120131610003227
single,c04e094f18ba1b22,116332,116332,92905,25304.9194574,285.051648855,617.802799062,1101.67887006,291.132258801,0.985382918035,0.0679,4.64525,571.965277079,0.991501797956,750.213355541,0.961027125549,94840,5827072,24962304,0.0317091761249,0.0356584999999,0.116806827914,7584,0,7584,0,0,0,0,0,0,0,0,0,0,51.3802699489,1231653,0.5,2,2.152736666487272e-05,11.124088189857503,capacity-0.95-12,capacity,0.95,12,single,main,,12bbf905496869b83871ae11b79052d22e1c2bab5fa4c3727354292290109a1b,0.2939408229995024
steal,c04e094f18ba1b22,116332,116332,92905,25318.6302021,286.484770478,620.281725551,1089.62186503,291.924129989,0.986706851084,0.06175,4.64525,571.965277079,0.992309867881,739.034792275,0.964404417283,79680,5099520,24961600,0.0201439062499,0.0210349999999,0.116809827914,363,0,363,0,0,0,0,0,0,0,0,0,0,231.667825826,1188226,0.8333333333333334,24,0.00025832839997847265,26.799357350181406,capacity-0.95-12,capacity,0.95,12,steal,main,,12bbf905496869b83871ae11b79052d22e1c2bab5fa4c3727354292290109a1b,0.29459709100046894
threshold,c04e094f18ba1b22,116332,116332,92905,25333.5162521,285.337700504,605.555744165,1097.27915936,290.579549187,0.986104084818,0.06455,4.64525,564.003605052,0.991811558093,740.515601895,0.963385868983,142129,8089808,24962336,0.0689562614027,0.0844349954396,0.116676327914,31453,4,31445,0,0,2,7,49.7,3.5,5,0,0,17,127.934488886,1401180,0.8275862068965517,29,0.0003121468166406544,17.665096593160875,capacity-0.95-12,capacity,0.95,12,threshold,main,,12bbf905496869b83871ae11b79052d22e1c2bab5fa4c3727354292290109a1b,0.4149520950004444
work,c04e094f18ba1b22,116332,116332,92905,27639.5595449,1645.31949806,2516.65982885,2601.08576757,1655.88022126,1,0,4.64525,2447.17738055,1,2577.78366146,1,15936,1019904,22426304,0.00398400000004,0.00398400000004,0.232047,0,0,0,0,0,0,0,0,0,0,0,0,0,0,902750,,0,0.0,,capacity-0.95-12,capacity,0.95,12,work,main,,12bbf905496869b83871ae11b79052d22e1c2bab5fa4c3727354292290109a1b,0.24299975499980064
bwc,df66fc512e3d2838,117313,117313,93612,28497.7507801,2070.81962239,3336.38953368,3448.30387613,2095.6922598,1,0,4.6806,3313.12097421,1,3420.83320727,1,60123,3847872,21751296,0.0150309305872,0.0221240000002,0.171085500001,0,0,0,0,0,0,0,0,0,0,44187,1.83076470455,0,0,1049860,,0,0.0,,capacity-0.95-13,capacity,0.95,13,bwc,main,,165ea9bbc97d76891046b867e5516aec4b51f33f63f5ea9f32cfc3f985c58a94,0.2768772569997964
jbsq,df66fc512e3d2838,117313,117313,93612,25392.5388233,267.058398941,532.71425501,759.277661528,265.084650333,0.966136820066,0.1585,4.6806,459.786145988,0.990916741247,652.119203471,0.867192916956,0,0,24906816,0,0,0.231491298472,0,0,0,0,0,0,0,0,0,0,0,0,0,0,821547,,0,0.0,,capacity-0.95-13,capacity,0.95,13,jbsq,main,,165ea9bbc97d76891046b867e5516aec4b51f33f63f5ea9f32cfc3f985c58a94,0.21608238999942841
jsw,df66fc512e3d2838,117313,117313,93612,25433.1503608,277.435344418,602.532042594,1155.87056599,280.703983963,0.971734393027,0.1323,4.6806,545.125662533,0.991691489788,691.792256236,0.892047575871,15936,1019904,25101696,0.00398400000004,0.00398400000004,0.117516000002,0,0,0,0,0,0,0,0,0,0,0,0,0,0,785288,,0,0.0,,capacity-0.95-13,capacity,0.95,13,jsw,main,,165ea9bbc97d76891046b867e5516aec4b51f33f63f5ea9f32cfc3f985c58a94,0.2159754360000079
p2c,df66fc512e3d2838,117313,117313,93612,25452.8900707,266.523085247,851.886303947,1224.91755843,274.478479928,0.958157073879,0.19585,4.6806,790.289366094,0.981526254625,1019.99845908,0.864846125127,15936,1019904,25104448,0.00398400000004,0.00398400000004,0.117516000002,0,0,0,0,0,0,0,0,0,0,0,0,0,0,785350,,0,0.0,,capacity-0.95-13,capacity,0.95,13,p2c,main,,165ea9bbc97d76891046b867e5516aec4b51f33f63f5ea9f32cfc3f985c58a94,0.26256053500037524
qbr,df66fc512e3d2838,117313,117313,93612,25429.9362926,277.992493542,592.957120118,1077.69669473,280.22584393,0.972225783019,0.13,4.6806,542.403207029,0.991972002191,678.080836691,0.893380980319,94632,5816832,25102576,0.0315627812499,0.0364839999999,0.117513000002,7488,2,7485,0,0,1,2,14.2,2,2,0,0,3,137.38684268,1240098,0.851063829787234,47,0.0005020723838824083,21.35036624056568,capacity-0.95-13,capacity,0.95,13,qbr,main,,165ea9bbc97d76891046b867e5516aec4b51f33f63f5ea9f32cfc3f985c58a94,0.31914807000066503
single,df66fc512e3d2838,117313,117313,93612,25435.4958998,278.830308279,600.725061632,1116.10002048,280.638916116,0.971638251506,0.13275,4.6806,543.490556847,0.991651416588,692.485048493,0.891727558803,94895,5829536,25101680,0.0317609374999,0.0366434999999,0.117511500002,7618,1,7615,0,0,1,1,7.1,1,1,0,0,2,200.867662029,1241015,0.5384615384615384,13,0.00013887108490364484,1.7159445224071812,capacity-0.95-13,capacity,0.95,13,single,main,,165ea9bbc97d76891046b867e5516aec4b51f33f63f5ea9f32cfc3f985c58a94,0.36121170299975347
steal,df66fc512e3d2838,117313,117313,93612,25409.9542569,278.271486036,606.769462209,1090.7124869,280.669727406,0.971883946503,0.1316,4.6806,550.611560463,0.992118937259,689.028001302,0.891087524668,79707,5100816,25104352,0.0204054807186,0.0216474999999,0.117514500002,644,16,628,0,0,7,19,134.9,2.71428571429,7,0,0,37,257.069586953,1198132,0.7959183673469388,49,0.0005234371661752766,14.62512661456651,capacity-0.95-13,capacity,0.95,13,steal,main,,165ea9bbc97d76891046b867e5516aec4b51f33f63f5ea9f32cfc3f985c58a94,0.2924370210002962
threshold,df66fc512e3d2838,117313,117313,93612,25443.1468567,277.157187231,600.725061632,1089.62186503,280.250473119,0.971830534547,0.13185,4.6806,545.671788196,0.992078864058,695.263152372,0.890980852312,141794,8073840,25103952,0.0687031582376,0.0853972499999,0.117387000002,31283,9,31268,0,0,7,18,127.8,2.57142857143,7,0,0,31,169.024977209,1407972,0.7777777777777778,36,0.0003845660812716318,15.25667699502502,capacity-0.95-13,capacity,0.95,13,threshold,main,,165ea9bbc97d76891046b867e5516aec4b51f33f63f5ea9f32cfc3f985c58a94,0.3560522210000272
work,df66fc512e3d2838,117313,117313,93612,27714.7535601,1535.60688818,2593.2950968,2677.61227178,1582.78798592,1,0,4.6806,2536.87174312,1,2653.62485824,1,15936,1019904,22448128,0.00398400000004,0.00398400000004,0.232660750486,0,0,0,0,0,0,0,0,0,0,0,0,0,0,909856,,0,0.0,,capacity-0.95-13,capacity,0.95,13,work,main,,165ea9bbc97d76891046b867e5516aec4b51f33f63f5ea9f32cfc3f985c58a94,0.2584553619999497
bwc,7e845b2d1cd171e4,116962,116962,93631,28437.6539227,2110.54049202,3303.19846292,3407.18002446,2152.77842588,1,0,4.68155,3280.16131438,1,3380.03687089,1,60227,3854528,21933056,0.0150567500001,0.0239640000002,0.172013500001,0,0,0,0,0,0,0,0,0,0,44292,1.84383184322,0,0,1047966,,0,0.0,,capacity-0.95-14,capacity,0.95,14,bwc,main,,be569ed597708af5a233aa7c692b6ee2533daa7e9221eb5dcd10e391211b9d93,0.27637903800041386
jbsq,7e845b2d1cd171e4,116962,116962,93631,25315.7867452,192.710980119,401.221124566,656.704776281,202.396562358,0.977347246104,0.10605,4.68155,300.613351053,0.998240093862,564.568608657,0.893219520052,0,0,25008320,0,0,0.23294163086,0,0,0,0,0,0,0,0,0,0,0,0,0,0,819093,,0,0.0,,capacity-0.95-14,capacity,0.95,14,jbsq,main,,be569ed597708af5a233aa7c692b6ee2533daa7e9221eb5dcd10e391211b9d93,0.20776293500057363
jsw,7e845b2d1cd171e4,116962,116962,93631,25298.3885935,202.434232603,426.934873443,626.522575168,213.453601198,0.981395050784,0.0871,4.68155,352.564685882,0.997986774039,527.934756057,0.914586353143,15936,1019904,25100544,0.00398400000004,0.00398400000004,0.117535000002,0,0,0,0,0,0,0,0,0,0,0,0,0,0,782759,,0,0.0,,capacity-0.95-14,capacity,0.95,14,jsw,main,,be569ed597708af5a233aa7c692b6ee2533daa7e9221eb5dcd10e391211b9d93,0.20084085000053165
p2c,7e845b2d1cd171e4,116962,116962,93631,25303.7529187,200.41103455,648.214167261,958.648707958,215.679934653,0.97316059852,0.12565,4.68155,606.16229991,0.997013492614,809.500316757,0.877113866967,15936,1019904,25100288,0.00398400000004,0.00398400000004,0.117535000002,0,0,0,0,0,0,0,0,0,0,0,0,0,0,782776,,0,0.0,,capacity-0.95-14,capacity,0.95,14,p2c,main,,be569ed597708af5a233aa7c692b6ee2533daa7e9221eb5dcd10e391211b9d93,0.19534229599958053
qbr,7e845b2d1cd171e4,116962,116962,93631,25300.3117707,204.477753925,429.078831441,635.365224823,214.97724251,0.982580555585,0.08155,4.68155,354.691384544,0.998560076796,525.297997822,0.918236967842,94334,5802656,25101568,0.0313205312499,0.0354749999999,0.117533500002,7335,0,7335,0,0,0,0,0,0,0,0,0,0,115.420274562,1234561,0.75,28,0.0002990462560476765,15.0605397550866,capacity-0.95-14,capacity,0.95,14,qbr,main,,be569ed597708af5a233aa7c692b6ee2533daa7e9221eb5dcd10e391211b9d93,0.38054067800021585
single,7e845b2d1cd171e4,116962,116962,93631,25288.5638729,204.067414029,428.649182259,641.757590004,214.699949932,0.982270829106,0.083,4.68155,353.626440987,0.998333422217,538.075478859,0.917592741719,94545,5812896,25101184,0.0314800358881,0.0363109999999,0.117533500002,7437,0,7437,0,0,0,0,0,0,0,0,0,0,110.117164787,1234807,0.8,5,5.3401117151370804e-05,38.590634410519854,capacity-0.95-14,capacity,0.95,14,single,main,,be569ed597708af5a233aa7c692b6ee2533daa7e9221eb5dcd10e391211b9d93,0.31451681299949996
steal,7e845b2d1cd171e4,116962,116962,93631,25295.9919529,204.88891491,429.078831441,627.778247841,215.349547577,0.983114566757,0.07905,4.68155,352.564685882,0.99834675484,520.063848823,0.921780211521,79680,5099520,25099392,0.0200667187499,0.0207849999999,0.117535000002,264,0,264,0,0,0,0,0,0,0,0,0,0,203.009609772,1192157,0.7647058823529411,17,0.00018156379831466075,21.803488824946886,capacity-0.95-14,capacity,0.95,14,steal,main,,be569ed597708af5a233aa7c692b6ee2533daa7e9221eb5dcd10e391211b9d93,0.2970409939998717
threshold,7e845b2d1cd171e4,116962,116962,93631,25313.1017029,203.453440144,432.098429984,619.041023463,214.053557531,0.982142666425,0.0836,4.68155,351.858615792,0.998080102395,519.023282236,0.917968540291,142278,8097264,25100352,0.0690506508749,0.0883844999999,0.117404500002,31516,0,31517,0,0,0,0,0,0,0,0,0,0,133.704414866,1403636,0.9230769230769231,26,0.0002776858091871282,20.199478220058435,capacity-0.95-14,capacity,0.95,14,threshold,main,,be569ed597708af5a233aa7c692b6ee2533daa7e9221eb5dcd10e391211b9d93,0.3671914980004658
work,7e845b2d1cd171e4,116962,116962,93631,27671.4450634,1596.68735285,2572.63382019,2650.97288536,1634.68540591,1,0,4.68155,2519.17748868,1,2632.48310819,1,15936,1019904,22521920,0.00398400000004,0.00398400000004,0.233651337548,0,0,0,0,0,0,0,0,0,0,0,0,0,0,907260,,0,0.0,,capacity-0.95-14,capacity,0.95,14,work,main,,be569ed597708af5a233aa7c692b6ee2533daa7e9221eb5dcd10e391211b9d93,0.24822101000063412
bwc,4e5e53a9c2aedeec,116321,116321,93251,28274.554074,1757.58447723,3092.26417092,3186.42030983,1863.76191265,1,0,4.66255,3055.38515374,1,3161.03531304,1,60412,3866368,21809920,0.0151030000001,0.0217400000002,0.171821500001,0,0,0,0,0,0,0,0,0,0,44476,1.82579368648,0,0,1041610,,0,0.0,,capacity-0.95-15,capacity,0.95,15,bwc,main,,0c2ebe86245225201d19b7b3bea8e7c8a35226e46b06d1a471e451fa97aab866,0.26220326499969815
jbsq,4e5e53a9c2aedeec,116321,116321,93251,25333.6610554,152.773797942,405.261484113,631.560361587,160.83941158,0.843465485625,0.72985,4.66255,332.317648891,0.886519319276,551.715335196,0.669584481548,0,0,24885440,0,0,0.231887155301,0,0,0,0,0,0,0,0,0,0,0,0,0,0,814606,,0,0.0,,capacity-0.95-15,capacity,0.95,15,jbsq,main,,0c2ebe86245225201d19b7b3bea8e7c8a35226e46b06d1a471e451fa97aab866,0.27798629399967467
jsw,4e5e53a9c2aedeec,116321,116321,93251,25369.5131695,168.768069934,434.703525709,594.740773943,175.82201791,0.886178164309,0.5307,4.66255,390.903246762,0.926415498234,523.722256361,0.723672124061,15936,1019904,24972160,0.00398400000004,0.00398400000004,0.117155000002,0,0,0,0,0,0,0,0,0,0,0,0,0,0,779138,,0,0.0,,capacity-0.95-15,capacity,0.95,15,jsw,main,,0c2ebe86245225201d19b7b3bea8e7c8a35226e46b06d1a471e451fa97aab866,0.22148299900072743
p2c,4e5e53a9c2aedeec,116321,116321,93251,25351.2897525,161.301496663,586.462623687,932.16429534,176.675230831,0.867937073061,0.61575,4.66255,522.674383919,0.913585036926,762.323336882,0.683579186254,15936,1019904,24975104,0.00398400000004,0.00398400000004,0.117155000002,0,0,0,0,0,0,0,0,0,0,0,0,0,0,779082,,0,0.0,,capacity-0.95-15,capacity,0.95,15,p2c,main,,0c2ebe86245225201d19b7b3bea8e7c8a35226e46b06d1a471e451fa97aab866,0.21237412500067876
qbr,4e5e53a9c2aedeec,116321,116321,93251,25384.8567557,169.277883618,437.762615428,585.87574794,176.874375122,0.889910027775,0.5133,4.66255,390.903246762,0.930375682329,525.82429582,0.726481871724,93162,5746608,24973392,0.0304029374999,0.0363599999999,0.117155000002,6742,3,6740,0,0,3,6,42.6,2,3,0,0,67,102.117882584,1227950,0.8,10,0.00010723745589859626,3.5314868157515775,capacity-0.95-15,capacity,0.95,15,qbr,main,,0c2ebe86245225201d19b7b3bea8e7c8a35226e46b06d1a471e451fa97aab866,0.30061174700040283
single,4e5e53a9c2aedeec,116321,116321,93251,25355.1628143,169.960017501,443.945379592,592.957120118,177.089094664,0.888333637173,0.52065,4.66255,386.230834134,0.929305362303,522.151232686,0.722861619928,93108,5744064,24973424,0.0303522954191,0.0378849999999,0.117155000002,6714,2,6711,0,0,1,1,7.1,1,1,0,0,2,50.3067954063,1226165,1.0,1,1.0723745589859626e-05,15.478168836263649,capacity-0.95-15,capacity,0.95,15,single,main,,0c2ebe86245225201d19b7b3bea8e7c8a35226e46b06d1a471e451fa97aab866,0.29994633099977364
steal,4e5e53a9c2aedeec,116321,116321,93251,25367.0597733,168.768069934,433.399025003,575.988086363,176.076716118,0.886296125511,0.53015,4.66255,386.618064969,0.926883763245,523.722256361,0.722375317447,79725,5101680,24978672,0.0210829563533,0.0217134999999,0.117153500002,1475,29,1446,0,0,13,28,198.8,2.15384615385,6,0,0,67,203.237698493,1196005,0.675,40,0.00042894982359438505,8.774168603190446,capacity-0.95-15,capacity,0.95,15,steal,main,,0c2ebe86245225201d19b7b3bea8e7c8a35226e46b06d1a471e451fa97aab866,0.2923031779992016
threshold,4e5e53a9c2aedeec,116321,116321,93251,25376.7567693,168.937838004,441.285026306,597.127313867,176.640006835,0.888269294699,0.52095,4.66255,393.260552635,0.928957508295,532.71425501,0.723942292106,140086,7993120,24976544,0.0673353038261,0.0915899999999,0.117047000002,30382,20,30361,0,0,10,18,127.8,1.8,6,0,0,67,175.181572865,1390662,0.8181818181818182,33,0.00035388360446536767,14.334213849820971,capacity-0.95-15,capacity,0.95,15,threshold,main,,0c2ebe86245225201d19b7b3bea8e7c8a35226e46b06d1a471e451fa97aab866,0.3647954230000323
work,4e5e53a9c2aedeec,116321,116321,93251,27496.559184,1324.3155962,2341.84454059,2425.25354937,1410.00379253,1,0,4.66255,2279.46483629,1,2398.72420157,1,15936,1019904,22503232,0.00398400000004,0.00398400000004,0.233399,0,0,0,0,0,0,0,0,0,0,0,0,0,0,902216,,0,0.0,,capacity-0.95-15,capacity,0.95,15,work,main,,0c2ebe86245225201d19b7b3bea8e7c8a35226e46b06d1a471e451fa97aab866,0.2316867640001874
bwc,6b98a344dce1ccd8,116148,116148,92705,28360.8471785,1883.1461249,3195.99213621,3293.30565973,1925.60842589,1,0,4.63525,3167.3625457,1,3276.88343095,1,60258,3856512,21687808,0.0150645000001,0.0188880000002,0.171027000001,0,0,0,0,0,0,0,0,0,0,44322,1.81943504354,0,0,1040874,,0,0.0,,capacity-0.95-16,capacity,0.95,16,bwc,main,,3b48445c4e99aeba443e134ab9bf61ebf086d77318847d87a0739f3f9d76d0d2,0.3032263939994664
jbsq,6b98a344dce1ccd8,116148,116148,92705,25311.3119989,139.124196484,343.150804519,587.638136397,141.793436957,0.849555040181,0.69735,4.63525,242.046754608,0.914268366727,503.157678736,0.591554599247,0,0,24832576,0,0,0.230743500001,0,0,0,0,0,0,0,0,0,0,0,0,0,0,813392,,0,0.0,,capacity-0.95-16,capacity,0.95,16,jbsq,main,,3b48445c4e99aeba443e134ab9bf61ebf086d77318847d87a0739f3f9d76d0d2,0.21838980900065508
jsw,6b98a344dce1ccd8,116148,116148,92705,25317.1352836,157.612986573,367.722920683,511.797268749,161.705859006,0.907103176743,0.4306,4.63525,282.773499292,0.962801052419,455.659730249,0.685045723507,15936,1019904,24906368,0.00398400000004,0.00398400000004,0.116609000002,0,0,0,0,0,0,0,0,0,0,0,0,0,0,777934,,0,0.0,,capacity-0.95-16,capacity,0.95,16,jsw,main,,3b48445c4e99aeba443e134ab9bf61ebf086d77318847d87a0739f3f9d76d0d2,0.20494216800034337
p2c,6b98a344dce1ccd8,116148,116148,92705,25358.067267,146.010669104,513.851536659,798.237962897,158.15713261,0.862046275821,0.63945,4.63525,451.570267241,0.92206705795,705.78052504,0.622754168908,15936,1019904,24908032,0.00398400000004,0.00398400000004,0.116609000002,0,0,0,0,0,0,0,0,0,0,0,0,0,0,778066,,0,0.0,,capacity-0.95-16,capacity,0.95,16,p2c,main,,3b48445c4e99aeba443e134ab9bf61ebf086d77318847d87a0739f3f9d76d0d2,0.20494178099943383
qbr,6b98a344dce1ccd8,116148,116148,92705,25336.463419,157.138097707,366.986579538,530.053670806,160.434146837,0.90275605415,0.45075,4.63525,280.795006677,0.958321527356,456.573506369,0.681226465842,93117,5744320,24906544,0.0303697812499,0.0329999999999,0.116607500002,6724,2,6721,0,0,1,2,14.2,2,2,0,0,18,78.9687948143,1225779,1.0,16,0.00017259047516315193,32.8445388436013,capacity-0.95-16,capacity,0.95,16,qbr,main,,3b48445c4e99aeba443e134ab9bf61ebf086d77318847d87a0739f3f9d76d0d2,0.32457034699928045
single,6b98a344dce1ccd8,116148,116148,92705,25343.3966802,158.248390831,367.354566117,521.106497585,161.658178135,0.906962946982,0.43125,4.63525,284.48040257,0.962099440059,456.116389979,0.687143625605,93516,5763648,24907776,0.0306691874999,0.0334599999999,0.116607500002,6919,0,6917,0,0,0,0,0,0,0,0,0,0,99.0433567495,1227113,0.7777777777777778,9,9.708214227927296e-05,17.977729350144525,capacity-0.95-16,capacity,0.95,16,single,main,,3b48445c4e99aeba443e134ab9bf61ebf086d77318847d87a0739f3f9d76d0d2,0.294948364999982
steal,6b98a344dce1ccd8,116148,116148,92705,25318.8699917,159.526845842,368.460735248,507.205084849,162.669709316,0.909174262445,0.421,4.63525,284.195207363,0.963907441139,452.022837508,0.690962883271,79680,5099520,24906624,0.0207552858659,0.0223724999999,0.116609000002,1145,0,1145,0,0,0,0,0,0,0,0,0,0,193.344342909,1191116,1.0,11,0.00011865595167466695,24.581189339758566,capacity-0.95-16,capacity,0.95,16,steal,main,,3b48445c4e99aeba443e134ab9bf61ebf086d77318847d87a0739f3f9d76d0d2,0.28790124999977706
threshold,6b98a344dce1ccd8,116148,116148,92705,25328.3292185,159.366479363,369.940796431,526.878471236,162.943925488,0.908915376733,0.4222,4.63525,286.772255249,0.964109829319,457.947600066,0.688864981173,141058,8039648,24906256,0.0680661969999,0.0820139999999,0.116496914002,30875,3,30876,0,0,3,11,78.1,3.66666666667,7,0,0,29,162.173037043,1392623,0.9117647058823529,34,0.0003667547597216979,21.32570007654511,capacity-0.95-16,capacity,0.95,16,threshold,main,,3b48445c4e99aeba443e134ab9bf61ebf086d77318847d87a0739f3f9d76d0d2,0.34044213600009243
work,6b98a344dce1ccd8,116148,116148,92705,27508.9604839,1393.62440302,2377.23427658,2461.90321649,1409.39542755,1,0,4.63525,2320.86398232,1,2439.84751303,1,15936,1019904,22444352,0.00398400000004,0.00398400000004,0.232621918518,0,0,0,0,0,0,0,0,0,0,0,0,0,0,901054,,0,0.0,,capacity-0.95-16,capacity,0.95,16,work,main,,3b48445c4e99aeba443e134ab9bf61ebf086d77318847d87a0739f3f9d76d0d2,0.2336867939993681
bwc,ca8fe23efee628f5,116564,116564,93257,28689.0779637,2025.75959377,3496.90927605,3599.78166108,2140.20514535,1,0,4.66285,3469.05150798,1,3571.10460502,1,60141,3849024,21738752,0.0150352500001,0.0208640000001,0.170857000001,0,0,0,0,0,0,0,0,0,0,44205,1.82445424726,0,0,1046415,,0,0.0,,capacity-0.95-17,capacity,0.95,17,bwc,main,,c77e3960f51e29d9ad535489ea4aa045d2620e544264cf15345cc672be6ebfef,0.26911587999984476
jbsq,ca8fe23efee628f5,116564,116564,93257,25498.061931,210.732309266,524.246978618,708.611890651,241.302526672,0.947810888191,0.24335,4.66285,442.613208682,0.97457444806,624.643766312,0.842397924059,0,0,24797440,0,0,0.229747504518,0,0,0,0,0,0,0,0,0,0,0,0,0,0,816305,,0,0.0,,capacity-0.95-17,capacity,0.95,17,jbsq,main,,c77e3960f51e29d9ad535489ea4aa045d2620e544264cf15345cc672be6ebfef,0.20589690700035135
jsw,ca8fe23efee628f5,116564,116564,93257,25528.0073818,228.816648822,574.835838849,1007.82574519,256.599447441,0.962973288868,0.17265,4.66285,531.116309201,0.987240164574,668.64462979,0.867393952232,15936,1019904,25064384,0.00398400000004,0.00398400000004,0.117161774002,0,0,0,0,0,0,0,0,0,0,0,0,0,0,781100,,0,0.0,,capacity-0.95-17,capacity,0.95,17,jsw,main,,c77e3960f51e29d9ad535489ea4aa045d2620e544264cf15345cc672be6ebfef,0.21932599899992056
p2c,ca8fe23efee628f5,116564,116564,93257,25563.9866866,233.222687383,736.819120718,1175.69548944,255.681773795,0.942095499534,0.27,4.66285,669.984588694,0.970406324791,886.675512448,0.8305883599,15936,1019904,25061760,0.00398400000004,0.00398400000004,0.117161774002,0,0,0,0,0,0,0,0,0,0,0,0,0,0,781214,,0,0.0,,capacity-0.95-17,capacity,0.95,17,p2c,main,,c77e3960f51e29d9ad535489ea4aa045d2620e544264cf15345cc672be6ebfef,0.22108546499930526
qbr,ca8fe23efee628f5,116564,116564,93257,25518.0597617,229.276511937,567.402113045,968.288494589,256.286379966,0.962769550811,0.1736,4.66285,527.406349707,0.986850243365,658.679864382,0.8679235291,94560,5813632,25064496,0.0314931406249,0.0352499999999,0.117158504519,7444,1,7443,0,0,1,1,7.1,1,1,0,0,7,100.521240097,1237647,0.8048780487804879,41,0.0004396452813193648,26.120912768925294,capacity-0.95-17,capacity,0.95,17,qbr,main,,c77e3960f51e29d9ad535489ea4aa045d2620e544264cf15345cc672be6ebfef,0.31180359599966323
single,ca8fe23efee628f5,116564,116564,93257,25511.2187508,227.899675805,566.834278766,1025.11367157,255.249845785,0.961654353024,0.1788,4.66285,524.246978618,0.986191410977,658.679864382,0.865010856326,94527,5812096,25064000,0.0314618716249,0.0343709999999,0.117157004519,7425,0,7427,0,0,0,0,0,0,0,0,0,0,165.023129632,1237780,0.2777777777777778,18,0.00019301500155484308,-8.283958331247655,capacity-0.95-17,capacity,0.95,17,single,main,,c77e3960f51e29d9ad535489ea4aa045d2620e544264cf15345cc672be6ebfef,0.34811207900020236
steal,ca8fe23efee628f5,116564,116564,93257,25516.4927663,229.968032532,567.970515158,1076.61907566,255.376713692,0.961257599966,0.18065,4.66285,527.406349707,0.985707370855,659.99988379,0.864957898639,79681,5099568,25064240,0.0203178906249,0.0214974999999,0.117161504519,582,1,581,0,0,1,1,7.1,1,1,0,0,2,218.277774866,1193631,0.75,44,0.00047181444824517197,17.585677718073303,capacity-0.95-17,capacity,0.95,17,steal,main,,c77e3960f51e29d9ad535489ea4aa045d2620e544264cf15345cc672be6ebfef,0.29390155900000536
threshold,ca8fe23efee628f5,116564,116564,93257,25496.2118347,230.661629765,574.260578271,1002.79671362,257.613546541,0.963777518042,0.1689,4.66285,530.053670806,0.987670422459,667.975654136,0.869671132765,141727,8070832,25063296,0.0686190637034,0.0842154999999,0.117029504519,31243,0,31238,0,0,0,0,0,0,0,0,0,0,194.367487382,1407163,0.717948717948718,39,0.0004181991700354933,9.025383734988282,capacity-0.95-17,capacity,0.95,17,threshold,main,,c77e3960f51e29d9ad535489ea4aa045d2620e544264cf15345cc672be6ebfef,0.3513967139997476
work,ca8fe23efee628f5,116564,116564,93257,27834.9685761,1524.8935362,2680.29088406,2767.43550879,1636.61358475,1,0,4.66285,2632.48310819,1,2745.3873571,1,15936,1019904,22426560,0.00398400000004,0.00398400000004,0.231888067885,0,0,0,0,0,0,0,0,0,0,0,0,0,0,905006,,0,0.0,,capacity-0.95-17,capacity,0.95,17,work,main,,c77e3960f51e29d9ad535489ea4aa045d2620e544264cf15345cc672be6ebfef,0.2675179540001409
bwc,937f65e5c44b4a3a,116251,116251,92847,28292.2369837,1885.03027102,3157.8764366,3244.28416143,1920.76428398,1,0,4.64235,3107.76145537,1,3221.65776833,1,59870,3831680,21783680,0.0149672653754,0.0201280000002,0.170807500001,0,0,0,0,0,0,0,0,0,0,43934,1.84399326262,0,0,1039429,,0,0.0,,capacity-0.95-18,capacity,0.95,18,bwc,main,,de95e5974ad318d8d47384a0c7f15a63c0f2fd89722b330a1124e0fb557ce738,0.26114183200024854
jbsq,937f65e5c44b4a3a,116251,116251,92847,25327.3134727,216.089626364,428.219962296,676.724709547,217.458536548,0.965060798949,0.1622,4.64235,330.324724045,0.98488726058,575.988086363,0.885944638538,0,0,24801280,0,0,0.230444000001,0,0,0,0,0,0,0,0,0,0,0,0,0,0,814114,,0,0.0,,capacity-0.95-18,capacity,0.95,18,jbsq,main,,de95e5974ad318d8d47384a0c7f15a63c0f2fd89722b330a1124e0fb557ce738,0.2064776110000821
jsw,937f65e5c44b4a3a,116251,116251,92847,25325.3265727,226.986361529,461.169887245,673.346228197,230.595228936,0.973914073691,0.1211,4.64235,385.843990144,0.991999137954,548.960029943,0.901746842247,15936,1019904,24921472,0.00398400000004,0.00398400000004,0.116751000002,0,0,0,0,0,0,0,0,0,0,0,0,0,0,778574,,0,0.0,,capacity-0.95-18,capacity,0.95,18,jsw,main,,de95e5974ad318d8d47384a0c7f15a63c0f2fd89722b330a1124e0fb557ce738,0.20631918699928065
p2c,937f65e5c44b4a3a,116251,116251,92847,25366.9090767,222.250911433,682.848687037,1001.7939197,232.856836346,0.964759227546,0.1636,4.64235,632.826114871,0.986032165082,840.876008133,0.879871002419,15936,1019904,24923904,0.00398400000004,0.00398400000004,0.116751000002,0,0,0,0,0,0,0,0,0,0,0,0,0,0,778711,,0,0.0,,capacity-0.95-18,capacity,0.95,18,p2c,main,,de95e5974ad318d8d47384a0c7f15a63c0f2fd89722b330a1124e0fb557ce738,0.19773987000007764
qbr,937f65e5c44b4a3a,116251,116251,92847,25319.1692993,229.046465471,460.708179066,693.178533541,232.353610139,0.974194104279,0.1198,4.64235,384.3004749,0.99147382883,552.268050531,0.90524052674,94407,5806176,24923072,0.0313761874999,0.0352294999999,0.116748000002,7371,0,7371,0,0,0,0,0,0,0,0,0,0,101.080429578,1229728,1.0,4,4.308162891638933e-05,25.186928931398143,capacity-0.95-18,capacity,0.95,18,qbr,main,,de95e5974ad318d8d47384a0c7f15a63c0f2fd89722b330a1124e0fb557ce738,0.3343910120001965
single,937f65e5c44b4a3a,116251,116251,92847,25318.0451147,227.21434789,461.632057133,714.308694698,230.759152684,0.973612502289,0.1225,4.64235,386.230834134,0.990908111312,553.92951504,0.904595538834,94363,5804064,24922416,0.0313429682186,0.0356127419999,0.116749500002,7348,1,7349,0,0,1,1,7.1,1,1,0,0,1,167.998067223,1230326,0.8461538461538461,13,0.00014001529397826532,24.065985616264978,capacity-0.95-18,capacity,0.95,18,single,main,,de95e5974ad318d8d47384a0c7f15a63c0f2fd89722b330a1124e0fb557ce738,0.3094903559995146
steal,937f65e5c44b4a3a,116251,116251,92847,25348.3018818,228.816648822,460.708179066,713.594100597,232.338110504,0.97434488998,0.1191,4.64235,386.230834134,0.99198566849,556.152564898,0.903950550927,79683,5099664,24923536,0.0202473588749,0.0216724999999,0.116751000002,485,3,483,0,0,3,4,28.4,1.33333333333,2,0,0,13,236.667200717,1193061,0.8571428571428571,7,7.539285060368132e-05,19.136988054291447,capacity-0.95-18,capacity,0.95,18,steal,main,,de95e5974ad318d8d47384a0c7f15a63c0f2fd89722b330a1124e0fb557ce738,0.29537054299999
threshold,937f65e5c44b4a3a,116251,116251,92847,25369.4889969,227.899675805,463.485363004,720.772284239,232.051782235,0.975077277672,0.1157,4.64235,389.339544983,0.992389752431,557.825694607,0.905993012631,142024,8085168,24921024,0.0688483106185,0.0876444999999,0.116619000002,31390,0,31384,0,0,0,0,0,0,0,0,0,0,183.419555577,1397718,1.0,8,8.616325783277865e-05,28.315438234350495,capacity-0.95-18,capacity,0.95,18,threshold,main,,de95e5974ad318d8d47384a0c7f15a63c0f2fd89722b330a1124e0fb557ce738,0.3645676980004282
work,937f65e5c44b4a3a,116251,116251,92847,27615.7957024,1555.70307364,2511.63205212,2590.70339341,1530.78387033,1,0,4.64235,2447.17738055,1,2567.49426317,1,15936,1019904,22274368,0.00398400000004,0.00398400000004,0.231049,0,0,0,0,0,0,0,0,0,0,0,0,0,0,902109,,0,0.0,,capacity-0.95-18,capacity,0.95,18,work,main,,de95e5974ad318d8d47384a0c7f15a63c0f2fd89722b330a1124e0fb557ce738,0.23347874199953367
bwc,429d3b0d9e1fd7a2,116069,116069,92907,28373.5047913,1778.8039453,3089.17399692,3189.60773014,1807.63368852,1,0,4.64535,3046.23430607,1,3161.03531304,1,60111,3847104,21781056,0.0150275410664,0.0192120000001,0.171018000001,0,0,0,0,0,0,0,0,0,0,44175,1.83019807583,0,0,1039908,,0,0.0,,capacity-0.95-19,capacity,0.95,19,bwc,main,,753bf4bfc24933d28e29671afccf825e10a996bebcb02ad3f0d8d8e39507bbd2,0.29521210999973846
jbsq,429d3b0d9e1fd7a2,116069,116069,92907,25428.8710159,150.485539732,375.920570473,614.102942551,156.511266068,0.893194269538,0.49615,4.64535,298.211266231,0.954157006524,537.536941917,0.651583952134,0,0,24888384,0,0,0.230911325789,0,0,0,0,0,0,0,0,0,0,0,0,0,0,812840,,0,0.0,,capacity-0.95-19,capacity,0.95,19,jbsq,main,,753bf4bfc24933d28e29671afccf825e10a996bebcb02ad3f0d8d8e39507bbd2,0.2667863919996307
jsw,429d3b0d9e1fd7a2,116069,116069,92907,25453.6722519,169.960017501,406.074413343,554.484444555,176.632933792,0.93318049232,0.3104,4.64535,349.748854412,0.982032134577,500.143291805,0.739569421443,15936,1019904,24986880,0.00398400000004,0.00398400000004,0.116811000002,0,0,0,0,0,0,0,0,0,0,0,0,0,0,777896,,0,0.0,,capacity-0.95-19,capacity,0.95,19,jsw,main,,753bf4bfc24933d28e29671afccf825e10a996bebcb02ad3f0d8d8e39507bbd2,0.20889495800020086
p2c,429d3b0d9e1fd7a2,116069,116069,92907,25554.656769,158.407639222,550.060499963,827.519803419,173.303922218,0.901352965869,0.45825,4.64535,508.222003224,0.95794468108,726.566712607,0.67706608259,15936,1019904,24989824,0.00398400000004,0.00398400000004,0.116811000002,0,0,0,0,0,0,0,0,0,0,0,0,0,0,778218,,0,0.0,,capacity-0.95-19,capacity,0.95,19,p2c,main,,753bf4bfc24933d28e29671afccf825e10a996bebcb02ad3f0d8d8e39507bbd2,0.21398461800072255
qbr,429d3b0d9e1fd7a2,116069,116069,92907,25490.9062762,168.598471463,404.855628485,550.060499963,175.758888548,0.932814534965,0.3121,4.64535,344.875003493,0.981762549199,493.179626314,0.738821518243,93768,5775616,24986752,0.0308725691249,0.0355724999999,0.116811000002,7048,0,7048,0,0,0,0,0,0,0,0,0,0,136.273943727,1229546,0.5384615384615384,13,0.0001399248711076668,4.609857465679782,capacity-0.95-19,capacity,0.95,19,qbr,main,,753bf4bfc24933d28e29671afccf825e10a996bebcb02ad3f0d8d8e39507bbd2,0.3327921719992446
single,429d3b0d9e1fd7a2,116069,116069,92907,25455.6205329,169.277883618,404.450178307,543.490556847,176.576889935,0.934127676063,0.306,4.64535,343.494955323,0.982018655308,492.192747626,0.744323948929,93913,5782576,24987136,0.030985063078,0.0363724999999,0.116809500002,7122,0,7119,0,0,0,0,0,0,0,0,0,0,82.6754691106,1229576,0.5555555555555556,9,9.687106461300009e-05,9.148704393595835,capacity-0.95-19,capacity,0.95,19,single,main,,753bf4bfc24933d28e29671afccf825e10a996bebcb02ad3f0d8d8e39507bbd2,0.37078253900017444
steal,429d3b0d9e1fd7a2,116069,116069,92907,25449.6589401,169.277883618,405.261484113,545.125662533,176.594720901,0.934213783676,0.3056,4.64535,352.564685882,0.983123955357,494.663648226,0.740370746301,79680,5099520,24985600,0.0205101562499,0.0217099999999,0.116811000002,832,0,832,0,0,0,0,0,0,0,0,0,0,194.888930499,1196318,0.9411764705882353,17,0.00018297867760233352,24.46064002730632,capacity-0.95-19,capacity,0.95,19,steal,main,,753bf4bfc24933d28e29671afccf825e10a996bebcb02ad3f0d8d8e39507bbd2,0.2948644299995067
threshold,429d3b0d9e1fd7a2,116069,116069,92907,25441.1201837,167.584432726,405.667745598,547.861757567,175.097349323,0.930199016221,0.32425,4.64535,343.494955323,0.97909365396,497.645074991,0.736417543672,141476,8058928,24985152,0.0684187408749,0.0876209999999,0.116685000002,31111,0,31111,0,0,0,0,0,0,0,0,0,0,159.364681207,1393392,0.68,25,0.0002690862905916669,8.780318967323693,capacity-0.95-19,capacity,0.95,19,threshold,main,,753bf4bfc24933d28e29671afccf825e10a996bebcb02ad3f0d8d8e39507bbd2,0.35344952599916724
work,429d3b0d9e1fd7a2,116069,116069,92907,27542.1677235,1319.02756051,2288.60038755,2374.85841816,1332.71286665,1,0,4.64535,2227.63834219,1,2351.22998519,1,15936,1019904,22528384,0.00398400000004,0.00398400000004,0.233116466312,0,0,0,0,0,0,0,0,0,0,0,0,0,0,900588,,0,0.0,,capacity-0.95-19,capacity,0.95,19,work,main,,753bf4bfc24933d28e29671afccf825e10a996bebcb02ad3f0d8d8e39507bbd2,0.2768245270008265
bwc,37fcab107c687e4e,115998,115998,92817,28317.257919,2100.01438891,3183.23607376,3270.33748464,2097.28576927,1,0,4.64085,3138.98933789,1,3247.52944559,1,60140,3848960,21705024,0.0150352319501,0.0190400000002,0.170857500001,0,0,0,0,0,0,0,0,0,0,44204,1.82431454167,0,0,1039082,,0,0.0,,capacity-0.95-20,capacity,0.95,20,bwc,main,,13b7ef6b4ba215230b1bc65481b3a5f1726814b57ec8e51d0432b46fefe42159,0.25911116100087384
jbsq,37fcab107c687e4e,115998,115998,92817,25247.6145709,235.575482433,459.325820168,735.345692986,241.007818734,0.980790156976,0.08915,4.64085,363.326872309,0.995316348367,624.643766312,0.922499459927,0,0,24902720,0,0,0.231708024596,0,0,0,0,0,0,0,0,0,0,0,0,0,0,812345,,0,0.0,,capacity-0.95-20,capacity,0.95,20,jbsq,main,,13b7ef6b4ba215230b1bc65481b3a5f1726814b57ec8e51d0432b46fefe42159,0.21789509100017312
jsw,37fcab107c687e4e,115998,115998,92817,25239.3783356,244.242945529,508.222003224,865.635310339,252.333583526,0.983300472974,0.0775,4.64085,434.268257452,0.996218085894,634.094400926,0.931464679196,15936,1019904,24919616,0.00398400000004,0.00398400000004,0.116721062547,0,0,0,0,0,0,0,0,0,0,0,0,0,0,776787,,0,0.0,,capacity-0.95-20,capacity,0.95,20,jsw,main,,13b7ef6b4ba215230b1bc65481b3a5f1726814b57ec8e51d0432b46fefe42159,0.20249437499933265
p2c,37fcab107c687e4e,115998,115998,92817,25249.0276345,235.812057916,784.772430331,1075.54253312,251.209342325,0.976125063297,0.1108,4.64085,743.486116363,0.992718805938,951.957956757,0.909537697127,15936,1019904,24920576,0.00398400000004,0.00398400000004,0.116721062547,0,0,0,0,0,0,0,0,0,0,0,0,0,0,776816,,0,0.0,,capacity-0.95-20,capacity,0.95,20,p2c,main,,13b7ef6b4ba215230b1bc65481b3a5f1726814b57ec8e51d0432b46fefe42159,0.19673607900040224
qbr,37fcab107c687e4e,115998,115998,92817,25234.6442139,243.997947581,504.671664749,788.709158068,252.116007443,0.983720654621,0.07555,4.64085,433.399025003,0.997065988345,599.52341428,0.930168502916,94248,5798560,24919936,0.0312510312499,0.0353724999999,0.116717313142,7291,0,7291,0,0,0,0,0,0,0,0,0,0,47.4095059923,1226813,,0,0.0,,capacity-0.95-20,capacity,0.95,20,qbr,main,,13b7ef6b4ba215230b1bc65481b3a5f1726814b57ec8e51d0432b46fefe42159,0.33702992600046855
single,37fcab107c687e4e,115998,115998,92817,25229.1204904,244.242945529,507.205084849,840.876008133,252.209107684,0.983785297952,0.07525,4.64085,431.233530689,0.996568013889,607.377231672,0.932490818751,94491,5810304,24920192,0.0314372187499,0.0354959999999,0.116717313142,7410,0,7410,0,0,0,0,0,0,0,0,0,0,49.6954582239,1227565,0.5,2,2.154777680812782e-05,-0.4376795923926693,capacity-0.95-20,capacity,0.95,20,single,main,,13b7ef6b4ba215230b1bc65481b3a5f1726814b57ec8e51d0432b46fefe42159,0.34903557100005855
steal,37fcab107c687e4e,115998,115998,92817,25248.906579,243.753194387,509.240956452,857.016432136,252.350942061,0.984043871274,0.07405,4.64085,433.833424028,0.996756436656,611.64866953,0.933030892201,79680,5099520,24919360,0.0200343051249,0.0207099999999,0.116720313142,222,0,222,0,0,0,0,0,0,0,0,0,0,228.40861657,1185345,0.75,4,4.309555361625564e-05,11.384516242756035,capacity-0.95-20,capacity,0.95,20,steal,main,,13b7ef6b4ba215230b1bc65481b3a5f1726814b57ec8e51d0432b46fefe42159,0.3427084599998125
threshold,37fcab107c687e4e,115998,115998,92817,25239.3510343,244.97941034,507.205084849,845.093815357,253.098315734,0.984657982913,0.0712,4.64085,429.508910272,0.99728132865,608.594594512,0.934003024411,142259,8096352,24918464,0.0690368993105,0.0888419999999,0.116592813142,31508,0,31507,0,0,0,0,0,0,0,0,0,0,114.052359106,1396540,0.6666666666666666,9,9.69649956365752e-05,10.310840673953257,capacity-0.95-20,capacity,0.95,20,threshold,main,,13b7ef6b4ba215230b1bc65481b3a5f1726814b57ec8e51d0432b46fefe42159,0.371295440000722
work,37fcab107c687e4e,115998,115998,92817,27578.8033485,1625.69147998,2476.71762864,2554.69022955,1627.39261795,1,0,4.64085,2401.12392577,1,2529.27332978,1,15936,1019904,22346240,0.00398400000004,0.00398400000004,0.2315715,0,0,0,0,0,0,0,0,0,0,0,0,0,0,900218,,0,0.0,,capacity-0.95-20,capacity,0.95,20,work,main,,13b7ef6b4ba215230b1bc65481b3a5f1726814b57ec8e51d0432b46fefe42159,0.2529711770002905
bwc,8702e9c8c3575af4,61380,61380,48999,26330.758614,13.4063112094,334.657883782,900.08425617,33.649930669,0.0338170166738,2.3671,2.44995,39.4938347208,0.00957378727761,646.270413562,0.129152405879,43629,2792256,13221888,0.0109072500001,0.0133480000001,0.114441,0,0,0,0,0,0,0,0,0,0,27693,1.76903910736,0,0,591654,,0,0.0,,heavy-0.5-11,heavy,0.5,11,bwc,main,,1671057a0021a9b394fef68ac6ce2d31be3805b0db93b0494dae741687a4689b,0.13830658899951231
jbsq,8702e9c8c3575af4,61380,61380,48999,26330.758614,12.6903591305,334.657883782,900.08425617,33.2322846392,0.0333068021796,2.36835,2.44995,38.6131338472,0.0089594265967,646.270413562,0.129051741494,0,0,13221760,0,0,0.122484195435,0,0,0,0,0,0,0,0,0,0,0,0,0,0,429659,,0,0.0,,heavy-0.5-11,heavy,0.5,11,jbsq,main,,1671057a0021a9b394fef68ac6ce2d31be3805b0db93b0494dae741687a4689b,0.11265059200013638
jsw,8702e9c8c3575af4,61380,61380,48999,26330.758614,12.994730688,334.993541666,900.08425617,33.4533356925,0.0336537480357,2.3675,2.44995,39.4533813394,0.00936900038398,646.270413562,0.129152405879,15936,1019904,13221760,0.00398400000004,0.00398400000004,0.0729030000009,0,0,0,0,0,0,0,0,0,0,0,0,0,0,452198,,0,0.0,,heavy-0.5-11,heavy,0.5,11,jsw,main,,1671057a0021a9b394fef68ac6ce2d31be3805b0db93b0494dae741687a4689b,0.10454635499991127
p2c,8702e9c8c3575af4,61380,61380,48999,26330.758614,12.7177535392,334.657883782,900.08425617,33.2696347392,0.0335108879773,2.36785,2.44995,39.0110525386,0.00918981185204,646.917683976,0.129152405879,15936,1019904,13221696,0.00398400000004,0.00398400000004,0.0729030000009,0,0,0,0,0,0,0,0,0,0,0,0,0,0,452198,,0,0.0,,heavy-0.5-11,heavy,0.5,11,p2c,main,,1671057a0021a9b394fef68ac6ce2d31be3805b0db93b0494dae741687a4689b,0.1078897869992943
qbr,8702e9c8c3575af4,61380,61380,48999,26330.758614,13.0087254187,334.657883782,900.08425617,33.4658132605,0.0336129308761,2.3676,2.44995,39.1312057694,0.00926660693716,646.270413562,0.129353734649,79795,5105040,13223024,0.0200184558192,0.0202169999999,0.0729030000009,40,40,0,0,0,5,8,56.8,1.6,3,0,0,18,69.7264106074,871275,1.0,8,0.00016326863813547214,13.882601263411061,heavy-0.5-11,heavy,0.5,11,qbr,main,,1671057a0021a9b394fef68ac6ce2d31be3805b0db93b0494dae741687a4689b,0.21431861400014895
single,8702e9c8c3575af4,61380,61380,48999,26330.758614,12.994730688,334.657883782,900.08425617,33.4520064052,0.0335312965571,2.3678,2.44995,39.1713369751,0.00924100857545,646.270413562,0.129051741494,79775,5104080,13222464,0.0199427631561,0.0200547499999,0.0729030000009,33,33,0,0,0,4,4,28.4,1,1,0,0,9,60.074815585,871198,1.0,4,8.163431906773607e-05,13.378256615463442,heavy-0.5-11,heavy,0.5,11,single,main,,1671057a0021a9b394fef68ac6ce2d31be3805b0db93b0494dae741687a4689b,0.19577184499939904
steal,8702e9c8c3575af4,61380,61380,48999,26332.1543748,12.994730688,334.993541666,900.08425617,33.4477630415,0.0335925222964,2.36765,2.44995,38.9311503068,0.00931780366057,646.270413562,0.129051741494,88010,5498576,13251600,0.0337482031249,0.0465739999998,0.0728955000009,4915,4231,684,0,0,83,133,3129.3,1.60240963855,6,0,0,153,320,911761,0.9699248120300752,133,0.0027143411090022247,7.094439990873296,heavy-0.5-11,heavy,0.5,11,steal,main,,1671057a0021a9b394fef68ac6ce2d31be3805b0db93b0494dae741687a4689b,0.1990143889997853
threshold,8702e9c8c3575af4,61380,61380,48999,26332.1543748,12.9807499381,334.657883782,900.08425617,33.4377754125,0.0335108879773,2.36785,2.44995,38.8115960441,0.00913861512863,646.270413562,0.129353734649,80032,5116416,13229904,0.0203485896249,0.0208124339999,0.0729045000009,124,123,1,0,0,19,44,692.4,2.31578947368,8,0,0,45,294.475,872488,1.0,44,0.0008979775097450968,9.924086422547218,heavy-0.5-11,heavy,0.5,11,threshold,main,,1671057a0021a9b394fef68ac6ce2d31be3805b0db93b0494dae741687a4689b,0.18888301299921295
work,8702e9c8c3575af4,61380,61380,48999,26330.758614,13.653187589,334.657883782,900.08425617,33.8025329201,0.0338578338333,2.367,2.44995,39.5343285555,0.00962498400102,646.270413562,0.129152405879,15936,1019904,13221824,0.00398400000004,0.00398400000004,0.14638900075,0,0,0,0,0,0,0,0,0,0,0,0,0,0,513577,,0,0.0,,heavy-0.5-11,heavy,0.5,11,work,main,,1671057a0021a9b394fef68ac6ce2d31be3805b0db93b0494dae741687a4689b,0.1382634430001417
bwc,6ae8054d671f03d7,61498,61498,49252,25696.3457595,13.3344952449,334.322561221,833.336869986,33.498055252,0.0330138877609,2.3813,2.4626,39.4533813394,0.0095529231945,661.322544558,0.125137541262,44047,2819008,13294912,0.0110117500001,0.0123200000001,0.115324,0,0,0,0,0,0,0,0,0,0,28111,1.75201878268,0,0,591396,,0,0.0,,heavy-0.5-12,heavy,0.5,12,bwc,main,,13c5150733215d08d8ff6cdf7362dd7e8bcd14132e45e4024e2c163ca7a719d7,0.15458097499958967
jbsq,6ae8054d671f03d7,61498,61498,49252,25696.3457595,12.7040494897,334.322561221,833.336869986,33.1318879371,0.0326890278567,2.3821,2.4626,38.8514076401,0.00914533180487,661.322544558,0.125137541262,0,0,13294912,0,0,0.12313,0,0,0,0,0,0,0,0,0,0,0,0,0,0,430485,,0,0.0,,heavy-0.5-12,heavy,0.5,12,jbsq,main,,13c5150733215d08d8ff6cdf7362dd7e8bcd14132e45e4024e2c163ca7a719d7,0.10994660699998349
jsw,6ae8054d671f03d7,61498,61498,49252,25696.3457595,12.994730688,334.322561221,833.336869986,33.3416999622,0.0327905465768,2.38185,2.4626,39.0510635911,0.00927270411413,661.984867102,0.125137541262,15936,1019904,13294912,0.00398400000004,0.00398400000004,0.0731560000009,0,0,0,0,0,0,0,0,0,0,0,0,0,0,450884,,0,0.0,,heavy-0.5-12,heavy,0.5,12,jsw,main,,13c5150733215d08d8ff6cdf7362dd7e8bcd14132e45e4024e2c163ca7a719d7,0.12533558399991307
p2c,6ae8054d671f03d7,61498,61498,49252,25696.3457595,12.7314712927,334.322561221,833.336869986,33.160428469,0.0328717615528,2.38165,2.4626,39.2115083121,0.00937460196153,661.322544558,0.125137541262,15936,1019904,13294912,0.00398400000004,0.00398400000004,0.0731560000009,0,0,0,0,0,0,0,0,0,0,0,0,0,0,450884,,0,0.0,,heavy-0.5-12,heavy,0.5,12,p2c,main,,13c5150733215d08d8ff6cdf7362dd7e8bcd14132e45e4024e2c163ca7a719d7,0.10038139799962664
qbr,6ae8054d671f03d7,61498,61498,49252,25696.3457595,13.0087254187,334.657883782,833.336869986,33.3518581339,0.0329529765289,2.38145,2.4626,39.2115083121,0.00937460196153,661.322544558,0.125537661298,79798,5105184,13297344,0.0200267499999,0.0202054999999,0.0731559660009,42,42,0,0,0,8,16,113.6,2,5,0,0,25,76.7774563198,859947,1.0,16,0.0003248599041663283,14.608470169390955,heavy-0.5-12,heavy,0.5,12,qbr,main,,13c5150733215d08d8ff6cdf7362dd7e8bcd14132e45e4024e2c163ca7a719d7,0.19066287399982684
single,6ae8054d671f03d7,61498,61498,49252,25696.3457595,13.0087254187,334.322561221,833.336869986,33.3676704823,0.0330341915049,2.38125,2.4626,39.3322635118,0.00952744873265,661.984867102,0.12533760128,79768,5103744,13295264,0.0199352499999,0.0200167499999,0.0731559660009,30,30,0,0,0,2,2,14.2,1,1,0,0,5,76.9594945633,859760,1.0,2,4.0607488020791034e-05,12.32009447126211,heavy-0.5-12,heavy,0.5,12,single,main,,13c5150733215d08d8ff6cdf7362dd7e8bcd14132e45e4024e2c163ca7a719d7,0.18031304000032833
steal,6ae8054d671f03d7,61498,61498,49252,25696.3457595,12.9807499381,334.322561221,833.336869986,33.3494991815,0.0328717615528,2.38165,2.4626,39.0911146547,0.00929817857598,661.322544558,0.125437631289,87110,5455376,13328112,0.0322879218749,0.0394109999999,0.0731440000009,4415,3780,635,0,0,81,145,3689.5,1.79012345679,6,0,0,168,320,895433,1.0,145,0.0029440428815073498,8.50600432809643,heavy-0.5-12,heavy,0.5,12,steal,main,,13c5150733215d08d8ff6cdf7362dd7e8bcd14132e45e4024e2c163ca7a719d7,0.19148370099992462
threshold,6ae8054d671f03d7,61498,61498,49252,25696.3457595,12.994730688,334.657883782,833.336869986,33.3513845758,0.0329732802729,2.3814,2.4626,39.2517198204,0.00945102534709,661.322544558,0.12533760128,80059,5117712,13307680,0.0203954374999,0.0205784999999,0.0731574660009,135,135,0,0,0,26,66,1228.6,2.53846153846,9,0,0,71,320,861111,1.0,66,0.0013400471046861042,12.247728063051964,heavy-0.5-12,heavy,0.5,12,threshold,main,,13c5150733215d08d8ff6cdf7362dd7e8bcd14132e45e4024e2c163ca7a719d7,0.18344526300006692
work,6ae8054d671f03d7,61498,61498,49252,25696.3457595,13.63854904,334.322561221,833.336869986,33.6809808105,0.033216925201,2.3808,2.4626,39.8189214964,0.00980766781302,661.322544558,0.125137541262,15936,1019904,13294912,0.00398400000004,0.00398400000004,0.147034,0,0,0,0,0,0,0,0,0,0,0,0,0,0,512381,,0,0.0,,heavy-0.5-12,heavy,0.5,12,work,main,,13c5150733215d08d8ff6cdf7362dd7e8bcd14132e45e4024e2c163ca7a719d7,0.14930481200008217
bwc,c6d9c906e4e15d9,61798,61798,49423,25625.5289007,13.3775417484,328.673058722,816.007058744,33.0655837401,0.0328591951116,2.38995,2.47115,39.5748628841,0.0096797836581,637.276230229,0.125913149351,44153,2825792,13273152,0.0110382500001,0.0127480000001,0.115654,0,0,0,0,0,0,0,0,0,0,28217,1.75107204876,0,0,594347,,0,0.0,,heavy-0.5-13,heavy,0.5,13,bwc,main,,ef9c4d9913af5d70a4a9f7f3e46636929f277fea80bb2ffa4a79a07c3c49c61e,0.14088018700022076
jbsq,c6d9c906e4e15d9,61798,61798,49423,25625.5289007,12.6903591305,328.673058722,816.007058744,32.6496033633,0.0325354591992,2.39075,2.47115,39.0911146547,0.00932595344605,637.276230229,0.125710227273,0,0,13273152,0,0,0.123538,0,0,0,0,0,0,0,0,0,0,0,0,0,0,432585,,0,0.0,,heavy-0.5-13,heavy,0.5,13,jbsq,main,,ef9c4d9913af5d70a4a9f7f3e46636929f277fea80bb2ffa4a79a07c3c49c61e,0.09558718700009194
jsw,c6d9c906e4e15d9,61798,61798,49423,25625.5289007,12.9807499381,328.673058722,816.007058744,32.8711882182,0.0328996621006,2.38985,2.47115,39.4938347208,0.00965451007152,637.276230229,0.126217532468,15936,1019904,13273152,0.00398400000004,0.00398400000004,0.0733270000009,0,0,0,0,0,0,0,0,0,0,0,0,0,0,452458,,0,0.0,,heavy-0.5-13,heavy,0.5,13,jsw,main,,ef9c4d9913af5d70a4a9f7f3e46636929f277fea80bb2ffa4a79a07c3c49c61e,0.14547854800002824
p2c,c6d9c906e4e15d9,61798,61798,49423,25625.5289007,12.7314712927,328.673058722,816.007058744,32.6803384637,0.0327782611335,2.39015,2.47115,39.4938347208,0.00955341572523,637.276230229,0.12601461039,15936,1019904,13273152,0.00398400000004,0.00398400000004,0.0733270000009,0,0,0,0,0,0,0,0,0,0,0,0,0,0,452458,,0,0.0,,heavy-0.5-13,heavy,0.5,13,p2c,main,,ef9c4d9913af5d70a4a9f7f3e46636929f277fea80bb2ffa4a79a07c3c49c61e,0.11873332600043796
qbr,c6d9c906e4e15d9,61798,61798,49423,25625.5289007,12.9807499381,328.673058722,816.007058744,32.8625472153,0.0328794286061,2.3899,2.47115,39.6560531847,0.00970505724467,637.276230229,0.125913149351,79751,5102928,13275536,0.0199637499999,0.0200559999999,0.0733270000009,26,26,0,0,0,7,16,113.6,2.28571428571,3,0,0,27,60.978370232,860183,1.0,16,0.0003237359124294357,13.798137385184361,heavy-0.5-13,heavy,0.5,13,qbr,main,,ef9c4d9913af5d70a4a9f7f3e46636929f277fea80bb2ffa4a79a07c3c49c61e,0.20350558900008764
single,c6d9c906e4e15d9,61798,61798,49423,25625.5289007,12.9667831549,328.673058722,816.007058744,32.852890294,0.0326770936608,2.3904,2.47115,39.3725957753,0.0094775949655,637.276230229,0.125811688312,79773,5103984,13273680,0.0199402656249,0.0200052499999,0.0733270000009,32,32,0,0,0,3,3,21.3,1,1,0,0,8,79.0077606965,860251,1.0,3,6.070048358051919e-05,12.953426200986238,heavy-0.5-13,heavy,0.5,13,single,main,,ef9c4d9913af5d70a4a9f7f3e46636929f277fea80bb2ffa4a79a07c3c49c61e,0.19360914199933177
steal,c6d9c906e4e15d9,61798,61798,49423,25625.5289007,12.9807499381,328.673058722,816.007058744,32.8596629985,0.032758027639,2.3902,2.47115,39.4938347208,0.00955341572523,637.276230229,0.125913149351,86441,5423472,13302576,0.0311566391249,0.0370234759999,0.0733180000009,4011,3437,574,0,0,77,138,2974.8,1.79220779221,6,0,0,159,320,893760,1.0,138,0.0027922222447038826,8.18583613815528,heavy-0.5-13,heavy,0.5,13,steal,main,,ef9c4d9913af5d70a4a9f7f3e46636929f277fea80bb2ffa4a79a07c3c49c61e,0.20809110699974553
threshold,c6d9c906e4e15d9,61798,61798,49423,25625.5289007,13.0087254187,328.673058722,816.007058744,32.8796748903,0.032798494628,2.3901,2.47115,39.4533813394,0.00955341572523,637.276230229,0.126116071429,80108,5119968,13286432,0.0204649959021,0.0207689999999,0.0733270000009,154,152,2,0,0,26,61,1478.1,2.34615384615,6,0,0,63,294.475,861808,1.0,61,0.0012342431661372237,12.098606046318027,heavy-0.5-13,heavy,0.5,13,threshold,main,,ef9c4d9913af5d70a4a9f7f3e46636929f277fea80bb2ffa4a79a07c3c49c61e,0.18347019000066211
work,c6d9c906e4e15d9,61798,61798,49423,25625.5289007,13.5655753617,328.673058722,818.460531759,33.1879939157,0.0329603625842,2.3897,2.47115,39.8597404179,0.00985669876412,637.276230229,0.125710227273,15936,1019904,13273152,0.00398400000004,0.00398400000004,0.1474405,0,0,0,0,0,0,0,0,0,0,0,0,0,0,514255,,0,0.0,,heavy-0.5-13,heavy,0.5,13,work,main,,ef9c4d9913af5d70a4a9f7f3e46636929f277fea80bb2ffa4a79a07c3c49c61e,0.1323936170001616
bwc,63d7f8e74024ab46,61546,61546,49275,26033.3117949,13.3058692006,328.014700307,857.016432136,32.8797798071,0.0328564180619,2.3828,2.46375,39.5748628841,0.00951800807127,614.102942551,0.125961927906,44106,2822784,13251904,0.0110265000001,0.0128000000001,0.115440477446,0,0,0,0,0,0,0,0,0,0,28170,1.74856230032,0,0,593766,,0,0.0,,heavy-0.5-14,heavy,0.5,14,bwc,main,,4246b9b9be1beae653a554a79849b8d98cfac58b6a3eafe593412330d9a7966e,0.13446427999951993
jbsq,63d7f8e74024ab46,61546,61546,49275,26033.3117949,12.6630194287,327.686014293,857.016432136,32.4973015987,0.0324911212582,2.3837,2.46375,39.2115083121,0.00913728774842,614.102942551,0.125658161199,0,0,13251904,0,0,0.123163371299,0,0,0,0,0,0,0,0,0,0,0,0,0,0,430821,,0,0.0,,heavy-0.5-14,heavy,0.5,14,jbsq,main,,4246b9b9be1beae653a554a79849b8d98cfac58b6a3eafe593412330d9a7966e,0.10606390599969018
jsw,63d7f8e74024ab46,61546,61546,49275,26033.3117949,12.9110554113,328.014700307,857.016432136,32.6793769259,0.0327143581938,2.38315,2.46375,39.4129683711,0.00939110129699,614.102942551,0.125759416768,15936,1019904,13251904,0.00398400000004,0.00398400000004,0.0731790000009,0,0,0,0,0,0,0,0,0,0,0,0,0,0,452246,,0,0.0,,heavy-0.5-14,heavy,0.5,14,jsw,main,,4246b9b9be1beae653a554a79849b8d98cfac58b6a3eafe593412330d9a7966e,0.10313871699963784
p2c,63d7f8e74024ab46,61546,61546,49275,26033.3117949,12.6766824481,327.686014293,857.016432136,32.511284876,0.0325520040589,2.38355,2.46375,39.2517198204,0.00921343181299,614.102942551,0.125658161199,15936,1019904,13251904,0.00398400000004,0.00398400000004,0.0731790000009,0,0,0,0,0,0,0,0,0,0,0,0,0,0,452246,,0,0.0,,heavy-0.5-14,heavy,0.5,14,p2c,main,,4246b9b9be1beae653a554a79849b8d98cfac58b6a3eafe593412330d9a7966e,0.11454201299966371
qbr,63d7f8e74024ab46,61546,61546,49275,26033.3117949,12.9110554113,328.014700307,857.016432136,32.688838537,0.0327346524607,2.3831,2.46375,39.4533813394,0.00936571994213,614.102942551,0.125961927906,79744,5102592,13252320,0.0199473437499,0.0200234999999,0.0731790000009,22,22,0,0,0,2,2,14.2,1,1,0,0,6,76.6503650236,866431,1.0,2,4.058853373921867e-05,20.711014771313785,heavy-0.5-14,heavy,0.5,14,qbr,main,,4246b9b9be1beae653a554a79849b8d98cfac58b6a3eafe593412330d9a7966e,0.19867432399951213
single,63d7f8e74024ab46,61546,61546,49275,26033.3117949,12.9249664667,328.014700307,857.016432136,32.6927836805,0.032836123795,2.38285,2.46375,39.4533813394,0.00946724536156,614.102942551,0.126063183475,79728,5101824,13252496,0.0199029999999,0.0200192499999,0.0731790000009,17,17,0,0,0,3,3,21.3,1,1,0,0,8,93.6105248611,866378,1.0,3,6.0882800608828e-05,19.578573021807944,heavy-0.5-14,heavy,0.5,14,single,main,,4246b9b9be1beae653a554a79849b8d98cfac58b6a3eafe593412330d9a7966e,0.20171924100031902
steal,63d7f8e74024ab46,61546,61546,49275,26033.3117949,12.9249664667,328.014700307,863.904636162,32.6947274369,0.0326331811263,2.38335,2.46375,39.2919715402,0.00923881316785,614.102942551,0.125961927906,86644,5433296,13275408,0.0314290624999,0.0413659999999,0.0731685000009,4090,3527,563,0,0,59,116,2248.6,1.96610169492,6,0,0,129,320,900880,1.0,116,0.0023541349568746827,8.098315451546107,heavy-0.5-14,heavy,0.5,14,steal,main,,4246b9b9be1beae653a554a79849b8d98cfac58b6a3eafe593412330d9a7966e,0.19726339099997858
threshold,63d7f8e74024ab46,61546,61546,49275,26033.3117949,12.9110554113,328.014700307,857.016432136,32.6797689726,0.0326940639269,2.3832,2.46375,39.4129683711,0.00936571994213,614.102942551,0.125759416768,79994,5114592,13257984,0.0202888906249,0.0206362499999,0.0731790000009,109,108,1,0,0,12,31,600.1,2.58333333333,7,0,0,31,283.87210967,867567,1.0,31,0.0006291222729578894,12.6789903213274,heavy-0.5-14,heavy,0.5,14,threshold,main,,4246b9b9be1beae653a554a79849b8d98cfac58b6a3eafe593412330d9a7966e,0.1934266550006214
work,63d7f8e74024ab46,61546,61546,49275,26033.3117949,13.4929654597,327.686014293,857.016432136,33.0079114359,0.0332014205987,2.38195,2.46375,39.9824422592,0.00997487245869,614.102942551,0.125860672337,15936,1019904,13251904,0.00398400000004,0.00398400000004,0.147061371299,0,0,0,0,0,0,0,0,0,0,0,0,0,0,513791,,0,0.0,,heavy-0.5-14,heavy,0.5,14,work,main,,4246b9b9be1beae653a554a79849b8d98cfac58b6a3eafe593412330d9a7966e,0.13628236800013838
bwc,584ce8443e03f3cb,60693,60693,48647,25661.6679223,13.2630372853,319.895306906,737.556939839,32.8792599765,0.0343700536518,2.34875,2.43235,40.6015007526,0.0106516773183,614.102942551,0.129774932893,44015,2816960,13060352,0.0110037500001,0.0131480000001,0.1146725,0,0,0,0,0,0,0,0,0,0,28079,1.73303892589,0,0,587026,,0,0.0,,heavy-0.5-15,heavy,0.5,15,bwc,main,,ad56d0a203dff79cae6853ee7ba4f5ef4597e72acb085f183a1ba048bee7a530,0.1463672019999649
jbsq,584ce8443e03f3cb,60693,60693,48647,25661.6679223,12.6766824481,319.895306906,737.556939839,32.5285642517,0.0338767035994,2.34995,2.43235,40.1055125743,0.0100613433947,614.102942551,0.129671691101,0,0,13060224,0,0,0.121637,0,0,0,0,0,0,0,0,0,0,0,0,0,0,424850,,0,0.0,,heavy-0.5-15,heavy,0.5,15,jbsq,main,,ad56d0a203dff79cae6853ee7ba4f5ef4597e72acb085f183a1ba048bee7a530,0.10041552599977877
jsw,584ce8443e03f3cb,60693,60693,48647,25661.6679223,12.9249664667,320.537418416,737.556939839,32.7235083329,0.0342878286431,2.34895,2.43235,40.4355099341,0.0105233438567,614.102942551,0.129878174685,15936,1019904,13060224,0.00398400000004,0.00398400000004,0.0725510000008,0,0,0,0,0,0,0,0,0,0,0,0,0,0,445944,,0,0.0,,heavy-0.5-15,heavy,0.5,15,jsw,main,,ad56d0a203dff79cae6853ee7ba4f5ef4597e72acb085f183a1ba048bee7a530,0.10884736100069858
p2c,584ce8443e03f3cb,60693,60693,48647,25661.6679223,12.6903591305,319.895306906,737.556939839,32.5457281552,0.0339178161038,2.34985,2.43235,40.1055125743,0.0101126767793,614.102942551,0.129671691101,15936,1019904,13060224,0.00398400000004,0.00398400000004,0.0725510000008,0,0,0,0,0,0,0,0,0,0,0,0,0,0,445944,,0,0.0,,heavy-0.5-15,heavy,0.5,15,p2c,main,,ad56d0a203dff79cae6853ee7ba4f5ef4597e72acb085f183a1ba048bee7a530,0.10268479899968952
qbr,584ce8443e03f3cb,60693,60693,48647,25661.6979223,12.897158253,319.895306906,737.556939839,32.700537824,0.0341439348778,2.3493,2.43235,40.3114516036,0.0103436770103,614.102942551,0.129878174685,79755,5103120,13060880,0.0199631874999,0.0200864999999,0.0725510000008,26,26,0,0,0,3,4,28.4,1.33333333333,2,0,0,10,75.1208432349,854202,1.0,4,8.222500873640718e-05,11.271861503334549,heavy-0.5-15,heavy,0.5,15,qbr,main,,ad56d0a203dff79cae6853ee7ba4f5ef4597e72acb085f183a1ba048bee7a530,0.20818467299977783
single,584ce8443e03f3cb,60693,60693,48647,25664.8072182,12.9110554113,319.895306906,737.556939839,32.7092056122,0.0340617098691,2.3495,2.43235,40.2701814222,0.0102666769333,614.102942551,0.129774932893,79769,5103792,13060928,0.0199378281249,0.0200542499999,0.0725510000008,31,31,0,0,0,4,4,28.4,1,1,0,0,10,64.7810421693,854309,1.0,4,8.222500873640718e-05,19.38352219729427,heavy-0.5-15,heavy,0.5,15,single,main,,ad56d0a203dff79cae6853ee7ba4f5ef4597e72acb085f183a1ba048bee7a530,0.2427940600000511
steal,584ce8443e03f3cb,60693,60693,48647,25661.6679223,12.897158253,319.895306906,737.556939839,32.7060873593,0.0342261598865,2.3491,2.43235,40.3527630552,0.0104463437797,614.102942551,0.129878174685,86240,5413744,13081776,0.0307768124999,0.0400654999999,0.0725405000008,3862,3327,535,0,0,53,96,2296.6,1.81132075472,5,0,0,106,320,885408,0.9791666666666666,96,0.0019734002096737724,7.434397357945841,heavy-0.5-15,heavy,0.5,15,steal,main,,ad56d0a203dff79cae6853ee7ba4f5ef4597e72acb085f183a1ba048bee7a530,0.20500794899999164
threshold,584ce8443e03f3cb,60693,60693,48647,25661.6679223,12.9388914332,319.895306906,737.556939839,32.7187013857,0.0341439348778,2.3493,2.43235,40.3114516036,0.0103693437027,614.102942551,0.129774932893,79966,5113248,13068032,0.0202575997499,0.0205504999999,0.0725510000008,101,100,1,0,0,16,31,980.1,1.9375,4,0,0,34,320,855111,1.0,31,0.0006372438177071556,13.590746457529466,heavy-0.5-15,heavy,0.5,15,threshold,main,,ad56d0a203dff79cae6853ee7ba4f5ef4597e72acb085f183a1ba048bee7a530,0.19143719099974987
work,584ce8443e03f3cb,60693,60693,48647,25661.6679223,13.4929654597,319.895306906,737.556939839,33.0190211713,0.0344728349127,2.3485,2.43235,40.7681565311,0.0108056774723,614.102942551,0.129671691101,15936,1019904,13060480,0.00398400000004,0.00398400000004,0.145544,0,0,0,0,0,0,0,0,0,0,0,0,0,0,506636,,0,0.0,,heavy-0.5-15,heavy,0.5,15,work,main,,ad56d0a203dff79cae6853ee7ba4f5ef4597e72acb085f183a1ba048bee7a530,0.1385727520000728
bwc,aa93945be0f88dc2,61181,61181,48936,25826.6341972,13.3058692006,326.374550533,892.014898422,33.0941705035,0.0324709825078,2.36735,2.4468,39.2517198204,0.00923822891413,650.163758055,0.125833247872,43891,2809024,13140608,0.0109727500001,0.0138760000001,0.11477463027,0,0,0,0,0,0,0,0,0,0,27955,1.75074226435,0,0,589922,,0,0.0,,heavy-0.5-16,heavy,0.5,16,bwc,main,,89af11a843b0b436c931e5c6eb962be91bfec491b2521a53b83544d8e41239d3,0.2019389510005567
jbsq,aa93945be0f88dc2,61181,61181,48936,25826.6341972,12.6903591305,326.374550533,892.014898422,32.7264678024,0.032000980873,2.3685,2.4468,38.7718242199,0.00867678958785,650.163758055,0.125730694288,0,0,13140608,0,0,0.12235263945,0,0,0,0,0,0,0,0,0,0,0,0,0,0,428266,,0,0.0,,heavy-0.5-16,heavy,0.5,16,jbsq,main,,89af11a843b0b436c931e5c6eb962be91bfec491b2521a53b83544d8e41239d3,0.10524944200005848
jsw,aa93945be0f88dc2,61181,61181,48936,25826.6341972,12.9528303246,326.374550533,892.014898422,32.9246945103,0.0322053294098,2.368,2.4468,38.9311503068,0.00890646931224,650.814921813,0.125833247872,15936,1019904,13141120,0.00398400000004,0.00398400000004,0.0728417740008,0,0,0,0,0,0,0,0,0,0,0,0,0,0,449396,,0,0.0,,heavy-0.5-16,heavy,0.5,16,jsw,main,,89af11a843b0b436c931e5c6eb962be91bfec491b2521a53b83544d8e41239d3,0.1062905700000556
p2c,aa93945be0f88dc2,61181,61181,48936,25826.6341972,12.7040494897,326.374550533,892.014898422,32.7383946835,0.0320214157267,2.36845,2.4468,38.8115960441,0.00870230955723,650.163758055,0.125730694288,15936,1019904,13141120,0.00398400000004,0.00398400000004,0.0728417740008,0,0,0,0,0,0,0,0,0,0,0,0,0,0,449396,,0,0.0,,heavy-0.5-16,heavy,0.5,16,p2c,main,,89af11a843b0b436c931e5c6eb962be91bfec491b2521a53b83544d8e41239d3,0.10299909300010768
qbr,aa93945be0f88dc2,61181,61181,48936,25826.6370282,12.9528303246,326.374550533,892.014898422,32.9230819524,0.0321235899951,2.3682,2.4468,38.9710814571,0.00880438943473,650.163758055,0.125833247872,79758,5103264,13140672,0.0199631223436,0.0201539999999,0.0728406394504,26,26,0,0,0,0,0,0,0,0,0,0,2,75.9469573512,860286,,0,0.0,,heavy-0.5-16,heavy,0.5,16,qbr,main,,89af11a843b0b436c931e5c6eb962be91bfec491b2521a53b83544d8e41239d3,0.20375136799975735
single,aa93945be0f88dc2,61181,61181,48936,25826.6370282,12.9528303246,326.374550533,892.014898422,32.9230819524,0.0321235899951,2.3682,2.4468,38.9710814571,0.00880438943473,650.163758055,0.125833247872,79758,5103264,13140672,0.0199253410936,0.0200144999999,0.0728406394504,26,26,0,0,0,0,0,0,0,0,0,0,2,75.9469573512,860286,,0,0.0,,heavy-0.5-16,heavy,0.5,16,single,main,,89af11a843b0b436c931e5c6eb962be91bfec491b2521a53b83544d8e41239d3,0.20048568600032013
steal,aa93945be0f88dc2,61181,61181,48936,25826.6341972,12.9528303246,326.374550533,892.014898422,32.9235267975,0.0322053294098,2.368,2.4468,38.9710814571,0.00888094934286,650.163758055,0.125935801456,86815,5441616,13171120,0.0317754064999,0.0399264999999,0.0728316394504,4256,3616,640,0,0,73,121,3709.1,1.65753424658,7,0,0,131,320,895157,0.9576271186440678,118,0.0024113127350008172,7.3122969038450965,heavy-0.5-16,heavy,0.5,16,steal,main,,89af11a843b0b436c931e5c6eb962be91bfec491b2521a53b83544d8e41239d3,0.20853572799933318
threshold,aa93945be0f88dc2,61181,61181,48936,25826.6341972,12.9388914332,326.374550533,892.014898422,32.9121336474,0.0321440248488,2.36815,2.4468,38.9710814571,0.00885542937348,652.772322675,0.125730694288,79948,5112384,13146656,0.0202321562499,0.0205994999999,0.0728406394504,94,94,0,0,0,14,30,593,2.14285714286,4,0,0,33,277.695892529,861186,1.0,30,0.0006130456105934281,12.065814302369835,heavy-0.5-16,heavy,0.5,16,threshold,main,,89af11a843b0b436c931e5c6eb962be91bfec491b2521a53b83544d8e41239d3,0.1930469720000474
work,aa93945be0f88dc2,61181,61181,48936,25826.6341972,13.5510243373,326.374550533,892.014898422,33.2350789945,0.0324709825078,2.36735,2.4468,39.2919715402,0.0092637488835,650.163758055,0.125730694288,15936,1019904,13141248,0.00398400000004,0.00398400000004,0.146263774,0,0,0,0,0,0,0,0,0,0,0,0,0,0,510576,,0,0.0,,heavy-0.5-16,heavy,0.5,16,work,main,,89af11a843b0b436c931e5c6eb962be91bfec491b2521a53b83544d8e41239d3,0.14769995700044092
bwc,bf9cf433859c4507,61227,61227,48918,25684.6432655,13.3488297401,320.858955834,763.850746879,32.8752362619,0.0340161085899,2.3627,2.4459,40.9774154132,0.0108906345644,610.425207689,0.127394438723,44171,2826944,13121856,0.0110427500001,0.0126000000001,0.1151745,0,0,0,0,0,0,0,0,0,0,28235,1.73306180273,0,0,590622,,0,0.0,,heavy-0.5-17,heavy,0.5,17,bwc,main,,c79dc327f1976df9a251fd8ed711d54192cc19ecdaefa932a98168921ce0abe0,0.13992798900017078
jbsq,bf9cf433859c4507,61227,61227,48918,25684.6432655,12.7177535392,320.858955834,763.850746879,32.503027048,0.033566376385,2.3638,2.4459,40.476945444,0.0103295245868,610.425207689,0.127394438723,0,0,13121728,0,0,0.12231,0,0,0,0,0,0,0,0,0,0,0,0,0,0,428588,,0,0.0,,heavy-0.5-17,heavy,0.5,17,jbsq,main,,c79dc327f1976df9a251fd8ed711d54192cc19ecdaefa932a98168921ce0abe0,0.10674602699964453
jsw,bf9cf433859c4507,61227,61227,48918,25684.6432655,12.9667831549,320.858955834,763.850746879,32.6851927858,0.0336685882497,2.36355,2.4459,40.5184223894,0.0104060395838,610.425207689,0.127600411946,15936,1019904,13121728,0.00398400000004,0.00398400000004,0.0728220000008,0,0,0,0,0,0,0,0,0,0,0,0,0,0,449220,,0,0.0,,heavy-0.5-17,heavy,0.5,17,jsw,main,,c79dc327f1976df9a251fd8ed711d54192cc19ecdaefa932a98168921ce0abe0,0.14406810800028325
p2c,bf9cf433859c4507,61227,61227,48918,25684.6432655,12.7314712927,320.858955834,763.850746879,32.5201360095,0.0336481458768,2.3636,2.4459,40.5184223894,0.0104315445827,610.425207689,0.127394438723,15936,1019904,13121728,0.00398400000004,0.00398400000004,0.0728220000008,0,0,0,0,0,0,0,0,0,0,0,0,0,0,449220,,0,0.0,,heavy-0.5-17,heavy,0.5,17,p2c,main,,c79dc327f1976df9a251fd8ed711d54192cc19ecdaefa932a98168921ce0abe0,0.11991008000040893
qbr,bf9cf433859c4507,61227,61227,48918,25684.6432655,12.9807499381,321.18081479,764.615597626,32.7037781671,0.0338525696063,2.3631,2.4459,40.6847453556,0.0106100795756,611.036632897,0.127703398558,79755,5103120,13123360,0.0199674062499,0.0201469999999,0.0728220000008,27,27,0,0,0,6,10,71,1.66666666667,3,0,0,21,72.2734508379,857874,1.0,10,0.00020442372950652113,14.22890467050529,heavy-0.5-17,heavy,0.5,17,qbr,main,,c79dc327f1976df9a251fd8ed711d54192cc19ecdaefa932a98168921ce0abe0,0.19271910099996603
single,bf9cf433859c4507,61227,61227,48918,25684.6432655,12.9667831549,320.858955834,763.850746879,32.6872710357,0.0337094729956,2.36345,2.4459,40.5184223894,0.0105080595797,610.425207689,0.127394438723,79756,5103168,13122080,0.0199254687499,0.0200049999999,0.0728220000008,26,26,0,0,0,2,2,14.2,1,1,0,0,6,66.388190258,857932,1.0,2,4.088474590130423e-05,14.119524359064599,heavy-0.5-17,heavy,0.5,17,single,main,,c79dc327f1976df9a251fd8ed711d54192cc19ecdaefa932a98168921ce0abe0,0.18774018800013437
steal,bf9cf433859c4507,61227,61227,48918,25684.6432655,12.9667831549,320.858955834,763.850746879,32.682740655,0.0337094729956,2.36345,2.4459,40.6015007526,0.0104825545807,610.425207689,0.127497425335,85687,5387232,13140032,0.0298909576347,0.0359034999999,0.0728115000008,3579,3047,532,0,0,48,78,2073.8,1.625,5,0,0,87,320,890813,0.9871794871794872,78,0.0015945050901508646,7.346661004972632,heavy-0.5-17,heavy,0.5,17,steal,main,,c79dc327f1976df9a251fd8ed711d54192cc19ecdaefa932a98168921ce0abe0,0.2269828629996482
threshold,bf9cf433859c4507,61227,61227,48918,25684.6432655,12.9667831549,320.858955834,764.615597626,32.6929196639,0.0337299153686,2.3634,2.4459,40.6847453556,0.0105080595797,610.425207689,0.127497425335,80013,5115504,13129184,0.0203260781249,0.0207209999999,0.0728220000008,119,117,2,0,0,22,35,723.5,1.59090909091,4,0,0,41,294.475,859140,1.0,35,0.0007154830532728239,12.18487488278427,heavy-0.5-17,heavy,0.5,17,threshold,main,,c79dc327f1976df9a251fd8ed711d54192cc19ecdaefa932a98168921ce0abe0,0.1854476570006227
work,bf9cf433859c4507,61227,61227,48918,25684.6432655,13.4784869727,320.858955834,763.850746879,32.9678592274,0.0340978780817,2.3625,2.4459,40.9774154132,0.0109671495613,610.425207689,0.127497425335,15936,1019904,13121920,0.00398400000004,0.00398400000004,0.1462125,0,0,0,0,0,0,0,0,0,0,0,0,0,0,510446,,0,0.0,,heavy-0.5-17,heavy,0.5,17,work,main,,c79dc327f1976df9a251fd8ed711d54192cc19ecdaefa932a98168921ce0abe0,0.12531537900031253
bwc,7ab815d9d0827bb3,61372,61372,49067,25897.7147553,13.3488297401,338.708005819,799.03720086,33.4484945859,0.0351967717611,2.367,2.45335,41.5264080876,0.0112084776849,648.863381429,0.131179288554,44008,2816512,13187520,0.0110020000001,0.0133200000001,0.115079374752,0,0,0,0,0,0,0,0,0,0,28072,1.74736392135,0,0,591726,,0,0.0,,heavy-0.5-18,heavy,0.5,18,bwc,main,,912edaf1324fdbb1dfdd9332b7a4cd839b182a433b55ac3e5fed5e147983f95b,0.14005034799993155
jbsq,7ab815d9d0827bb3,61372,61372,49067,25897.7147553,12.7040494897,338.708005819,799.03720086,33.046619397,0.0347280249455,2.36815,2.45335,40.6431022534,0.0106225799878,648.863381429,0.131179288554,0,0,13187520,0,0,0.122634780968,0,0,0,0,0,0,0,0,0,0,0,0,0,0,429603,,0,0.0,,heavy-0.5-18,heavy,0.5,18,jbsq,main,,912edaf1324fdbb1dfdd9332b7a4cd839b182a433b55ac3e5fed5e147983f95b,0.15702060199964762
jsw,7ab815d9d0827bb3,61372,61372,49067,25897.7147553,12.9807499381,339.047713825,799.03720086,33.2682671309,0.0350133490941,2.36745,2.45335,40.8935863469,0.0109027919299,648.863381429,0.131485067781,15936,1019904,13187520,0.00398400000004,0.00398400000004,0.0729717740009,0,0,0,0,0,0,0,0,0,0,0,0,0,0,450770,,0,0.0,,heavy-0.5-18,heavy,0.5,18,jsw,main,,912edaf1324fdbb1dfdd9332b7a4cd839b182a433b55ac3e5fed5e147983f95b,0.13575924199994915
p2c,7ab815d9d0827bb3,61372,61372,49067,25897.7147553,12.7177535392,338.708005819,799.03720086,33.0634555855,0.0347891658345,2.368,2.45335,40.6847453556,0.0106990014265,648.863381429,0.131179288554,15936,1019904,13187520,0.00398400000004,0.00398400000004,0.0729717740009,0,0,0,0,0,0,0,0,0,0,0,0,0,0,450770,,0,0.0,,heavy-0.5-18,heavy,0.5,18,p2c,main,,912edaf1324fdbb1dfdd9332b7a4cd839b182a433b55ac3e5fed5e147983f95b,0.103661476000525
qbr,7ab815d9d0827bb3,61372,61372,49067,25897.7147553,12.9807499381,339.047713825,799.03720086,33.2625138987,0.0350744899831,2.3673,2.45335,40.9774154132,0.0109792133687,648.863381429,0.131485067781,79772,5103936,13188480,0.0199869531249,0.0201214999999,0.0729712809684,32,32,0,0,0,4,7,49.7,1.75,3,0,0,16,160.521045322,862837,1.0,7,0.00014266207430656041,15.062559568584609,heavy-0.5-18,heavy,0.5,18,qbr,main,,912edaf1324fdbb1dfdd9332b7a4cd839b182a433b55ac3e5fed5e147983f95b,0.18740110599992477
single,7ab815d9d0827bb3,61372,61372,49067,25897.7147553,12.9667831549,338.708005819,799.03720086,33.2647024273,0.0351356308721,2.36715,2.45335,41.0614122215,0.0111320562462,648.863381429,0.131179288554,79753,5103024,13188928,0.0199283281249,0.0199917499999,0.0729727809684,27,27,0,0,0,8,8,56.8,1,1,0,0,13,88.8025208956,862783,1.0,8,0.00016304237063606905,14.384727575664897,heavy-0.5-18,heavy,0.5,18,single,main,,912edaf1324fdbb1dfdd9332b7a4cd839b182a433b55ac3e5fed5e147983f95b,0.19246755499989376
steal,7ab815d9d0827bb3,61372,61372,49067,25898.5484945,12.9667831549,338.708005819,799.03720086,33.2600657294,0.0350337293904,2.3674,2.45335,40.8935863469,0.0109537395557,648.863381429,0.131383141372,87417,5470560,13221760,0.0327173593749,0.0414107499999,0.0729637809684,4535,3921,614,0,0,84,161,3518.1,1.91666666667,11,0,0,191,320,900240,0.9813664596273292,161,0.0032812277090508895,7.84640415377175,heavy-0.5-18,heavy,0.5,18,steal,main,,912edaf1324fdbb1dfdd9332b7a4cd839b182a433b55ac3e5fed5e147983f95b,0.19528711200018734
threshold,7ab815d9d0827bb3,61372,61372,49067,25897.7147553,12.9528303246,338.708005819,799.03720086,33.2416359634,0.0351152505757,2.3672,2.45335,40.9354799333,0.0110556348074,648.863381429,0.131383141372,80032,5116416,13195472,0.0203483906249,0.0207069999999,0.0729712809684,124,123,1,0,0,19,37,832.7,1.94736842105,8,0,0,39,279.277583477,863987,1.0,37,0.0007540709641918194,11.99870197788914,heavy-0.5-18,heavy,0.5,18,threshold,main,,912edaf1324fdbb1dfdd9332b7a4cd839b182a433b55ac3e5fed5e147983f95b,0.18829976600045484
work,7ab815d9d0827bb3,61372,61372,49067,25897.7147553,13.5510243373,338.708005819,799.03720086,33.5658216553,0.0352782929464,2.3668,2.45335,41.4414826808,0.0113103729366,648.863381429,0.131179288554,15936,1019904,13187264,0.00398400000004,0.00398400000004,0.146539274,0,0,0,0,0,0,0,0,0,0,0,0,0,0,512141,,0,0.0,,heavy-0.5-18,heavy,0.5,18,work,main,,912edaf1324fdbb1dfdd9332b7a4cd839b182a433b55ac3e5fed5e147983f95b,0.15566845600005763
bwc,ef76a9045eb79e7e,61074,61074,48844,26448.0212142,13.3344952449,322.794943895,858.733323016,32.9045428333,0.0326140365244,2.36255,2.4422,39.2919715402,0.00956423895254,642.400347594,0.125154004107,43915,2810560,13117760,0.0109787500001,0.0132200000001,0.114709,0,0,0,0,0,0,0,0,0,0,27979,1.74555916938,0,0,592224,,0,0.0,,heavy-0.5-19,heavy,0.5,19,bwc,main,,63e5544f424ddcb6e29cd22e227ea007fc1e100ab0717e27da290b94a3d2c1ed,0.1810779690003983
jbsq,ef76a9045eb79e7e,61074,61074,48844,26448.0212142,12.7177535392,322.794943895,858.733323016,32.5360298443,0.0321636229629,2.36365,2.4422,38.7320921277,0.00902720949264,642.400347594,0.125051334702,0,0,13117888,0,0,0.1221025,0,0,0,0,0,0,0,0,0,0,0,0,0,0,427517,,0,0.0,,heavy-0.5-19,heavy,0.5,19,jbsq,main,,63e5544f424ddcb6e29cd22e227ea007fc1e100ab0717e27da290b94a3d2c1ed,0.09854733099928126
jsw,ef76a9045eb79e7e,61074,61074,48844,26448.0212142,12.9667831549,323.442857578,858.733323016,32.7316763613,0.0324297764311,2.363,2.4422,39.2517198204,0.00933408346972,642.400347594,0.125154004107,15936,1019904,13117760,0.00398400000004,0.00398400000004,0.0727480000008,0,0,0,0,0,0,0,0,0,0,0,0,0,0,450736,,0,0.0,,heavy-0.5-19,heavy,0.5,19,jsw,main,,63e5544f424ddcb6e29cd22e227ea007fc1e100ab0717e27da290b94a3d2c1ed,0.11212784700001066
p2c,ef76a9045eb79e7e,61074,61074,48844,26448.0212142,12.7314712927,323.118738839,858.733323016,32.5509094532,0.0321840963066,2.3636,2.4422,38.9311503068,0.00902720949264,642.400347594,0.125154004107,15936,1019904,13117888,0.00398400000004,0.00398400000004,0.0727480000008,0,0,0,0,0,0,0,0,0,0,0,0,0,0,450736,,0,0.0,,heavy-0.5-19,heavy,0.5,19,p2c,main,,63e5544f424ddcb6e29cd22e227ea007fc1e100ab0717e27da290b94a3d2c1ed,0.09936222000033013
qbr,ef76a9045eb79e7e,61074,61074,48844,26448.0212142,13.0087254187,322.794943895,858.733323016,32.7473221219,0.0323888297437,2.3631,2.4422,39.1713369751,0.00925736497545,642.400347594,0.125256673511,79762,5103456,13118624,0.0199714139999,0.0201213739999,0.0727480000008,28,28,0,0,0,2,5,35.5,2.5,3,0,0,8,73.1725160842,871528,1.0,5,0.00010236671853247072,17.861428998987684,heavy-0.5-19,heavy,0.5,19,qbr,main,,63e5544f424ddcb6e29cd22e227ea007fc1e100ab0717e27da290b94a3d2c1ed,0.20998626799973863
single,ef76a9045eb79e7e,61074,61074,48844,26448.0289295,12.9807499381,322.794943895,858.733323016,32.7365805644,0.0323274097126,2.36325,2.4422,39.0911146547,0.0092062193126,642.400347594,0.125154004107,79764,5103552,13118416,0.0199331171249,0.0200707499999,0.0727480000008,29,29,0,0,0,3,3,21.3,1,1,0,0,6,75.04694,871539,1.0,3,6.142003111948243e-05,15.90159752245745,heavy-0.5-19,heavy,0.5,19,single,main,,63e5544f424ddcb6e29cd22e227ea007fc1e100ab0717e27da290b94a3d2c1ed,0.20583532300042862
steal,ef76a9045eb79e7e,61074,61074,48844,26450.0881714,12.9528303246,323.118738839,858.733323016,32.7118757727,0.032225042994,2.3635,2.4422,39.0110525386,0.00907835515548,642.400347594,0.125154004107,86043,5404464,13143280,0.0304603281249,0.0377934999999,0.0727375000008,3760,3227,533,0,0,61,115,2716.5,1.88524590164,6,0,0,126,320,902663,0.991304347826087,115,0.002354434526246827,7.413077485958598,heavy-0.5-19,heavy,0.5,19,steal,main,,63e5544f424ddcb6e29cd22e227ea007fc1e100ab0717e27da290b94a3d2c1ed,0.1991129230000297
threshold,ef76a9045eb79e7e,61074,61074,48844,26448.0212142,12.9807499381,322.794943895,858.733323016,32.7361272969,0.0324707231185,2.3629,2.4422,39.2115083121,0.00935965630115,642.400347594,0.125256673511,80019,5115792,13129312,0.0203411171249,0.0206734999999,0.0727480000008,122,121,1,0,0,26,50,1305,1.92307692308,4,0,0,52,313.147759735,872652,1.0,50,0.0010236671853247072,11.552480085868629,heavy-0.5-19,heavy,0.5,19,threshold,main,,63e5544f424ddcb6e29cd22e227ea007fc1e100ab0717e27da290b94a3d2c1ed,0.1911103140000705
work,ef76a9045eb79e7e,61074,61074,48844,26448.0212142,13.5364878495,322.794943895,858.733323016,33.0329581013,0.0327573499304,2.3622,2.4422,39.4129683711,0.0097432487725,643.043747941,0.125154004107,15936,1019904,13117888,0.00398400000004,0.00398400000004,0.1460065,0,0,0,0,0,0,0,0,0,0,0,0,0,0,511809,,0,0.0,,heavy-0.5-19,heavy,0.5,19,work,main,,63e5544f424ddcb6e29cd22e227ea007fc1e100ab0717e27da290b94a3d2c1ed,0.12566281900035392
bwc,fef1de16c3908569,61275,61275,49031,26085.9437247,13.4351382382,322.794943895,791.08065546,33.0138928975,0.0338357365748,2.3686,2.45155,40.726430101,0.0104872745875,599.52341428,0.125704508857,44239,2831296,13229184,0.0110597500001,0.0127480000001,0.1153925,0,0,0,0,0,0,0,0,0,0,28303,1.7323958591,0,0,591844,,0,0.0,,heavy-0.5-20,heavy,0.5,20,bwc,main,,35b1fdb42ae559b0316b1b021fb27f4a8c30d60fc51e5f12967fc880a612b493,0.14325500600079977
jbsq,fef1de16c3908569,61275,61275,49031,26085.9437247,12.7727069147,322.794943895,791.08065546,32.6129236731,0.0335094124126,2.3694,2.45155,40.476945444,0.010154751247,599.52341428,0.12540257649,0,0,13229056,0,0,0.122575325024,0,0,0,0,0,0,0,0,0,0,0,0,0,0,428924,,0,0.0,,heavy-0.5-20,heavy,0.5,20,jbsq,main,,35b1fdb42ae559b0316b1b021fb27f4a8c30d60fc51e5f12967fc880a612b493,0.09858912099934969
jsw,fef1de16c3908569,61275,61275,49031,26085.9437247,13.0227341441,322.794943895,791.08065546,32.8074104515,0.0336521792335,2.36905,2.45155,40.6015007526,0.010308223558,599.52341428,0.125503220612,15936,1019904,13228992,0.00398400000004,0.00398400000004,0.0729350000009,0,0,0,0,0,0,0,0,0,0,0,0,0,0,450788,,0,0.0,,heavy-0.5-20,heavy,0.5,20,jsw,main,,35b1fdb42ae559b0316b1b021fb27f4a8c30d60fc51e5f12967fc880a612b493,0.11070485900017957
p2c,fef1de16c3908569,61275,61275,49031,26085.9437247,12.7864796216,322.794943895,791.08065546,32.6312439444,0.033570598193,2.36925,2.45155,40.5184223894,0.0102314874025,599.52341428,0.12540257649,15936,1019904,13229056,0.00398400000004,0.00398400000004,0.0729350000009,0,0,0,0,0,0,0,0,0,0,0,0,0,0,450788,,0,0.0,,heavy-0.5-20,heavy,0.5,20,p2c,main,,35b1fdb42ae559b0316b1b021fb27f4a8c30d60fc51e5f12967fc880a612b493,0.10035556999991968
qbr,fef1de16c3908569,61275,61275,49031,26085.9437247,13.0367568783,322.794943895,791.08065546,32.8103742992,0.033713365014,2.3689,2.45155,40.6015007526,0.010359380995,599.52341428,0.125603864734,79762,5103456,13229984,0.0199709999999,0.0200839999999,0.0729349700009,28,28,0,0,0,2,6,42.6,3,4,0,0,7,70.2344434409,865849,1.0,6,0.00012237156084925863,12.588369974959884,heavy-0.5-20,heavy,0.5,20,qbr,main,,35b1fdb42ae559b0316b1b021fb27f4a8c30d60fc51e5f12967fc880a612b493,0.21298206399933406
single,fef1de16c3908569,61275,61275,49031,26085.9437247,13.0227341441,322.794943895,791.08065546,32.8104238565,0.033713365014,2.3689,2.45155,40.6015007526,0.010359380995,599.52341428,0.125603864734,79785,5104560,13229776,0.0199501707499,0.0200612499999,0.0729350000009,36,36,0,0,0,3,3,21.3,1,1,0,0,9,86.0852354265,865959,1.0,3,6.118578042462932e-05,13.514732580929072,heavy-0.5-20,heavy,0.5,20,single,main,,35b1fdb42ae559b0316b1b021fb27f4a8c30d60fc51e5f12967fc880a612b493,0.19921694799995748
steal,fef1de16c3908569,61275,61275,49031,26085.9437247,13.0367568783,322.794943895,791.08065546,32.8174368146,0.0337541555343,2.3688,2.45155,40.6015007526,0.010359380995,599.52341428,0.125805152979,86543,5428384,13261264,0.0313338261249,0.0376434999999,0.0729260000009,4074,3491,584,0,0,83,164,2874.4,1.97590361446,6,0,0,178,320,901175,1.0,164,0.0033448226632130694,7.668292891253409,heavy-0.5-20,heavy,0.5,20,steal,main,,35b1fdb42ae559b0316b1b021fb27f4a8c30d60fc51e5f12967fc880a612b493,0.1967096460002722
threshold,fef1de16c3908569,61275,61275,49031,26085.9437247,13.0087254187,322.794943895,791.08065546,32.8037948674,0.033713365014,2.3689,2.45155,40.6015007526,0.0103849597135,599.52341428,0.125503220612,79982,5114016,13236288,0.0202823179061,0.0204829999999,0.0729350000009,108,106,2,0,0,20,27,856.7,1.35,4,0,0,28,320,867104,1.0,27,0.0005506720238216638,11.55525888249317,heavy-0.5-20,heavy,0.5,20,threshold,main,,35b1fdb42ae559b0316b1b021fb27f4a8c30d60fc51e5f12967fc880a612b493,0.1896532920000027
work,fef1de16c3908569,61275,61275,49031,26085.9437247,13.6239251148,322.794943895,791.08065546,33.1475993511,0.0340804796965,2.368,2.45155,41.2299104071,0.0108709553651,599.52341428,0.12540257649,15936,1019904,13229312,0.00398400000004,0.00398400000004,0.146482432718,0,0,0,0,0,0,0,0,0,0,0,0,0,0,512062,,0,0.0,,heavy-0.5-20,heavy,0.5,20,work,main,,35b1fdb42ae559b0316b1b021fb27f4a8c30d60fc51e5f12967fc880a612b493,0.11920296599964786
bwc,5dabdf05dcea9310,86198,86198,68892,26217.5498811,13.9490522223,331.652012215,857.874448568,33.7158343789,0.0333275271439,3.3298,3.4446,40.187764705,0.0101366721869,646.270413562,0.124722082766,52389,3352896,18581632,0.0130972500001,0.0208800000002,0.147472500001,0,0,0,0,0,0,0,0,0,0,36453,1.89007763421,0,0,783226,,0,0.0,,heavy-0.7-11,heavy,0.7,11,bwc,main,,493250abaff9ca16d4b2abcbd9fbda194f425339cd248ea195b8aa15edc3e31a,0.18607221599995682
jbsq,5dabdf05dcea9310,86198,86198,68892,26217.5498811,12.7314712927,331.652012215,857.874448568,32.9929740409,0.0327759391511,3.3317,3.4446,39.2919715402,0.00942692314692,646.270413562,0.124793803342,0,0,18581632,0,0,0.172236000001,0,0,0,0,0,0,0,0,0,0,0,0,0,0,603385,,0,0.0,,heavy-0.7-11,heavy,0.7,11,jbsq,main,,493250abaff9ca16d4b2abcbd9fbda194f425339cd248ea195b8aa15edc3e31a,0.17551193899998907
jsw,5dabdf05dcea9310,86198,86198,68892,26217.5498811,14.2356550462,332.984617507,857.874448568,34.3613961355,0.0365064158393,3.31885,3.4446,43.3496254642,0.0137036160804,646.270413562,0.126371656028,15936,1019904,18581824,0.00398400000004,0.00398400000004,0.0927960000013,0,0,0,0,0,0,0,0,0,0,0,0,0,0,600745,,0,0.0,,heavy-0.7-11,heavy,0.7,11,jsw,main,,493250abaff9ca16d4b2abcbd9fbda194f425339cd248ea195b8aa15edc3e31a,0.18655894400035322
p2c,5dabdf05dcea9310,86198,86198,68892,26217.5498811,13.3344952449,332.65096654,857.874448568,33.8333430714,0.0384514892876,3.31215,3.4446,45.8558928522,0.0161604396804,646.270413562,0.126299935451,15936,1019904,18581632,0.00398400000004,0.00398400000004,0.0927960000013,0,0,0,0,0,0,0,0,0,0,0,0,0,0,600745,,0,0.0,,heavy-0.7-11,heavy,0.7,11,p2c,main,,493250abaff9ca16d4b2abcbd9fbda194f425339cd248ea195b8aa15edc3e31a,0.15141656500054523
qbr,5dabdf05dcea9310,86198,86198,68892,26217.5498811,14.1748644784,332.984617507,857.874448568,34.2574347542,0.036027405214,3.3205,3.4446,42.8208731465,0.0132850461337,646.270413562,0.125654450262,81185,5171760,18624736,0.0219654218749,0.0228224999999,0.0927975000013,568,507,61,0,0,138,281,2090.1,2.03623188406,8,0,0,586,110.07283598,1024807,0.9822064056939501,281,0.004078848052023457,16.310429935400986,heavy-0.7-11,heavy,0.7,11,qbr,main,,493250abaff9ca16d4b2abcbd9fbda194f425339cd248ea195b8aa15edc3e31a,0.3034296710002309
single,5dabdf05dcea9310,86198,86198,68892,26217.5748727,14.2204346116,332.984617507,858.733323016,34.3031464361,0.0361290135284,3.32015,3.4446,43.5272902412,0.0133942382937,646.270413562,0.125726170838,81362,5180256,18608448,0.0213796249999,0.0220309999999,0.0927966912515,637,560,77,0,0,152,152,1079.2,1,1,0,0,355,126.101119266,1025593,0.9407894736842105,152,0.0022063519712013004,14.291581242187812,heavy-0.7-11,heavy,0.7,11,single,main,,493250abaff9ca16d4b2abcbd9fbda194f425339cd248ea195b8aa15edc3e31a,0.2754295289996662
steal,5dabdf05dcea9310,86198,86198,68892,26217.5498811,14.2661415919,332.984617507,859.593056339,34.3034663495,0.0355919410091,3.322,3.4446,42.8208731465,0.012648091867,646.270413562,0.126013053145,106092,6365600,19012768,0.0658907968748,0.0896584999998,0.0927720000013,16874,13794,3080,0,0,1070,2261,38378.1,2.11308411215,12,0,0,3067,320,1158530,0.9358690844758957,2261,0.032819485571619345,9.24676991008267,heavy-0.7-11,heavy,0.7,11,steal,main,,493250abaff9ca16d4b2abcbd9fbda194f425339cd248ea195b8aa15edc3e31a,0.2889485189998595
threshold,5dabdf05dcea9310,86198,86198,68892,26217.5498811,14.2814077335,332.317648891,860.453649396,34.3490733099,0.0359257968995,3.32085,3.4446,42.7333626877,0.013084860507,646.917683976,0.125941332568,84815,5345840,18874032,0.0270489889999,0.0290147499999,0.0927945000013,2043,1651,392,0,0,593,1607,25754.7,2.70994940978,13,0,0,2160,294.475,1042091,0.9676415681393902,1607,0.023326365906055857,12.155438071704303,heavy-0.7-11,heavy,0.7,11,threshold,main,,493250abaff9ca16d4b2abcbd9fbda194f425339cd248ea195b8aa15edc3e31a,0.26687717599997995
work,5dabdf05dcea9310,86198,86198,68892,26217.5498811,14.5432803643,331.652012215,857.874448568,34.0937251304,0.0335742901933,3.32895,3.4446,40.3527630552,0.0104278512803,646.270413562,0.124793803342,15936,1019904,18581504,0.00398400000004,0.00398400000004,0.196137,0,0,0,0,0,0,0,0,0,0,0,0,0,0,686942,,0,0.0,,heavy-0.7-11,heavy,0.7,11,work,main,,493250abaff9ca16d4b2abcbd9fbda194f425339cd248ea195b8aa15edc3e31a,0.21775787600017793
bwc,e191a44f17091f77,86048,86048,68708,25701.4859612,13.9042946107,336.676872671,799.837238061,33.8662575561,0.0338388542819,3.31915,3.4354,39.8597404179,0.00984600770875,649.51324481,0.127891156463,52258,3344512,18555520,0.0130645000001,0.0176240000001,0.147093500001,0,0,0,0,0,0,0,0,0,0,36322,1.89210395903,0,0,779828,,0,0.0,,heavy-0.7-12,heavy,0.7,12,bwc,main,,6f3b867022ff57062b6bcce839f4866a15a0ddadf18807c6ec6e79369859d221,0.25939125300010346
jbsq,e191a44f17091f77,86048,86048,68708,25701.4859612,12.745202764,336.676872671,799.837238061,33.1815507118,0.0332275717529,3.32125,3.4354,38.8514076401,0.00909705350456,649.51324481,0.127819548872,0,0,18555520,0,0,0.171789500001,0,0,0,0,0,0,0,0,0,0,0,0,0,0,602335,,0,0.0,,heavy-0.7-12,heavy,0.7,12,jbsq,main,,6f3b867022ff57062b6bcce839f4866a15a0ddadf18807c6ec6e79369859d221,0.15512475699961215
jsw,e191a44f17091f77,86048,86048,68708,25715.8539022,14.3119858304,338.368637182,799.837238061,34.5806899071,0.0364586365489,3.31015,3.4354,42.255169636,0.012750488647,651.466736735,0.129394915861,15936,1019904,18556032,0.00398400000004,0.00398400000004,0.0926120000013,0,0,0,0,0,0,0,0,0,0,0,0,0,0,598246,,0,0.0,,heavy-0.7-12,heavy,0.7,12,jsw,main,,6f3b867022ff57062b6bcce839f4866a15a0ddadf18807c6ec6e79369859d221,0.15890401199976623
p2c,e191a44f17091f77,86048,86048,68708,25701.4859612,13.3775417484,337.352564093,799.837238061,34.093073682,0.0396023752693,3.29935,3.4354,47.0894967604,0.0168971375336,649.51324481,0.128607232367,15936,1019904,18555776,0.00398400000004,0.00398400000004,0.0926120000013,0,0,0,0,0,0,0,0,0,0,0,0,0,0,598200,,0,0.0,,heavy-0.7-12,heavy,0.7,12,p2c,main,,6f3b867022ff57062b6bcce839f4866a15a0ddadf18807c6ec6e79369859d221,0.20673811100004968
qbr,e191a44f17091f77,86048,86048,68708,25701.4859612,14.2966891412,338.368637182,805.459944367,34.559601338,0.0367060604296,3.3093,3.4354,42.9524672724,0.0130975649855,649.51324481,0.12925170068,81428,5183424,18603136,0.0222822656249,0.0233174999999,0.0926120000013,660,580,81,0,0,152,309,2288.9,2.03289473684,6,0,0,658,118.362892364,1015155,0.9710610932475884,311,0.004526401583512837,16.192748163318534,heavy-0.7-12,heavy,0.7,12,qbr,main,,6f3b867022ff57062b6bcce839f4866a15a0ddadf18807c6ec6e79369859d221,0.25911086999985855
single,e191a44f17091f77,86048,86048,68708,25701.4859612,14.3119858304,338.708005819,799.837238061,34.6088436569,0.0371863538453,3.30765,3.4354,43.5718175315,0.0136638474325,649.51324481,0.129394915861,81462,5185056,18588304,0.0214870554171,0.0220307499999,0.0926120000013,689,587,102,0,0,183,183,1299.3,1,1,0,0,423,112.700725994,1015420,0.9453551912568307,183,0.0026634453047680038,14.069819056793353,heavy-0.7-12,heavy,0.7,12,single,main,,6f3b867022ff57062b6bcce839f4866a15a0ddadf18807c6ec6e79369859d221,0.2594912260001365
steal,e191a44f17091f77,86048,86048,68708,25701.4859612,14.342625114,337.690916657,799.837238061,34.5279086155,0.0362548757059,3.31085,3.4354,42.4718784687,0.0125678168898,651.466736735,0.129108485499,107770,6446304,19004528,0.0687754803474,0.0956604999998,0.0925880000013,17853,14679,3174,0,0,1174,2431,37400.1,2.07069846678,11,0,0,3513,320,1157063,0.9377832715286362,2427,0.03532339756651336,9.027825843256913,heavy-0.7-12,heavy,0.7,12,steal,main,,6f3b867022ff57062b6bcce839f4866a15a0ddadf18807c6ec6e79369859d221,0.2866029950000666
threshold,e191a44f17091f77,86048,86048,68708,25701.4859612,14.2966891412,338.029607574,811.12212789,34.5123680766,0.0361238865925,3.3113,3.4354,41.9535909689,0.0124216794841,651.466736735,0.129036877909,84764,5343424,18838768,0.0270106874999,0.0282319999999,0.0926105000013,2013,1655,358,0,0,589,1600,23805,2.71646859083,12,0,0,2164,279.197870367,1031807,0.95625,1600,0.023286953484310414,11.681918534903025,heavy-0.7-12,heavy,0.7,12,threshold,main,,6f3b867022ff57062b6bcce839f4866a15a0ddadf18807c6ec6e79369859d221,0.26970254099978774
work,e191a44f17091f77,86048,86048,68708,25701.5029465,14.5588236446,336.676872671,799.837238061,34.2710975395,0.0343919194271,3.31725,3.4354,40.6015007526,0.0105218932101,649.51324481,0.127962764053,15936,1019904,18555584,0.00398400000004,0.00398400000004,0.1957055,0,0,0,0,0,0,0,0,0,0,0,0,0,0,684247,,0,0.0,,heavy-0.7-12,heavy,0.7,12,work,main,,6f3b867022ff57062b6bcce839f4866a15a0ddadf18807c6ec6e79369859d221,0.19062167599986424
bwc,db58fd76e1f0d2a9,86604,86604,69159,26457.02819,13.9042946107,329.993730314,827.519803419,33.6119138453,0.0336037247502,3.34175,3.45795,40.476945444,0.0103729940726,660.660883674,0.126600593214,52895,3385280,18586752,0.0132237500001,0.0182360000002,0.148500566186,0,0,0,0,0,0,0,0,0,0,36959,1.8712086366,0,0,789140,,0,0.0,,heavy-0.7-13,heavy,0.7,13,bwc,main,,951448acfe79155866cb58fbb5bcefba28dd36df628d499cabae3f0fd1b9c87d,0.24175093399935577
jbsq,db58fd76e1f0d2a9,86604,86604,69159,26457.0167284,12.745202764,329.332734513,827.519803419,32.9035942681,0.0330687256901,3.3436,3.45795,39.7781433531,0.00972242301576,660.660883674,0.126528250018,0,0,18586944,0,0,0.172899566186,0,0,0,0,0,0,0,0,0,0,0,0,0,0,606227,,0,0.0,,heavy-0.7-13,heavy,0.7,13,jbsq,main,,951448acfe79155866cb58fbb5bcefba28dd36df628d499cabae3f0fd1b9c87d,0.16369357099938497
jsw,db58fd76e1f0d2a9,86604,86604,69159,26457.6426136,14.2508907012,330.987704818,827.519803419,34.3818613431,0.0382741219509,3.3256,3.45795,45.6689369042,0.0157040624548,663.311499822,0.128626202706,15936,1019904,18587520,0.00398400000004,0.00398400000004,0.0930620661869,0,0,0,0,0,0,0,0,0,0,0,0,0,0,603946,,0,0.0,,heavy-0.7-13,heavy,0.7,13,jsw,main,,951448acfe79155866cb58fbb5bcefba28dd36df628d499cabae3f0fd1b9c87d,0.15919641100026638
p2c,db58fd76e1f0d2a9,86604,86604,69159,26457.0167284,13.3919192902,330.656048769,827.519803419,33.8427969855,0.0395465521479,3.3212,3.45795,47.0414553051,0.0174208471881,660.660883674,0.128119800333,15936,1019904,18586880,0.00398400000004,0.00398400000004,0.0930620661869,0,0,0,0,0,0,0,0,0,0,0,0,0,0,603944,,0,0.0,,heavy-0.7-13,heavy,0.7,13,p2c,main,,951448acfe79155866cb58fbb5bcefba28dd36df628d499cabae3f0fd1b9c87d,0.15629335900030128
qbr,db58fd76e1f0d2a9,86604,86604,69159,26457.0167284,14.2356550462,330.987704818,827.519803419,34.2460618635,0.0358883153313,3.33385,3.45795,42.6460269877,0.0127764926991,663.311499822,0.128409173117,81380,5181024,18636176,0.0222125781249,0.0230559999999,0.0930620661869,656,552,105,0,0,159,329,2335.9,2.06918238994,7,0,0,671,115.562752999,1032594,0.9726443768996961,329,0.004757153805000072,14.608736873806444,heavy-0.7-13,heavy,0.7,13,qbr,main,,951448acfe79155866cb58fbb5bcefba28dd36df628d499cabae3f0fd1b9c87d,0.32124997099981556
single,db58fd76e1f0d2a9,86604,86604,69159,26457.2013257,14.2052293822,330.324724045,827.519803419,34.2246954873,0.0363220983531,3.33235,3.45795,43.2168422427,0.0132463495735,660.660883674,0.128698545902,81314,5177952,18613312,0.0213362499999,0.0217052499999,0.0930620661869,619,544,75,0,0,148,148,1145.8,1,1,0,0,343,148.291820063,1032572,0.9527027027027027,148,0.002139996240547145,13.731339206986057,heavy-0.7-13,heavy,0.7,13,single,main,,951448acfe79155866cb58fbb5bcefba28dd36df628d499cabae3f0fd1b9c87d,0.2767352500004563
steal,db58fd76e1f0d2a9,86604,86604,69159,26457.0167284,14.2661415919,330.987704818,827.519803419,34.237683332,0.0360184502379,3.3334,3.45795,42.9085587136,0.0128668497904,661.322544558,0.128698545902,107066,6412528,19035728,0.0676372912791,0.0934191098331,0.0930380661869,17513,14316,3196,0,0,1150,2418,37972.8,2.10260869565,12,0,0,3430,320,1170169,0.9231087226126499,2419,0.03497737098569962,8.952280707772447,heavy-0.7-13,heavy,0.7,13,steal,main,,951448acfe79155866cb58fbb5bcefba28dd36df628d499cabae3f0fd1b9c87d,0.2992088060000242
threshold,db58fd76e1f0d2a9,86604,86604,69159,26457.0167284,14.2508907012,330.656048769,827.519803419,34.2516132891,0.0362353417487,3.33265,3.45795,43.4383690647,0.0133005638282,660.660883674,0.128047457137,84955,5352496,18880896,0.0272342656249,0.0299394999999,0.0930620661869,2090,1697,393,0,0,588,1667,24755.7,2.83503401361,14,0,0,2232,316.74448543,1050486,0.9334931096464949,1669,0.024132795442386386,11.594234278603455,heavy-0.7-13,heavy,0.7,13,threshold,main,,951448acfe79155866cb58fbb5bcefba28dd36df628d499cabae3f0fd1b9c87d,0.2855080570006976
work,db58fd76e1f0d2a9,86604,86604,69159,26457.0167284,14.5432803643,329.332734513,827.519803419,34.0107220441,0.0339362917335,3.3406,3.45795,40.9354799333,0.0108067081105,660.660883674,0.126528250018,15936,1019904,18586624,0.00398400000004,0.00398400000004,0.196795372838,0,0,0,0,0,0,0,0,0,0,0,0,0,0,690547,,0,0.0,,heavy-0.7-13,heavy,0.7,13,work,main,,951448acfe79155866cb58fbb5bcefba28dd36df628d499cabae3f0fd1b9c87d,0.1649281570007588
bwc,2770a0476dee987e,86316,86316,69133,26196.2103549,13.8448261776,326.04750303,863.904636162,33.1983889861,0.0330088380368,3.34255,3.45665,40.3941158182,0.0102431621924,637.914506459,0.124464765222,52343,3349952,18564416,0.0130855899123,0.0177200000001,0.147650500001,0,0,0,0,0,0,0,0,0,0,36407,1.89892053726,0,0,783846,,0,0.0,,heavy-0.7-14,heavy,0.7,14,bwc,main,,b35ba1e8d9d6b40f70fa58f2302368e6ef611595dc28ca2f0e3d99a24e585f6c,0.21273684900006629
jbsq,2770a0476dee987e,86316,86316,69133,26196.2103549,12.6903591305,326.04750303,863.904636162,32.496426495,0.0322277349457,3.34525,3.45665,39.3322635118,0.00926762293601,637.914506459,0.124464765222,0,0,18564288,0,0,0.172828000001,0,0,0,0,0,0,0,0,0,0,0,0,0,0,604211,,0,0.0,,heavy-0.7-14,heavy,0.7,14,jbsq,main,,b35ba1e8d9d6b40f70fa58f2302368e6ef611595dc28ca2f0e3d99a24e585f6c,0.15978155999982846
jsw,2770a0476dee987e,86316,86316,69133,26197.7432714,14.1597047736,327.357656636,863.904636162,33.8493065514,0.0361911098896,3.33155,3.45665,43.9745722243,0.0137840083824,637.914506459,0.126206546193,15936,1019904,18564416,0.00398400000004,0.00398400000004,0.0930370000013,0,0,0,0,0,0,0,0,0,0,0,0,0,0,601390,,0,0.0,,heavy-0.7-14,heavy,0.7,14,jsw,main,,b35ba1e8d9d6b40f70fa58f2302368e6ef611595dc28ca2f0e3d99a24e585f6c,0.16014336899934278
p2c,2770a0476dee987e,86316,86316,69133,26196.2103549,13.1919355463,327.029627009,863.904636162,33.2311830711,0.0374206240146,3.3273,3.45665,45.3899007229,0.0155183003938,637.914506459,0.125408229915,15936,1019904,18564416,0.00398400000004,0.00398400000004,0.0930370000013,0,0,0,0,0,0,0,0,0,0,0,0,0,0,601385,,0,0.0,,heavy-0.7-14,heavy,0.7,14,p2c,main,,b35ba1e8d9d6b40f70fa58f2302368e6ef611595dc28ca2f0e3d99a24e585f6c,0.16196761700030038
qbr,2770a0476dee987e,86316,86316,69133,26196.2103549,14.1143164661,327.357656636,863.904636162,33.754150425,0.0353087526941,3.3346,3.45665,42.4718784687,0.0126639447917,637.914506459,0.126279120401,81211,5173008,18602288,0.0219599999999,0.0233952499999,0.0930370000013,573,502,71,0,0,117,252,1789.2,2.15384615385,7,0,0,551,128.232126138,1025057,0.9484126984126984,252,0.0036451477586680746,15.239754633469591,heavy-0.7-14,heavy,0.7,14,qbr,main,,b35ba1e8d9d6b40f70fa58f2302368e6ef611595dc28ca2f0e3d99a24e585f6c,0.31082600300032937
single,2770a0476dee987e,86316,86316,69133,26196.2103549,14.0540100417,327.029627009,865.635310339,33.7045864442,0.0351496391014,3.33515,3.45665,42.6024245632,0.012555551541,637.914506459,0.125916249365,81162,5170656,18588400,0.0212006562499,0.0217477499999,0.0930370000013,565,489,76,0,0,137,137,972.7,1,1,0,0,310,104.714691461,1024820,0.9562043795620438,137,0.0019816874719743105,13.667743760708147,heavy-0.7-14,heavy,0.7,14,single,main,,b35ba1e8d9d6b40f70fa58f2302368e6ef611595dc28ca2f0e3d99a24e585f6c,0.3143451849991834
steal,2770a0476dee987e,86316,86316,69133,26197.538971,14.1143164661,327.357656636,863.904636162,33.7124246441,0.0346289037073,3.33695,3.45665,42.1687888895,0.0119593886621,637.914506459,0.125698526744,105720,6347792,18994720,0.0650671028748,0.0927422499998,0.0930070000013,16375,13610,2765,0,0,1079,2297,37303.7,2.12882298424,13,0,0,3056,306.193644023,1158311,0.9345835150457915,2293,0.03316795162946784,9.0392566298234,heavy-0.7-14,heavy,0.7,14,steal,main,,b35ba1e8d9d6b40f70fa58f2302368e6ef611595dc28ca2f0e3d99a24e585f6c,0.295818638000128
threshold,2770a0476dee987e,86316,86316,69133,26197.802085,14.1143164661,326.701925084,863.904636162,33.7142702988,0.0345999739632,3.33705,3.45665,41.9535909689,0.0117787332442,638.553420966,0.126279120401,84236,5318144,18812384,0.0262646274767,0.0274682499999,0.0930355000013,1776,1501,276,0,0,494,1366,21858.6,2.76518218623,14,0,0,1799,294.475,1040211,0.9561082662765179,1367,0.019773480103568483,11.72306672068804,heavy-0.7-14,heavy,0.7,14,threshold,main,,b35ba1e8d9d6b40f70fa58f2302368e6ef611595dc28ca2f0e3d99a24e585f6c,0.2757947640002385
work,2770a0476dee987e,86316,86316,69133,26196.2103549,14.5277526116,326.04750303,863.904636162,33.6020506684,0.0335151085589,3.3408,3.45665,41.0614122215,0.0108212595296,637.914506459,0.124682487844,15936,1019904,18564160,0.00398400000004,0.00398400000004,0.1967365,0,0,0,0,0,0,0,0,0,0,0,0,0,0,687700,,0,0.0,,heavy-0.7-14,heavy,0.7,14,work,main,,b35ba1e8d9d6b40f70fa58f2302368e6ef611595dc28ca2f0e3d99a24e585f6c,0.17314624000027834
bwc,50102bf33f7be5da,85485,85485,68424,26804.5214439,13.8596710038,320.216202213,746.468530724,33.1624586148,0.034023149772,3.3048,3.4212,40.7681565311,0.0108872070758,614.102942551,0.127382441681,51835,3317440,18354304,0.0129587500001,0.0192720000001,0.146180914212,0,0,0,0,0,0,0,0,0,0,35899,1.9055405443,0,0,778078,,0,0.0,,heavy-0.7-15,heavy,0.7,15,bwc,main,,9ae99dc142e60728dcc87049ea8164b10c6f5d8b911ac2884e366e9d42f6e0df,0.1902489610001794
jbsq,50102bf33f7be5da,85485,85485,68424,26804.5214439,12.7040494897,319.895306906,746.468530724,32.4545876971,0.0332047234888,3.3076,3.4212,39.9006001583,0.00988419804869,614.102942551,0.127308852749,0,0,18353984,0,0,0.171043500001,0,0,0,0,0,0,0,0,0,0,0,0,0,0,598394,,0,0.0,,heavy-0.7-15,heavy,0.7,15,jbsq,main,,9ae99dc142e60728dcc87049ea8164b10c6f5d8b911ac2884e366e9d42f6e0df,0.1953910949996498
jsw,50102bf33f7be5da,85485,85485,68424,26809.2283918,14.0089381853,321.502995605,747.964215254,33.5912364813,0.0357769203788,3.2988,3.4212,42.8646940196,0.0127838059633,614.102942551,0.128559864596,15936,1019904,18354560,0.00398400000004,0.00398400000004,0.0923280000013,0,0,0,0,0,0,0,0,0,0,0,0,0,0,598352,,0,0.0,,heavy-0.7-15,heavy,0.7,15,jsw,main,,9ae99dc142e60728dcc87049ea8164b10c6f5d8b911ac2884e366e9d42f6e0df,0.15157988000009937
p2c,50102bf33f7be5da,85485,85485,68424,26804.5214439,13.1777577885,319.895306906,746.468530724,33.1220962131,0.0372968549047,3.2936,3.4212,45.020446002,0.0146804048509,614.102942551,0.128559864596,15936,1019904,18354176,0.00398400000004,0.00398400000004,0.0923280000013,0,0,0,0,0,0,0,0,0,0,0,0,0,0,598338,,0,0.0,,heavy-0.7-15,heavy,0.7,15,p2c,main,,9ae99dc142e60728dcc87049ea8164b10c6f5d8b911ac2884e366e9d42f6e0df,0.18190039400087699
qbr,50102bf33f7be5da,85485,85485,68424,26804.5214439,14.0239471235,320.858955834,746.468530724,33.6066617795,0.0356161580732,3.29935,3.4212,42.4718784687,0.0125832041579,614.102942551,0.128559864596,80872,5156736,18385728,0.0215112997081,0.0225202499999,0.0923265000013,442,400,42,0,0,92,214,1519.4,2.32608695652,9,0,0,428,132.764058886,1029949,0.9672897196261683,214,0.0031275575821349236,14.809613970311123,heavy-0.7-15,heavy,0.7,15,qbr,main,,9ae99dc142e60728dcc87049ea8164b10c6f5d8b911ac2884e366e9d42f6e0df,0.244260810999549
single,50102bf33f7be5da,85485,85485,68424,26804.5214439,13.993944241,320.216202213,747.964215254,33.5669108006,0.0352215596867,3.3007,3.4212,42.0825806456,0.0119996352694,614.102942551,0.128927809257,80992,5162496,18373504,0.0210383749999,0.0216752499999,0.0923280000013,486,448,38,0,0,108,108,766.8,1,1,0,0,238,120.635646034,1030798,0.9537037037037037,108,0.001578393546124167,12.517157863960518,heavy-0.7-15,heavy,0.7,15,single,main,,9ae99dc142e60728dcc87049ea8164b10c6f5d8b911ac2884e366e9d42f6e0df,0.2417986580003344
steal,50102bf33f7be5da,85485,85485,68424,26804.5214439,14.0239471235,320.537418416,746.468530724,33.5707743228,0.0351484859114,3.30095,3.4212,41.8249874887,0.012036108325,614.102942551,0.128412686732,104956,6310800,18737888,0.0636784682854,0.0890081479999,0.0923025000013,15894,13187,2706,0,0,978,2026,33479.6,2.07157464213,14,0,0,2702,320,1155668,0.9299111549851925,2026,0.029609493744884835,8.495951360517704,heavy-0.7-15,heavy,0.7,15,steal,main,,9ae99dc142e60728dcc87049ea8164b10c6f5d8b911ac2884e366e9d42f6e0df,0.2736877249999452
threshold,50102bf33f7be5da,85485,85485,68424,26804.5214439,14.0089381853,320.858955834,747.964215254,33.5606530359,0.0352654039518,3.30055,3.4212,42.1256632262,0.0123278927692,614.102942551,0.127823975274,83522,5283888,18592016,0.0253979649999,0.0263307499999,0.0923280000013,1495,1321,174,0,0,467,1318,20852.8,2.82226980728,12,0,0,1689,292.7,1043656,0.9628224582701063,1318,0.01926224716473752,11.372613587829623,heavy-0.7-15,heavy,0.7,15,threshold,main,,9ae99dc142e60728dcc87049ea8164b10c6f5d8b911ac2884e366e9d42f6e0df,0.2435420339998018
work,50102bf33f7be5da,85485,85485,68424,26804.5214439,14.4812623653,319.895306906,746.468530724,33.5557051129,0.0346515842394,3.30265,3.4212,41.5264080876,0.0116349047141,615.333763539,0.127529619545,15936,1019904,18354432,0.00398400000004,0.00398400000004,0.1949415,0,0,0,0,0,0,0,0,0,0,0,0,0,0,683822,,0,0.0,,heavy-0.7-15,heavy,0.7,15,work,main,,9ae99dc142e60728dcc87049ea8164b10c6f5d8b911ac2884e366e9d42f6e0df,0.16786486699948
bwc,8445f639c2ca755e,85541,85541,68251,25904.0863252,13.9490522223,320.216202213,876.969415406,33.3699444264,0.0330251571406,3.29985,3.41255,40.2289524697,0.0102322856986,649.51324481,0.124449339207,52079,3333056,18334400,0.0130197670228,0.0216960000002,0.146368000001,0,0,0,0,0,0,0,0,0,0,36143,1.88838779293,0,0,777088,,0,0.0,,heavy-0.7-16,heavy,0.7,16,bwc,main,,ca07847b48825191303f6cfbccc2049c13808853d61ec34a084133b422e591dc,0.20955101199979254
jbsq,8445f639c2ca755e,85541,85541,68251,25904.0863252,12.745202764,320.216202213,876.969415406,32.6472129435,0.0322632635419,3.30245,3.41255,39.3322635118,0.00928044516849,649.51324481,0.124449339207,0,0,18334400,0,0,0.170632019793,0,0,0,0,0,0,0,0,0,0,0,0,0,0,598786,,0,0.0,,heavy-0.7-16,heavy,0.7,16,jbsq,main,,ca07847b48825191303f6cfbccc2049c13808853d61ec34a084133b422e591dc,0.14423604000057821
jsw,8445f639c2ca755e,85541,85541,68251,25904.0863252,14.1748644784,322.471472423,879.605958438,33.9305543201,0.0356038739359,3.29105,3.41255,43.0404161594,0.0130511980377,649.51324481,0.126064610866,15936,1019904,18334336,0.00398400000004,0.00398400000004,0.0921550000013,0,0,0,0,0,0,0,0,0,0,0,0,0,0,595804,,0,0.0,,heavy-0.7-16,heavy,0.7,16,jsw,main,,ca07847b48825191303f6cfbccc2049c13808853d61ec34a084133b422e591dc,0.15871583799980726
p2c,8445f639c2ca755e,85541,85541,68251,25904.0863252,13.2487884969,320.537418416,876.969415406,33.3574059617,0.0369225359335,3.28655,3.41255,45.6689369042,0.0148633559701,650.163758055,0.125403817915,15936,1019904,18334400,0.00398400000004,0.00398400000004,0.0921550000013,0,0,0,0,0,0,0,0,0,0,0,0,0,0,595804,,0,0.0,,heavy-0.7-16,heavy,0.7,16,p2c,main,,ca07847b48825191303f6cfbccc2049c13808853d61ec34a084133b422e591dc,0.14896527400014747
qbr,8445f639c2ca755e,85541,85541,68251,25904.0863252,14.0992172489,322.148324099,876.969415406,33.8315864386,0.0350324537369,3.293,3.41255,42.6896730147,0.0123739268913,650.163758055,0.125917767988,80901,5158128,18367392,0.0215597063749,0.0220974999999,0.0921547305013,456,411,45,0,0,102,220,1562,2.1568627451,6,0,0,450,116.437402723,1013721,0.9818181818181818,220,0.003223395994197887,16.8404632623815,heavy-0.7-16,heavy,0.7,16,qbr,main,,ca07847b48825191303f6cfbccc2049c13808853d61ec34a084133b422e591dc,0.23965384700022696
single,8445f639c2ca755e,85541,85541,68251,25904.0863252,14.1748644784,320.537418416,876.969415406,33.8957153791,0.0351350163368,3.29265,3.41255,42.6896730147,0.012520363896,649.51324481,0.125844346549,81153,5170224,18358848,0.0211956093749,0.0217294999999,0.0921550000013,550,509,41,0,0,136,136,1060.6,1,1,0,0,316,109.409206326,1014820,0.9852941176470589,136,0.001992644796413239,15.255692177101176,heavy-0.7-16,heavy,0.7,16,single,main,,ca07847b48825191303f6cfbccc2049c13808853d61ec34a084133b422e591dc,0.2331655790003424
steal,8445f639c2ca755e,85541,85541,68251,25904.0863252,14.1597047736,320.537418416,876.969415406,33.8228090869,0.0342559083383,3.29565,3.41255,41.5689344957,0.0115319141147,649.51324481,0.125403817915,105892,6356112,18755248,0.0651943818147,0.0806974999998,0.0921265000013,16304,13685,2619,0,0,1060,2266,35753.6,2.13773584906,11,0,0,2935,320,1146612,0.9347442680776014,2268,0.03323028234018549,8.565475122951288,heavy-0.7-16,heavy,0.7,16,steal,main,,ca07847b48825191303f6cfbccc2049c13808853d61ec34a084133b422e591dc,0.2801989619993037
threshold,8445f639c2ca755e,85541,85541,68251,25904.0863252,14.1143164661,321.502995605,876.969415406,33.8115640745,0.0345342925378,3.2947,3.41255,41.8249874887,0.0118613973751,650.163758055,0.125477239354,83894,5301632,18574144,0.0258436028436,0.0273319999999,0.0921550000013,1647,1410,237,0,0,480,1305,21615.5,2.71875,11,0,0,1683,289.8571011,1028505,0.9517241379310345,1305,0.01912059896558292,11.693636492605304,heavy-0.7-16,heavy,0.7,16,threshold,main,,ca07847b48825191303f6cfbccc2049c13808853d61ec34a084133b422e591dc,0.24701504099994054
work,8445f639c2ca755e,85541,85541,68251,25904.0863252,14.5432803643,320.216202213,876.969415406,33.7326079341,0.0334207557398,3.2985,3.41255,40.7681565311,0.0106349874613,649.51324481,0.124816446402,15936,1019904,18334208,0.00398400000004,0.00398400000004,0.194532201974,0,0,0,0,0,0,0,0,0,0,0,0,0,0,681344,,0,0.0,,heavy-0.7-16,heavy,0.7,16,work,main,,ca07847b48825191303f6cfbccc2049c13808853d61ec34a084133b422e591dc,0.1881016709994583
bwc,f1e36ef877142a50,85952,85952,68748,25622.2720936,13.9789652758,323.767300436,792.665608851,33.4129131523,0.0342119043463,3.3198,3.4374,41.2299104071,0.011266836549,622.770582629,0.125506952491,52162,3338368,18501056,0.0130405000001,0.0169160000001,0.146989500001,0,0,0,0,0,0,0,0,0,0,36226,1.89744934577,0,0,779200,,0,0.0,,heavy-0.7-17,heavy,0.7,17,bwc,main,,ee4100bbaf611b420f11fa48cf73fab8e27b94e225b4d530da182bdefbda808a,0.22926012500010984
jbsq,f1e36ef877142a50,85952,85952,68748,25622.2720936,12.745202764,323.767300436,792.665608851,32.6890616606,0.0336300692384,3.3218,3.4374,40.6847453556,0.0105387695668,622.770582629,0.125506952491,0,0,18501120,0,0,0.171850500001,0,0,0,0,0,0,0,0,0,0,0,0,0,0,601663,,0,0.0,,heavy-0.7-17,heavy,0.7,17,jbsq,main,,ee4100bbaf611b420f11fa48cf73fab8e27b94e225b4d530da182bdefbda808a,0.1563771640003324
jsw,f1e36ef877142a50,85952,85952,68748,25622.2720936,14.2204346116,324.742576964,792.665608851,34.0024051799,0.0374265433176,3.30875,3.4374,44.471773556,0.014816163087,622.770582629,0.127389918888,15936,1019904,18501120,0.00398400000004,0.00398400000004,0.0926520000013,0,0,0,0,0,0,0,0,0,0,0,0,0,0,597372,,0,0.0,,heavy-0.7-17,heavy,0.7,17,jsw,main,,ee4100bbaf611b420f11fa48cf73fab8e27b94e225b4d530da182bdefbda808a,0.15566983500048082
p2c,f1e36ef877142a50,85952,85952,68748,25622.2720936,13.2630372853,324.092067736,792.665608851,33.4506238001,0.0391575027637,3.3028,3.4374,46.7542127596,0.0172369858027,622.770582629,0.126376013905,15936,1019904,18501184,0.00398400000004,0.00398400000004,0.0926520000013,0,0,0,0,0,0,0,0,0,0,0,0,0,0,597372,,0,0.0,,heavy-0.7-17,heavy,0.7,17,p2c,main,,ee4100bbaf611b420f11fa48cf73fab8e27b94e225b4d530da182bdefbda808a,0.14497747399946093
qbr,f1e36ef877142a50,85952,85952,68748,25622.2720936,14.2204346116,324.417159804,792.665608851,33.9523121867,0.0362483272241,3.3128,3.4374,43.5272902412,0.0135420458682,622.770582629,0.126593279258,81230,5173920,18539328,0.0220024218749,0.0228617499999,0.0926520000013,582,514,68,0,0,128,249,1767.9,1.9453125,7,0,0,526,144.377544568,1012568,0.9879518072289156,249,0.003621923546866818,15.365780897352263,heavy-0.7-17,heavy,0.7,17,qbr,main,,ee4100bbaf611b420f11fa48cf73fab8e27b94e225b4d530da182bdefbda808a,0.24165176700080337
single,f1e36ef877142a50,85952,85952,68748,25622.2720936,14.1900393428,325.068319541,792.665608851,33.9935465191,0.0372374469075,3.3094,3.4374,44.0645663434,0.0147251547142,623.394353212,0.126810544612,81311,5177808,18526784,0.0213344536249,0.0218832499999,0.0926520000013,618,544,73,0,0,148,148,1050.8,1,1,0,0,330,135.930868461,1012720,0.9664429530201343,149,0.0021673357770407866,14.17219201793141,heavy-0.7-17,heavy,0.7,17,single,main,,ee4100bbaf611b420f11fa48cf73fab8e27b94e225b4d530da182bdefbda808a,0.2347261230006552
steal,f1e36ef877142a50,85952,85952,68748,25622.2720936,14.1748644784,325.720782248,795.048987468,33.9120720782,0.0359719555478,3.31375,3.4374,43.2168422427,0.0132326174008,625.269410079,0.126448435689,105613,6342624,18899248,0.0648128141483,0.0824007499998,0.0926265000013,16307,13526,2781,0,0,1014,2141,34011.1,2.11143984221,13,0,0,2941,318.225,1141965,0.927434456928839,2136,0.03106999476348403,8.763704379536325,heavy-0.7-17,heavy,0.7,17,steal,main,,ee4100bbaf611b420f11fa48cf73fab8e27b94e225b4d530da182bdefbda808a,0.29693252200013376
threshold,f1e36ef877142a50,85952,85952,68748,25625.2634458,14.1445602134,324.092067736,792.665608851,33.9084856242,0.0359719555478,3.31375,3.4374,43.2168422427,0.0131052056789,622.770582629,0.126955388181,84230,5317840,18769808,0.0263084155036,0.0272434999999,0.0926505000013,1791,1507,285,0,0,535,1488,23484.8,2.78130841121,11,0,0,1922,320,1027641,0.969758064516129,1488,0.021644266015011345,12.061329339107266,heavy-0.7-17,heavy,0.7,17,threshold,main,,ee4100bbaf611b420f11fa48cf73fab8e27b94e225b4d530da182bdefbda808a,0.2502625890001582
work,f1e36ef877142a50,85952,85952,68748,25622.2720936,14.5899568507,323.767300436,792.665608851,33.8165807146,0.0348810147204,3.3175,3.4374,42.1687888895,0.0120859119039,622.770582629,0.125579374276,15936,1019904,18500736,0.00398400000004,0.00398400000004,0.1957575,0,0,0,0,0,0,0,0,0,0,0,0,0,0,683323,,0,0.0,,heavy-0.7-17,heavy,0.7,17,work,main,,ee4100bbaf611b420f11fa48cf73fab8e27b94e225b4d530da182bdefbda808a,0.1914409999999407
bwc,43c8e3e9f691587,85798,85798,68484,26112.4047168,13.9341181042,339.047713825,832.50336662,33.9144150368,0.0353951287892,3.303,3.4242,42.0395411045,0.0116718724314,665.30642792,0.129941035161,52014,3328896,18423936,0.0130032869691,0.0193640000002,0.146499729613,0,0,0,0,0,0,0,0,0,0,36078,1.89827595765,0,0,777972,,0,0.0,,heavy-0.7-18,heavy,0.7,18,bwc,main,,cd9cd6cc7af950e172131bdbb877704b98eae2cef66c7b238ce6b1335aaabed8,0.22716732299977593
jbsq,43c8e3e9f691587,85798,85798,68484,26112.4047168,12.745202764,338.708005819,835.006378063,33.195071348,0.0346504292974,3.30555,3.4242,40.9774154132,0.0107403145378,665.30642792,0.129941035161,0,0,18423936,0,0,0.171202500001,0,0,0,0,0,0,0,0,0,0,0,0,0,0,600585,,0,0.0,,heavy-0.7-18,heavy,0.7,18,jbsq,main,,cd9cd6cc7af950e172131bdbb877704b98eae2cef66c7b238ce6b1335aaabed8,0.15177224699982617
jsw,43c8e3e9f691587,85798,85798,68484,26112.4047168,14.1748644784,340.751356273,833.336869986,34.5776446655,0.0393668594124,3.2894,3.4242,45.6223145896,0.0163296618993,665.30642792,0.131178568829,15936,1019904,18423872,0.00398400000004,0.00398400000004,0.0923880000013,0,0,0,0,0,0,0,0,0,0,0,0,0,0,598010,,0,0.0,,heavy-0.7-18,heavy,0.7,18,jsw,main,,cd9cd6cc7af950e172131bdbb877704b98eae2cef66c7b238ce6b1335aaabed8,0.1524699920000785
p2c,43c8e3e9f691587,85798,85798,68484,26112.4047168,13.3344952449,340.068877449,832.50336662,34.0825548026,0.0412067052158,3.2831,3.4242,48.3062722452,0.0186494237127,671.999556085,0.131105772731,15936,1019904,18423808,0.00398400000004,0.00398400000004,0.0923880000013,0,0,0,0,0,0,0,0,0,0,0,0,0,0,598010,,0,0.0,,heavy-0.7-18,heavy,0.7,18,p2c,main,,cd9cd6cc7af950e172131bdbb877704b98eae2cef66c7b238ce6b1335aaabed8,0.14828884000053222
qbr,43c8e3e9f691587,85798,85798,68484,26112.4295352,14.2356550462,338.708005819,832.50336662,34.5472085657,0.0384031306583,3.2927,3.4242,44.6083253374,0.0149231921384,667.307346789,0.131979325908,81212,5173056,18467248,0.0219563593749,0.0225367499999,0.0923880000013,582,494,87,0,0,125,293,2175.3,2.344,12,0,0,600,108.54505954,1020138,0.9795221843003413,293,0.004278371590444484,18.500675230607392,heavy-0.7-18,heavy,0.7,18,qbr,main,,cd9cd6cc7af950e172131bdbb877704b98eae2cef66c7b238ce6b1335aaabed8,0.23952088699934393
single,43c8e3e9f691587,85798,85798,68484,26112.4047168,14.2661415919,339.7281493,832.50336662,34.5730235036,0.0384323345599,3.2926,3.4242,44.6083253374,0.0151971797541,666.639707082,0.131032976632,81316,5178048,18448576,0.0213305637445,0.0218392499999,0.0923880000013,619,538,81,0,0,140,140,994,1,1,0,0,324,101.421499585,1020675,0.95,140,0.002044273114888149,13.239178717246764,heavy-0.7-18,heavy,0.7,18,single,main,,cd9cd6cc7af950e172131bdbb877704b98eae2cef66c7b238ce6b1335aaabed8,0.23968593300014618
steal,43c8e3e9f691587,85798,85798,68484,26127.4209443,14.2661415919,340.751356273,833.336869986,34.5261368633,0.0373079843467,3.29645,3.4242,43.6610057384,0.0137724441522,670.655573283,0.131105772731,107180,6417840,18906384,0.0678463124998,0.100749,0.0923595000013,17435,14424,3011,0,0,1248,2578,41388.8,2.06570512821,11,0,0,3531,311.976347309,1158377,0.9176059075009716,2573,0.037570819461480054,8.807902194115751,heavy-0.7-18,heavy,0.7,18,steal,main,,cd9cd6cc7af950e172131bdbb877704b98eae2cef66c7b238ce6b1335aaabed8,0.303183232000265
threshold,43c8e3e9f691587,85798,85798,68484,26112.4047168,14.2204346116,340.068877449,837.516906052,34.5159254549,0.0378920623795,3.29445,3.4242,44.0195467966,0.0144482802711,667.307346789,0.131324161025,84556,5333344,18713728,0.0267591406249,0.0286624999999,0.0923865000013,1950,1592,357,0,0,600,1597,25303.7,2.66166666667,12,0,0,2124,292.7,1036784,0.9461490294301816,1597,0.02331931546054553,11.64967421855807,heavy-0.7-18,heavy,0.7,18,threshold,main,,cd9cd6cc7af950e172131bdbb877704b98eae2cef66c7b238ce6b1335aaabed8,0.2483297090002452
work,43c8e3e9f691587,85798,85798,68484,26112.4047168,14.5588236446,338.708005819,832.50336662,34.2978011983,0.0358331873138,3.3015,3.4242,42.2119576783,0.0122015818218,666.639707082,0.130013831259,15936,1019904,18424192,0.00398400000004,0.00398400000004,0.195108,0,0,0,0,0,0,0,0,0,0,0,0,0,0,683807,,0,0.0,,heavy-0.7-18,heavy,0.7,18,work,main,,cd9cd6cc7af950e172131bdbb877704b98eae2cef66c7b238ce6b1335aaabed8,0.21626554200065584
bwc,affe8696df90443,85377,85377,68379,25530.0367396,13.9191989053,319.254477697,835.006378063,33.2669729005,0.0332411997836,3.3053,3.41895,40.2289524697,0.0102010968921,628.407026089,0.12537466189,51907,3322048,18381312,0.0129767500001,0.0187640000002,0.146239500001,0,0,0,0,0,0,0,0,0,0,35971,1.90100358622,0,0,773772,,0,0.0,,heavy-0.7-19,heavy,0.7,19,bwc,main,,9d436020e1289f8edaa1104258706ccf0a569efe947c11cc5d50249eb0464745,0.1939753180004118
jbsq,affe8696df90443,85377,85377,68379,25530.0367396,12.7177535392,319.254477697,835.006378063,32.5455619495,0.0326269761184,3.3074,3.41895,39.2919715402,0.00946983546618,628.407026089,0.125228452372,0,0,18381312,0,0,0.170950388808,0,0,0,0,0,0,0,0,0,0,0,0,0,0,597638,,0,0.0,,heavy-0.7-19,heavy,0.7,19,jbsq,main,,9d436020e1289f8edaa1104258706ccf0a569efe947c11cc5d50249eb0464745,0.19912934900003165
jsw,affe8696df90443,85377,85377,68379,25530.0367396,14.0540100417,319.895306906,835.006378063,33.7569350095,0.035829713801,3.29645,3.41895,43.0404161594,0.0131809872029,628.407026089,0.126398128518,15936,1019904,18381312,0.00398400000004,0.00398400000004,0.0922830000013,0,0,0,0,0,0,0,0,0,0,0,0,0,0,593628,,0,0.0,,heavy-0.7-19,heavy,0.7,19,jsw,main,,9d436020e1289f8edaa1104258706ccf0a569efe947c11cc5d50249eb0464745,0.16885214899957646
p2c,affe8696df90443,85377,85377,68379,25530.0367396,13.1919355463,319.895306906,835.006378063,33.1793467274,0.0364439374662,3.29435,3.41895,44.1096309097,0.0140402193784,628.407026089,0.126032604723,15936,1019904,18381184,0.00398400000004,0.00398400000004,0.0922830000013,0,0,0,0,0,0,0,0,0,0,0,0,0,0,593628,,0,0.0,,heavy-0.7-19,heavy,0.7,19,p2c,main,,9d436020e1289f8edaa1104258706ccf0a569efe947c11cc5d50249eb0464745,0.16051929399964138
qbr,affe8696df90443,85377,85377,68379,25530.0367396,14.0540100417,320.537418416,835.006378063,33.7128977788,0.0347621345735,3.3001,3.41895,41.7822052834,0.0118647166362,628.407026089,0.126325023759,81043,5164944,18420784,0.0217590769999,0.0226184999999,0.0922830000013,511,458,53,0,0,117,263,1867.3,2.24786324786,7,0,0,504,165.161659805,1005642,0.9847908745247148,263,0.0038462100937422306,14.48884873417786,heavy-0.7-19,heavy,0.7,19,qbr,main,,9d436020e1289f8edaa1104258706ccf0a569efe947c11cc5d50249eb0464745,0.25324253199960367
single,affe8696df90443,85377,85377,68379,25530.0629998,14.0841331158,320.858955834,835.006378063,33.7677774875,0.0357127188172,3.29685,3.41895,42.7770960504,0.0129067641682,628.407026089,0.126909861832,81061,5165808,18403200,0.0211077499999,0.0218352499999,0.0922830000013,519,466,54,0,0,124,124,880.4,1,1,0,0,285,132.544874854,1005728,0.9758064516129032,124,0.0018134222495210517,14.682455894185178,heavy-0.7-19,heavy,0.7,19,single,main,,9d436020e1289f8edaa1104258706ccf0a569efe947c11cc5d50249eb0464745,0.23307212199961214
steal,affe8696df90443,85377,85377,68379,25530.0367396,14.0540100417,319.895306906,835.006378063,33.6881633795,0.0349668757952,3.2994,3.41895,41.9106802887,0.0120658135283,628.407026089,0.126544338036,105612,6342256,18766128,0.0646665357498,0.0883637499998,0.0922575000013,16193,13503,2690,0,0,953,2032,33902.2,2.13221406086,10,0,0,2722,320,1132930,0.9438700147710487,2031,0.029702101522397228,9.094671712980437,heavy-0.7-19,heavy,0.7,19,steal,main,,9d436020e1289f8edaa1104258706ccf0a569efe947c11cc5d50249eb0464745,0.28998036100074387
threshold,affe8696df90443,85377,85377,68379,25530.0367396,14.0841331158,320.537418416,835.006378063,33.6999150386,0.0347328858275,3.3002,3.41895,41.6967690485,0.0117367458867,628.407026089,0.126690547555,83994,5306464,18619664,0.0259455624999,0.0281674999999,0.0922830000013,1678,1432,247,0,0,467,1316,21028.6,2.81798715203,11,0,0,1668,278.814398124,1019514,0.9452887537993921,1316,0.019245674841691162,11.018862371418754,heavy-0.7-19,heavy,0.7,19,threshold,main,,9d436020e1289f8edaa1104258706ccf0a569efe947c11cc5d50249eb0464745,0.2638899510002375
work,affe8696df90443,85377,85377,68379,25530.58257,14.4657965687,319.254477697,835.006378063,33.6050670364,0.0335921847351,3.3041,3.41895,40.8517346123,0.0105850091408,628.407026089,0.125593976168,15936,1019904,18381760,0.00398400000004,0.00398400000004,0.194859,0,0,0,0,0,0,0,0,0,0,0,0,0,0,679005,,0,0.0,,heavy-0.7-19,heavy,0.7,19,work,main,,9d436020e1289f8edaa1104258706ccf0a569efe947c11cc5d50249eb0464745,0.1719392279992462
bwc,64331770442d646,85718,85718,68629,25665.2167833,13.9042946107,317.021636644,801.439713374,33.2629603515,0.0340818021536,3.3145,3.43145,41.2721403175,0.0109619523584,617.802799062,0.125914656234,51984,3326976,18478464,0.0129960000001,0.0198600000002,0.146600500001,0,0,0,0,0,0,0,0,0,0,36048,1.90432201509,0,0,776469,,0,0.0,,heavy-0.7-20,heavy,0.7,20,bwc,main,,82d1559a061b97b8526ca95249a9cf55912bd431012c9c859547d6a2683dea0f,0.20040018199961196
jbsq,64331770442d646,85718,85718,68629,25661.9234719,12.745202764,316.703932711,801.439713374,32.5516132717,0.0335572425651,3.3163,3.43145,40.5184223894,0.0103053295882,617.802799062,0.125914656234,0,0,18478208,0,0,0.171589000001,0,0,0,0,0,0,0,0,0,0,0,0,0,0,600025,,0,0.0,,heavy-0.7-20,heavy,0.7,20,jbsq,main,,82d1559a061b97b8526ca95249a9cf55912bd431012c9c859547d6a2683dea0f,0.15599317499982135
jsw,64331770442d646,85718,85718,68629,25663.0344906,14.0841331158,318.295632593,801.439713374,33.7522614451,0.0366608867971,3.30565,3.43145,43.7056667441,0.0138620362602,619.661064486,0.127218720568,15936,1019904,18478144,0.00398400000004,0.00398400000004,0.0925330000013,0,0,0,0,0,0,0,0,0,0,0,0,0,0,596098,,0,0.0,,heavy-0.7-20,heavy,0.7,20,jsw,main,,82d1559a061b97b8526ca95249a9cf55912bd431012c9c859547d6a2683dea0f,0.15584403600041696
p2c,64331770442d646,85718,85718,68629,25661.9234719,13.2630372853,317.976655937,801.439713374,33.3126427701,0.0389194072477,3.2979,3.43145,46.945516327,0.016762120162,619.661064486,0.126928928494,15936,1019904,18478144,0.00398400000004,0.00398400000004,0.0925330000013,0,0,0,0,0,0,0,0,0,0,0,0,0,0,596094,,0,0.0,,heavy-0.7-20,heavy,0.7,20,p2c,main,,82d1559a061b97b8526ca95249a9cf55912bd431012c9c859547d6a2683dea0f,0.17215437499999098
qbr,64331770442d646,85718,85718,68629,25663.5583322,14.0841331158,317.976655937,805.459944367,33.7066616984,0.0354660566233,3.30975,3.43145,42.2984248057,0.0123846350272,619.661064486,0.127146272549,81080,5166720,18509360,0.0217966093749,0.0223532499999,0.0925334691758,517,472,45,0,0,105,207,1469.7,1.97142857143,6,0,0,435,122.092002479,1011064,0.9468599033816425,207,0.003016217633944834,13.71180064342921,heavy-0.7-20,heavy,0.7,20,qbr,main,,82d1559a061b97b8526ca95249a9cf55912bd431012c9c859547d6a2683dea0f,0.252698725999835
single,64331770442d646,85718,85718,68629,25663.332693,14.0992172489,318.614928225,804.654290077,33.7274339129,0.035844905215,3.30845,3.43145,43.0404161594,0.0128771021048,622.770582629,0.127073824531,81061,5165808,18499184,0.0211019953749,0.0216404999999,0.0925343300013,516,466,49,0,0,117,117,830.7,1,1,0,0,276,138.157737887,1011397,0.9661016949152542,118,0.0017193897623453641,12.695731828673777,heavy-0.7-20,heavy,0.7,20,single,main,,82d1559a061b97b8526ca95249a9cf55912bd431012c9c859547d6a2683dea0f,0.2471431140002096
steal,64331770442d646,85718,85718,68629,25661.9234719,14.1294307826,318.934543153,801.439713374,33.7166755386,0.0355826254207,3.30935,3.43145,42.4718784687,0.0126217488053,620.903007276,0.126784032457,107275,6422640,18841104,0.0673500152186,0.0881279999998,0.0925135000013,17191,14306,2885,0,0,931,1928,31358.8,2.0708915145,10,0,0,2616,320,1149503,0.9470954356846473,1928,0.028093080184761542,8.475631119618468,heavy-0.7-20,heavy,0.7,20,steal,main,,82d1559a061b97b8526ca95249a9cf55912bd431012c9c859547d6a2683dea0f,0.2748050689997399
threshold,64331770442d646,85718,85718,68629,25661.9234719,14.0992172489,318.295632593,802.242153088,33.68976361,0.0354951988227,3.30965,3.43145,42.0825806456,0.012329916463,619.041023463,0.127508512642,84043,5308880,18723248,0.0260598437499,0.0277539999999,0.0925300000013,1707,1463,244,0,0,509,1310,22411,2.57367387033,10,0,0,1711,291.955577515,1026287,0.9603053435114504,1310,0.019088140581969722,11.04959181451419,heavy-0.7-20,heavy,0.7,20,threshold,main,,82d1559a061b97b8526ca95249a9cf55912bd431012c9c859547d6a2683dea0f,0.2591946419997839
work,64331770442d646,85718,85718,68629,25661.9474758,14.4967436276,317.021636644,801.439713374,33.6396423528,0.0345335062437,3.31295,3.43145,41.7394658176,0.0115273775216,617.802799062,0.125914656234,15936,1019904,18478208,0.00398400000004,0.00398400000004,0.19549,0,0,0,0,0,0,0,0,0,0,0,0,0,0,681811,,0,0.0,,heavy-0.7-20,heavy,0.7,20,work,main,,82d1559a061b97b8526ca95249a9cf55912bd431012c9c859547d6a2683dea0f,0.20078998999997566
bwc,54a5bd6773ca14a2,104583,104583,83608,27776.6913888,61.9870330517,392.473212736,955.775510144,84.015180552,0.551514209167,1.87485,4.1804,190.592889054,0.63004316288,725.839872734,0.241175076996,61676,3947264,22585024,0.0154190000001,0.0199720000002,0.176307500001,0,0,0,0,0,0,0,0,0,0,45740,1.83181023174,0,0,942710,,0,0.0,,heavy-0.85-11,heavy,0.85,11,bwc,main,,6ba59dbf0a267c83d395bb71b0a2ffde3db93b4e046289f3e8f9bf62d7c3764f,0.2563312689999293
jbsq,54a5bd6773ca14a2,104583,104583,83608,27747.8792617,13.697191126,334.993541666,878.726232206,34.2638588847,0.0385130609511,4.0194,4.1804,45.8090837684,0.016141118638,674.695595,0.126924899313,0,0,22536512,0,0,0.209028674575,0,0,0,0,0,0,0,0,0,0,0,0,0,0,732080,,0,0.0,,heavy-0.85-11,heavy,0.85,11,jbsq,main,,6ba59dbf0a267c83d395bb71b0a2ffde3db93b4e046289f3e8f9bf62d7c3764f,0.19583923799928016
jsw,54a5bd6773ca14a2,104583,104583,83608,27749.6423342,18.2309697099,339.047713825,889.3412029,38.590325029,0.067469620132,3.89835,4.1804,60.7404232227,0.0510910616869,675.371290595,0.132196162047,15936,1019904,22536192,0.00398400000004,0.00398400000004,0.107512000002,0,0,0,0,0,0,0,0,0,0,0,0,0,0,715938,,0,0.0,,heavy-0.85-11,heavy,0.85,11,jsw,main,,6ba59dbf0a267c83d395bb71b0a2ffde3db93b4e046289f3e8f9bf62d7c3764f,0.20183413799986738
p2c,54a5bd6773ca14a2,104583,104583,83608,27753.0615097,16.7176790583,339.387761538,881.368050961,38.4212289681,0.0812960482251,3.84055,4.1804,73.1320108965,0.0684311492117,678.759917527,0.132136934376,15936,1019904,22536256,0.00398400000004,0.00398400000004,0.107512000002,0,0,0,0,0,0,0,0,0,0,0,0,0,0,715948,,0,0.0,,heavy-0.85-11,heavy,0.85,11,p2c,main,,6ba59dbf0a267c83d395bb71b0a2ffde3db93b4e046289f3e8f9bf62d7c3764f,0.17911056199955055
qbr,54a5bd6773ca14a2,104583,104583,83608,27771.09677,18.2117579519,339.387761538,884.017803101,38.3876627654,0.0642043823558,3.912,4.1804,59.3372927604,0.047194412805,679.439677445,0.131426202322,87586,5478816,22744064,0.0289237031249,0.0313022499999,0.107509000002,3550,1455,2095,0,0,635,1383,9914.3,2.17795275591,9,0,0,3465,146.250488073,1191777,0.9171469740634006,1388,0.016601282173954644,17.78811596040763,heavy-0.85-11,heavy,0.85,11,qbr,main,,6ba59dbf0a267c83d395bb71b0a2ffde3db93b4e046289f3e8f9bf62d7c3764f,0.2980517419991884
single,54a5bd6773ca14a2,104583,104583,83608,27746.6077992,18.2117579519,338.368637182,887.563187961,38.5443311109,0.0663572863841,3.903,4.1804,61.7357135323,0.0500119896889,678.759917527,0.130952380952,87980,5497920,22662208,0.0271581718749,0.0294772499999,0.107510500002,3723,1570,2154,0,0,716,716,5178.6,1,1,0,0,1558,142.520218268,1193184,0.8605299860529986,717,0.008575734379485217,11.529273763232602,heavy-0.85-11,heavy,0.85,11,single,main,,6ba59dbf0a267c83d395bb71b0a2ffde3db93b4e046289f3e8f9bf62d7c3764f,0.3107369759991343
steal,54a5bd6773ca14a2,104583,104583,83608,27773.6221604,18.1159866675,339.7281493,884.017803101,38.170224301,0.0605205243517,3.9274,4.1804,56.6259709704,0.0427282537018,678.080836691,0.13083392561,103262,6229856,23595136,0.067858990516,0.0871482499998,0.107488000002,21035,13169,7866,0,0,2660,6383,73439.3,2.39962406015,18,0,0,10638,294.475,1299519,0.851950493498355,6383,0.07634436895990815,10.196789671375821,heavy-0.85-11,heavy,0.85,11,steal,main,,6ba59dbf0a267c83d395bb71b0a2ffde3db93b4e046289f3e8f9bf62d7c3764f,0.3278160959998786
threshold,54a5bd6773ca14a2,104583,104583,83608,27750.8450554,18.3466443776,339.047713825,883.133669431,38.4713606066,0.066560616209,3.90215,4.1804,58.7969623779,0.0503267190216,674.695595,0.130715470268,99875,6068624,23327424,0.0426428586677,0.0487492499999,0.107506000002,9281,3390,5890,0,0,1740,4957,53244.7,2.84885057471,22,0,0,8647,272.192728396,1245338,0.8854145652612467,4957,0.05928858482441872,12.620457819476066,heavy-0.85-11,heavy,0.85,11,threshold,main,,6ba59dbf0a267c83d395bb71b0a2ffde3db93b4e046289f3e8f9bf62d7c3764f,0.3378806700002315
work,54a5bd6773ca14a2,104583,104583,83608,27750.0498048,19.0955822011,340.068877449,884.017803101,38.8959736004,0.0629246005167,3.91735,4.1804,51.2490818449,0.0457406630298,678.759917527,0.13083392561,15936,1019904,22536576,0.00398400000004,0.00398400000004,0.232936,0,0,0,0,0,0,0,0,0,0,0,0,0,0,820522,,0,0.0,,heavy-0.85-11,heavy,0.85,11,work,main,,6ba59dbf0a267c83d395bb71b0a2ffde3db93b4e046289f3e8f9bf62d7c3764f,0.21891126300033648
bwc,2d166a8cce5ed4b6,104118,104118,83062,25911.074807,39.5343285555,358.623611607,816.824065803,56.4850241756,0.347920830223,2.70815,4.1531,119.013783114,0.3946404618,672.672555641,0.162448393466,60714,3885696,22413056,0.0151785000001,0.0269120000002,0.174308500001,0,0,0,0,0,0,0,0,0,0,44778,1.85903792041,0,0,931272,,0,0.0,,heavy-0.85-12,heavy,0.85,12,bwc,main,,7f7637b0837fe22e72bbfa6d97eded7e33556ee5b1d5cf3d1576a90a4061f265,0.24488065399964398
jbsq,2d166a8cce5ed4b6,104118,104118,83062,25911.074807,13.580140937,333.987573647,787.132105725,33.9363505883,0.039440418001,3.9893,4.1531,46.8019669723,0.0168502916397,649.51324481,0.129121043499,0,0,22368128,0,0,0.207719500001,0,0,0,0,0,0,0,0,0,0,0,0,0,0,728825,,0,0.0,,heavy-0.85-12,heavy,0.85,12,jbsq,main,,7f7637b0837fe22e72bbfa6d97eded7e33556ee5b1d5cf3d1576a90a4061f265,0.18171203400015656
jsw,2d166a8cce5ed4b6,104118,104118,83062,25913.3962459,17.7189330881,338.029607574,792.665608851,38.1433077499,0.0702366906648,3.8614,4.1531,65.7463690769,0.0542886855868,652.772322675,0.133548734518,15936,1019904,22369600,0.00398400000004,0.00398400000004,0.106966000002,0,0,0,0,0,0,0,0,0,0,0,0,0,0,707296,,0,0.0,,heavy-0.85-12,heavy,0.85,12,jsw,main,,7f7637b0837fe22e72bbfa6d97eded7e33556ee5b1d5cf3d1576a90a4061f265,0.20167503599986958
p2c,2d166a8cce5ed4b6,104118,104118,83062,25912.382637,16.4017704658,338.029607574,789.498867226,37.7982993242,0.0772555440514,3.83225,4.1531,73.1320108965,0.0631056986541,651.466736735,0.133429067193,15936,1019904,22371584,0.00398400000004,0.00398400000004,0.106966000002,0,0,0,0,0,0,0,0,0,0,0,0,0,0,707292,,0,0.0,,heavy-0.85-12,heavy,0.85,12,p2c,main,,7f7637b0837fe22e72bbfa6d97eded7e33556ee5b1d5cf3d1576a90a4061f265,0.1810253260000536
qbr,2d166a8cce5ed4b6,104118,104118,83062,25922.6136043,17.8503593731,337.014549544,789.498867226,37.9893984662,0.0668657147673,3.8754,4.1531,59.6395832009,0.0500836485855,653.426094997,0.133488900856,87439,5471824,22581424,0.0289373812499,0.0314932499999,0.106964500002,3439,1531,1910,0,0,647,1403,10056.3,2.1684698609,8,0,0,3658,172.567755687,1155382,0.8982078853046594,1395,0.01679468348944162,16.53272646034654,heavy-0.85-12,heavy,0.85,12,qbr,main,,7f7637b0837fe22e72bbfa6d97eded7e33556ee5b1d5cf3d1576a90a4061f265,0.34998045199972694
single,2d166a8cce5ed4b6,104118,104118,83062,25911.074807,17.7189330881,338.029607574,794.253733735,37.8653087441,0.0644578748405,3.8854,4.1531,59.6395832009,0.0471446442298,652.119203471,0.133189732544,87338,5467056,22482624,0.0265952993749,0.0286902499999,0.106966000002,3380,1543,1838,0,0,644,644,4572.4,1,1,0,0,1408,156.852876306,1154217,0.8600311041990669,643,0.007741205364667357,11.704106748261797,heavy-0.85-12,heavy,0.85,12,single,main,,7f7637b0837fe22e72bbfa6d97eded7e33556ee5b1d5cf3d1576a90a4061f265,0.31921262800005934
steal,2d166a8cce5ed4b6,104118,104118,83062,25911.074807,17.8127151301,337.352564093,793.45927446,37.5832837652,0.0587633334136,3.90905,4.1531,56.7990218188,0.0401965364964,651.466736735,0.132471728595,104228,6276576,23432880,0.0691770493464,0.0824737499998,0.106940500002,21212,13671,7541,0,0,2713,6353,74556.3,2.34168816808,13,0,0,10598,294.475,1263594,0.8487236054207374,6346,0.07640076087741687,9.517301641489054,heavy-0.85-12,heavy,0.85,12,steal,main,,7f7637b0837fe22e72bbfa6d97eded7e33556ee5b1d5cf3d1576a90a4061f265,0.33367642299981526
threshold,2d166a8cce5ed4b6,104118,104118,83062,25911.074807,17.8315278453,337.352564093,791.08065546,37.8059232064,0.0628085044906,3.89225,4.1531,59.2167989458,0.0451702361754,654.080521092,0.132830730569,98142,5985472,23164928,0.041154616378,0.0452867499999,0.106960000002,8433,3321,5116,0,0,1715,4912,55490.2,2.86413994169,14,0,0,8244,295.045256369,1204334,0.8852893235533822,4908,0.05908839180371289,12.953646855117253,heavy-0.85-12,heavy,0.85,12,threshold,main,,7f7637b0837fe22e72bbfa6d97eded7e33556ee5b1d5cf3d1576a90a4061f265,0.29644330799965246
work,2d166a8cce5ed4b6,104118,104118,83062,25911.074807,18.7767695646,337.690916657,792.665608851,39.7085039189,0.102224844092,3.72855,4.1531,69.9424808806,0.0940632112014,654.080521092,0.134625740442,15936,1019904,22389504,0.00398400000004,0.00398400000004,0.231807157466,0,0,0,0,0,0,0,0,0,0,0,0,0,0,811405,,0,0.0,,heavy-0.85-12,heavy,0.85,12,work,main,,7f7637b0837fe22e72bbfa6d97eded7e33556ee5b1d5cf3d1576a90a4061f265,0.2347382159996414
bwc,733c49e077d1ebbc,105145,105145,83922,26061.9784909,55.1477350188,388.170864488,900.985340427,84.1315302663,0.471652248516,2.217,4.1961,184.747503059,0.524790372786,706.487305565,0.259014243995,61311,3923904,22556480,0.0153277500001,0.0223760000002,0.175889000001,0,0,0,0,0,0,0,0,0,0,45375,1.84952066116,0,0,940702,,0,0.0,,heavy-0.85-13,heavy,0.85,13,bwc,main,,180d03567362e039e3319510767acecd97cdd089167f41f70323bc825470d960,0.2453763439998511
jbsq,733c49e077d1ebbc,105145,105145,83922,26061.9483842,13.8003806198,329.332734513,813.560931453,34.0680964124,0.0404423154834,4.0264,4.1961,48.1586487738,0.018751023934,652.772322675,0.127242386316,0,0,22556416,0,0,0.209809500001,0,0,0,0,0,0,0,0,0,0,0,0,0,0,736014,,0,0.0,,heavy-0.85-13,heavy,0.85,13,jbsq,main,,180d03567362e039e3319510767acecd97cdd089167f41f70323bc825470d960,0.1877183500000683
jsw,733c49e077d1ebbc,105145,105145,83922,26061.9483842,18.3080090515,332.317648891,827.519803419,38.4426309909,0.0730082695837,3.88975,4.1961,63.6453314089,0.0579658341152,658.020843538,0.133202217057,15936,1019904,22556608,0.00398400000004,0.00398400000004,0.107826000002,0,0,0,0,0,0,0,0,0,0,0,0,0,0,713931,,0,0.0,,heavy-0.85-13,heavy,0.85,13,jsw,main,,180d03567362e039e3319510767acecd97cdd089167f41f70323bc825470d960,0.2037130429998797
p2c,733c49e077d1ebbc,105145,105145,83922,26061.9483842,16.9853126863,331.984664227,822.566037222,38.6845015259,0.0897142584781,3.81965,4.1961,77.713718565,0.0787423856545,658.679864382,0.133619405209,15936,1019904,22556480,0.00398400000004,0.00398400000004,0.107826000002,0,0,0,0,0,0,0,0,0,0,0,0,0,0,713931,,0,0.0,,heavy-0.85-13,heavy,0.85,13,p2c,main,,180d03567362e039e3319510767acecd97cdd089167f41f70323bc825470d960,0.20221924100042088
qbr,733c49e077d1ebbc,105145,105145,83922,26061.9483842,18.2117579519,333.318602124,821.743293928,38.2038342869,0.068909225233,3.90695,4.1961,61.4853967828,0.0529913766141,659.339544246,0.132606233983,87495,5474640,22751200,0.0286861358749,0.0309537499999,0.107824500002,3522,1372,2149,0,0,602,1294,9377.4,2.14950166113,11,0,0,3409,121.172686361,1162565,0.8851195065535852,1297,0.015454827101356022,15.983646306763024,heavy-0.85-13,heavy,0.85,13,qbr,main,,180d03567362e039e3319510767acecd97cdd089167f41f70323bc825470d960,0.3420148520008297
single,733c49e077d1ebbc,105145,105145,83922,26066.2773533,18.2887203312,332.984617507,820.921372555,38.3814007976,0.0713996329925,3.8965,4.1961,65.3472888068,0.055984987266,656.047728552,0.133083020442,87874,5492736,22675056,0.0270192597499,0.0296724999999,0.107824500002,3713,1438,2276,0,0,666,666,4918.6,1,1,0,0,1430,129.050714675,1164635,0.8556390977443609,665,0.007924024689592716,12.277080128470608,heavy-0.85-13,heavy,0.85,13,single,main,,180d03567362e039e3319510767acecd97cdd089167f41f70323bc825470d960,0.2981583390001106
steal,733c49e077d1ebbc,105145,105145,83922,26063.5238306,18.3273170605,330.987704818,816.824065803,38.0692242477,0.0668120397512,3.91575,4.1961,60.8639658095,0.0502360633275,659.99988379,0.13314261875,102896,6212384,23624096,0.0672083847372,0.0924774999998,0.107802000002,20755,12993,7762,0,0,2674,6428,74613.8,2.40388930441,13,0,0,10966,312.317518854,1268836,0.8509712509712509,6435,0.07667834417673554,10.430697415035405,heavy-0.85-13,heavy,0.85,13,steal,main,,180d03567362e039e3319510767acecd97cdd089167f41f70323bc825470d960,0.3203850730005797
threshold,733c49e077d1ebbc,105145,105145,83922,26061.9776819,18.2694508803,332.317648891,827.519803419,38.2987809136,0.0720550034556,3.89375,4.1961,61.2983148809,0.0569977510686,663.311499822,0.132308242446,99970,6072960,23337088,0.0425771093749,0.0498224999999,0.107820000002,9374,3304,6071,0,0,1733,4847,53603.7,2.79688401616,14,0,0,8462,259.454426995,1217382,0.8874664464175098,4843,0.05770834822811659,13.185114330805952,heavy-0.85-13,heavy,0.85,13,threshold,main,,180d03567362e039e3319510767acecd97cdd089167f41f70323bc825470d960,0.2891061489999629
work,733c49e077d1ebbc,105145,105145,83922,26061.9483842,23.1288582252,339.7281493,841.717884141,46.1657232651,0.181120564334,3.4361,4.1961,98.8529430543,0.190474062821,667.975654136,0.143691519161,15936,1019904,22556480,0.00398400000004,0.00398400000004,0.233707,0,0,0,0,0,0,0,0,0,0,0,0,0,0,819075,,0,0.0,,heavy-0.85-13,heavy,0.85,13,work,main,,180d03567362e039e3319510767acecd97cdd089167f41f70323bc825470d960,0.23851823000040895
bwc,d62fd3beaab7d77c,104655,104655,83830,26536.9058994,23.5914560409,339.047713825,875.216106976,46.220799029,0.196624120243,3.36735,4.1915,89.4455490076,0.210696461825,642.400347594,0.140077821012,60791,3890624,22514944,0.0151977500001,0.0197280000001,0.175023000001,0,0,0,0,0,0,0,0,0,0,44855,1.86962434511,0,0,936720,,0,0.0,,heavy-0.85-14,heavy,0.85,14,bwc,main,,5d5a3c4e339c0cc7476cec081c43c1b665ffae0b62037228b263b249d1dd8923,0.24878710200027854
jbsq,d62fd3beaab7d77c,104655,104655,83830,26530.4872319,13.4351382382,322.794943895,857.016432136,33.2839735676,0.0366575211738,4.03785,4.1915,45.2972599058,0.0153296089385,639.192974387,0.122358575277,0,0,22511424,0,0,0.209608170725,0,0,0,0,0,0,0,0,0,0,0,0,0,0,732584,,0,0.0,,heavy-0.85-14,heavy,0.85,14,jbsq,main,,5d5a3c4e339c0cc7476cec081c43c1b665ffae0b62037228b263b249d1dd8923,0.19612910100022418
jsw,d62fd3beaab7d77c,104655,104655,83830,26530.479125,17.5884231181,326.701925084,862.177418148,37.2663569676,0.0632709054038,3.9263,4.1915,59.2770157447,0.0471806331471,638.553420966,0.127925770727,15936,1019904,22511552,0.00398400000004,0.00398400000004,0.107734774002,0,0,0,0,0,0,0,0,0,0,0,0,0,0,712484,,0,0.0,,heavy-0.85-14,heavy,0.85,14,jsw,main,,5d5a3c4e339c0cc7476cec081c43c1b665ffae0b62037228b263b249d1dd8923,0.19501349799975287
p2c,d62fd3beaab7d77c,104655,104655,83830,26531.0247824,15.9553758578,327.686014293,863.904636162,36.9615470236,0.0723488011452,3.88825,4.1915,70.4405705243,0.0587262569832,639.192974387,0.127087698294,15936,1019904,22513280,0.00398400000004,0.00398400000004,0.107734774002,0,0,0,0,0,0,0,0,0,0,0,0,0,0,712486,,0,0.0,,heavy-0.85-14,heavy,0.85,14,p2c,main,,5d5a3c4e339c0cc7476cec081c43c1b665ffae0b62037228b263b249d1dd8923,0.18161592100022972
qbr,d62fd3beaab7d77c,104655,104655,83830,26530.479125,17.3118147987,326.701925084,859.593056339,36.8520040331,0.0571275199809,3.95205,4.1915,56.2814220701,0.0400446927374,639.192974387,0.125770727327,86451,5424384,22693872,0.0279800937499,0.0296342499999,0.107732767532,2940,1461,1479,0,0,561,1208,8671.8,2.15329768271,10,0,0,2909,151.039244554,1164954,0.8973509933774835,1208,0.014410115710366217,16.276136745371996,heavy-0.85-14,heavy,0.85,14,qbr,main,,5d5a3c4e339c0cc7476cec081c43c1b665ffae0b62037228b263b249d1dd8923,0.29804490100013936
single,d62fd3beaab7d77c,104655,104655,83830,26552.3807082,17.4403826919,326.374550533,861.315103045,37.0371412289,0.0580818322796,3.94805,4.1915,57.672102421,0.0409534450652,643.043747941,0.126908111344,86805,5441456,22629616,0.0261952636684,0.0285032499999,0.107734267532,3148,1504,1643,0,0,669,669,4844.9,1,1,0,0,1411,161.274655935,1167266,0.8673621460506706,671,0.00800429440534415,11.844468844037332,heavy-0.85-14,heavy,0.85,14,single,main,,5d5a3c4e339c0cc7476cec081c43c1b665ffae0b62037228b263b249d1dd8923,0.31141922200004046
steal,d62fd3beaab7d77c,104655,104655,83830,26540.4137695,17.403557174,326.04750303,860.453649396,36.7589793003,0.0531909817488,3.96855,4.1915,54.2017599907,0.0349646182495,639.192974387,0.126429212811,105973,6359904,23634064,0.0720526249998,0.10186925,0.107706100591,22037,14605,7432,0,0,2810,6702,79504.2,2.38505338078,13,0,0,10962,294.475,1289640,0.8527918781725888,6698,0.07989979720863653,9.624178231816723,heavy-0.85-14,heavy,0.85,14,steal,main,,5d5a3c4e339c0cc7476cec081c43c1b665ffae0b62037228b263b249d1dd8923,0.3190033709997806
threshold,d62fd3beaab7d77c,104655,104655,83830,26530.7125317,17.5142549388,326.374550533,859.593056339,37.0079920037,0.0592508648455,3.94315,4.1915,56.7990218188,0.0421452513966,639.192974387,0.127985633044,97525,5955904,23346128,0.041204583535,0.0470621959999,0.107728267532,8033,3601,4433,0,0,1811,5183,57509.3,2.86195472115,14,0,0,8639,244.104225217,1215350,0.8853945591356357,5183,0.06182750805201002,12.41872148604752,heavy-0.85-14,heavy,0.85,14,threshold,main,,5d5a3c4e339c0cc7476cec081c43c1b665ffae0b62037228b263b249d1dd8923,0.36200536400065175
work,d62fd3beaab7d77c,104655,104655,83830,26530.479125,16.576573342,324.742576964,863.040595566,36.3595678908,0.0632589765001,3.92635,4.1915,52.1444577655,0.0481191806331,638.553420966,0.12409458246,15936,1019904,22511040,0.00398400000004,0.00398400000004,0.233498680522,0,0,0,0,0,0,0,0,0,0,0,0,0,0,817138,,0,0.0,,heavy-0.85-14,heavy,0.85,14,work,main,,5d5a3c4e339c0cc7476cec081c43c1b665ffae0b62037228b263b249d1dd8923,0.2262379690000671
bwc,1aa24cf8c71330e7,104122,104122,83451,26138.1119122,19.0154004269,321.8254986,742.742373989,38.3024607459,0.0709997483553,3.8763,4.17255,57.6134889321,0.055316091954,600.725061632,0.13399458972,60661,3882304,22409984,0.0151652500001,0.0213560000001,0.174441000001,0,0,0,0,0,0,0,0,0,0,44725,1.86560089435,0,0,930068,,0,0.0,,heavy-0.85-15,heavy,0.85,15,bwc,main,,719f0e9b5ab6f0826759349ea2f674abd323626ce249c02437c9364fa4393940,0.2281371120006952
jbsq,1aa24cf8c71330e7,104122,104122,83451,26138.1119122,13.3344952449,316.703932711,737.556939839,33.1324687412,0.037003750704,4.01815,4.17255,43.9745722243,0.0142780172414,598.324166622,0.128283739104,0,0,22409792,0,0,0.208605000001,0,0,0,0,0,0,0,0,0,0,0,0,0,0,728853,,0,0.0,,heavy-0.85-15,heavy,0.85,15,jbsq,main,,719f0e9b5ab6f0826759349ea2f674abd323626ce249c02437c9364fa4393940,0.24482670599991252
jsw,1aa24cf8c71330e7,104122,104122,83451,26138.1119122,17.1478294847,321.8254986,742.742373989,36.7346185726,0.0580100897533,3.9305,4.17255,56.7412805383,0.0393917624521,603.135574636,0.13279230538,15936,1019904,22410496,0.00398400000004,0.00398400000004,0.107355774002,0,0,0,0,0,0,0,0,0,0,0,0,0,0,708036,,0,0.0,,heavy-0.85-15,heavy,0.85,15,jsw,main,,719f0e9b5ab6f0826759349ea2f674abd323626ce249c02437c9364fa4393940,0.18809863000024052
p2c,1aa24cf8c71330e7,104122,104122,83451,26138.1119122,15.6697122927,320.858955834,742.742373989,36.4241675615,0.0651520053684,3.9007,4.17255,67.1621487386,0.0483417145594,600.123937694,0.132672076946,15936,1019904,22410560,0.00398400000004,0.00398400000004,0.107355774002,0,0,0,0,0,0,0,0,0,0,0,0,0,0,708036,,0,0.0,,heavy-0.85-15,heavy,0.85,15,p2c,main,,719f0e9b5ab6f0826759349ea2f674abd323626ce249c02437c9364fa4393940,0.2142041329998392
qbr,1aa24cf8c71330e7,104122,104122,83451,26138.1119122,17.1478294847,321.18081479,744.230602479,36.6635006437,0.0558291692131,3.9396,4.17255,55.8820511958,0.0367426963602,598.324166622,0.132491734295,86177,5411248,22588976,0.0277247031249,0.0303689999999,0.107353500002,2818,1435,1383,0,0,565,1189,8536.9,2.10442477876,10,0,0,2986,151.261836562,1152337,0.9100084104289319,1189,0.014247881990629232,16.291260255654848,heavy-0.85-15,heavy,0.85,15,qbr,main,,719f0e9b5ab6f0826759349ea2f674abd323626ce249c02437c9364fa4393940,0.3021365879994846
single,1aa24cf8c71330e7,104122,104122,83451,26140.8870024,17.1115881968,320.858955834,739.034792275,36.6806266818,0.0555895076152,3.9406,4.17255,54.9796281395,0.0364732998084,600.725061632,0.132371505861,86281,5416368,22506656,0.0256725468749,0.0287062499999,0.107355000002,2867,1418,1449,0,0,550,550,4000,1,1,0,0,1219,126.16380789,1153584,0.9109090909090909,550,0.006590693940156499,12.355684771249763,heavy-0.85-15,heavy,0.85,15,single,main,,719f0e9b5ab6f0826759349ea2f674abd323626ce249c02437c9364fa4393940,0.2858844760003194
steal,1aa24cf8c71330e7,104122,104122,83451,26138.1119122,17.0934947021,320.858955834,740.515601895,36.4139377812,0.0510599034164,3.9595,4.17255,51.5108502677,0.0309506704981,601.92911348,0.131830477908,107151,6416320,23462256,0.0740101407498,0.104144752,0.107326500002,22937,15145,7792,0,0,2700,6235,75143.5,2.30925925926,17,0,0,10031,314.675,1280525,0.8567992302758178,6236,0.0747264862014835,9.974813126332496,heavy-0.85-15,heavy,0.85,15,steal,main,,719f0e9b5ab6f0826759349ea2f674abd323626ce249c02437c9364fa4393940,0.36417702499966254
threshold,1aa24cf8c71330e7,104122,104122,83451,26138.8524984,17.0934947021,320.537418416,740.515601895,36.5918183394,0.0549903536207,3.9431,4.17255,54.4228984621,0.0359045737548,600.123937694,0.131650135257,96164,5890560,23203872,0.0398065781249,0.0471719999999,0.107352000002,7386,3444,3940,0,0,1718,4883,56234.3,2.84225844005,18,0,0,8017,268.95,1198073,0.901267375306623,4892,0.05862122682771926,12.676327681415405,heavy-0.85-15,heavy,0.85,15,threshold,main,,719f0e9b5ab6f0826759349ea2f674abd323626ce249c02437c9364fa4393940,0.30140121299973544
work,1aa24cf8c71330e7,104122,104122,83451,26138.1119122,16.1771231246,316.703932711,737.556939839,35.0409414449,0.0373153107812,4.01685,4.17255,44.1547405406,0.0144276819923,598.324166622,0.129245566576,15936,1019904,22410112,0.00398400000004,0.00398400000004,0.232511274,0,0,0,0,0,0,0,0,0,0,0,0,0,0,812157,,0,0.0,,heavy-0.85-15,heavy,0.85,15,work,main,,719f0e9b5ab6f0826759349ea2f674abd323626ce249c02437c9364fa4393940,0.21302327800003695
bwc,56e395128c7149fd,103887,103887,82897,26990.2745173,25.5853441776,345.567099375,889.3412029,54.0978798422,0.24303653932,3.1375,4.14485,108.689271668,0.263638968914,685.588187613,0.160742258103,60516,3873024,22290688,0.0151290000001,0.0214040000002,0.173681500001,0,0,0,0,0,0,0,0,0,0,44580,1.85964558098,0,0,932622,,0,0.0,,heavy-0.85-16,heavy,0.85,16,bwc,main,,e5bd97ee7a4e3edb2cbcf9a00911b8e709f83936ef453bfa76fb64566ff90d14,0.2455110569999306
jbsq,56e395128c7149fd,103887,103887,82897,26992.6566845,13.4784869727,324.742576964,876.969415406,33.6033120781,0.0367805831333,3.9924,4.14485,44.5627625748,0.0144044404893,650.163758055,0.126159778287,0,0,22289792,0,0,0.207251500001,0,0,0,0,0,0,0,0,0,0,0,0,0,0,727208,,0,0.0,,heavy-0.85-16,heavy,0.85,16,jbsq,main,,e5bd97ee7a4e3edb2cbcf9a00911b8e709f83936ef453bfa76fb64566ff90d14,0.20388124600049196
jsw,56e395128c7149fd,103887,103887,82897,26993.0708021,17.5142549388,327.686014293,876.969415406,37.3912166589,0.0596523396504,3.8976,4.14485,56.7990218188,0.0418709181134,658.020843538,0.130678394987,15936,1019904,22290240,0.00398400000004,0.00398400000004,0.106801774002,0,0,0,0,0,0,0,0,0,0,0,0,0,0,709350,,0,0.0,,heavy-0.85-16,heavy,0.85,16,jsw,main,,e5bd97ee7a4e3edb2cbcf9a00911b8e709f83936ef453bfa76fb64566ff90d14,0.21011608800017711
p2c,56e395128c7149fd,103887,103887,82897,26990.2539753,16.0403224605,329.663067247,876.969415406,37.1872407258,0.0709313967936,3.85085,4.14485,68.1917691023,0.0557625303549,657.362481057,0.131521870105,15936,1019904,22289408,0.00398400000004,0.00398400000004,0.106801774002,0,0,0,0,0,0,0,0,0,0,0,0,0,0,709342,,0,0.0,,heavy-0.85-16,heavy,0.85,16,p2c,main,,e5bd97ee7a4e3edb2cbcf9a00911b8e709f83936ef453bfa76fb64566ff90d14,0.1891725690002204
qbr,56e395128c7149fd,103887,103887,82897,26990.2539753,17.5884231181,329.332734513,876.969415406,37.4729942523,0.0598332870912,3.89685,4.14485,57.6134889321,0.0418558349296,652.772322675,0.13164236655,86658,5434288,22498048,0.0282277656249,0.0295667499999,0.106798000002,3062,1482,1579,0,0,615,1389,9861.9,2.25853658537,8,0,0,3438,131.824591087,1169361,0.9180445722501798,1391,0.016779859343522684,17.21225244523865,heavy-0.85-16,heavy,0.85,16,qbr,main,,e5bd97ee7a4e3edb2cbcf9a00911b8e709f83936ef453bfa76fb64566ff90d14,0.29690937499981374
single,56e395128c7149fd,103887,103887,82897,26990.2539753,17.4957591796,329.002731781,876.969415406,37.3716228057,0.0595437711859,3.89805,4.14485,56.6259709704,0.0419010844809,657.362481057,0.130015664538,87138,5457424,22405392,0.0264618558749,0.0279879999999,0.106801000002,3232,1649,1584,0,0,651,651,4717.1,1,1,0,0,1503,159.435707195,1171973,0.8870229007633588,655,0.007901371581601264,12.270807284545322,heavy-0.85-16,heavy,0.85,16,single,main,,e5bd97ee7a4e3edb2cbcf9a00911b8e709f83936ef453bfa76fb64566ff90d14,0.2873450420001973
steal,56e395128c7149fd,103887,103887,82897,26992.0478264,17.3668051968,327.357656636,877.847384821,37.0468714318,0.0546099376334,3.9185,4.14485,53.0011762825,0.0355510641186,651.466736735,0.13073864321,104610,6294544,23368432,0.0698148552662,0.0887307499998,0.106774000002,21369,13889,7480,0,0,2744,6353,78071.3,2.31523323615,14,0,0,10433,304.240610698,1286893,0.8547398207828958,6361,0.07673377806193228,9.983399719246473,heavy-0.85-16,heavy,0.85,16,steal,main,,e5bd97ee7a4e3edb2cbcf9a00911b8e709f83936ef453bfa76fb64566ff90d14,0.324970742000005
threshold,56e395128c7149fd,103887,103887,82897,26992.0359652,17.5884231181,328.014700307,876.969415406,37.3566055828,0.0585545918429,3.90215,4.14485,55.5984921837,0.040709512964,654.080521092,0.12983491987,97002,5930672,23157312,0.0406978437499,0.0454519999999,0.106792000002,7844,3508,4337,0,0,1856,5368,60817.8,2.89224137931,18,0,0,8802,299.369341059,1217813,0.895910780669145,5380,0.06489981543361038,12.889332693203055,heavy-0.85-16,heavy,0.85,16,threshold,main,,e5bd97ee7a4e3edb2cbcf9a00911b8e709f83936ef453bfa76fb64566ff90d14,0.3152709280002455
work,56e395128c7149fd,103887,103887,82897,26990.2539753,16.6469851651,324.742576964,876.969415406,35.8789232989,0.038988141911,3.98325,4.14485,44.6539336628,0.0169384153607,654.080521092,0.127063501627,15936,1019904,22290432,0.00398400000004,0.00398400000004,0.231161391871,0,0,0,0,0,0,0,0,0,0,0,0,0,0,813228,,0,0.0,,heavy-0.85-16,heavy,0.85,16,work,main,,e5bd97ee7a4e3edb2cbcf9a00911b8e709f83936ef453bfa76fb64566ff90d14,0.2333123769994927
bwc,b3ee3d74e77f09c4,104381,104381,83438,26999.8090678,29.6088639979,344.875003493,792.665608851,49.6658608854,0.237421798221,3.1814,4.1719,88.5460481892,0.260102148115,635.365224823,0.147913208442,60857,3894848,22451392,0.0152142500001,0.0205920000002,0.174534500001,0,0,0,0,0,0,0,0,0,0,44921,1.85311992164,0,0,937696,,0,0.0,,heavy-0.85-17,heavy,0.85,17,bwc,main,,848e7ccd965311d5672521e37be3cce8e4d1e05ee4d218249edd96031f4e936b,0.2699048930007848
jbsq,b3ee3d74e77f09c4,104381,104381,83438,26999.8090678,13.594721078,327.029627009,774.628537926,33.8856976818,0.0401136172967,4.00455,4.1719,47.9625047837,0.0180712032447,612.261318199,0.127104576713,0,0,22496384,0,0,0.208550000001,0,0,0,0,0,0,0,0,0,0,0,0,0,0,730666,,0,0.0,,heavy-0.85-17,heavy,0.85,17,jbsq,main,,848e7ccd965311d5672521e37be3cce8e4d1e05ee4d218249edd96031f4e936b,0.2126215559992488
jsw,b3ee3d74e77f09c4,104381,104381,83438,26999.8090678,17.7751460629,332.65096654,787.132105725,37.783307967,0.0644670294111,3.90295,4.1719,60.4940777014,0.0474237644585,619.661064486,0.131728717097,15936,1019904,22495040,0.00398400000004,0.00398400000004,0.107342000002,0,0,0,0,0,0,0,0,0,0,0,0,0,0,712336,,0,0.0,,heavy-0.85-17,heavy,0.85,17,jsw,main,,848e7ccd965311d5672521e37be3cce8e4d1e05ee4d218249edd96031f4e936b,0.19753201399998943
p2c,b3ee3d74e77f09c4,104381,104381,83438,26999.8090678,16.3496693913,333.652920726,787.132105725,37.83955412,0.0792924087346,3.8411,4.1719,75.0077222176,0.0659606429323,619.661064486,0.131906568651,15936,1019904,22495616,0.00398400000004,0.00398400000004,0.107342000002,0,0,0,0,0,0,0,0,0,0,0,0,0,0,712336,,0,0.0,,heavy-0.85-17,heavy,0.85,17,p2c,main,,848e7ccd965311d5672521e37be3cce8e4d1e05ee4d218249edd96031f4e936b,0.18138367399933486
qbr,b3ee3d74e77f09c4,104381,104381,83438,26999.8090678,17.7376520212,331.319692522,783.987442888,37.8658507488,0.0672834919341,3.8912,4.1719,62.5561891812,0.0508487306595,622.147435194,0.132143704055,87090,5455120,22694096,0.0283958339205,0.0303449999999,0.107340500002,3307,1393,1914,0,0,592,1322,9481.2,2.23310810811,10,0,0,3294,136.946822306,1174865,0.9168556311413454,1323,0.015856084757544523,17.5311919145055,heavy-0.85-17,heavy,0.85,17,qbr,main,,848e7ccd965311d5672521e37be3cce8e4d1e05ee4d218249edd96031f4e936b,0.3031377410006826
single,b3ee3d74e77f09c4,104381,104381,83438,27005.3097945,17.8503593731,331.319692522,783.987442888,37.7329917067,0.0632205949328,3.90815,4.1719,58.7372251528,0.0457413249211,620.281725551,0.132202987906,87205,5460720,22607776,0.0264786874999,0.0288489999999,0.107342000002,3347,1476,1868,0,0,642,642,4558.2,1,1,0,0,1398,148.015033343,1175541,0.896124031007752,645,0.007730290754811956,13.15177178863535,heavy-0.85-17,heavy,0.85,17,single,main,,848e7ccd965311d5672521e37be3cce8e4d1e05ee4d218249edd96031f4e936b,0.29631568000058905
steal,b3ee3d74e77f09c4,104381,104381,83438,26999.8090678,17.7751460629,331.319692522,781.637182646,37.4712813844,0.0591337280376,3.9252,4.1719,55.7684575124,0.0408141805618,621.524910284,0.131432297842,105021,6314400,23559040,0.0705668981785,0.0916592499998,0.107318000002,21788,14060,7728,0,0,2688,6399,74027.9,2.38058035714,15,0,0,10605,312.92325147,1289426,0.8577438454347148,6418,0.07691938924710563,10.212725377599906,heavy-0.85-17,heavy,0.85,17,steal,main,,848e7ccd965311d5672521e37be3cce8e4d1e05ee4d218249edd96031f4e936b,0.31662123299975065
threshold,b3ee3d74e77f09c4,104381,104381,83438,27001.8440118,17.7563896732,331.652012215,787.132105725,37.6572852313,0.0622977540209,3.912,4.1719,59.1566423035,0.0449151269341,620.281725551,0.130898743182,98184,5987392,23270352,0.041209399977,0.0465449999999,0.107336000002,8439,3348,5086,0,0,1695,4755,54850.5,2.80530973451,14,0,0,8005,235.276468142,1225123,0.8894261088921589,4757,0.05701239243510151,12.409335544594457,heavy-0.85-17,heavy,0.85,17,threshold,main,,848e7ccd965311d5672521e37be3cce8e4d1e05ee4d218249edd96031f4e936b,0.31681348999973125
work,b3ee3d74e77f09c4,104381,104381,83438,26999.8090678,18.8957272294,332.984617507,787.132105725,39.948039045,0.0966226419617,3.7688,4.1719,75.2359734834,0.0872314856542,622.770582629,0.133685084183,15936,1019904,22472384,0.00398400000004,0.00398400000004,0.232231479222,0,0,0,0,0,0,0,0,0,0,0,0,0,0,816716,,0,0.0,,heavy-0.85-17,heavy,0.85,17,work,main,,848e7ccd965311d5672521e37be3cce8e4d1e05ee4d218249edd96031f4e936b,0.21451347400034138
bwc,9103782670b941df,104025,104025,83023,26117.6932369,41.6115034302,359.343218454,871.719987215,58.0812165388,0.367873962637,2.62405,4.15115,93.5119248911,0.418909353775,678.759917527,0.16399951871,61413,3930432,22355456,0.0153532500001,0.0238680000001,0.175266500001,0,0,0,0,0,0,0,0,0,0,45477,1.82813290235,0,0,933990,,0,0.0,,heavy-0.85-18,heavy,0.85,18,bwc,main,,43b8a49cc2b00f6426ac6c420c040e54ae96949a4589c9d651a232662ebc7692,0.23115327800041996
jbsq,9103782670b941df,104025,104025,83023,26098.1581805,13.7413268056,332.984617507,836.679226826,34.2968306471,0.0415667947436,3.9786,4.15115,48.404934096,0.0196533184741,659.99988379,0.129106004091,0,0,22324992,0,0,0.207595000001,0,0,0,0,0,0,0,0,0,0,0,0,0,0,728174,,0,0.0,,heavy-0.85-18,heavy,0.85,18,jbsq,main,,43b8a49cc2b00f6426ac6c420c040e54ae96949a4589c9d651a232662ebc7692,0.19501824700000725
jsw,9103782670b941df,104025,104025,83023,26125.1137399,18.1733919946,337.014549544,845.093815357,38.6723956742,0.0753526131313,3.83835,4.15115,63.774686717,0.0605261968946,664.640787133,0.134580676212,15936,1019904,22326080,0.00398400000004,0.00398400000004,0.106927618051,0,0,0,0,0,0,0,0,0,0,0,0,0,0,707412,,0,0.0,,heavy-0.85-18,heavy,0.85,18,jsw,main,,43b8a49cc2b00f6426ac6c420c040e54ae96949a4589c9d651a232662ebc7692,0.18600282999977935
p2c,9103782670b941df,104025,104025,83023,26095.41472,16.5239489059,337.352564093,846.786849081,38.4995981132,0.084253761006,3.8014,4.15115,76.8530403327,0.0713543470731,664.640787133,0.135783900854,15936,1019904,22326464,0.00398400000004,0.00398400000004,0.106927618051,0,0,0,0,0,0,0,0,0,0,0,0,0,0,707318,,0,0.0,,heavy-0.85-18,heavy,0.85,18,p2c,main,,43b8a49cc2b00f6426ac6c420c040e54ae96949a4589c9d651a232662ebc7692,0.16380275599931338
qbr,9103782670b941df,104025,104025,83023,26093.8766687,18.2887203312,338.029607574,837.516906052,38.417989153,0.0693422304663,3.8633,4.15115,58.9765327157,0.0532220900288,662.64785197,0.133738418963,87479,5473648,22519024,0.0287707206249,0.0314494999999,0.106925500002,3476,1439,2040,0,0,582,1286,9225.6,2.20962199313,8,0,0,3127,118.940532274,1156109,0.8928012519561815,1278,0.015393324741336738,16.385529073400527,heavy-0.85-18,heavy,0.85,18,qbr,main,,43b8a49cc2b00f6426ac6c420c040e54ae96949a4589c9d651a232662ebc7692,0.3673336300007577
single,9103782670b941df,104025,104025,83023,26113.9658864,18.2309697099,337.014549544,837.516906052,38.6010909911,0.0711730484324,3.8557,4.15115,65.4800497317,0.0554359121098,661.984867102,0.134039225123,87718,5485344,22441776,0.0268994551116,0.0299100677856,0.106927000002,3577,1540,2038,0,0,657,657,4664.7,1,1,0,0,1453,134.956321657,1157294,0.8700305810397554,654,0.007877335196270914,12.640869670230357,heavy-0.85-18,heavy,0.85,18,single,main,,43b8a49cc2b00f6426ac6c420c040e54ae96949a4589c9d651a232662ebc7692,0.2812834329997713
steal,9103782670b941df,104025,104025,83023,26107.8748992,18.1351026541,336.002530607,842.560602025,38.1807146554,0.065367428303,3.8798,4.15115,58.6179296755,0.0482673453713,664.640787133,0.133678257731,103663,6249232,23409488,0.0684166086248,0.0975909999998,0.106906000002,20956,13429,7529,0,0,2783,6582,73332.2,2.36507366152,15,0,0,11260,299.179038719,1268944,0.8324464041356241,6577,0.07921901159919541,9.502024292751546,heavy-0.85-18,heavy,0.85,18,steal,main,,43b8a49cc2b00f6426ac6c420c040e54ae96949a4589c9d651a232662ebc7692,0.3217745410001953
threshold,9103782670b941df,104025,104025,83023,26092.9310714,18.2887203312,337.690916657,838.355422958,38.3211065903,0.0662828372861,3.876,4.15115,59.0965457577,0.0494119064472,661.984867102,0.133678257731,99269,6039376,23149280,0.0424970312499,0.0506222499999,0.106921000002,8952,3540,5413,0,0,1830,5192,54438.2,2.83715846995,14,0,0,8926,264.216040338,1208117,0.8628131021194605,5190,0.06251279765848018,11.945502666014502,heavy-0.85-18,heavy,0.85,18,threshold,main,,43b8a49cc2b00f6426ac6c420c040e54ae96949a4589c9d651a232662ebc7692,0.348139245999846
work,9103782670b941df,104025,104025,83023,26109.2466606,20.8556184961,339.047713825,847.63463593,40.4920862742,0.0877588138227,3.78685,4.15115,55.7117457666,0.0758422312917,661.984867102,0.13536277223,15936,1019904,22345408,0.00398400000004,0.00398400000004,0.2316905,0,0,0,0,0,0,0,0,0,0,0,0,0,0,811386,,0,0.0,,heavy-0.85-18,heavy,0.85,18,work,main,,43b8a49cc2b00f6426ac6c420c040e54ae96949a4589c9d651a232662ebc7692,0.24093784100023186
bwc,f32b31996b1eb5c8,103901,103901,83190,25987.6981004,21.1193332079,325.39438786,844.24856679,40.3189855584,0.0922707056137,3.7757,4.1595,64.1643077541,0.0817791826597,635.365224823,0.133870486422,60565,3876160,22347840,0.015141038281,0.0241280000002,0.173811000001,0,0,0,0,0,0,0,0,0,0,44629,1.85888099666,0,0,928084,,0,0.0,,heavy-0.85-19,heavy,0.85,19,bwc,main,,b651f762f97eccfce3b647b36d8b71a02cb8089381c67380a439203dc07a5107,0.22643249000066135
jbsq,f32b31996b1eb5c8,103901,103901,83190,25942.7423159,13.4351382382,319.574732174,839.194778381,33.388273642,0.0369034739752,4.006,4.1595,44.5627625748,0.0144502144954,620.281725551,0.125932557446,0,0,22406464,0,0,0.207973500001,0,0,0,0,0,0,0,0,0,0,0,0,0,0,727306,,0,0.0,,heavy-0.85-19,heavy,0.85,19,jbsq,main,,b651f762f97eccfce3b647b36d8b71a02cb8089381c67380a439203dc07a5107,0.21912792300008732
jsw,f32b31996b1eb5c8,103901,103901,83190,25946.5199243,17.238750292,322.471472423,841.717884141,37.1830629881,0.0596826541652,3.91125,4.1595,60.9258297754,0.0417701512757,625.895679489,0.130707251567,15936,1019904,22405312,0.00398400000004,0.00398400000004,0.107094000002,0,0,0,0,0,0,0,0,0,0,0,0,0,0,706099,,0,0.0,,heavy-0.85-19,heavy,0.85,19,jsw,main,,b651f762f97eccfce3b647b36d8b71a02cb8089381c67380a439203dc07a5107,0.1895018870000058
p2c,f32b31996b1eb5c8,103901,103901,83190,25942.7423159,15.9553758578,323.442857578,840.03497316,36.9038118566,0.0714629162159,3.86225,4.1595,66.7546034427,0.0567321442011,627.150097743,0.129871680095,15936,1019904,22405824,0.00398400000004,0.00398400000004,0.107094000002,0,0,0,0,0,0,0,0,0,0,0,0,0,0,706088,,0,0.0,,heavy-0.85-19,heavy,0.85,19,p2c,main,,b651f762f97eccfce3b647b36d8b71a02cb8089381c67380a439203dc07a5107,0.1825121379997654
qbr,f32b31996b1eb5c8,103901,103901,83190,25954.7608537,17.3301266135,322.471472423,842.560602025,37.0347066271,0.0568457747325,3.92305,4.1595,55.7684575124,0.038338225333,626.522575168,0.130229782155,86499,5426624,22589008,0.0279351093749,0.0303459999999,0.107094000002,2988,1410,1579,0,0,554,1215,8721.5,2.19314079422,9,0,0,3023,201.699034153,1147329,0.916256157635468,1218,0.014641182834475297,16.093717573047748,heavy-0.85-19,heavy,0.85,19,qbr,main,,b651f762f97eccfce3b647b36d8b71a02cb8089381c67380a439203dc07a5107,0.30407925300005445
single,f32b31996b1eb5c8,103901,103901,83190,25952.5926456,17.3118147987,323.767300436,840.876008133,37.0933265707,0.0592018271427,3.91325,4.1595,57.5549339981,0.041107849778,624.018747565,0.130945986273,86734,5437984,22520720,0.0261359687499,0.0286232499999,0.107094000002,3063,1584,1479,0,0,647,647,4783.7,1,1,0,0,1423,148.549662972,1148360,0.8919753086419753,648,0.007789397764154346,12.02800815254405,heavy-0.85-19,heavy,0.85,19,single,main,,b651f762f97eccfce3b647b36d8b71a02cb8089381c67380a439203dc07a5107,0.30894820499997877
steal,f32b31996b1eb5c8,103901,103901,83190,25942.7423159,17.385172002,323.767300436,843.404162627,36.8807566585,0.0535641303041,3.9367,4.1595,53.3803204331,0.0345751486415,627.150097743,0.128857057595,106652,6392480,23543936,0.0733912806536,0.104807623024,0.107068500002,22683,14950,7733,0,0,2824,6710,83171,2.37606232295,14,0,0,10854,292.7,1278853,0.864414347373121,6719,0.08076691910085347,10.310713646292951,heavy-0.85-19,heavy,0.85,19,steal,main,,b651f762f97eccfce3b647b36d8b71a02cb8089381c67380a439203dc07a5107,0.3241161400001147
threshold,f32b31996b1eb5c8,103901,103901,83190,25945.8445841,17.385172002,324.092067736,842.560602025,36.9736392556,0.0564731337901,3.9246,4.1595,54.7562683056,0.0379017084368,625.895679489,0.130110414802,96781,5920096,23227648,0.0404535719061,0.0454766504999,0.107088000002,7694,3510,4184,0,0,1779,5068,57452.8,2.84879145587,16,0,0,8503,258.354232138,1192574,0.8920678768745067,5068,0.06092078374804664,12.363323882444664,heavy-0.85-19,heavy,0.85,19,threshold,main,,b651f762f97eccfce3b647b36d8b71a02cb8089381c67380a439203dc07a5107,0.3674814949999927
work,f32b31996b1eb5c8,103901,103901,83190,25956.2424051,16.7886561515,320.858955834,839.194778381,35.8464201437,0.0390311335497,3.99715,4.1595,45.1125329145,0.0165876420561,624.018747565,0.128021486124,15936,1019904,22401856,0.00398400000004,0.00398400000004,0.231817592181,0,0,0,0,0,0,0,0,0,0,0,0,0,0,810030,,0,0.0,,heavy-0.85-19,heavy,0.85,19,work,main,,b651f762f97eccfce3b647b36d8b71a02cb8089381c67380a439203dc07a5107,0.21857419600019057
bwc,c075de985ac42c2a,103762,103762,82990,27124.756328,27.1439275059,344.529474019,845.093815357,47.803965989,0.180298831184,3.40135,4.1495,109.901904702,0.188259932802,645.623789772,0.148504723509,60805,3891520,22318208,0.0152012500001,0.0243120000002,0.174217000001,0,0,0,0,0,0,0,0,0,0,44869,1.84960663264,0,0,935429,,0,0.0,,heavy-0.85-20,heavy,0.85,20,bwc,main,,bfecc9bac707aa2ea3099d9aebe167097fbcf0e5d1a0d4d93caf63775db29acc,0.22895459099981963
jbsq,c075de985ac42c2a,103762,103762,82990,27118.9222569,13.5074584252,326.374550533,838.355422958,33.6712374294,0.0381732738884,3.9911,4.1495,45.4827269142,0.0153078904943,634.094400926,0.129490342379,0,0,22315392,0,0,0.207465736939,0,0,0,0,0,0,0,0,0,0,0,0,0,0,726333,,0,0.0,,heavy-0.85-20,heavy,0.85,20,jbsq,main,,bfecc9bac707aa2ea3099d9aebe167097fbcf0e5d1a0d4d93caf63775db29acc,0.2047305200003393
jsw,c075de985ac42c2a,103762,103762,82990,27124.2424234,17.5698532649,330.656048769,840.876008133,37.582266316,0.0617785275334,3.89315,4.1495,58.9765327157,0.0438896506004,637.914506459,0.133221012095,15936,1019904,22315456,0.00398400000004,0.00398400000004,0.106894774002,0,0,0,0,0,0,0,0,0,0,0,0,0,0,709018,,0,0.0,,heavy-0.85-20,heavy,0.85,20,jsw,main,,bfecc9bac707aa2ea3099d9aebe167097fbcf0e5d1a0d4d93caf63775db29acc,0.18477441300001374
p2c,c075de985ac42c2a,103762,103762,82990,27118.9222569,16.1085860604,329.332734513,846.786849081,37.4386975086,0.0749849379443,3.83835,4.1495,70.0134233615,0.0604179536243,639.192974387,0.133160840002,15936,1019904,22315456,0.00398400000004,0.00398400000004,0.106894774002,0,0,0,0,0,0,0,0,0,0,0,0,0,0,709002,,0,0.0,,heavy-0.85-20,heavy,0.85,20,p2c,main,,bfecc9bac707aa2ea3099d9aebe167097fbcf0e5d1a0d4d93caf63775db29acc,0.19470675599950482
qbr,c075de985ac42c2a,103762,103762,82990,27118.9222569,17.5698532649,330.324724045,842.560602025,37.5821313772,0.0637305699482,3.88505,4.1495,57.9660502412,0.0462551415528,637.914506459,0.133521872556,87049,5453088,22521120,0.0285102187499,0.0312407499999,0.106892500002,3267,1466,1801,0,0,622,1372,9741.2,2.20578778135,10,0,0,3437,145.111350514,1173249,0.9161807580174927,1372,0.01653211230268707,17.043467250889044,heavy-0.85-20,heavy,0.85,20,qbr,main,,bfecc9bac707aa2ea3099d9aebe167097fbcf0e5d1a0d4d93caf63775db29acc,0.2979306090001046
single,c075de985ac42c2a,103762,103762,82990,27127.4843673,17.4772818977,329.993730314,836.679226826,37.3759525577,0.058754066755,3.9057,4.1495,56.5684025678,0.0401078784409,637.914506459,0.133221012095,86740,5438336,22419808,0.0260654848002,0.0291872499999,0.106892545431,3121,1411,1711,0,0,590,590,4284,1,1,0,0,1307,152.364157294,1173060,0.8728813559322034,590,0.00710929027593686,12.664615786297514,heavy-0.85-20,heavy,0.85,20,single,main,,bfecc9bac707aa2ea3099d9aebe167097fbcf0e5d1a0d4d93caf63775db29acc,0.28214640999976837
steal,c075de985ac42c2a,103762,103762,82990,27118.9222569,17.6070115412,327.357656636,833.336869986,37.252755072,0.0555970598867,3.9188,4.1495,53.7621265681,0.0363713067454,639.192974387,0.132378602804,105720,6348016,23378928,0.0716412905253,0.0939279999998,0.106871500002,22104,14417,7687,0,0,2701,6330,75533,2.34357645317,15,0,0,10443,320,1290264,0.8519103252289233,6334,0.07632244848776962,9.971408137229187,heavy-0.85-20,heavy,0.85,20,steal,main,,bfecc9bac707aa2ea3099d9aebe167097fbcf0e5d1a0d4d93caf63775db29acc,0.3342908510003326
threshold,c075de985ac42c2a,103762,103762,82990,27118.9222569,17.5513019629,327.686014293,835.006378063,37.2781084978,0.0578382937703,3.9095,4.1495,54.9796281395,0.0391134682316,636.638591638,0.132619291173,97528,5955872,23090496,0.0409202067782,0.0472482499999,0.106889500002,8064,3468,4595,0,0,1724,4881,51565.1,2.83120649652,14,0,0,8057,284.396054812,1222594,0.881342062193126,4888,0.05889866248945656,11.982768001277512,heavy-0.85-20,heavy,0.85,20,threshold,main,,bfecc9bac707aa2ea3099d9aebe167097fbcf0e5d1a0d4d93caf63775db29acc,0.31022287299947493
work,c075de985ac42c2a,103762,103762,82990,27118.9222569,17.8880789422,329.663067247,833.336869986,37.8560600806,0.0689601156766,3.86335,4.1495,57.0305649315,0.0530954784469,636.638591638,0.132318430712,15936,1019904,22315392,0.00398400000004,0.00398400000004,0.231372853215,0,0,0,0,0,0,0,0,0,0,0,0,0,0,812763,,0,0.0,,heavy-0.85-20,heavy,0.85,20,work,main,,bfecc9bac707aa2ea3099d9aebe167097fbcf0e5d1a0d4d93caf63775db29acc,0.22034944299957715
bwc,e97210d64d421ef,116660,116660,93204,29345.3358731,1571.34034314,2570.06275743,2900.59004474,1563.3510827,1,0,4.6602,2521.69766617,1,2764.66983895,1,62321,3988544,22698432,0.0155802500001,0.0233920000002,0.177720000001,0,0,0,0,0,0,0,0,0,0,46385,1.81638460709,0,0,1050120,,0,0.0,,heavy-0.95-11,heavy,0.95,11,bwc,main,,46fa3b5e13158cc2134b611dfde97e02ed6af29bdb57af2119af81c535627f64,0.33500805600033345
jbsq,e97210d64d421ef,116660,116660,93204,26844.916583,23.5668891517,341.435200737,902.790213093,44.347833724,0.15886657225,3.91985,4.6602,85.7273237721,0.163752670976,674.020574425,0.139520034055,0,0,25114176,0,0,0.233063970196,0,0,0,0,0,0,0,0,0,0,0,0,0,0,816619,,0,0.0,,heavy-0.95-11,heavy,0.95,11,jbsq,main,,46fa3b5e13158cc2134b611dfde97e02ed6af29bdb57af2119af81c535627f64,0.2106555339996703
jsw,e97210d64d421ef,116660,116660,93204,26856.0531569,33.8559788992,349.048407549,905.504296007,53.4338613516,0.273003304579,3.38795,4.6602,110.123819413,0.303288492293,685.588187613,0.153088916086,15936,1019904,25115840,0.00398400000004,0.00398400000004,0.117108774002,0,0,0,0,0,0,0,0,0,0,0,0,0,0,785552,,0,0.0,,heavy-0.95-11,heavy,0.95,11,jsw,main,,46fa3b5e13158cc2134b611dfde97e02ed6af29bdb57af2119af81c535627f64,0.2353663170006257
p2c,e97210d64d421ef,116660,116660,93204,26853.1225229,35.4230821293,354.691384544,916.442376723,56.2183845569,0.30313076692,3.24755,4.6602,136.350924079,0.338646167905,691.792256236,0.162507316554,15936,1019904,25116928,0.00398400000004,0.00398400000004,0.117108774002,0,0,0,0,0,0,0,0,0,0,0,0,0,0,785542,,0,0.0,,heavy-0.95-11,heavy,0.95,11,p2c,main,,46fa3b5e13158cc2134b611dfde97e02ed6af29bdb57af2119af81c535627f64,0.2512467070000639
qbr,e97210d64d421ef,116660,116660,93204,26862.5121642,33.9606514387,353.626440987,904.598697309,53.5130239882,0.27429080297,3.38195,4.6602,111.915197814,0.304645818495,691.10015608,0.154099930825,98841,6019088,25259072,0.0362673863124,0.0431067499999,0.117105000002,9475,656,8820,0,0,436,955,6780.5,2.19036697248,9,0,0,2945,131.212463447,1285797,0.8535564853556485,956,0.010257070511995193,16.1326515745892,heavy-0.95-11,heavy,0.95,11,qbr,main,,46fa3b5e13158cc2134b611dfde97e02ed6af29bdb57af2119af81c535627f64,0.33526269100002537
single,e97210d64d421ef,116660,116660,93204,26870.3659821,33.9956120902,350.45070287,915.525850872,53.6159699831,0.274580490108,3.3806,4.6602,112.141141125,0.30507586244,688.33866264,0.153833874315,99288,6040544,25199776,0.0356890937499,0.0411947499999,0.117103500002,9664,768,8896,0,0,478,478,3488.8,1,1,0,0,1003,161.290012525,1287933,0.7202505219206681,479,0.005139264409252822,6.35840120408941,heavy-0.95-11,heavy,0.95,11,single,main,,46fa3b5e13158cc2134b611dfde97e02ed6af29bdb57af2119af81c535627f64,0.3218428000000131
steal,e97210d64d421ef,116660,116660,93204,26866.2796685,33.2344921233,350.45070287,904.598697309,52.9977968208,0.266276125488,3.4193,4.6602,110.68055086,0.294862318743,685.588187613,0.153088916086,85059,5357264,25640560,0.0348287118925,0.0405772499999,0.117103500002,8835,3336,5499,0,0,1261,3340,33024,2.64869151467,20,0,0,6525,294.475,1255920,0.7766467065868263,3340,0.035835371872451824,10.923346859818682,heavy-0.95-11,heavy,0.95,11,steal,main,,46fa3b5e13158cc2134b611dfde97e02ed6af29bdb57af2119af81c535627f64,0.29609365699980117
threshold,e97210d64d421ef,116660,116660,93204,26844.916583,33.2344921233,349.748854412,901.887325767,52.951052148,0.264548731814,3.42735,4.6602,108.470221755,0.292671782398,685.588187613,0.15319533869,125323,7289184,25547680,0.0588308651066,0.0718944999999,0.117084000002,22607,1482,21127,0,0,983,2817,26365.7,2.86571719227,15,0,0,5955,233.243180798,1387513,0.7968028419182949,2815,0.03020256641345865,11.352090075906913,heavy-0.95-11,heavy,0.95,11,threshold,main,,46fa3b5e13158cc2134b611dfde97e02ed6af29bdb57af2119af81c535627f64,0.36925221199999214
work,e97210d64d421ef,116660,116660,93204,28472.0150897,1053.18192608,1733.14796529,2138.15582398,1033.80951113,1,0,4.6602,1655.22214279,1,1960.00039267,1,15936,1019904,23403904,0.00398400000004,0.00398400000004,0.241085287923,0,0,0,0,0,0,0,0,0,0,0,0,0,0,907361,,0,0.0,,heavy-0.95-11,heavy,0.95,11,work,main,,46fa3b5e13158cc2134b611dfde97e02ed6af29bdb57af2119af81c535627f64,0.25387382000008074
bwc,e9d3b437ef40c3b5,116332,116332,92905,28349.5630882,1660.19577954,2379.61251085,2726.23931432,1595.69510372,1,0,4.64525,2323.1858463,1,2601.08576757,1,62491,3999424,22863616,0.0156227500001,0.0218360000003,0.178670677242,0,0,0,0,0,0,0,0,0,0,46555,1.82390720653,0,0,1042604,,0,0.0,,heavy-0.95-12,heavy,0.95,12,bwc,main,,93f0c6c9248ba69334d7d153c708795418ef8c7dc1a1f6cebdc8e2d99db1b675,0.2737320859996544
jbsq,e9d3b437ef40c3b5,116332,116332,92905,26030.8996146,20.5088832144,341.777635938,792.665608851,42.3932041339,0.140756686938,3.9914,4.64525,87.5669261775,0.141021669742,650.163758055,0.139701940603,0,0,24999680,0,0,0.232242466453,0,0,0,0,0,0,0,0,0,0,0,0,0,0,814323,,0,0.0,,heavy-0.95-12,heavy,0.95,12,jbsq,main,,93f0c6c9248ba69334d7d153c708795418ef8c7dc1a1f6cebdc8e2d99db1b675,0.23434135100069398
jsw,e9d3b437ef40c3b5,116332,116332,92905,26037.4373718,30.730287048,353.272168818,802.242153088,50.9770847495,0.24105268823,3.5255,4.64525,112.367536548,0.262999824918,657.362481057,0.153693577785,15936,1019904,25001664,0.00398400000004,0.00398400000004,0.116809827914,0,0,0,0,0,0,0,0,0,0,0,0,0,0,780974,,0,0.0,,heavy-0.95-12,heavy,0.95,12,jsw,main,,93f0c6c9248ba69334d7d153c708795418ef8c7dc1a1f6cebdc8e2d99db1b675,0.20583984099994268
p2c,e9d3b437ef40c3b5,116332,116332,92905,26015.6152837,32.0575891345,356.830875341,797.439523374,53.5564681889,0.274140250794,3.3718,4.64525,127.968813517,0.303053157533,658.679864382,0.159054358315,15936,1019904,25003840,0.00398400000004,0.00398400000004,0.116809827914,0,0,0,0,0,0,0,0,0,0,0,0,0,0,780906,,0,0.0,,heavy-0.95-12,heavy,0.95,12,p2c,main,,93f0c6c9248ba69334d7d153c708795418ef8c7dc1a1f6cebdc8e2d99db1b675,0.25103578900052526
qbr,e9d3b437ef40c3b5,116332,116332,92905,26026.6865729,30.5721104587,348.34935948,799.03720086,50.8571722431,0.233841020397,3.559,4.64525,109.901904702,0.254003313087,658.679864382,0.153586362174,97453,5952480,25164320,0.0354786144471,0.0411117499999,0.116805327914,8724,816,7908,0,0,481,1090,7739,2.26611226611,10,0,0,3404,134.718793472,1265650,0.8536363636363636,1100,0.011840051665679996,15.071091402121555,heavy-0.95-12,heavy,0.95,12,qbr,main,,93f0c6c9248ba69334d7d153c708795418ef8c7dc1a1f6cebdc8e2d99db1b675,0.31514116400012426
single,e9d3b437ef40c3b5,116332,116332,92905,26052.7149466,30.5405698889,351.506109682,799.837238061,50.8230020708,0.237963511114,3.53985,4.64525,115.119877531,0.259336574592,659.339544246,0.152889460705,97780,5968192,25085008,0.0345179863705,0.0397779999999,0.116806827914,8869,843,8028,0,0,475,475,3372.5,1,1,0,0,1040,119.228937363,1267155,0.7920997920997921,481,0.005177331682901889,9.652234611141322,heavy-0.95-12,heavy,0.95,12,single,main,,93f0c6c9248ba69334d7d153c708795418ef8c7dc1a1f6cebdc8e2d99db1b675,0.3182951589997174
steal,e9d3b437ef40c3b5,116332,116332,92905,26015.8944926,30.0401846728,349.048407549,795.845036456,50.5002116489,0.227781066681,3.58715,4.64525,110.792231411,0.246811490754,658.020843538,0.152031735821,87003,5450336,25662192,0.0388346943436,0.0439849999998,0.116802327914,10485,4462,6023,0,0,1557,4150,43145,2.66538214515,16,0,0,7905,269.690173925,1243289,0.794649313087491,4149,0.044658522146278454,11.209133725455754,heavy-0.95-12,heavy,0.95,12,steal,main,,93f0c6c9248ba69334d7d153c708795418ef8c7dc1a1f6cebdc8e2d99db1b675,0.34616602799997054
threshold,e9d3b437ef40c3b5,116332,116332,92905,26058.4957415,30.4147223853,347.651707414,804.654290077,50.5771734509,0.230967116947,3.57235,4.64525,112.480904085,0.250946115204,657.362481057,0.151442049962,122024,7130848,25531968,0.0569888118749,0.0655049999999,0.116791827914,20885,1826,19063,0,0,1184,3426,32874.6,2.89358108108,14,0,0,6934,229.491845403,1365064,0.8065640429857682,3443,0.03705936171357839,11.180929840873873,heavy-0.95-12,heavy,0.95,12,threshold,main,,93f0c6c9248ba69334d7d153c708795418ef8c7dc1a1f6cebdc8e2d99db1b675,0.34215893100008543
work,e9d3b437ef40c3b5,116332,116332,92905,27487.5721587,1161.6664991,1617.58236614,2009.61823782,1094.79251641,1,0,4.64525,1472.43683093,1,1856.96486384,1,15936,1019904,23699648,0.00398400000004,0.00398400000004,0.244097,0,0,0,0,0,0,0,0,0,0,0,0,0,0,901928,,0,0.0,,heavy-0.95-12,heavy,0.95,12,work,main,,93f0c6c9248ba69334d7d153c708795418ef8c7dc1a1f6cebdc8e2d99db1b675,0.24763336700016225
bwc,2cc1dcb705e105eb,117313,117313,93612,28581.2044341,1517.28690363,2447.17738055,2820.5118793,1519.12175924,1,0,4.6806,2417.98932201,1,2664.25929605,1,62619,4007616,22902016,0.0156547500001,0.0197800000001,0.179196366672,0,0,0,0,0,0,0,0,0,0,46683,1.82640361588,0,0,1051190,,0,0.0,,heavy-0.95-13,heavy,0.95,13,bwc,main,,49153abf66874f77a4561da63e7ecdba1d5644ba39e7dab642b644e253f4b55c,0.2629248880002706
jbsq,2cc1dcb705e105eb,117313,117313,93612,26252.6713845,26.4219723743,352.564685882,860.453649396,51.390931217,0.245470666154,3.53165,4.6806,118.534925723,0.267488612532,676.724709547,0.157555069604,0,0,25163584,0,0,0.233856500001,0,0,0,0,0,0,0,0,0,0,0,0,0,0,821190,,0,0.0,,heavy-0.95-13,heavy,0.95,13,jbsq,main,,49153abf66874f77a4561da63e7ecdba1d5644ba39e7dab642b644e253f4b55c,0.21662010100044427
jsw,2cc1dcb705e105eb,117313,117313,93612,26242.704388,37.2895768697,364.420946271,862.177418148,60.0395891317,0.330192710336,3.1351,4.6806,159.848060061,0.368873809492,684.902285328,0.175742706278,15936,1019904,25165440,0.00398400000004,0.00398400000004,0.117516000002,0,0,0,0,0,0,0,0,0,0,0,0,0,0,787516,,0,0.0,,heavy-0.95-13,heavy,0.95,13,jsw,main,,49153abf66874f77a4561da63e7ecdba1d5644ba39e7dab642b644e253f4b55c,0.21627494800031855
p2c,2cc1dcb705e105eb,117313,117313,93612,26242.704388,39.0911146547,368.830195983,866.501945649,62.5121687388,0.350296970474,3.041,4.6806,178.541293657,0.392076192512,690.408747333,0.183476452077,15936,1019904,25163776,0.00398400000004,0.00398400000004,0.117516000002,0,0,0,0,0,0,0,0,0,0,0,0,0,0,787516,,0,0.0,,heavy-0.95-13,heavy,0.95,13,p2c,main,,49153abf66874f77a4561da63e7ecdba1d5644ba39e7dab642b644e253f4b55c,0.191522688999612
qbr,2cc1dcb705e105eb,117313,117313,93612,26260.6453761,36.7198020457,360.786754829,868.237817042,59.3983644039,0.323217108918,3.16775,4.6806,145.570517693,0.360298144611,691.792256236,0.17515600832,98641,6009440,25293312,0.0361910156249,0.0406829999999,0.117511500002,9335,718,8619,0,0,416,847,6013.7,2.03605769231,8,0,0,2640,127.950690055,1278521,0.8206896551724138,870,0.00929368029739777,14.343864575479422,heavy-0.95-13,heavy,0.95,13,qbr,main,,49153abf66874f77a4561da63e7ecdba1d5644ba39e7dab642b644e253f4b55c,0.32259817800058954
single,2cc1dcb705e105eb,117313,117313,93612,26242.704388,37.0606413502,361.510690125,872.592707202,60.1727096883,0.328398068624,3.1435,4.6806,150.031990513,0.366923580407,690.408747333,0.174569310363,99414,6046464,25238800,0.0357371341174,0.0406234999999,0.117510000002,9712,742,8971,0,0,415,415,3041.5,1,1,0,0,868,171.743916738,1280018,0.7488038277511961,418,0.004465239499209503,7.731562330399967,heavy-0.95-13,heavy,0.95,13,single,main,,49153abf66874f77a4561da63e7ecdba1d5644ba39e7dab642b644e253f4b55c,0.3507183799993072
steal,2cc1dcb705e105eb,117313,117313,93612,26254.3230407,36.4193970283,362.59931009,869.107054859,59.8249595557,0.320204674614,3.18185,4.6806,151.854375813,0.356598052442,687.650012627,0.174889327431,85669,5386672,25723952,0.0355348219061,0.0422702499999,0.117508500002,8773,3645,5128,0,0,1282,3568,35782.8,2.78315132605,15,0,0,6733,316.45,1251384,0.8065054211843202,3597,0.03842456095372388,11.687509715088025,heavy-0.95-13,heavy,0.95,13,steal,main,,49153abf66874f77a4561da63e7ecdba1d5644ba39e7dab642b644e253f4b55c,0.3122091079994789
threshold,2cc1dcb705e105eb,117313,117313,93612,26245.4469646,36.7198020457,362.9629094,872.592707202,59.5290199553,0.323131649788,3.16815,4.6806,154.629266495,0.360471795146,684.902285328,0.174035948584,125248,7284832,25609344,0.0589445864899,0.0708212499999,0.117483000002,22560,1563,20996,0,0,993,2907,26719.7,2.92749244713,13,0,0,5962,267.175,1379723,0.7933968686181075,2938,0.03138486518822373,11.663471397886429,heavy-0.95-13,heavy,0.95,13,threshold,main,,49153abf66874f77a4561da63e7ecdba1d5644ba39e7dab642b644e253f4b55c,0.345282152999971
work,2cc1dcb705e105eb,117313,117313,93612,27744.499874,986.871667328,1648.61378338,2081.19945942,1010.09528804,1,0,4.6806,1571.34034314,1,1925.03549282,1,15936,1019904,23700672,0.00398400000004,0.00398400000004,0.244361,0,0,0,0,0,0,0,0,0,0,0,0,0,0,909614,,0,0.0,,heavy-0.95-13,heavy,0.95,13,work,main,,49153abf66874f77a4561da63e7ecdba1d5644ba39e7dab642b644e253f4b55c,0.26156414700017194
bwc,550bd774a542740f,116962,116962,93631,28624.7254992,1303.28971324,2140.29497981,2491.62114976,1319.93930837,1,0,4.68155,2108.43106095,1,2337.16587068,1,62850,4022400,23167744,0.0157125000001,0.0220200000003,0.180563733938,0,0,0,0,0,0,0,0,0,0,46914,1.83928038539,0,0,1046800,,0,0.0,,heavy-0.95-14,heavy,0.95,14,bwc,main,,a57eef1a83e4914d50cbc26e929b5a67e505e7fc87f22435b532d6629034b94b,0.24736302700057422
jbsq,550bd774a542740f,116962,116962,93631,26532.6116637,18.5214622838,331.319692522,869.107054859,39.6939757244,0.104068097105,4.19435,4.68155,78.5839117375,0.0972614793878,637.914506459,0.131475814678,0,0,25139008,0,0,0.234241500001,0,0,0,0,0,0,0,0,0,0,0,0,0,0,818733,,0,0.0,,heavy-0.95-14,heavy,0.95,14,jbsq,main,,a57eef1a83e4914d50cbc26e929b5a67e505e7fc87f22435b532d6629034b94b,0.21752579400072136
jsw,550bd774a542740f,116962,116962,93631,26532.1908425,28.2919175223,338.708005819,876.092323083,47.9953163605,0.200841601606,3.7413,4.68155,102.614786503,0.215228521146,648.863381429,0.142910828367,15936,1019904,25136320,0.00398400000004,0.00398400000004,0.117535000002,0,0,0,0,0,0,0,0,0,0,0,0,0,0,786332,,0,0.0,,heavy-0.95-14,heavy,0.95,14,jsw,main,,a57eef1a83e4914d50cbc26e929b5a67e505e7fc87f22435b532d6629034b94b,0.20949496299999737
p2c,550bd774a542740f,116962,116962,93631,26546.9594829,27.9716313479,342.120413574,874.34076621,49.4697990414,0.226399376275,3.62165,4.68155,118.415510213,0.245666897765,654.735601614,0.148816234498,15936,1019904,25135744,0.00398400000004,0.00398400000004,0.117535000002,0,0,0,0,0,0,0,0,0,0,0,0,0,0,786378,,0,0.0,,heavy-0.95-14,heavy,0.95,14,p2c,main,,a57eef1a83e4914d50cbc26e929b5a67e505e7fc87f22435b532d6629034b94b,0.20442254499994306
qbr,550bd774a542740f,116962,116962,93631,26532.1908425,27.7408978088,341.777635938,878.726232206,47.6455647329,0.192916875821,3.7784,4.68155,102.407867361,0.205389045918,643.687791689,0.142696086326,96427,5903120,25316736,0.0348637031249,0.0395474999999,0.117533500002,8208,894,7316,0,0,548,1209,8583.9,2.20620437956,9,0,0,3593,132.184435828,1274713,0.8348472336911643,1211,0.012933750574062009,15.662844228167701,heavy-0.95-14,heavy,0.95,14,qbr,main,,a57eef1a83e4914d50cbc26e929b5a67e505e7fc87f22435b532d6629034b94b,0.3560114750007415
single,550bd774a542740f,116962,116962,93631,26532.1908425,27.8560339604,338.708005819,871.719987215,47.4515187431,0.19275667247,3.77915,4.68155,95.6131657356,0.204949069383,645.623789772,0.143662425511,96922,5927056,25230352,0.0339033492499,0.0387984999999,0.117532000002,8424,928,7498,0,0,529,529,3755.9,1,1,0,0,1146,119.954583279,1275876,0.7532956685499058,531,0.00567119864147558,9.147920815759433,heavy-0.95-14,heavy,0.95,14,single,main,,a57eef1a83e4914d50cbc26e929b5a67e505e7fc87f22435b532d6629034b94b,0.3467679600007614
steal,550bd774a542740f,116962,116962,93631,26542.521235,27.4835183408,337.690916657,874.34076621,47.1559362357,0.183934807916,3.82045,4.68155,102.511275228,0.194189643219,643.687791689,0.142642400816,87571,5477840,25876096,0.0408092812499,0.0489232499999,0.117529000002,11838,4836,7002,0,0,1751,4744,45367.4,2.7093089663,17,0,0,9274,294.475,1266214,0.7977267943590823,4751,0.05074174151723254,11.356141366450096,heavy-0.95-14,heavy,0.95,14,steal,main,,a57eef1a83e4914d50cbc26e929b5a67e505e7fc87f22435b532d6629034b94b,0.31653486100003647
threshold,550bd774a542740f,116962,116962,93631,26532.1908425,27.9716313479,340.409946327,878.726232206,47.861414245,0.194572310453,3.77065,4.68155,105.024325557,0.207482267612,643.043747941,0.142588715306,120093,7038304,25727264,0.055870841349,0.0663577499999,0.117515500002,19880,2009,17878,0,0,1298,3844,36127.4,2.96147919877,23,0,0,7866,235.005777631,1366910,0.8143339392365619,3851,0.041129540429985796,12.84936543742392,heavy-0.95-14,heavy,0.95,14,threshold,main,,a57eef1a83e4914d50cbc26e929b5a67e505e7fc87f22435b532d6629034b94b,0.36689053299960506
work,550bd774a542740f,116962,116962,93631,27791.603907,852.739190251,1360.56820299,1775.24966971,847.356658422,1,0,4.68155,1281.31508688,1,1620.82114945,1,15936,1019904,23855488,0.00398400000004,0.00398400000004,0.246141500001,0,0,0,0,0,0,0,0,0,0,0,0,0,0,907307,,0,0.0,,heavy-0.95-14,heavy,0.95,14,work,main,,a57eef1a83e4914d50cbc26e929b5a67e505e7fc87f22435b532d6629034b94b,0.23191506900002423
bwc,183d2b672b97161e,116321,116321,93251,28251.5640928,1102.78154893,1958.04135132,2272.6371018,1142.14190792,1,0,4.66255,1938.55825549,1,2146.72529077,1,63004,4032256,23143744,0.0157511995166,0.0207160000001,0.180709419494,0,0,0,0,0,0,0,0,0,0,47068,1.83166907453,0,0,1041886,,0,0.0,,heavy-0.95-15,heavy,0.95,15,bwc,main,,746c45e4e73795de73eb77f3d91a7a86671740adca746a081ecedd93f60630cc,0.29292835400065087
jbsq,183d2b672b97161e,116321,116321,93251,26322.4006008,17.0934947021,323.118738839,752.469249999,37.178096606,0.0678598620926,4.34615,4.66255,62.4292672175,0.0516830782404,611.64866953,0.13319284595,0,0,25013120,0,0,0.233187212029,0,0,0,0,0,0,0,0,0,0,0,0,0,0,814246,,0,0.0,,heavy-0.95-15,heavy,0.95,15,jbsq,main,,746c45e4e73795de73eb77f3d91a7a86671740adca746a081ecedd93f60630cc,0.21465412599991396
jsw,183d2b672b97161e,116321,116321,93251,26342.1677482,25.4528153082,332.65096654,765.381213224,44.7261922857,0.154636411406,3.94155,4.66255,82.1619551344,0.157230011774,619.041023463,0.144161668558,15936,1019904,25013440,0.00398400000004,0.00398400000004,0.117155000002,0,0,0,0,0,0,0,0,0,0,0,0,0,0,781880,,0,0.0,,heavy-0.95-15,heavy,0.95,15,jsw,main,,746c45e4e73795de73eb77f3d91a7a86671740adca746a081ecedd93f60630cc,0.20362537799974234
p2c,183d2b672b97161e,116321,116321,93251,26322.4205043,25.7185370179,336.339533138,760.798977129,46.5512682118,0.19144030627,3.76995,4.66255,104.49579059,0.201822219844,627.150097743,0.149510995839,15936,1019904,25012160,0.00398400000004,0.00398400000004,0.117155000002,0,0,0,0,0,0,0,0,0,0,0,0,0,0,781816,,0,0.0,,heavy-0.95-15,heavy,0.95,15,p2c,main,,746c45e4e73795de73eb77f3d91a7a86671740adca746a081ecedd93f60630cc,0.22138129599989043
qbr,183d2b672b97161e,116321,116321,93251,26327.5191451,25.6651799927,330.656048769,763.850746879,44.5426738953,0.150464874371,3.961,4.66255,83.3338205986,0.151905169646,620.903007276,0.144647971038,94923,5831056,25208592,0.0339111406249,0.0391479999999,0.117150500002,7408,1017,6392,0,0,583,1297,9303.7,2.22469982847,10,0,0,3791,129.854766955,1260854,0.842911877394636,1305,0.013994487994766812,15.20057181134715,heavy-0.95-15,heavy,0.95,15,qbr,main,,746c45e4e73795de73eb77f3d91a7a86671740adca746a081ecedd93f60630cc,0.3106914149993827
single,183d2b672b97161e,116321,116321,93251,26325.1974352,25.4528153082,329.993730314,764.615597626,44.4824171239,0.150958166668,3.9587,4.66255,81.9958803778,0.152654393664,618.421601861,0.144107634949,95081,5838656,25121936,0.0325426362606,0.0371077499999,0.117153500002,7502,1012,6489,0,0,607,607,4404.7,1,1,0,0,1271,160.712469258,1261552,0.7808896210873146,607,0.006509313573044793,9.435126734642484,heavy-0.95-15,heavy,0.95,15,single,main,,746c45e4e73795de73eb77f3d91a7a86671740adca746a081ecedd93f60630cc,0.3378483980004603
steal,183d2b672b97161e,116321,116321,93251,26334.8789541,25.3736153151,328.673058722,763.086660219,44.3659157042,0.147322816913,3.97565,4.66255,81.0883797677,0.148252702558,625.895679489,0.14356729886,88542,5524144,25874352,0.0435179374999,0.0569274999999,0.117141500002,13368,5459,7909,0,0,2009,5456,54887.6,2.71577899452,14,0,0,10647,289.15,1269581,0.8021292217327459,5448,0.058422965973555244,11.696905834737956,heavy-0.95-15,heavy,0.95,15,steal,main,,746c45e4e73795de73eb77f3d91a7a86671740adca746a081ecedd93f60630cc,0.3604947189996892
threshold,183d2b672b97161e,116321,116321,93251,26334.0105617,25.2683840634,329.332734513,764.615597626,44.3843496352,0.146647220941,3.9788,4.66255,86.8615685786,0.147449962539,617.184614447,0.143405198033,117136,6896656,25696528,0.0544762656249,0.0700607499999,0.117143000002,18336,2426,15910,0,0,1595,4475,40417.5,2.80564263323,16,0,0,9425,265.284738754,1349256,0.8078466339723585,4486,0.04810672271611028,11.601755780093535,heavy-0.95-15,heavy,0.95,15,threshold,main,,746c45e4e73795de73eb77f3d91a7a86671740adca746a081ecedd93f60630cc,0.4247312919997057
work,183d2b672b97161e,116321,116321,93251,27446.603759,636.001590047,1206.67507527,1552.59433138,679.900582742,1,0,4.66255,1137.51703179,1,1431.77287893,1,15936,1019904,23906816,0.00398400000004,0.00398400000004,0.246593000001,0,0,0,0,0,0,0,0,0,0,0,0,0,0,901720,,0,0.0,,heavy-0.95-15,heavy,0.95,15,work,main,,746c45e4e73795de73eb77f3d91a7a86671740adca746a081ecedd93f60630cc,0.25816320200010523
bwc,97e1c3c25c886129,116148,116148,92705,28387.4016039,1295.49129217,2155.32908688,2481.67554161,1268.4531143,1,0,4.63525,2125.36569179,1,2355.9367974,1,62317,3988288,22949888,0.0155792500001,0.0252160000003,0.178860500001,0,0,0,0,0,0,0,0,0,0,46381,1.8409478019,0,0,1040392,,0,0.0,,heavy-0.95-16,heavy,0.95,16,bwc,main,,e0e74f18327d0e1a491e4e122697fe62128eb5a74c732f81b93fc0dfb2b4eddb,0.3323122379997585
jbsq,97e1c3c25c886129,116148,116148,92705,26275.2425673,21.1857575877,334.322561221,899.184072098,42.0438476507,0.128364165903,4.04025,4.63525,80.1096923356,0.125966403562,674.695595,0.137923614847,0,0,24939648,0,0,0.231806000001,0,0,0,0,0,0,0,0,0,0,0,0,0,0,813035,,0,0.0,,heavy-0.95-16,heavy,0.95,16,jbsq,main,,e0e74f18327d0e1a491e4e122697fe62128eb5a74c732f81b93fc0dfb2b4eddb,0.20860554299997602
jsw,97e1c3c25c886129,116148,116148,92705,26307.3478527,31.1131516879,344.184289729,902.790213093,50.8395863548,0.241874764036,3.5141,4.63525,107.273243151,0.264440396681,681.483038477,0.151909628833,15936,1019904,24939456,0.00398400000004,0.00398400000004,0.116609000002,0,0,0,0,0,0,0,0,0,0,0,0,0,0,780731,,0,0.0,,heavy-0.95-16,heavy,0.95,16,jsw,main,,e0e74f18327d0e1a491e4e122697fe62128eb5a74c732f81b93fc0dfb2b4eddb,0.23862836100033746
p2c,97e1c3c25c886129,116148,116148,92705,26295.9931279,31.5331366931,345.220878496,896.488911998,52.6296879805,0.260439027021,3.42805,4.63525,126.686190385,0.286541185995,702.257199435,0.156374394836,15936,1019904,24939392,0.00398400000004,0.00398400000004,0.116609000002,0,0,0,0,0,0,0,0,0,0,0,0,0,0,780694,,0,0.0,,heavy-0.95-16,heavy,0.95,16,p2c,main,,e0e74f18327d0e1a491e4e122697fe62128eb5a74c732f81b93fc0dfb2b4eddb,0.19802363000053447
qbr,97e1c3c25c886129,116148,116148,92705,26275.2425673,31.2417971021,342.120413574,914.610240631,50.8218104887,0.241335418802,3.5166,4.63525,107.057021052,0.263914187411,684.902285328,0.151317912856,97525,5955904,25099552,0.0354476790311,0.0385212499999,0.116606000002,8785,763,8023,0,0,478,1062,7540.2,2.22175732218,11,0,0,3352,132.853924763,1266937,0.8513640639698965,1063,0.011466479693651907,16.27432084409163,heavy-0.95-16,heavy,0.95,16,qbr,main,,e0e74f18327d0e1a491e4e122697fe62128eb5a74c732f81b93fc0dfb2b4eddb,0.30431814300027327
single,97e1c3c25c886129,116148,116148,92705,26303.9262303,30.9530665051,341.777635938,912.781763323,50.5471151114,0.23816406882,3.5313,4.63525,101.072928338,0.259744990893,685.588187613,0.152124798279,97551,5957168,25027568,0.0343592986249,0.0377989999999,0.116607500002,8750,872,7881,0,0,493,493,3595.3,1,1,0,0,1105,121.922946436,1267853,0.778672032193159,497,0.005361091634755407,8.775009950510203,heavy-0.95-16,heavy,0.95,16,single,main,,e0e74f18327d0e1a491e4e122697fe62128eb5a74c732f81b93fc0dfb2b4eddb,0.333090467999682
steal,97e1c3c25c886129,116148,116148,92705,26280.553804,30.0712248575,342.120413574,900.985340427,49.8271995687,0.224173453428,3.59615,4.63525,102.822119691,0.242353099912,689.718029304,0.151694459387,86671,5434608,25611856,0.0383503971249,0.0438047499999,0.116600000002,10377,4293,6084,0,0,1563,4221,43649.1,2.70057581574,16,0,0,8118,268.95,1253851,0.7837709959782352,4227,0.045596246157165204,10.492801651828293,heavy-0.95-16,heavy,0.95,16,steal,main,,e0e74f18327d0e1a491e4e122697fe62128eb5a74c732f81b93fc0dfb2b4eddb,0.32479603199954
threshold,97e1c3c25c886129,116148,116148,92705,26275.2425673,30.7620173351,342.463533987,916.442376723,50.3575739005,0.235251604552,3.5448,4.63525,105.236480232,0.256331376914,686.274775801,0.151210328133,121856,7123136,25442336,0.0566325858749,0.0660079999999,0.116592500002,20804,1733,19075,0,0,1118,3276,30289.6,2.93023255814,15,0,0,6683,247.696102182,1360168,0.8140243902439024,3280,0.035381047408446144,11.71987596308927,heavy-0.95-16,heavy,0.95,16,threshold,main,,e0e74f18327d0e1a491e4e122697fe62128eb5a74c732f81b93fc0dfb2b4eddb,0.38272653100011667
work,97e1c3c25c886129,116148,116148,92705,27700.145899,901.887325767,1503.69039464,1911.60701198,860.315278153,0.999946065477,0.00025,4.63525,1441.83242751,1,1731.41554974,0.999731038193,15936,1019904,23487232,0.00398400000004,0.00398400000004,0.242344,0,0,0,0,0,0,0,0,0,0,0,0,0,0,901317,,0,0.0,,heavy-0.95-16,heavy,0.95,16,work,main,,e0e74f18327d0e1a491e4e122697fe62128eb5a74c732f81b93fc0dfb2b4eddb,0.27074645399989095
bwc,23fb933e77399298,116564,116564,93257,28033.8495497,1385.28586579,2353.58221518,2637.75270789,1429.98278133,1,0,4.66285,2320.86398232,1,2536.87174312,1,62655,4009920,23009792,0.0156636302573,0.0201760000002,0.179337000001,0,0,0,0,0,0,0,0,0,0,46719,1.82735075665,0,0,1044754,,0,0.0,,heavy-0.95-17,heavy,0.95,17,bwc,main,,95038e037ac26bda1cbd810aa08eb4530ed537821f38f93c456462304958dece,0.27668383000036556
jbsq,23fb933e77399298,116564,116564,93257,25748.7618086,20.8119727386,336.676872671,799.837238061,42.4296929698,0.139453338623,4.0126,4.66285,85.6406830891,0.139914486245,626.522575168,0.137637028015,0,0,25154880,0,0,0.233101004518,0,0,0,0,0,0,0,0,0,0,0,0,0,0,815947,,0,0.0,,heavy-0.95-17,heavy,0.95,17,jbsq,main,,95038e037ac26bda1cbd810aa08eb4530ed537821f38f93c456462304958dece,0.2652350359994671
jsw,23fb933e77399298,116564,116564,93257,25746.1970455,29.94725005,343.150804519,798.237962897,50.1230207269,0.224379939308,3.6166,4.66285,106.733497252,0.243364616667,631.560361587,0.149605465233,15936,1019904,25153920,0.00398400000004,0.00398400000004,0.117161774002,0,0,0,0,0,0,0,0,0,0,0,0,0,0,781438,,0,0.0,,heavy-0.95-17,heavy,0.95,17,jsw,main,,95038e037ac26bda1cbd810aa08eb4530ed537821f38f93c456462304958dece,0.2057829830000628
p2c,23fb933e77399298,116564,116564,93257,25740.5536262,31.500636057,347.30340401,798.237962897,52.6445344535,0.262704140172,3.4379,4.66285,133.095352463,0.289724903864,636.638591638,0.156278133771,15936,1019904,25153664,0.00398400000004,0.00398400000004,0.117161774002,0,0,0,0,0,0,0,0,0,0,0,0,0,0,781420,,0,0.0,,heavy-0.95-17,heavy,0.95,17,p2c,main,,95038e037ac26bda1cbd810aa08eb4530ed537821f38f93c456462304958dece,0.18759085900001082
qbr,23fb933e77399298,116564,116564,93257,25753.6381146,30.0401846728,344.184289729,795.845036456,50.0367046085,0.22442283153,3.6164,4.66285,106.94907198,0.24357974561,636.638591638,0.148969972992,97535,5956432,25323840,0.0356215312499,0.0392969999999,0.117158504519,8759,851,7910,0,0,508,1146,8136.6,2.25590551181,11,0,0,3260,169.598185719,1260921,0.8311575282854656,1149,0.012320790932584149,16.07347552521301,heavy-0.95-17,heavy,0.95,17,qbr,main,,95038e037ac26bda1cbd810aa08eb4530ed537821f38f93c456462304958dece,0.34625689899985446
single,23fb933e77399298,116564,116564,93257,25751.7530755,30.3206663928,344.529474019,800.638075299,50.3345238554,0.229913036019,3.5908,4.66285,111.352311609,0.250329416194,635.365224823,0.14949954986,97772,5967728,25236816,0.0345168193074,0.0404367499999,0.117160004519,8880,828,8048,0,0,479,479,3495.9,1,1,0,0,1043,193.996751898,1261105,0.7796257796257796,481,0.005157789763771084,8.669798614754788,heavy-0.95-17,heavy,0.95,17,single,main,,95038e037ac26bda1cbd810aa08eb4530ed537821f38f93c456462304958dece,0.323941554999692
steal,23fb933e77399298,116564,116564,93257,25757.3290096,30.0401846728,342.806997521,803.849440636,49.9764235163,0.227167933774,3.6036,4.66285,105.342716712,0.247156264286,637.914506459,0.148440396123,86130,5408608,25840576,0.0380892466276,0.0433087499999,0.117151004519,10731,4061,6671,0,0,1640,4395,42414.5,2.67987804878,20,0,0,8565,268.95,1242028,0.791600454029512,4405,0.04723506010272687,11.297661973048688,heavy-0.95-17,heavy,0.95,17,steal,main,,95038e037ac26bda1cbd810aa08eb4530ed537821f38f93c456462304958dece,0.3483606560002954
threshold,23fb933e77399298,116564,116564,93257,25744.5291888,30.4775832448,344.184289729,802.242153088,50.1672724486,0.231156910473,3.585,4.66285,107.924508875,0.251835318794,636.638591638,0.149711380607,121825,7121280,25708528,0.0568104218749,0.0683539999999,0.117145004519,20819,1793,19024,0,0,1209,3647,33208.7,3.01654259719,19,0,0,7520,254.43355874,1355414,0.8252054794520548,3650,0.0391391530930654,12.994807718548508,heavy-0.95-17,heavy,0.95,17,threshold,main,,95038e037ac26bda1cbd810aa08eb4530ed537821f38f93c456462304958dece,0.38048008300029323
work,23fb933e77399298,116564,116564,93257,27167.1808149,884.902820904,1524.8935362,1879.38347756,920.737257069,1,0,4.66285,1454.86998271,1,1743.57890001,1,15936,1019904,23788160,0.00398400000004,0.00398400000004,0.244466,0,0,0,0,0,0,0,0,0,0,0,0,0,0,902531,,0,0.0,,heavy-0.95-17,heavy,0.95,17,work,main,,95038e037ac26bda1cbd810aa08eb4530ed537821f38f93c456462304958dece,0.31142302100033703
bwc,28d884374acbfb54,116251,116251,92847,28826.6069136,1496.18946046,2519.17748868,2812.06424456,1481.23844319,1,0,4.64235,2486.64337537,1,2691.03214607,1,62354,3990656,22619776,0.0155885000001,0.0213040000002,0.177669370632,0,0,0,0,0,0,0,0,0,0,46418,1.8130682063,0,0,1044982,,0,0.0,,heavy-0.95-18,heavy,0.95,18,bwc,main,,620c6e94578b02b5664cf683b918649b2016d0cc8a808ec419024e49d7594572,0.2567690500000026
jbsq,28d884374acbfb54,116251,116251,92847,26355.9757906,24.9811580655,344.529474019,858.733323016,46.0415806274,0.187792820447,3.77055,4.64235,91.7340305713,0.198526440559,664.640787133,0.144961031981,0,0,24971776,0,0,0.232131000001,0,0,0,0,0,0,0,0,0,0,0,0,0,0,813756,,0,0.0,,heavy-0.95-18,heavy,0.95,18,jbsq,main,,620c6e94578b02b5664cf683b918649b2016d0cc8a808ec419024e49d7594572,0.23388393699951848
jsw,28d884374acbfb54,116251,116251,92847,26366.3906264,34.9528800556,355.047075929,852.739190251,54.6264393257,0.291242581882,3.2903,4.64235,117.939039943,0.324452466259,673.346228197,0.158720773985,15936,1019904,24970496,0.00398400000004,0.00398400000004,0.116751000002,0,0,0,0,0,0,0,0,0,0,0,0,0,0,781538,,0,0.0,,heavy-0.95-18,heavy,0.95,18,jsw,main,,620c6e94578b02b5664cf683b918649b2016d0cc8a808ec419024e49d7594572,0.24794284800009336
p2c,28d884374acbfb54,116251,116251,92847,26361.6856028,36.4568164253,360.064265234,863.904636162,57.2064049457,0.318448630543,3.164,4.64235,140.108013377,0.355890196924,678.759917527,0.169040580489,15936,1019904,24972544,0.00398400000004,0.00398400000004,0.116751000002,0,0,0,0,0,0,0,0,0,0,0,0,0,0,781522,,0,0.0,,heavy-0.95-18,heavy,0.95,18,p2c,main,,620c6e94578b02b5664cf683b918649b2016d0cc8a808ec419024e49d7594572,0.21123681900007796
qbr,28d884374acbfb54,116251,116251,92847,26366.4732903,34.7022135634,353.272168818,864.769540798,54.3521758915,0.284715715101,3.3206,4.64235,115.468585639,0.316518951537,674.020574425,0.157807041118,99060,6029504,25109376,0.036424050181,0.0424169999999,0.116748000002,9570,662,8907,0,0,404,918,6612.8,2.27227722772,9,0,0,2716,110.107146204,1273031,0.8329694323144105,916,0.009865693021853156,15.701759828497313,heavy-0.95-18,heavy,0.95,18,qbr,main,,620c6e94578b02b5664cf683b918649b2016d0cc8a808ec419024e49d7594572,0.32302616700053477
single,28d884374acbfb54,116251,116251,92847,26355.9757906,34.417876862,355.403123005,853.592929441,54.20306602,0.284974204875,3.3194,4.64235,119.85640409,0.316653646184,675.371290595,0.158559527009,99252,6038880,25047008,0.0356159182457,0.0417589999999,0.116749500002,9632,745,8887,0,0,430,430,3148,1,1,0,0,937,173.20051383,1274546,0.7209302325581395,430,0.004631275108511853,8.014594225469812,heavy-0.95-18,heavy,0.95,18,single,main,,620c6e94578b02b5664cf683b918649b2016d0cc8a808ec419024e49d7594572,0.3762898450004286
steal,28d884374acbfb54,116251,116251,92847,26355.9757906,34.2413175087,355.403123005,856.159272863,53.7707350893,0.279492067595,3.34485,4.64235,115.119877531,0.309716871852,673.346228197,0.158882020962,84882,5349104,25525872,0.0343348911249,0.0389509999999,0.116748000002,8456,3246,5209,0,0,1281,3529,35125.9,2.75487900078,17,0,0,6878,294.475,1247158,0.7867459643160578,3531,0.03803030792594268,11.39532716514181,heavy-0.95-18,heavy,0.95,18,steal,main,,620c6e94578b02b5664cf683b918649b2016d0cc8a808ec419024e49d7594572,0.29644137600007525
threshold,28d884374acbfb54,116251,116251,92847,26355.9757906,34.7736536927,354.691384544,857.016432136,54.4423699401,0.288194556636,3.30445,4.64235,116.873921274,0.320425096307,674.020574425,0.159580757861,126050,7324096,25389040,0.0594031514999,0.0730064239999,0.116728500002,22977,1484,21492,0,0,993,2697,25418.7,2.71601208459,12,0,0,6002,239.875,1374557,0.7810192023633677,2708,0.029166262776395575,11.075265211199278,heavy-0.95-18,heavy,0.95,18,threshold,main,,620c6e94578b02b5664cf683b918649b2016d0cc8a808ec419024e49d7594572,0.36909145200024795
work,28d884374acbfb54,116251,116251,92847,27908.8704813,946.260167888,1630.57643612,1991.61282074,935.319591308,0.99961226534,0.0018,4.64235,1577.63914485,1,1842.16780932,0.998065036281,15936,1019904,23356800,0.00398400000004,0.00398400000004,0.241002,0,0,0,0,0,0,0,0,0,0,0,0,0,0,902704,,0,0.0,,heavy-0.95-18,heavy,0.95,18,work,main,,620c6e94578b02b5664cf683b918649b2016d0cc8a808ec419024e49d7594572,0.23144376399977773
bwc,a5f96a574b19f60d,116069,116069,92907,28883.2127144,1182.77333636,1923.11138144,2263.56524437,1108.66189352,1,0,4.64535,1858.8228287,1,2123.24145034,1,62867,4023488,23073472,0.0157167963355,0.0252840000002,0.179995000001,0,0,0,0,0,0,0,0,0,0,46931,1.82597856428,0,0,1041824,,0,0.0,,heavy-0.95-19,heavy,0.95,19,bwc,main,,1c80b55e1508cf4083f9690ca85910e512f35a4353bd79e1903f7aecf11ac554,0.2422130360000665
jbsq,a5f96a574b19f60d,116069,116069,92907,27027.1486143,18.0587532125,328.673058722,854.44752237,38.885167117,0.0905529185099,4.2247,4.64535,70.4405705243,0.0798242303337,636.001590047,0.133073347935,0,0,24994176,0,0,0.231944000001,0,0,0,0,0,0,0,0,0,0,0,0,0,0,812482,,0,0.0,,heavy-0.95-19,heavy,0.95,19,jbsq,main,,1c80b55e1508cf4083f9690ca85910e512f35a4353bd79e1903f7aecf11ac554,0.20466598700022587
jsw,a5f96a574b19f60d,116069,116069,92907,26995.1085995,26.9756533909,337.014549544,858.733323016,46.6846378398,0.179362157857,3.81215,4.64535,94.5567698465,0.188426699736,644.332479481,0.14343714942,15936,1019904,25018048,0.00398400000004,0.00398400000004,0.116811000002,0,0,0,0,0,0,0,0,0,0,0,0,0,0,782448,,0,0.0,,heavy-0.95-19,heavy,0.95,19,jsw,main,,1c80b55e1508cf4083f9690ca85910e512f35a4353bd79e1903f7aecf11ac554,0.20868283700019674
p2c,a5f96a574b19f60d,116069,116069,92907,26982.6184867,26.7528519394,340.068877449,848.483270566,48.0098857895,0.204710086431,3.6944,4.64535,112.141141125,0.219132474255,644.332479481,0.14755061702,15936,1019904,25014784,0.00398400000004,0.00398400000004,0.116811000002,0,0,0,0,0,0,0,0,0,0,0,0,0,0,782410,,0,0.0,,heavy-0.95-19,heavy,0.95,19,p2c,main,,1c80b55e1508cf4083f9690ca85910e512f35a4353bd79e1903f7aecf11ac554,0.19039109400000598
qbr,a5f96a574b19f60d,116069,116069,92907,27032.847498,26.9197858993,334.657883782,858.733323016,46.5128434036,0.178705587308,3.8152,4.64535,93.3231841996,0.187779694829,646.270413562,0.142742667878,95826,5874368,25202048,0.0345536820287,0.0399992499999,0.116809500002,7885,976,6906,0,0,588,1234,8761.4,2.09863945578,10,0,0,3793,172.683750315,1273717,0.8518808777429467,1276,0.013734164271798681,16.721931714086555,heavy-0.95-19,heavy,0.95,19,qbr,main,,1c80b55e1508cf4083f9690ca85910e512f35a4353bd79e1903f7aecf11ac554,0.29003542400005244
single,a5f96a574b19f60d,116069,116069,92907,26983.2521526,26.9477056852,336.339533138,863.040595566,46.5331106755,0.180072545664,3.80885,4.64535,91.4563839578,0.188898474147,645.623789772,0.145093220792,96409,5902304,25125504,0.0335897582965,0.0394712499999,0.116809500002,8153,1044,7109,0,0,608,608,4601.8,1,1,0,0,1323,198.281469865,1274960,0.7821939586645469,629,0.0067702110712863405,9.28515383191598,heavy-0.95-19,heavy,0.95,19,single,main,,1c80b55e1508cf4083f9690ca85910e512f35a4353bd79e1903f7aecf11ac554,0.2972672200003217
steal,a5f96a574b19f60d,116069,116069,92907,27023.7023331,26.8640299753,335.329535207,858.733323016,46.1341524246,0.172678054398,3.8432,4.64535,88.7252298317,0.180554806707,643.043747941,0.141460548106,87990,5497808,25786352,0.0419739306561,0.0513842499998,0.116797500002,12512,5102,7410,0,0,1857,4849,49152.9,2.6112008616,16,0,0,9305,290.925,1283527,0.7849969255995081,4879,0.05251488047186972,10.59814610898554,heavy-0.95-19,heavy,0.95,19,steal,main,,1c80b55e1508cf4083f9690ca85910e512f35a4353bd79e1903f7aecf11ac554,0.31333346599967626
threshold,a5f96a574b19f60d,116069,116069,92907,26992.6991663,27.2284437484,337.352564093,855.302969893,46.3271459199,0.174174174174,3.83625,4.64535,88.7252298317,0.182118401898,646.270413562,0.14268924622,118569,6965488,25626544,0.0548037276249,0.0685487499999,0.116799000002,19096,2074,17022,0,0,1333,3971,37599.1,2.97899474869,13,0,0,8230,256.89198056,1358946,0.8242060515128782,3999,0.043043043043043044,12.424306941656187,heavy-0.95-19,heavy,0.95,19,threshold,main,,1c80b55e1508cf4083f9690ca85910e512f35a4353bd79e1903f7aecf11ac554,0.3149445979997836
work,a5f96a574b19f60d,116069,116069,92907,27970.2273855,609.204189107,1053.18192608,1509.71819038,554.03364238,0.978408516043,0.1003,4.64535,958.648707958,1,1298.08557124,0.892836155778,15936,1019904,23981312,0.00398400000004,0.00398400000004,0.246591423541,0,0,0,0,0,0,0,0,0,0,0,0,0,0,901624,,0,0.0,,heavy-0.95-19,heavy,0.95,19,work,main,,1c80b55e1508cf4083f9690ca85910e512f35a4353bd79e1903f7aecf11ac554,0.21801389800020843
bwc,777e148ed6c75247,115998,115998,92817,29131.8682371,1356.49165419,2142.43627479,2511.63205212,1384.32117149,1,0,4.64085,2093.72393085,1,2372.48493322,1,62419,3994816,22948096,0.0156047500001,0.0202880000002,0.178963500001,0,0,0,0,0,0,0,0,0,0,46483,1.83574640191,0,0,1041242,,0,0.0,,heavy-0.95-20,heavy,0.95,20,bwc,main,,afe6b88acec1ef8b9268e68466886dcb8584ba2be64d5dc92122ed5891936853,0.23925481800051784
jbsq,777e148ed6c75247,115998,115998,92817,27058.5333573,19.0755066944,336.002530607,836.679226826,40.3713953581,0.110927955008,4.12605,4.64085,78.2663703408,0.104278542684,638.553420966,0.137610715057,0,0,24930368,0,0,0.232023813141,0,0,0,0,0,0,0,0,0,0,0,0,0,0,811985,,0,0.0,,heavy-0.95-20,heavy,0.95,20,jbsq,main,,afe6b88acec1ef8b9268e68466886dcb8584ba2be64d5dc92122ed5891936853,0.20191745000010997
jsw,777e148ed6c75247,115998,115998,92817,27068.5823938,28.7046806238,344.184289729,845.093815357,48.6387592399,0.204219054699,3.6931,4.64085,102.614786503,0.217587919409,644.332479481,0.150572477857,15936,1019904,24929984,0.00398400000004,0.00398400000004,0.116721062547,0,0,0,0,0,0,0,0,0,0,0,0,0,0,782258,,0,0.0,,heavy-0.95-20,heavy,0.95,20,jsw,main,,afe6b88acec1ef8b9268e68466886dcb8584ba2be64d5dc92122ed5891936853,0.21394353800042154
p2c,777e148ed6c75247,115998,115998,92817,27063.887392,29.1835367643,349.398455956,838.355422958,50.8525092725,0.240968788045,3.52255,4.64085,124.660472962,0.262311408999,639.192974387,0.155325124217,15936,1019904,24931584,0.00398400000004,0.00398400000004,0.116721062547,0,0,0,0,0,0,0,0,0,0,0,0,0,0,782242,,0,0.0,,heavy-0.95-20,heavy,0.95,20,p2c,main,,afe6b88acec1ef8b9268e68466886dcb8584ba2be64d5dc92122ed5891936853,0.1943361220000952
qbr,777e148ed6c75247,115998,115998,92817,27099.9951465,28.6157445134,343.150804519,838.355422958,48.3591389359,0.206449249599,3.68275,4.64085,102.304562798,0.220804565214,640.474000529,0.148844242817,96369,5900528,25109472,0.0347938821249,0.0396634999999,0.116715813142,8153,901,7252,0,0,513,1208,8671.8,2.35477582846,11,0,0,3370,160.871502577,1280853,0.8545454545454545,1210,0.013036404968917331,15.154050950952762,heavy-0.95-20,heavy,0.95,20,qbr,main,,afe6b88acec1ef8b9268e68466886dcb8584ba2be64d5dc92122ed5891936853,0.30026958899998135
single,777e148ed6c75247,115998,115998,92817,27083.0061474,28.5270746786,342.120413574,836.679226826,48.5835506115,0.2054257302,3.6875,4.64085,105.982370282,0.219539440923,641.115474529,0.148790235472,97020,5931696,25026192,0.0339968124999,0.0389232499999,0.116717313142,8468,955,7514,0,0,543,543,3855.3,1,1,0,0,1161,142.136403733,1281768,0.7771639042357275,543,0.005850221403406704,9.38593433651411,heavy-0.95-20,heavy,0.95,20,single,main,,afe6b88acec1ef8b9268e68466886dcb8584ba2be64d5dc92122ed5891936853,0.29796648299998196
steal,777e148ed6c75247,115998,115998,92817,27078.0978989,27.9716313479,343.150804519,835.842384441,47.9917011405,0.198573537175,3.7193,4.64085,101.277176268,0.211060416414,644.332479481,0.148466191402,87673,5482688,25724816,0.0408694268548,0.0503602499999,0.116712813142,11629,4921,6709,0,0,1820,5061,51133.1,2.78076923077,13,0,0,9261,268.95,1268832,0.8027640671273445,5065,0.05456974476658371,11.333920109772885,heavy-0.95-20,heavy,0.95,20,steal,main,,afe6b88acec1ef8b9268e68466886dcb8584ba2be64d5dc92122ed5891936853,0.29920255100023496
threshold,777e148ed6c75247,115998,115998,92817,27087.6915955,28.586158355,342.806997521,831.670695924,48.5718748776,0.207095682903,3.67975,4.64085,103.342269549,0.221450586129,639.192974387,0.149492330957,120094,7038528,25531536,0.0559335022615,0.0684552499999,0.116703813142,19862,2049,17808,0,0,1299,3903,37496.3,3.00461893764,18,0,0,7805,239.875,1375068,0.8141660319878141,3939,0.04243834642360774,12.061959496477128,heavy-0.95-20,heavy,0.95,20,threshold,main,,afe6b88acec1ef8b9268e68466886dcb8584ba2be64d5dc92122ed5891936853,0.3240131639995525
work,777e148ed6c75247,115998,115998,92817,28435.8756983,976.069996972,1473.91026776,1900.17142779,972.344183093,1,0,4.64085,1393.62440302,1,1736.61799537,1,15936,1019904,23693376,0.00398400000004,0.00398400000004,0.244381047903,0,0,0,0,0,0,0,0,0,0,0,0,0,0,902613,,0,0.0,,heavy-0.95-20,heavy,0.95,20,work,main,,afe6b88acec1ef8b9268e68466886dcb8584ba2be64d5dc92122ed5891936853,0.22077227999943716
bwc,5a90829e5563312e,61380,61380,48999,25240.6071674,14.3119858304,183.084103613,303.947736515,33.6686545427,0.00620420824915,2.43475,2.44995,20.3802803999,0.000511967234097,265.455662796,0.0285886853231,43040,2754560,13222656,0.0107601673939,0.0121240000001,0.113556,0,0,0,0,0,0,0,0,0,0,27104,1.80792502952,0,0,585002,,0,0.0,,stall-0.5-11,stall,0.5,11,bwc,main,,f0ebc8524fce3807670b17ed7f63cdea07a6e233fd017ee81cc66f980450a84f,0.17294109599970398
jbsq,5a90829e5563312e,61380,61380,48999,25240.6071674,13.8003806198,184.561941118,294.348612397,33.389750003,0.00702055143983,2.43275,2.44995,19.3177421847,0.00174068859593,254.246398423,0.0277833702436,0,0,13222656,0,0,0.122493,0,0,0,0,0,0,0,0,0,0,0,0,0,0,429898,,0,0.0,,stall-0.5-11,stall,0.5,11,jbsq,main,,f0ebc8524fce3807670b17ed7f63cdea07a6e233fd017ee81cc66f980450a84f,0.12802625199947215
jsw,5a90829e5563312e,61380,61380,48999,25240.62596,14.0690640517,184.006366814,309.17352902,33.5995522498,0.00646951978612,2.4341,2.44995,20.5303920977,0.000819147574555,260.966427335,0.0286893497081,15936,1019904,13222656,0.00398400000004,0.00398400000004,0.0729030000009,0,0,0,0,0,0,0,0,0,0,0,0,0,0,448935,,0,0.0,,stall-0.5-11,stall,0.5,11,jsw,main,,f0ebc8524fce3807670b17ed7f63cdea07a6e233fd017ee81cc66f980450a84f,0.10765413299941429
p2c,5a90829e5563312e,61380,61380,48999,25240.6071674,13.8151810004,187.930599023,306.703269916,33.6686762553,0.00859201208188,2.4289,2.44995,19.8318280509,0.00312300012799,268.401374202,0.0300986510972,15936,1019904,13222656,0.00398400000004,0.00398400000004,0.0729030000009,0,0,0,0,0,0,0,0,0,0,0,0,0,0,448987,,0,0.0,,stall-0.5-11,stall,0.5,11,p2c,main,,f0ebc8524fce3807670b17ed7f63cdea07a6e233fd017ee81cc66f980450a84f,0.11238012899957539
qbr,5a90829e5563312e,61380,61380,48999,25240.6071674,14.0690640517,184.006366814,301.821615344,33.5937303099,0.00651033694565,2.434,2.44995,20.4873958186,0.00102393446819,257.326257747,0.0280853633984,79745,5102640,13224576,0.0199516562499,0.0201049999999,0.0729030000009,23,23,0,0,0,4,10,261,2.5,4,0,0,10,217.976446137,850484,0.7,10,0.0002040857976693402,-35.3356021541138,stall-0.5-11,stall,0.5,11,qbr,main,,f0ebc8524fce3807670b17ed7f63cdea07a6e233fd017ee81cc66f980450a84f,0.21130624299985357
single,5a90829e5563312e,61380,61380,48999,25240.6071674,14.0690640517,185.119183813,303.643093422,33.6659001344,0.00702055143983,2.43275,2.44995,20.5088832144,0.00171509023423,259.660515544,0.0278840346285,79777,5104176,13226688,0.0199583962186,0.0200744999999,0.0729030000009,39,39,0,0,0,20,20,332,1,1,0,0,25,256.589469346,850677,0.95,20,0.0004081715953386804,19.72217553875289,stall-0.5-11,stall,0.5,11,single,main,,f0ebc8524fce3807670b17ed7f63cdea07a6e233fd017ee81cc66f980450a84f,0.2190900679997867
steal,5a90829e5563312e,61380,61380,48999,25240.6071674,14.0540100417,186.238694429,301.216879369,33.7055741581,0.00712259433866,2.4325,2.44995,20.9212509403,0.00179188531934,256.810379178,0.0280853633984,89624,5575968,13259488,0.0362869218749,0.0463847499998,0.0728880000009,5689,5046,643,0,0,94,169,3859.9,1.79787234043,7,0,0,186,294.475,903113,0.9822485207100592,169,0.003449049980611849,6.495922517218567,stall-0.5-11,stall,0.5,11,steal,main,,f0ebc8524fce3807670b17ed7f63cdea07a6e233fd017ee81cc66f980450a84f,0.2364269539993984
threshold,5a90829e5563312e,61380,61380,48999,25240.6071674,14.0841331158,184.561941118,301.519096248,33.6312363864,0.00659197126472,2.4338,2.44995,20.5950478867,0.00122872136183,254.757146466,0.0276827058587,80111,5120208,13229488,0.0204466874999,0.0207114999999,0.0729030000009,151,147,3,0,0,17,38,554.8,2.23529411765,8,0,0,41,251.833380588,852140,1.0,38,0.0007755260311434927,12.761700936017956,stall-0.5-11,stall,0.5,11,threshold,main,,f0ebc8524fce3807670b17ed7f63cdea07a6e233fd017ee81cc66f980450a84f,0.2085144560005574
work,5a90829e5563312e,61380,61380,48999,25240.6071674,14.5432803643,185.119183813,303.947736515,33.9434535292,0.00695932570052,2.4329,2.44995,21.0090675592,0.00168949187252,253.991407016,0.0276827058587,15936,1019904,13222848,0.00398400000004,0.00398400000004,0.1464045,0,0,0,0,0,0,0,0,0,0,0,0,0,0,510315,,0,0.0,,stall-0.5-11,stall,0.5,11,work,main,,f0ebc8524fce3807670b17ed7f63cdea07a6e233fd017ee81cc66f980450a84f,0.14090242299971578
bwc,3c09c32e7adcd1e,61498,61498,49252,25211.525329,14.3119858304,186.425933123,297.912353877,33.7145622458,0.00745147405182,2.44425,2.4626,20.6382595775,0.00142656986371,252.466799146,0.0311093327998,43307,2771648,13295552,0.0108266778569,0.0126880000001,0.114212978315,0,0,0,0,0,0,0,0,0,0,27371,1.79953235176,0,0,586545,,0,0.0,,stall-0.5-12,stall,0.5,12,bwc,main,,739c0ddf1cf1410dc5ceae02e940522e342534aa7b117c2a7984277bf5fb511d,0.1485150499993324
jbsq,3c09c32e7adcd1e,61498,61498,49252,25211.525329,13.8003806198,185.305302997,313.230067365,33.3378409319,0.00741086656379,2.44435,2.4626,19.3177421847,0.00137562094001,258.102011758,0.0311093327998,0,0,13295552,0,0,0.123136036955,0,0,0,0,0,0,0,0,0,0,0,0,0,0,430739,,0,0.0,,stall-0.5-12,stall,0.5,12,jbsq,main,,739c0ddf1cf1410dc5ceae02e940522e342534aa7b117c2a7984277bf5fb511d,0.1215446289997999
jsw,3c09c32e7adcd1e,61498,61498,49252,25211.525329,14.0690640517,188.497957801,298.809987975,33.6928582898,0.00797937139609,2.44295,2.4626,20.7032392926,0.0019615335626,256.810379178,0.0316094828449,15936,1019904,13295616,0.00398400000004,0.00398400000004,0.0731560000009,0,0,0,0,0,0,0,0,0,0,0,0,0,0,449570,,0,0.0,,stall-0.5-12,stall,0.5,12,jsw,main,,739c0ddf1cf1410dc5ceae02e940522e342534aa7b117c2a7984277bf5fb511d,0.13882266200016602
p2c,3c09c32e7adcd1e,61498,61498,49252,25211.525329,13.8151810004,188.687455759,311.663619503,33.6410221908,0.00933972224478,2.4396,2.4626,19.9571319136,0.00326073111706,266.523085247,0.0332099629889,15936,1019904,13295552,0.00398400000004,0.00398400000004,0.0731560000009,0,0,0,0,0,0,0,0,0,0,0,0,0,0,449617,,0,0.0,,stall-0.5-12,stall,0.5,12,p2c,main,,739c0ddf1cf1410dc5ceae02e940522e342534aa7b117c2a7984277bf5fb511d,0.11876051800027199
qbr,3c09c32e7adcd1e,61498,61498,49252,25211.525329,14.0690640517,186.238694429,304.863494873,33.6051969274,0.0074311703078,2.4443,2.4626,20.7249425319,0.00135014647816,255.525185433,0.0313093928178,79740,5102400,13300752,0.0199537343749,0.0201024999999,0.0731559660009,24,23,1,0,0,11,21,624.1,1.90909090909,4,0,0,29,200.952422983,850633,0.8095238095238095,21,0.00042637862421830583,-17.593108236279562,stall-0.5-12,stall,0.5,12,qbr,main,,739c0ddf1cf1410dc5ceae02e940522e342534aa7b117c2a7984277bf5fb511d,0.21142082099959225
single,3c09c32e7adcd1e,61498,61498,49252,25211.525329,14.0841331158,186.425933123,295.53178012,33.6435618823,0.00765451149192,2.44375,2.4626,20.7684141419,0.00152846771112,256.552826352,0.0317095128539,79747,5102736,13299440,0.0199276512546,0.0200174999999,0.0731574660009,27,26,1,0,0,13,13,472.3,1,1,0,0,14,185.100679919,850677,1.0,13,0.0002639486721351417,25.42049344757722,stall-0.5-12,stall,0.5,12,single,main,,739c0ddf1cf1410dc5ceae02e940522e342534aa7b117c2a7984277bf5fb511d,0.2102838000000702
steal,3c09c32e7adcd1e,61498,61498,49252,25211.525329,14.0540100417,187.176762161,290.535823312,33.6324058291,0.00757329651588,2.44395,2.4626,20.7901825561,0.00173226340594,250.951306992,0.0305091527458,90689,5626880,13333920,0.0380859374999,0.0482852499998,0.0731410000009,6335,5591,744,0,0,106,164,4204.4,1.54716981132,7,0,0,195,294.475,907697,0.975609756097561,164,0.003329814017704865,5.773850472013042,stall-0.5-12,stall,0.5,12,steal,main,,739c0ddf1cf1410dc5ceae02e940522e342534aa7b117c2a7984277bf5fb511d,0.21806573199955892
threshold,3c09c32e7adcd1e,61498,61498,49252,25211.525329,14.0690640517,185.864778008,309.17352902,33.5920706264,0.00730934784374,2.4446,2.4626,20.6815577349,0.00114635078334,257.843168589,0.0315094528359,80137,5121456,13305904,0.0204947090912,0.0207349999999,0.0731559660009,161,160,1,0,0,25,53,946.3,2.12,6,0,0,57,276.909419934,852472,0.9622641509433962,53,0.0010760984325509624,4.352067229391582,stall-0.5-12,stall,0.5,12,threshold,main,,739c0ddf1cf1410dc5ceae02e940522e342534aa7b117c2a7984277bf5fb511d,0.1999104520000401
work,3c09c32e7adcd1e,61498,61498,49252,25211.525329,14.5277526116,186.425933123,307.627303144,33.8979097327,0.00757329651588,2.44395,2.4626,21.0972359719,0.00170678894408,255.525185433,0.0306091827548,15936,1019904,13295616,0.00398400000004,0.00398400000004,0.147040036954,0,0,0,0,0,0,0,0,0,0,0,0,0,0,511060,,0,0.0,,stall-0.5-12,stall,0.5,12,work,main,,739c0ddf1cf1410dc5ceae02e940522e342534aa7b117c2a7984277bf5fb511d,0.1522206539993931
bwc,2156a0318eaea050,61798,61798,49423,25184.5746521,14.2814077335,183.268187716,306.703269916,33.2948932368,0.00651518523764,2.45505,2.47115,20.7032392926,0.000935122703263,259.660515544,0.0289163961039,43290,2770560,13272960,0.0108225000001,0.0120600000001,0.114358,0,0,0,0,0,0,0,0,0,0,27354,1.80635373254,0,0,588487,,0,0.0,,stall-0.5-13,stall,0.5,13,bwc,main,,f92c8a33fb8ba1108e3dff0daac0938a17ef7bbafd1aa153e81a6c24e67ffafb,0.14542334300040238
jbsq,2156a0318eaea050,61798,61798,49423,25184.561949,13.8003806198,183.268187716,305.169358368,32.9626065697,0.00706148958987,2.4537,2.47115,19.3177421847,0.00146586802133,262.805702799,0.0295251623377,0,0,13272896,0,0,0.123538,0,0,0,0,0,0,0,0,0,0,0,0,0,0,432827,,0,0.0,,stall-0.5-13,stall,0.5,13,jbsq,main,,f92c8a33fb8ba1108e3dff0daac0938a17ef7bbafd1aa153e81a6c24e67ffafb,0.10870648899981461
jsw,2156a0318eaea050,61798,61798,49423,25184.561949,14.0540100417,184.933250562,307.010973186,33.2789746839,0.00714242356797,2.4535,2.47115,20.7032392926,0.00146586802133,263.333578011,0.0299310064935,15936,1019904,13272896,0.00398400000004,0.00398400000004,0.0733270000009,0,0,0,0,0,0,0,0,0,0,0,0,0,0,451271,,0,0.0,,stall-0.5-13,stall,0.5,13,jsw,main,,f92c8a33fb8ba1108e3dff0daac0938a17ef7bbafd1aa153e81a6c24e67ffafb,0.11762171800000942
p2c,2156a0318eaea050,61798,61798,49423,25184.561949,13.8151810004,185.864778008,298.510477498,33.2519053895,0.00878133662465,2.44945,2.47115,20.0410862679,0.00351302853388,261.753112778,0.0299310064935,15936,1019904,13272896,0.00398400000004,0.00398400000004,0.0733270000009,0,0,0,0,0,0,0,0,0,0,0,0,0,0,451314,,0,0.0,,stall-0.5-13,stall,0.5,13,p2c,main,,f92c8a33fb8ba1108e3dff0daac0938a17ef7bbafd1aa153e81a6c24e67ffafb,0.11690854399967066
qbr,2156a0318eaea050,61798,61798,49423,25184.561949,14.0540100417,184.747503059,296.125140212,33.2762505927,0.00708172308439,2.45365,2.47115,20.8774741146,0.00161750954078,256.038492329,0.0290178571429,79754,5103072,13277856,0.0199718124999,0.0201002499999,0.0733270000009,28,28,0,0,0,10,20,617,2,3,0,0,23,213.630943161,851982,0.95,20,0.0004046698905367946,8.989085260755747,stall-0.5-13,stall,0.5,13,qbr,main,,f92c8a33fb8ba1108e3dff0daac0938a17ef7bbafd1aa153e81a6c24e67ffafb,0.20005223700081842
single,2156a0318eaea050,61798,61798,49423,25184.561949,14.0690640517,185.119183813,300.613351053,33.3090833444,0.0073852255023,2.4529,2.47115,20.8556184961,0.00184497181995,261.753112778,0.0296266233766,79764,5103552,13276832,0.0199459374999,0.0201684999999,0.0733270000009,34,34,0,0,0,18,18,317.8,1,1,0,0,19,213.195987739,852052,0.9444444444444444,18,0.00036420290148311515,24.536310780458432,stall-0.5-13,stall,0.5,13,single,main,,f92c8a33fb8ba1108e3dff0daac0938a17ef7bbafd1aa153e81a6c24e67ffafb,0.192641599000126
steal,2156a0318eaea050,61798,61798,49423,25184.561949,14.0389710706,184.19137318,307.010973186,33.226935148,0.00698055561176,2.4539,2.47115,20.5950478867,0.00133950008846,259.660515544,0.0296266233766,89014,5547088,13299952,0.0352590052562,0.0469589999998,0.0733195000009,5375,4716,659,0,0,69,122,2861.2,1.76811594203,5,0,0,144,294.475,901923,0.9918032786885246,122,0.0024684863322744473,7.145065670239032,stall-0.5-13,stall,0.5,13,steal,main,,f92c8a33fb8ba1108e3dff0daac0938a17ef7bbafd1aa153e81a6c24e67ffafb,0.26193259299998317
threshold,2156a0318eaea050,61798,61798,49423,25184.561949,14.0690640517,183.63690836,303.643093422,33.2145729049,0.00675798717196,2.45445,2.47115,20.8337847114,0.00128895291531,252.973986211,0.028713474026,80163,5122704,13280416,0.0205135468749,0.0207949999999,0.0733270000009,169,163,6,0,0,18,37,737.7,2.05555555556,4,0,0,43,257.398013611,853753,0.9459459459459459,37,0.00074863929749307,3.8256041268722756,stall-0.5-13,stall,0.5,13,threshold,main,,f92c8a33fb8ba1108e3dff0daac0938a17ef7bbafd1aa153e81a6c24e67ffafb,0.18448514900046575
work,2156a0318eaea050,61798,61798,49423,25184.561949,14.4657965687,184.006366814,299.109797963,33.4980597351,0.00696032211723,2.45395,2.47115,21.0972359719,0.00164278312735,252.213585561,0.0283076298701,15936,1019904,13273024,0.00398400000004,0.00398400000004,0.147447774,0,0,0,0,0,0,0,0,0,0,0,0,0,0,513064,,0,0.0,,stall-0.5-13,stall,0.5,13,work,main,,f92c8a33fb8ba1108e3dff0daac0938a17ef7bbafd1aa153e81a6c24e67ffafb,0.12919115200020315
bwc,cb48b736dd9386b5,61546,61546,49275,25156.7291811,14.2814077335,182.349604364,298.809987975,33.2924787556,0.00570268899036,2.4497,2.46375,20.6166429345,0.000659915226275,252.466799146,0.0258201701094,43273,2769472,13252864,0.010818208451,0.0122760000001,0.114181430056,0,0,0,0,0,0,0,0,0,0,27337,1.80250210338,0,0,586783,,0,0.0,,stall-0.5-14,stall,0.5,14,bwc,main,,b0500b979fe394c79abb0190612b74b9475310c4e8d69323d0f15c8602f0d737,0.1645015610001792
jbsq,cb48b736dd9386b5,61546,61546,49275,25156.7629146,13.7855950248,183.452455904,302.730988958,33.0040300042,0.00645357686454,2.44785,2.46375,19.3177421847,0.00149749993655,253.482188158,0.0262251923856,0,0,13252864,0,0,0.1231845,0,0,0,0,0,0,0,0,0,0,0,0,0,0,431050,,0,0.0,,stall-0.5-14,stall,0.5,14,jbsq,main,,b0500b979fe394c79abb0190612b74b9475310c4e8d69323d0f15c8602f0d737,0.10196706399983668
jsw,cb48b736dd9386b5,61546,61546,49275,25156.7291811,14.0690640517,185.4916083,308.244866377,33.3731676524,0.00683916793506,2.4469,2.46375,20.7901825561,0.00180207619483,255.781710618,0.026933981369,15936,1019904,13252800,0.00398400000004,0.00398400000004,0.0731790000009,0,0,0,0,0,0,0,0,0,0,0,0,0,0,449688,,0,0.0,,stall-0.5-14,stall,0.5,14,jsw,main,,b0500b979fe394c79abb0190612b74b9475310c4e8d69323d0f15c8602f0d737,0.12114652800028125
p2c,cb48b736dd9386b5,61546,61546,49275,25156.7291811,13.8003806198,186.051642786,298.809987975,33.2814610551,0.00809741248097,2.4438,2.46375,19.852659879,0.00317266935709,261.228393762,0.0277440259214,15936,1019904,13252864,0.00398400000004,0.00398400000004,0.0731790000009,0,0,0,0,0,0,0,0,0,0,0,0,0,0,449726,,0,0.0,,stall-0.5-14,stall,0.5,14,p2c,main,,b0500b979fe394c79abb0190612b74b9475310c4e8d69323d0f15c8602f0d737,0.10971500199957518
qbr,cb48b736dd9386b5,61546,61546,49275,25156.7291811,14.0540100417,184.376564554,301.216879369,33.2968585899,0.0064129883308,2.44795,2.46375,20.6815577349,0.00134521180741,255.525185433,0.0266302146618,79751,5102928,13256592,0.0199639843749,0.0200854999999,0.0731790000009,26,26,0,0,0,7,21,339.1,3,7,0,0,22,230.519348044,849887,0.6666666666666666,21,0.00042617960426179604,-42.57566078998787,stall-0.5-14,stall,0.5,14,qbr,main,,b0500b979fe394c79abb0190612b74b9475310c4e8d69323d0f15c8602f0d737,0.20441081399985706
single,cb48b736dd9386b5,61546,61546,49275,25156.7291811,14.0389710706,184.19137318,306.395874042,33.2782314589,0.00649416539827,2.44775,2.46375,20.5734744122,0.00144673722683,254.246398423,0.0266302146618,79757,5103216,13256192,0.0199347968749,0.0200854999999,0.0731790000009,30,29,1,0,0,12,12,370.2,1,1,0,0,14,197.298561125,849930,1.0,12,0.000243531202435312,24.849775900507893,stall-0.5-14,stall,0.5,14,single,main,,b0500b979fe394c79abb0190612b74b9475310c4e8d69323d0f15c8602f0d737,0.19514857299964206
steal,cb48b736dd9386b5,61546,61546,49275,25156.7291811,14.0540100417,183.821545268,296.422265352,33.3021473618,0.00657534246575,2.44755,2.46375,20.8993515887,0.00157364400112,254.246398423,0.0265289590928,89838,5586368,13287936,0.0366245886637,0.0476667499998,0.0731685000009,5816,5145,671,0,0,88,166,3553.6,1.88636363636,9,0,0,189,320,902512,0.963855421686747,166,0.00336884830035515,5.978233097522272,stall-0.5-14,stall,0.5,14,steal,main,,b0500b979fe394c79abb0190612b74b9475310c4e8d69323d0f15c8602f0d737,0.20610464099991077
threshold,cb48b736dd9386b5,61546,61546,49275,25156.7291811,14.0540100417,183.821545268,296.125140212,33.2661432071,0.00625063419584,2.44835,2.46375,20.7249425319,0.00121830503312,253.482188158,0.0263264479546,80128,5121024,13260224,0.0204731874999,0.0207239999999,0.0731790000009,157,155,2,0,0,20,32,797.2,1.6,5,0,0,41,265.582915139,851625,1.0,32,0.0006494165398274988,12.631179183731575,stall-0.5-14,stall,0.5,14,threshold,main,,b0500b979fe394c79abb0190612b74b9475310c4e8d69323d0f15c8602f0d737,0.18833829200048058
work,cb48b736dd9386b5,61546,61546,49275,25156.7629146,14.4967436276,183.452455904,300.613351053,33.5114070675,0.00614916286149,2.4486,2.46375,21.0090675592,0.00121830503312,252.720265945,0.0258201701094,15936,1019904,13252928,0.00398400000004,0.00398400000004,0.1470885,0,0,0,0,0,0,0,0,0,0,0,0,0,0,511200,,0,0.0,,stall-0.5-14,stall,0.5,14,work,main,,b0500b979fe394c79abb0190612b74b9475310c4e8d69323d0f15c8602f0d737,0.13081377900016378
bwc,e0845234fc959333,60693,60693,48647,25180.4170116,14.2661415919,180.889386173,289.372589556,33.3213115525,0.0062079881596,2.41725,2.43235,20.5088832144,0.000898334231668,242.289801362,0.0275655585381,43335,2773440,13060544,0.0108337500001,0.0122920000001,0.1136495,0,0,0,0,0,0,0,0,0,0,27399,1.77590423008,0,0,581514,,0,0.0,,stall-0.5-15,stall,0.5,15,bwc,main,,3d8119b6e04ac26aa967cecf56c7a533154f23eaa1a86c2318d0fc97e1cd810a,0.14276119500027562
jbsq,e0845234fc959333,60693,60693,48647,25180.4170116,13.7855950248,181.618035782,297.613740137,33.0287009311,0.0067218944642,2.416,2.43235,19.4195342763,0.00141166807833,243.753194387,0.0280817674995,0,0,13060544,0,0,0.121630888522,0,0,0,0,0,0,0,0,0,0,0,0,0,0,425095,,0,0.0,,stall-0.5-15,stall,0.5,15,jbsq,main,,3d8119b6e04ac26aa967cecf56c7a533154f23eaa1a86c2318d0fc97e1cd810a,0.1475415709992376
jsw,e0845234fc959333,60693,60693,48647,25180.4170116,14.0389710706,184.561941118,288.503211124,33.3683724586,0.00705079449915,2.4152,2.43235,20.8774741146,0.00189933523267,243.020400879,0.0277720421227,15936,1019904,13060544,0.00398400000004,0.00398400000004,0.0725510000008,0,0,0,0,0,0,0,0,0,0,0,0,0,0,444644,,0,0.0,,stall-0.5-15,stall,0.5,15,jsw,main,,3d8119b6e04ac26aa967cecf56c7a533154f23eaa1a86c2318d0fc97e1cd810a,0.11400009200042405
p2c,e0845234fc959333,60693,60693,48647,25180.4170116,13.8003806198,186.613359056,296.719687618,33.334132567,0.00865418216951,2.4113,2.43235,19.9780890455,0.00341367008034,254.757146466,0.0297336361759,15936,1019904,13060544,0.00398400000004,0.00398400000004,0.0725510000008,0,0,0,0,0,0,0,0,0,0,0,0,0,0,444686,,0,0.0,,stall-0.5-15,stall,0.5,15,p2c,main,,3d8119b6e04ac26aa967cecf56c7a533154f23eaa1a86c2318d0fc97e1cd810a,0.10890410299998621
qbr,e0845234fc959333,60693,60693,48647,25180.4170116,14.0389710706,181.435600182,290.244578733,33.2314913055,0.00639299442926,2.4168,2.43235,20.5734744122,0.001078001078,240.593564482,0.0277720421227,79734,5102112,13064624,0.0199443437499,0.0200559999999,0.0725510000008,21,21,0,0,0,9,22,346.2,2.44444444444,4,0,0,29,181.780456123,845146,0.9545454545454546,22,0.0004522375480502395,11.413188330074346,stall-0.5-15,stall,0.5,15,qbr,main,,3d8119b6e04ac26aa967cecf56c7a533154f23eaa1a86c2318d0fc97e1cd810a,0.19920239099974424
single,e0845234fc959333,60693,60693,48647,25180.4170116,14.0389710706,182.716486922,297.613740137,33.290598212,0.00676300696857,2.4159,2.43235,20.5088832144,0.00159133492467,243.020400879,0.0275655585381,79746,5102688,13065200,0.0199300624999,0.0201234999999,0.0725510000008,28,27,1,0,0,17,17,500.7,1,1,0,0,20,238.195970842,845247,0.8823529411764706,17,0.0003494562871297305,-1.1651314815678822,stall-0.5-15,stall,0.5,15,single,main,,3d8119b6e04ac26aa967cecf56c7a533154f23eaa1a86c2318d0fc97e1cd810a,0.19511881099970196
steal,e0845234fc959333,60693,60693,48647,25180.4170116,14.0239471235,182.716486922,290.244578733,33.2632616736,0.00676300696857,2.4159,2.43235,20.5088832144,0.00156566823233,236.998488695,0.0276688003304,89202,5555488,13083376,0.0355316406249,0.0476852499999,0.0725379820008,5397,4825,572,0,0,61,101,2427.1,1.65573770492,5,0,0,110,318.225,892094,0.9603960396039604,101,0.0020761814705942813,6.65237357712357,stall-0.5-15,stall,0.5,15,steal,main,,3d8119b6e04ac26aa967cecf56c7a533154f23eaa1a86c2318d0fc97e1cd810a,0.19386189000033482
threshold,e0845234fc959333,60693,60693,48647,25180.4170116,14.0389710706,183.268187716,291.703716986,33.3058973289,0.0067218944642,2.416,2.43235,20.6815577349,0.00148866815533,242.046754608,0.0277720421227,80139,5121552,13069200,0.0204846249999,0.0208307499999,0.0725510000008,161,156,5,0,0,19,38,1029.8,2,5,0,0,39,242.228777368,846873,0.9736842105263158,38,0.0007811375829958682,7.051475409163566,stall-0.5-15,stall,0.5,15,threshold,main,,3d8119b6e04ac26aa967cecf56c7a533154f23eaa1a86c2318d0fc97e1cd810a,0.1926509660006559
work,e0845234fc959333,60693,60693,48647,25180.4170116,14.4349113112,180.344807535,300.011027986,33.373237291,0.00575575061155,2.41835,2.43235,20.7901825561,0.000205333538667,243.753194387,0.0280817674995,15936,1019904,13060480,0.00398400000004,0.00398400000004,0.145536388521,0,0,0,0,0,0,0,0,0,0,0,0,0,0,505289,,0,0.0,,stall-0.5-15,stall,0.5,15,work,main,,3d8119b6e04ac26aa967cecf56c7a533154f23eaa1a86c2318d0fc97e1cd810a,0.14160704999994778
bwc,b053b29caaa64907,61181,61181,48936,25230.3348261,14.2661415919,181.983454472,298.510477498,33.2800047873,0.00613045610593,2.4318,2.4468,20.5303920977,0.000612479265025,257.584584005,0.0283047892524,43164,2762496,13140928,0.0107910000001,0.0131440000001,0.113687990242,0,0,0,0,0,0,0,0,0,0,27228,1.79745115322,0,0,584472,,0,0.0,,stall-0.5-16,stall,0.5,16,bwc,main,,e9c803128602259abd52235c83e932fcba38e963f8375458d0418b08d9f1debd,0.13626273899990338
jbsq,b053b29caaa64907,61181,61181,48936,25230.3348261,13.8003806198,182.349604364,293.464335703,33.0082328263,0.00690698054602,2.4299,2.4468,19.2366739878,0.00160775807069,257.068189558,0.0282022356681,0,0,13140416,0,0,0.12235113945,0,0,0,0,0,0,0,0,0,0,0,0,0,0,428507,,0,0.0,,stall-0.5-16,stall,0.5,16,jbsq,main,,e9c803128602259abd52235c83e932fcba38e963f8375458d0418b08d9f1debd,0.09974033700018481
jsw,b053b29caaa64907,61181,61181,48936,25230.3348261,14.0540100417,188.119529622,297.912353877,33.4281178289,0.00762220042504,2.42815,2.4468,20.7032392926,0.00237335715197,257.584584005,0.0287150035894,15936,1019904,13140928,0.00398400000004,0.00398400000004,0.0728417740008,0,0,0,0,0,0,0,0,0,0,0,0,0,0,447727,,0,0.0,,stall-0.5-16,stall,0.5,16,jsw,main,,e9c803128602259abd52235c83e932fcba38e963f8375458d0418b08d9f1debd,0.10934198299946729
p2c,b053b29caaa64907,61181,61181,48936,25230.3348261,13.8151810004,186.051642786,301.216879369,33.2485192734,0.00835785515776,2.42635,2.4468,19.6865868002,0.00306239632512,264.12737201,0.0296379858476,15936,1019904,13140928,0.00398400000004,0.00398400000004,0.0728417740008,0,0,0,0,0,0,0,0,0,0,0,0,0,0,447757,,0,0.0,,stall-0.5-16,stall,0.5,16,p2c,main,,e9c803128602259abd52235c83e932fcba38e963f8375458d0418b08d9f1debd,0.10522276499978034
qbr,b053b29caaa64907,61181,61181,48936,25230.3348261,14.0389710706,182.532953968,286.197572905,33.2563793385,0.00686611083865,2.43,2.4468,20.7684141419,0.00168431797882,255.268916516,0.0276894677469,79733,5102064,13146400,0.0199446249999,0.0201214999999,0.0728406394504,21,21,0,0,0,10,28,673.8,2.8,6,0,0,45,213.669584042,849066,0.8928571428571429,28,0.0005721759032205329,-0.504130152171131,stall-0.5-16,stall,0.5,16,qbr,main,,e9c803128602259abd52235c83e932fcba38e963f8375458d0418b08d9f1debd,0.205160812000031
single,b053b29caaa64907,61181,61181,48936,25230.3348261,14.0540100417,183.821545268,301.216879369,33.2956018379,0.00715219879026,2.4293,2.4468,20.7032392926,0.00186295776445,258.880095358,0.0284073428366,79786,5104608,13147200,0.0199764062499,0.0201314999999,0.0728406394504,46,46,0,0,0,32,32,512.2,1,1,0,0,33,213.669584042,849340,0.9375,32,0.0006539153179663233,24.037786900593574,stall-0.5-16,stall,0.5,16,single,main,,e9c803128602259abd52235c83e932fcba38e963f8375458d0418b08d9f1debd,0.21854801799963752
steal,b053b29caaa64907,61181,61181,48936,25230.3348261,14.0690640517,184.933250562,303.338754667,33.3186498732,0.00696828510708,2.42975,2.4468,20.8119727386,0.00150567819319,261.228393762,0.0289201107579,90985,5641408,13174496,0.0384699548436,0.0448849999998,0.0728271394504,6426,5720,706,0,0,90,157,3489.7,1.74444444444,6,0,0,174,318.225,905081,0.9936305732484076,157,0.003208272028772274,6.911293973145559,stall-0.5-16,stall,0.5,16,steal,main,,e9c803128602259abd52235c83e932fcba38e963f8375458d0418b08d9f1debd,0.21276111099996342
threshold,b053b29caaa64907,61181,61181,48936,25230.3348261,14.0540100417,184.376564554,298.211266231,33.2679047602,0.00670263200915,2.4304,2.4468,20.7249425319,0.00112287865255,261.228393762,0.0291252179264,80090,5119200,13146960,0.0204188281249,0.0207864999999,0.0728406302702,142,141,1,0,0,15,31,695.1,2.06666666667,5,0,0,33,243.298512902,850689,1.0,31,0.0006334804642798758,12.986661151514777,stall-0.5-16,stall,0.5,16,threshold,main,,e9c803128602259abd52235c83e932fcba38e963f8375458d0418b08d9f1debd,0.20396188999984588
work,b053b29caaa64907,61181,61181,48936,25230.3348261,14.4349113112,181.983454472,295.235544576,33.3992875426,0.00617132581331,2.4317,2.4468,20.8337847114,0.000612479265025,260.443279333,0.0285098964209,15936,1019904,13141056,0.00398400000004,0.00398400000004,0.146254774,0,0,0,0,0,0,0,0,0,0,0,0,0,0,508857,,0,0.0,,stall-0.5-16,stall,0.5,16,work,main,,e9c803128602259abd52235c83e932fcba38e963f8375458d0418b08d9f1debd,0.12659291599993594
bwc,16c8134acede5b8f,61227,61227,48918,25139.0332795,14.2814077335,183.63690836,295.53178012,33.3245940514,0.00686863731142,2.4291,2.4459,20.7249425319,0.00155580493777,248.69504159,0.0283213182286,43122,2759808,13122112,0.0107805000001,0.0132880000001,0.113605830866,0,0,0,0,0,0,0,0,0,0,27186,1.79986022217,0,0,584521,,0,0.0,,stall-0.5-17,stall,0.5,17,bwc,main,,e6ffcaf1cf5a1ff3a5043cf5bb9f9d86df84ac6ffff74b8a6047a2ecae9b0650,0.15385416299977805
jbsq,16c8134acede5b8f,61227,61227,48918,25139.0332795,13.8003806198,182.716486922,291.411305681,32.926556635,0.00697084917617,2.42885,2.4459,19.5629005419,0.00181085492757,239.870230938,0.0278063851699,0,0,13122112,0,0,0.122322,0,0,0,0,0,0,0,0,0,0,0,0,0,0,428825,,0,0.0,,stall-0.5-17,stall,0.5,17,jbsq,main,,e6ffcaf1cf5a1ff3a5043cf5bb9f9d86df84ac6ffff74b8a6047a2ecae9b0650,0.1028019180002957
jsw,16c8134acede5b8f,61227,61227,48918,25139.0332795,14.0540100417,182.716486922,294.053558838,33.1377483994,0.00648023222536,2.43005,2.4459,20.4873958186,0.000994694960212,249.194681368,0.0286302780639,15936,1019904,13121920,0.00398400000004,0.00398400000004,0.0728220000008,0,0,0,0,0,0,0,0,0,0,0,0,0,0,447681,,0,0.0,,stall-0.5-17,stall,0.5,17,jsw,main,,e6ffcaf1cf5a1ff3a5043cf5bb9f9d86df84ac6ffff74b8a6047a2ecae9b0650,0.13328826199995092
p2c,16c8134acede5b8f,61227,61227,48918,25139.0332795,13.8151810004,186.613359056,301.519096248,33.1985798314,0.00842225765567,2.4253,2.4459,19.8943860514,0.00285655988574,262.805702799,0.0308959835221,15936,1019904,13122112,0.00398400000004,0.00398400000004,0.0728220000008,0,0,0,0,0,0,0,0,0,0,0,0,0,0,447758,,0,0.0,,stall-0.5-17,stall,0.5,17,p2c,main,,e6ffcaf1cf5a1ff3a5043cf5bb9f9d86df84ac6ffff74b8a6047a2ecae9b0650,0.11180363699986628
qbr,16c8134acede5b8f,61227,61227,48918,25139.0332795,14.0690640517,183.268187716,294.053558838,33.1783907584,0.00672554070076,2.42945,2.4459,20.6382595775,0.00124974495001,249.695320926,0.0288362512873,79746,5102688,13125088,0.0199559687499,0.0201074999999,0.0728220000008,24,24,0,0,0,6,18,317.8,3,5,0,0,27,144.480417556,847675,0.8888888888888888,18,0.000367962713111738,1.065997671491055,stall-0.5-17,stall,0.5,17,qbr,main,,e6ffcaf1cf5a1ff3a5043cf5bb9f9d86df84ac6ffff74b8a6047a2ecae9b0650,0.2148689750001722
single,16c8134acede5b8f,61227,61227,48918,25139.0332795,14.0540100417,182.716486922,288.792714335,33.1468386252,0.00680731019257,2.42925,2.4459,20.5950478867,0.00153029993879,242.289801362,0.0281153450051,79762,5103456,13126176,0.0199442343749,0.0200612499999,0.0728220000008,34,33,0,0,0,18,18,412.8,1,1,0,0,18,193.102186319,847774,0.8888888888888888,18,0.000367962713111738,10.756912688567152,stall-0.5-17,stall,0.5,17,single,main,,e6ffcaf1cf5a1ff3a5043cf5bb9f9d86df84ac6ffff74b8a6047a2ecae9b0650,0.20775311699981103
steal,16c8134acede5b8f,61227,61227,48918,25139.0332795,14.0540100417,182.900203409,297.912353877,33.1641308833,0.00672554070076,2.42945,2.4459,20.6815577349,0.00132625994695,248.944736632,0.0285272914521,89247,5557856,13151328,0.0356613359752,0.0481892499998,0.0728085000008,5478,4854,624,0,0,82,139,2886.9,1.69512195122,9,0,0,163,294.475,898712,0.9784172661870504,139,0.0028414898401406437,7.048435121400393,stall-0.5-17,stall,0.5,17,steal,main,,e6ffcaf1cf5a1ff3a5043cf5bb9f9d86df84ac6ffff74b8a6047a2ecae9b0650,0.20080058199982886
threshold,16c8134acede5b8f,61227,61227,48918,25139.0332795,14.0690640517,184.19137318,296.719687618,33.2060962518,0.00686863731142,2.4291,2.4459,20.7249425319,0.00132625994695,249.946016247,0.0292481977343,80099,5119632,13130176,0.0204365156249,0.0207144999999,0.0728220000008,147,145,2,0,0,20,39,846.9,1.95,5,0,0,41,241.974459248,849355,0.9743589743589743,39,0.0007972525450754323,5.971568809772436,stall-0.5-17,stall,0.5,17,threshold,main,,e6ffcaf1cf5a1ff3a5043cf5bb9f9d86df84ac6ffff74b8a6047a2ecae9b0650,0.18495402600001398
work,16c8134acede5b8f,61227,61227,48918,25139.0332795,14.4194918194,180.889386173,295.53178012,33.278851574,0.00603050002044,2.43115,2.4459,20.7901825561,0.000408079983677,249.946016247,0.0287332646756,15936,1019904,13122304,0.00398400000004,0.00398400000004,0.1462305,0,0,0,0,0,0,0,0,0,0,0,0,0,0,508896,,0,0.0,,stall-0.5-17,stall,0.5,17,work,main,,e6ffcaf1cf5a1ff3a5043cf5bb9f9d86df84ac6ffff74b8a6047a2ecae9b0650,0.13798964699981298
bwc,35f7882bd1c508e6,61372,61372,49067,25164.4887929,14.2661415919,186.988773388,292.289417124,33.5673386762,0.00733690667862,2.43535,2.45335,20.8556184961,0.00185958834318,251.203258299,0.0292528794211,43273,2769472,13187136,0.0108182500001,0.0122360000001,0.113979780968,0,0,0,0,0,0,0,0,0,0,27337,1.79401543695,0,0,585959,,0,0.0,,stall-0.5-18,stall,0.5,18,bwc,main,,d577a7552b9ee8d6fb61cde920bf47fb582750e26c731dee1464f5cb5130e5cd,0.20507873600035964
jbsq,35f7882bd1c508e6,61372,61372,49067,25164.4887929,13.8003806198,185.305302997,300.613351053,33.1434924819,0.00717386430799,2.43575,2.45335,19.5013350124,0.00152842877522,253.736670346,0.0297625114667,0,0,13187264,0,0,0.122635155897,0,0,0,0,0,0,0,0,0,0,0,0,0,0,429843,,0,0.0,,stall-0.5-18,stall,0.5,18,jbsq,main,,d577a7552b9ee8d6fb61cde920bf47fb582750e26c731dee1464f5cb5130e5cd,0.10631605100024899
jsw,35f7882bd1c508e6,61372,61372,49067,25164.4887929,14.0540100417,188.308649152,306.395874042,33.4830180418,0.00741842786394,2.43515,2.45335,20.6598978371,0.0015029549623,259.92117606,0.0310875547854,15936,1019904,13187200,0.00398400000004,0.00398400000004,0.0729717740009,0,0,0,0,0,0,0,0,0,0,0,0,0,0,448661,,0,0.0,,stall-0.5-18,stall,0.5,18,jsw,main,,d577a7552b9ee8d6fb61cde920bf47fb582750e26c731dee1464f5cb5130e5cd,0.12246413600041706
p2c,35f7882bd1c508e6,61372,61372,49067,25164.4887929,13.8151810004,189.257087378,307.010973186,33.4391087948,0.00882466831068,2.4317,2.45335,19.852659879,0.00290401467292,274.66624386,0.0325145245133,15936,1019904,13187264,0.00398400000004,0.00398400000004,0.0729717740009,0,0,0,0,0,0,0,0,0,0,0,0,0,0,448701,,0,0.0,,stall-0.5-18,stall,0.5,18,p2c,main,,d577a7552b9ee8d6fb61cde920bf47fb582750e26c731dee1464f5cb5130e5cd,0.11350345399932849
qbr,35f7882bd1c508e6,61372,61372,49067,25164.4887929,14.0540100417,186.425933123,298.809987975,33.4456364269,0.00715348401166,2.4358,2.45335,20.8337847114,0.00152842877522,253.991407016,0.0296605850576,79741,5102448,13192976,0.0199566249999,0.0201704999999,0.0729712809684,24,24,0,0,0,11,32,512.2,2.90909090909,9,0,0,36,168.210539356,848982,0.96875,32,0.0006521694825442762,12.668364091395176,stall-0.5-18,stall,0.5,18,qbr,main,,d577a7552b9ee8d6fb61cde920bf47fb582750e26c731dee1464f5cb5130e5cd,0.21422060300028534
single,35f7882bd1c508e6,61372,61372,49067,25164.4887929,14.0540100417,186.051642786,303.034719947,33.3975374002,0.00715348401166,2.4358,2.45335,20.5088832144,0.00145200733646,252.973986211,0.029966364285,79747,5102736,13192496,0.0199311406249,0.0201484999999,0.0729712809684,28,28,0,0,0,17,17,690.7,1,1,0,0,17,191.796978012,848998,0.9411764705882353,17,0.00034646503760164674,20.00133260582965,stall-0.5-18,stall,0.5,18,single,main,,d577a7552b9ee8d6fb61cde920bf47fb582750e26c731dee1464f5cb5130e5cd,0.21346868899945548
steal,35f7882bd1c508e6,61372,61372,49067,25164.4887929,14.0540100417,186.238694429,303.643093422,33.3992135306,0.00709234312267,2.43595,2.45335,20.6382595775,0.00122274302018,256.552826352,0.0305779227398,90254,5606352,13222064,0.0373469032499,0.0470052499998,0.0729592809684,6078,5364,714,0,0,109,159,3408.9,1.45871559633,6,0,0,189,314.023804482,901019,0.9811320754716981,159,0.003240467116391872,6.967010697054137,stall-0.5-18,stall,0.5,18,steal,main,,d577a7552b9ee8d6fb61cde920bf47fb582750e26c731dee1464f5cb5130e5cd,0.20570093999958772
threshold,35f7882bd1c508e6,61372,61372,49067,25164.4887929,14.0690640517,186.238694429,303.643093422,33.4430530488,0.00705158253001,2.43605,2.45335,20.9431721912,0.00119726920725,254.501644822,0.0304759963306,80112,5120256,13200256,0.0204590790311,0.0207877499999,0.0729712809684,153,150,3,0,0,24,69,1249.9,2.875,9,0,0,73,238.643911571,850603,0.9130434782608695,69,0.0014062404467360956,-3.1312995128942616,stall-0.5-18,stall,0.5,18,threshold,main,,d577a7552b9ee8d6fb61cde920bf47fb582750e26c731dee1464f5cb5130e5cd,0.18972330399992643
work,35f7882bd1c508e6,61372,61372,49067,25164.4887929,14.4812623653,185.119183813,304.557936936,33.6140885697,0.00680701897406,2.43665,2.45335,21.1635939937,0.0012482168331,249.194681368,0.0290490266028,15936,1019904,13187136,0.00398400000004,0.00398400000004,0.146533155897,0,0,0,0,0,0,0,0,0,0,0,0,0,0,510005,,0,0.0,,stall-0.5-18,stall,0.5,18,work,main,,d577a7552b9ee8d6fb61cde920bf47fb582750e26c731dee1464f5cb5130e5cd,0.12989098200068838
bwc,376846698b1ec46d,61074,61074,48844,25280.8857141,14.2508907012,181.435600182,305.169358368,33.2551677748,0.0063057898616,2.4268,2.4422,20.3802803999,0.00092062193126,259.92117606,0.0279260780287,43242,2767488,13116736,0.0108105000001,0.0117600000001,0.113706603646,0,0,0,0,0,0,0,0,0,0,27306,1.78792206841,0,0,584083,,0,0.0,,stall-0.5-19,stall,0.5,19,bwc,main,,da9054d1ef61ae2f5c9a27a545b9b16143061d91b74f17ffcd9e51feb1498240,0.19212138800048706
jbsq,376846698b1ec46d,61074,61074,48844,25280.8857141,13.8003806198,181.618035782,298.211266231,32.9559201049,0.00673573007944,2.42575,2.4422,19.2569106618,0.00145765139116,262.278881757,0.0279260780287,0,0,13116864,0,0,0.122074266267,0,0,0,0,0,0,0,0,0,0,0,0,0,0,427747,,0,0.0,,stall-0.5-19,stall,0.5,19,jbsq,main,,da9054d1ef61ae2f5c9a27a545b9b16143061d91b74f17ffcd9e51feb1498240,0.11043397100002039
jsw,376846698b1ec46d,61074,61074,48844,25280.8857141,14.0540100417,183.084103613,297.613740137,33.2297171211,0.00679715011056,2.4256,2.4422,20.4659298887,0.00143207855974,261.753112778,0.0283367556468,15936,1019904,13116800,0.00398400000004,0.00398400000004,0.0727480000008,0,0,0,0,0,0,0,0,0,0,0,0,0,0,447239,,0,0.0,,stall-0.5-19,stall,0.5,19,jsw,main,,da9054d1ef61ae2f5c9a27a545b9b16143061d91b74f17ffcd9e51feb1498240,0.11474212799930683
p2c,376846698b1ec46d,61074,61074,48844,25280.8857141,13.8151810004,184.933250562,306.395874042,33.2222323628,0.00845549095078,2.42155,2.4422,19.6865868002,0.00294087561375,268.401374202,0.0305954825462,15936,1019904,13116864,0.00398400000004,0.00398400000004,0.0727480000008,0,0,0,0,0,0,0,0,0,0,0,0,0,0,447282,,0,0.0,,stall-0.5-19,stall,0.5,19,p2c,main,,da9054d1ef61ae2f5c9a27a545b9b16143061d91b74f17ffcd9e51feb1498240,0.11277441800029919
qbr,376846698b1ec46d,61074,61074,48844,25280.8857141,14.0690640517,182.349604364,296.422265352,33.195886133,0.00644910326755,2.42645,2.4422,20.5950478867,0.0010740589198,256.552826352,0.0280287474333,79722,5101536,13118352,0.0199200879999,0.0200209999999,0.0727495000008,15,15,0,0,0,3,6,232.6,2,4,0,0,6,173.043906415,849273,1.0,6,0.00012284006223896486,19.73475050920145,stall-0.5-19,stall,0.5,19,qbr,main,,da9054d1ef61ae2f5c9a27a545b9b16143061d91b74f17ffcd9e51feb1498240,0.2037837309999304
single,376846698b1ec46d,61074,61074,48844,25280.8857141,14.0690640517,182.716486922,296.422265352,33.2192070583,0.00677667676685,2.42565,2.4422,20.8119727386,0.00148322422259,259.92117606,0.0280287474333,79750,5102880,13121328,0.0199335879999,0.0200799999999,0.0727495000008,29,29,0,0,0,17,17,500.7,1,1,0,0,19,210.623017073,849430,1.0,17,0.00034804684301040044,31.321469901984635,stall-0.5-19,stall,0.5,19,single,main,,da9054d1ef61ae2f5c9a27a545b9b16143061d91b74f17ffcd9e51feb1498240,0.20777487099985592
steal,376846698b1ec46d,61074,61074,48844,25280.8857141,14.0540100417,182.900203409,297.017407305,33.258147916,0.00685857014168,2.42545,2.4422,20.7684141419,0.00155994271686,259.92117606,0.0281314168378,89590,5574624,13146544,0.0362073008436,0.0453665994999,0.0727390000008,5668,5019,649,0,0,93,150,2585,1.61290322581,7,0,0,173,320,900694,0.9868421052631579,152,0.00311194824338711,6.811806241646895,stall-0.5-19,stall,0.5,19,steal,main,,da9054d1ef61ae2f5c9a27a545b9b16143061d91b74f17ffcd9e51feb1498240,0.19980309900074644
threshold,376846698b1ec46d,61074,61074,48844,25280.8857141,14.0690640517,182.349604364,297.912353877,33.2133275029,0.0066128900172,2.42605,2.4422,20.6166429345,0.00120192307692,260.182097236,0.0283367556468,80056,5117568,13123296,0.0203739218749,0.0206929999999,0.0727480000008,130,130,0,0,0,14,27,761.7,1.92857142857,5,0,0,28,269.718109065,850888,0.9259259259259259,27,0.0005527802800753419,6.5183638842219,stall-0.5-19,stall,0.5,19,threshold,main,,da9054d1ef61ae2f5c9a27a545b9b16143061d91b74f17ffcd9e51feb1498240,0.19555348900030367
work,376846698b1ec46d,61074,61074,48844,25280.8857141,14.4812623653,181.435600182,293.170165537,33.4190652554,0.00649004995496,2.42635,2.4422,20.8774741146,0.00130421440262,252.720265945,0.0273100616016,15936,1019904,13116416,0.00398400000004,0.00398400000004,0.145972,0,0,0,0,0,0,0,0,0,0,0,0,0,0,508305,,0,0.0,,stall-0.5-19,stall,0.5,19,work,main,,da9054d1ef61ae2f5c9a27a545b9b16143061d91b74f17ffcd9e51feb1498240,0.1313665289999335
bwc,7c759b8384358187,61275,61275,49031,25166.182999,14.2966891412,182.166437926,294.939604971,33.5751735914,0.00597581122147,2.4369,2.45155,20.5734744122,0.000895255147717,243.508685701,0.0259661835749,43290,2770560,13228736,0.0108223935069,0.0123280000001,0.113966,0,0,0,0,0,0,0,0,0,0,27354,1.792352124,0,0,584999,,0,0.0,,stall-0.5-20,stall,0.5,20,bwc,main,,f7ed33851688cd121eaf0b54a48647b16ad4e3d0617e17a43efb9ca5ba775839,0.145004923999295
jbsq,7c759b8384358187,61275,61275,49031,25166.182999,13.8299961814,182.900203409,290.535823312,33.2906274116,0.00658766902572,2.4354,2.45155,19.5013350124,0.00161145926589,244.97941034,0.0261674718196,0,0,13228672,0,0,0.122563210325,0,0,0,0,0,0,0,0,0,0,0,0,0,0,429164,,0,0.0,,stall-0.5-20,stall,0.5,20,jbsq,main,,f7ed33851688cd121eaf0b54a48647b16ad4e3d0617e17a43efb9ca5ba775839,0.1114931689999139
jsw,7c759b8384358187,61275,61275,49031,25166.182999,14.0992172489,184.933250562,293.464335703,33.6473746336,0.00691399318798,2.4346,2.45155,20.8119727386,0.00194398260647,245.718086755,0.0264694041868,15936,1019904,13228800,0.00398400000004,0.00398400000004,0.0729350000009,0,0,0,0,0,0,0,0,0,0,0,0,0,0,448096,,0,0.0,,stall-0.5-20,stall,0.5,20,jsw,main,,f7ed33851688cd121eaf0b54a48647b16ad4e3d0617e17a43efb9ca5ba775839,0.10803753299933305
p2c,7c759b8384358187,61275,61275,49031,25166.182999,13.8448261776,185.678099908,295.53178012,33.5745923008,0.00846403295874,2.4308,2.45155,20.0831894815,0.00373449290191,245.964804842,0.0270732689211,15936,1019904,13228672,0.00398400000004,0.00398400000004,0.0729350000009,0,0,0,0,0,0,0,0,0,0,0,0,0,0,448129,,0,0.0,,stall-0.5-20,stall,0.5,20,p2c,main,,f7ed33851688cd121eaf0b54a48647b16ad4e3d0617e17a43efb9ca5ba775839,0.11221812699932343
qbr,7c759b8384358187,61275,61275,49031,25166.182999,14.0992172489,182.532953968,290.827359135,33.5455016974,0.0061389733026,2.4365,2.45155,20.6598978371,0.00117662105129,245.22538975,0.0256642512077,79733,5102064,13231856,0.0199417058749,0.0200584999999,0.0729364700009,21,20,1,0,0,9,12,370.2,1.33333333333,2,0,0,14,245.80088715,848404,0.9166666666666666,12,0.00024474312169851727,3.0035614381116225,stall-0.5-20,stall,0.5,20,qbr,main,,f7ed33851688cd121eaf0b54a48647b16ad4e3d0617e17a43efb9ca5ba775839,0.2119483600008607
single,7c759b8384358187,61275,61275,49031,25166.182999,14.0992172489,182.716486922,299.409907761,33.5573896678,0.0061389733026,2.4365,2.45155,20.7032392926,0.00107430617726,246.706440398,0.0260668276973,79741,5102448,13230992,0.0199176093749,0.0199629999999,0.0729364700009,23,22,1,0,0,7,7,334.7,1,1,0,0,9,144.117855423,848427,0.8571428571428571,7,0.00014276682099080174,-6.824157259269798,stall-0.5-20,stall,0.5,20,single,main,,f7ed33851688cd121eaf0b54a48647b16ad4e3d0617e17a43efb9ca5ba775839,0.24544842999966932
steal,7c759b8384358187,61275,61275,49031,25166.182999,14.0992172489,183.084103613,298.211266231,33.5511869849,0.00630213538374,2.4361,2.45155,20.9870804788,0.00102314874025,247.698753389,0.0270732689211,91114,5647344,13264064,0.0387563125912,0.0478012499999,0.0729230000009,6570,5794,776,0,0,92,173,3413.3,1.88043478261,8,0,0,202,320,906839,0.9710982658959537,173,0.003528380004486957,7.734722353979917,stall-0.5-20,stall,0.5,20,steal,main,,f7ed33851688cd121eaf0b54a48647b16ad4e3d0617e17a43efb9ca5ba775839,0.22633576599946537
threshold,7c759b8384358187,61275,61275,49031,25168.1049526,14.0992172489,183.452455904,293.170165537,33.5700593321,0.00632253064388,2.43605,2.45155,20.7249425319,0.00135567208083,245.47161514,0.0258655394525,80156,5122368,13240032,0.0205138281249,0.0207814999999,0.0729349700009,167,164,3,0,0,22,59,1083.9,2.68181818182,8,0,0,68,281.79760967,850358,0.9491525423728814,59,0.0012033203483510432,4.266403606459435,stall-0.5-20,stall,0.5,20,threshold,main,,f7ed33851688cd121eaf0b54a48647b16ad4e3d0617e17a43efb9ca5ba775839,0.20823421700060862
work,7c759b8384358187,61275,61275,49031,25168.0099717,14.5277526116,184.19137318,281.923878602,33.8642943942,0.00668964532643,2.43515,2.45155,21.1635939937,0.00202071876199,240.111101169,0.0250603864734,15936,1019904,13228864,0.00398400000004,0.00398400000004,0.146468,0,0,0,0,0,0,0,0,0,0,0,0,0,0,509364,,0,0.0,,stall-0.5-20,stall,0.5,20,work,main,,f7ed33851688cd121eaf0b54a48647b16ad4e3d0617e17a43efb9ca5ba775839,0.1251772189998519
bwc,c7fccf241f53a638,86198,86198,68892,25177.8168203,14.5432803643,183.084103613,291.996420703,33.8111151514,0.0066335713871,3.42175,3.4446,20.8119727386,0.00147409416004,252.213585561,0.0269669368142,51905,3321920,18581504,0.0129762500001,0.0186120000002,0.146749500001,0,0,0,0,0,0,0,0,0,0,35969,1.91537156996,0,0,777542,,0,0.0,,stall-0.7-11,stall,0.7,11,bwc,main,,b1cab9ec8e1b2d9cc63faadce486ff81bf0dd1cf79e9461912974d0d06da4e2c,0.24433809299989662
jbsq,c7fccf241f53a638,86198,86198,68892,25177.8168203,13.8299961814,183.452455904,300.613351053,33.3224385085,0.00686581896301,3.42095,3.4446,19.6452756037,0.00165608109338,253.991407016,0.027397260274,0,0,18581440,0,0,0.172225500001,0,0,0,0,0,0,0,0,0,0,0,0,0,0,603682,,0,0.0,,stall-0.7-11,stall,0.7,11,jbsq,main,,b1cab9ec8e1b2d9cc63faadce486ff81bf0dd1cf79e9461912974d0d06da4e2c,0.14427294300003268
jsw,c7fccf241f53a638,86198,86198,68892,25177.8168203,15.0004032328,186.613359056,300.312039014,34.6982331484,0.00725773674737,3.4196,3.4446,26.9197858993,0.00160148501338,258.361113769,0.029548877573,15936,1019904,18581440,0.00398400000004,0.00398400000004,0.0927960000013,0,0,0,0,0,0,0,0,0,0,0,0,0,0,597706,,0,0.0,,stall-0.7-11,stall,0.7,11,jsw,main,,b1cab9ec8e1b2d9cc63faadce486ff81bf0dd1cf79e9461912974d0d06da4e2c,0.15122795700062852
p2c,c7fccf241f53a638,86198,86198,68892,25177.8168203,14.1748644784,189.067020358,304.252684252,34.4306603419,0.0133252046682,3.3987,3.4446,38.6131338472,0.00906294928024,260.704722612,0.030122642186,15936,1019904,18581504,0.00398400000004,0.00398400000004,0.0927960000013,0,0,0,0,0,0,0,0,0,0,0,0,0,0,597721,,0,0.0,,stall-0.7-11,stall,0.7,11,p2c,main,,b1cab9ec8e1b2d9cc63faadce486ff81bf0dd1cf79e9461912974d0d06da4e2c,0.18758690199956618
qbr,c7fccf241f53a638,86198,86198,68892,25177.8168203,15.0324200397,184.006366814,301.821615344,34.6272400791,0.00685130348952,3.421,3.4446,27.341527007,0.0012921072267,254.757146466,0.02875995123,80284,5128512,18599184,0.0206714687499,0.0210832499999,0.0927960000013,232,187,45,0,0,47,90,1589,1.91489361702,5,0,0,204,204.481522005,1000675,0.9666666666666667,90,0.0013063926145270859,13.17340230999787,stall-0.7-11,stall,0.7,11,qbr,main,,b1cab9ec8e1b2d9cc63faadce486ff81bf0dd1cf79e9461912974d0d06da4e2c,0.26530459799960227
single,c7fccf241f53a638,86198,86198,68892,25177.8168203,15.0324200397,184.19137318,302.427561397,34.6559983079,0.00711258201243,3.4201,3.4446,27.0316326733,0.00169247848005,255.012903613,0.0284730689235,80479,5137872,18598896,0.0205792031249,0.0208367499999,0.0927974500013,316,240,76,0,0,73,73,1658.3,1,1,0,0,131,176.398855595,1001407,0.9452054794520548,73,0.001059629565116414,24.67145734112728,stall-0.7-11,stall,0.7,11,single,main,,b1cab9ec8e1b2d9cc63faadce486ff81bf0dd1cf79e9461912974d0d06da4e2c,0.27071719800005667
steal,c7fccf241f53a638,86198,86198,68892,25177.8168203,15.0164036361,184.561941118,308.244866377,34.6458352598,0.00692388085699,3.42075,3.4446,27.7984083453,0.00141949808004,257.326257747,0.0286165100767,110049,6555152,18907408,0.0731106716687,0.10681625,0.0927645000013,20162,15759,4401,0,0,1019,1895,22004.5,1.85966633955,10,0,0,2957,286.88604185,1158498,0.9271767810026386,1895,0.02750682227254253,7.563083206346384,stall-0.7-11,stall,0.7,11,steal,main,,b1cab9ec8e1b2d9cc63faadce486ff81bf0dd1cf79e9461912974d0d06da4e2c,0.31541452500005107
threshold,c7fccf241f53a638,86198,86198,68892,25177.8168203,15.0164036361,184.19137318,303.338754667,34.6373769984,0.00698194275097,3.42055,3.4446,27.8272067536,0.00152869024004,257.326257747,0.0284730689235,85418,5374832,18789856,0.0274900496249,0.0300757499999,0.0927945000013,2270,1696,574,0,0,490,1235,15418.5,2.52040816327,10,0,0,1715,240.464689546,1024475,0.9651821862348178,1235,0.017926609766010567,10.219586104241271,stall-0.7-11,stall,0.7,11,threshold,main,,b1cab9ec8e1b2d9cc63faadce486ff81bf0dd1cf79e9461912974d0d06da4e2c,0.24407547999999224
work,c7fccf241f53a638,86198,86198,68892,25177.8168203,15.1934676262,183.084103613,296.125140212,34.2031739006,0.0063577773907,3.4227,3.4446,21.3638660935,0.000946332053359,254.501644822,0.0276841425805,15936,1019904,18581504,0.00398400000004,0.00398400000004,0.1961355,0,0,0,0,0,0,0,0,0,0,0,0,0,0,683884,,0,0.0,,stall-0.7-11,stall,0.7,11,work,main,,b1cab9ec8e1b2d9cc63faadce486ff81bf0dd1cf79e9461912974d0d06da4e2c,0.23235626299992873
bwc,89c7907988536aac,86048,86048,68708,25212.7118816,14.5743824683,185.4916083,295.8283119,33.9123981209,0.00708796646679,3.41105,3.4354,21.0310766268,0.000986427488446,252.466799146,0.0310060866452,51735,3311040,18556864,0.0129337500001,0.0181520000002,0.146318000001,0,0,0,0,0,0,0,0,0,0,35799,1.92024916897,0,0,776106,,0,0.0,,stall-0.7-12,stall,0.7,12,bwc,main,,dc4ddafd504e12604a46fa11b79a556a8df2452fd8d65558c25513ff69c35a72,0.19874255299964716
jbsq,89c7907988536aac,86048,86048,68708,25212.7118816,13.8299961814,185.678099908,298.510477498,33.4287797747,0.00761192292018,3.40925,3.4354,19.6659208793,0.00160751146265,253.482188158,0.031149301826,0,0,18556096,0,0,0.171810500001,0,0,0,0,0,0,0,0,0,0,0,0,0,0,602646,,0,0.0,,stall-0.7-12,stall,0.7,12,jbsq,main,,dc4ddafd504e12604a46fa11b79a556a8df2452fd8d65558c25513ff69c35a72,0.14324646800014307
jsw,89c7907988536aac,86048,86048,68708,25212.7118816,15.0645009122,189.257087378,300.312039014,34.8521087886,0.00806310764394,3.4077,3.4354,27.1439275059,0.00186325192262,258.620474883,0.0323666308629,15936,1019904,18556480,0.00398400000004,0.00398400000004,0.0926120000013,0,0,0,0,0,0,0,0,0,0,0,0,0,0,596930,,0,0.0,,stall-0.7-12,stall,0.7,12,jsw,main,,dc4ddafd504e12604a46fa11b79a556a8df2452fd8d65558c25513ff69c35a72,0.1567291320006916
p2c,89c7907988536aac,86048,86048,68708,25212.7118816,14.1748644784,190.019258031,300.312039014,34.5701428974,0.0148017698085,3.38455,3.4354,40.3527630552,0.0102296183987,257.843168589,0.0327246688149,15936,1019904,18556736,0.00398400000004,0.00398400000004,0.0926120000013,0,0,0,0,0,0,0,0,0,0,0,0,0,0,596938,,0,0.0,,stall-0.7-12,stall,0.7,12,p2c,main,,dc4ddafd504e12604a46fa11b79a556a8df2452fd8d65558c25513ff69c35a72,0.16816624500006583
qbr,89c7907988536aac,86048,86048,68708,25212.7118816,15.0324200397,187.176762161,303.947736515,34.7355746823,0.00745182511498,3.4098,3.4354,27.059664306,0.00126043512413,255.525185433,0.0317221625492,80534,5140512,18571280,0.0209616504999,0.0217862499999,0.0926120000013,324,249,75,0,0,43,71,1359.1,1.6511627907,5,0,0,176,165.10442693,1001461,0.9154929577464789,71,0.0010333585608662747,11.067250430039191,stall-0.7-12,stall,0.7,12,qbr,main,,dc4ddafd504e12604a46fa11b79a556a8df2452fd8d65558c25513ff69c35a72,0.2606865649995598
single,89c7907988536aac,86048,86048,68708,25212.7118816,15.0805654131,186.988773388,296.719687618,34.8152943673,0.00772835768761,3.40885,3.4354,27.683502121,0.00179018321977,247.450303086,0.0310060866452,80497,5138736,18574464,0.0206024582186,0.0210764999999,0.0926120000013,330,241,89,0,0,84,84,1356.4,1,1,0,0,168,184.204697523,1001457,0.9518072289156626,83,0.0012080107119986027,25.61560337701862,stall-0.7-12,stall,0.7,12,single,main,,dc4ddafd504e12604a46fa11b79a556a8df2452fd8d65558c25513ff69c35a72,0.24644265900042228
steal,89c7907988536aac,86048,86048,68708,25212.7118816,15.0645009122,186.238694429,305.782003254,34.7501179647,0.00724806427199,3.4105,3.4354,27.7984083453,0.0012239007727,250.951306992,0.0308628714644,110277,6566832,18964496,0.0737633043829,0.0952583520409,0.0925850000013,20371,15956,4415,0,0,1230,2427,26921.7,1.97317073171,10,0,0,3513,294.475,1163389,0.9283940397350994,2416,0.035163299761308726,6.283372479109697,stall-0.7-12,stall,0.7,12,steal,main,,dc4ddafd504e12604a46fa11b79a556a8df2452fd8d65558c25513ff69c35a72,0.3058038650005983
threshold,89c7907988536aac,86048,86048,68708,25212.7118816,15.0484524597,186.238694429,297.912353877,34.7380140269,0.00755370553647,3.40945,3.4354,28.1750421866,0.00146137405696,251.707917019,0.0314357321876,85422,5375056,18762656,0.0275058593749,0.0292882499999,0.0926105000013,2275,1697,579,0,0,502,1231,14820.1,2.45219123506,8,0,0,1765,243.906861457,1024801,0.9552481692432873,1229,0.017887291145135938,9.64307013898764,stall-0.7-12,stall,0.7,12,threshold,main,,dc4ddafd504e12604a46fa11b79a556a8df2452fd8d65558c25513ff69c35a72,0.24644809500023257
work,89c7907988536aac,86048,86048,68708,25212.7118816,15.1611292067,185.119183813,300.312039014,34.2625240312,0.00698608604529,3.4114,3.4354,21.2746338213,0.00084029008275,256.810379178,0.0310776942356,15936,1019904,18556096,0.00398400000004,0.00398400000004,0.1957175,0,0,0,0,0,0,0,0,0,0,0,0,0,0,682959,,0,0.0,,stall-0.7-12,stall,0.7,12,work,main,,dc4ddafd504e12604a46fa11b79a556a8df2452fd8d65558c25513ff69c35a72,0.1925455359996704
bwc,db7fceb562659598,86604,86604,69159,25159.6806888,14.5122403713,183.084103613,299.710317669,33.4928496524,0.00663688023251,3.435,3.45795,20.5734744122,0.000632499638572,261.753112778,0.0306735151559,51812,3315968,18586176,0.0129532650189,0.0188080000002,0.146864631819,0,0,0,0,0,0,0,0,0,0,35876,1.92752815253,0,0,779824,,0,0.0,,stall-0.7-13,stall,0.7,13,bwc,main,,4209abcfce6af077323943feacc6c95bf69b69767b48e82e09274d16e1f5747f,0.23278945499987458
jbsq,db7fceb562659598,86604,86604,69159,25159.6806888,13.8151810004,184.006366814,288.503211124,33.0919743464,0.00743214910568,3.43225,3.45795,19.6865868002,0.0019336417522,249.194681368,0.0294436808218,0,0,18586240,0,0,0.172884566186,0,0,0,0,0,0,0,0,0,0,0,0,0,0,606519,,0,0.0,,stall-0.7-13,stall,0.7,13,jbsq,main,,4209abcfce6af077323943feacc6c95bf69b69767b48e82e09274d16e1f5747f,0.1467711479999707
jsw,db7fceb562659598,86604,86604,69159,25159.6806888,15.0164036361,188.119529622,307.010973186,34.5326833046,0.00795268873176,3.43045,3.45795,27.341527007,0.0019336417522,264.12737201,0.0320480358822,15936,1019904,18586048,0.00398400000004,0.00398400000004,0.0930620661869,0,0,0,0,0,0,0,0,0,0,0,0,0,0,600106,,0,0.0,,stall-0.7-13,stall,0.7,13,jsw,main,,4209abcfce6af077323943feacc6c95bf69b69767b48e82e09274d16e1f5747f,0.15986671100017702
p2c,db7fceb562659598,86604,86604,69159,25159.6806888,14.1597047736,189.828429602,310.727501504,34.2126936693,0.0142425425469,3.4087,3.45795,39.4129683711,0.00952363741506,267.058398941,0.0331331838241,15936,1019904,18586176,0.00398400000004,0.00398400000004,0.0930620661869,0,0,0,0,0,0,0,0,0,0,0,0,0,0,600108,,0,0.0,,stall-0.7-13,stall,0.7,13,p2c,main,,4209abcfce6af077323943feacc6c95bf69b69767b48e82e09274d16e1f5747f,0.17302565699992556
qbr,db7fceb562659598,86604,86604,69159,25159.6806888,15.0004032328,184.561941118,304.252684252,34.3978182495,0.00730201419916,3.4327,3.45795,27.1439275059,0.00115657076767,259.660515544,0.03190334949,80407,5134416,18603440,0.0208189359889,0.0216082499999,0.0930635661869,279,218,61,0,0,49,93,1420.3,1.89795918367,7,0,0,195,151.235229771,1003232,0.978494623655914,93,0.0013447273673708412,15.004902801316739,stall-0.7-13,stall,0.7,13,qbr,main,,4209abcfce6af077323943feacc6c95bf69b69767b48e82e09274d16e1f5747f,0.26396104199920956
single,db7fceb562659598,86604,86604,69159,25159.6806888,14.984418814,185.678099908,301.519096248,34.46575373,0.00782255382524,3.4309,3.45795,27.369868534,0.00196978458869,254.757146466,0.0312522607249,80540,5140800,18605088,0.0206419687499,0.0211324999999,0.0930620661869,337,272,65,0,0,86,86,1560.6,1,1,0,0,156,192.508929036,1003900,1.0,86,0.0012435113289665843,56.63413404003902,stall-0.7-13,stall,0.7,13,single,main,,4209abcfce6af077323943feacc6c95bf69b69767b48e82e09274d16e1f5747f,0.24852466899938008
steal,db7fceb562659598,86604,86604,69159,25159.6806888,14.9524978658,184.376564554,302.427561397,34.3750218197,0.00754782457815,3.43185,3.45795,28.1750421866,0.00151799913257,256.038492329,0.0316863199016,108533,6482960,18968960,0.0708185587498,0.0963289999998,0.0930365661869,19336,15051,4285,0,0,1164,2226,26349.6,1.91237113402,9,0,0,3164,275.094605495,1155946,0.9249775381850853,2226,0.03218670021255368,7.670967507504485,stall-0.7-13,stall,0.7,13,steal,main,,4209abcfce6af077323943feacc6c95bf69b69767b48e82e09274d16e1f5747f,0.3207653079998636
threshold,db7fceb562659598,86604,86604,69159,25159.6806888,15.0004032328,185.4916083,303.947736515,34.4179856748,0.0073598519354,3.4325,3.45795,27.8848899944,0.0014095706231,254.757146466,0.0311799175288,85560,5381664,18785776,0.0276806406249,0.0296287499999,0.0930620661869,2311,1750,561,0,0,485,1183,14574.3,2.43917525773,11,0,0,1746,252.205392096,1027682,0.9611486486486487,1184,0.01711996992437716,10.080780409725687,stall-0.7-13,stall,0.7,13,threshold,main,,4209abcfce6af077323943feacc6c95bf69b69767b48e82e09274d16e1f5747f,0.24349930900007166
work,db7fceb562659598,86604,86604,69159,25159.6806888,15.1611292067,183.63690836,298.211266231,33.9779723597,0.00692606891366,3.434,3.45795,21.4310248058,0.00119271360416,253.227960197,0.0298777399986,15936,1019904,18585856,0.00398400000004,0.00398400000004,0.196779566186,0,0,0,0,0,0,0,0,0,0,0,0,0,0,686681,,0,0.0,,stall-0.7-13,stall,0.7,13,work,main,,4209abcfce6af077323943feacc6c95bf69b69767b48e82e09274d16e1f5747f,0.19245283199961705
bwc,66bef8ec5377eb8,86316,86316,69133,25204.0892691,14.5588236446,182.716486922,301.821615344,33.4090971849,0.00619096524091,3.43525,3.45665,20.7901825561,0.000704556129638,263.069508502,0.0282313665723,51937,3323968,18565184,0.0129843436727,0.0182920000002,0.147041101094,0,0,0,0,0,0,0,0,0,0,36001,1.92058553929,0,0,778288,,0,0.0,,stall-0.7-14,stall,0.7,14,bwc,main,,d9662a9131a17ad1d752c004a4119a2ba1a55f02742ddfe426dcd94b06fcbd6c,0.20558688300025096
jbsq,66bef8ec5377eb8,86316,86316,69133,25204.0892691,13.8003806198,183.63690836,300.914964404,32.9348529907,0.00672616550707,3.4334,3.45665,19.6452756037,0.00135491563392,263.069508502,0.0283039407794,0,0,18565120,0,0,0.172850931034,0,0,0,0,0,0,0,0,0,0,0,0,0,0,604517,,0,0.0,,stall-0.7-14,stall,0.7,14,jbsq,main,,d9662a9131a17ad1d752c004a4119a2ba1a55f02742ddfe426dcd94b06fcbd6c,0.17165583300084108
jsw,66bef8ec5377eb8,86316,86316,69133,25204.0892691,14.9524978658,186.988773388,304.557936936,34.2881048918,0.00730476038939,3.4314,3.45665,26.2307840852,0.00180655417856,265.189473323,0.0293925538863,15936,1019904,18564992,0.00398400000004,0.00398400000004,0.0930370000013,0,0,0,0,0,0,0,0,0,0,0,0,0,0,598508,,0,0.0,,stall-0.7-14,stall,0.7,14,jsw,main,,d9662a9131a17ad1d752c004a4119a2ba1a55f02742ddfe426dcd94b06fcbd6c,0.15396802299983392
p2c,66bef8ec5377eb8,86316,86316,69133,25204.0892691,14.1143164661,187.930599023,299.409907761,34.0001371745,0.0134957256303,3.41,3.45665,39.3322635118,0.00957473714637,263.069508502,0.0292474054721,15936,1019904,18565696,0.00398400000004,0.00398400000004,0.0930370000013,0,0,0,0,0,0,0,0,0,0,0,0,0,0,598520,,0,0.0,,stall-0.7-14,stall,0.7,14,p2c,main,,d9662a9131a17ad1d752c004a4119a2ba1a55f02742ddfe426dcd94b06fcbd6c,0.16616427300050418
qbr,66bef8ec5377eb8,86316,86316,69133,25207.1138761,14.984418814,184.376564554,294.939604971,34.2342639539,0.00702992782029,3.43235,3.45665,27.1720714334,0.00182461972035,253.482188158,0.0279410697438,80394,5133792,18582016,0.0207884531249,0.0214739999999,0.0930370000013,272,210,62,0,0,40,87,1567.7,2.175,8,0,0,165,194.903887018,1002391,0.9655172413793104,87,0.001258443869063978,16.498743789651442,stall-0.7-14,stall,0.7,14,qbr,main,,d9662a9131a17ad1d752c004a4119a2ba1a55f02742ddfe426dcd94b06fcbd6c,0.2720643739994557
single,66bef8ec5377eb8,86316,86316,69133,25204.0892691,15.0004032328,184.19137318,296.125140212,34.2612976431,0.00708778730852,3.43215,3.45665,27.1720714334,0.00180655417856,255.525185433,0.0283039407794,80535,5140560,18583840,0.0206373593749,0.0211347499999,0.0930370000013,337,267,70,0,0,86,86,1370.6,1,1,0,0,167,227.735293649,1003046,0.9651162790697675,86,0.0012439789970057715,40.542882204591194,stall-0.7-14,stall,0.7,14,single,main,,d9662a9131a17ad1d752c004a4119a2ba1a55f02742ddfe426dcd94b06fcbd6c,0.2618360489996121
steal,66bef8ec5377eb8,86316,86316,69133,25204.0892691,14.9365613045,184.006366814,305.475527726,34.201858284,0.00685634935559,3.43295,3.45665,27.8560339604,0.00121039129964,262.542160639,0.0295377023006,108807,6495680,18929872,0.0711040243367,0.0947057299998,0.0930070000013,19351,15181,4170,0,0,1111,2119,24924.9,1.90729072907,10,0,0,3133,272.650564602,1156970,0.927796130250118,2119,0.03065106389133988,6.708740410398067,stall-0.7-14,stall,0.7,14,steal,main,,d9662a9131a17ad1d752c004a4119a2ba1a55f02742ddfe426dcd94b06fcbd6c,0.2906835220001085
threshold,66bef8ec5377eb8,86316,86316,69133,25207.1138761,14.9684503636,184.376564554,295.8283119,34.2043211575,0.00675509525118,3.4333,3.45665,27.8848899944,0.00124652238321,255.268916516,0.0288845344365,85227,5365712,18758016,0.0271946736249,0.0293782499999,0.0930355000013,2194,1622,573,0,0,460,1146,14026.6,2.49130434783,14,0,0,1640,229.116788985,1025306,0.9572425828970331,1146,0.016576743378704815,9.630977852099994,stall-0.7-14,stall,0.7,14,threshold,main,,d9662a9131a17ad1d752c004a4119a2ba1a55f02742ddfe426dcd94b06fcbd6c,0.2746585099994263
work,66bef8ec5377eb8,86316,86316,69133,25204.0892691,15.0966459785,183.084103613,297.613740137,33.7758745129,0.00614757062474,3.4354,3.45665,21.4983851957,0.000668425046067,258.102011758,0.0281587923652,15936,1019904,18565120,0.00398400000004,0.00398400000004,0.196753,0,0,0,0,0,0,0,0,0,0,0,0,0,0,684822,,0,0.0,,stall-0.7-14,stall,0.7,14,work,main,,d9662a9131a17ad1d752c004a4119a2ba1a55f02742ddfe426dcd94b06fcbd6c,0.1822464510005375
bwc,6f585846a82ecc5d,85485,85485,68424,25195.8595611,14.5277526116,180.889386173,290.244578733,33.4574905523,0.00638664795978,3.39935,3.4212,20.6598978371,0.00118537430473,243.020400879,0.0273750827875,51411,3290304,18355072,0.0128526791333,0.0168760000001,0.145537500001,0,0,0,0,0,0,0,0,0,0,35475,1.92859760395,0,0,770844,,0,0.0,,stall-0.7-15,stall,0.7,15,bwc,main,,96e1d61b83ffa50d6da67e31e1c36d7dc2247170002910b5208e44e0d0fd6cdc,0.1935525159997269
jbsq,6f585846a82ecc5d,85485,85485,68424,25195.8595611,13.8003806198,181.071275559,292.876289248,32.9624872032,0.00678124634631,3.398,3.4212,19.5629005419,0.00167776055439,242.776624255,0.0273750827875,0,0,18354880,0,0,0.171045000001,0,0,0,0,0,0,0,0,0,0,0,0,0,0,598678,,0,0.0,,stall-0.7-15,stall,0.7,15,jbsq,main,,96e1d61b83ffa50d6da67e31e1c36d7dc2247170002910b5208e44e0d0fd6cdc,0.16712612899937085
jsw,6f585846a82ecc5d,85485,85485,68424,25195.8595611,14.9047359279,186.238694429,292.582706541,34.3267474584,0.00740968081375,3.39585,3.4212,26.6974293832,0.00209720069299,245.22538975,0.028846861432,15936,1019904,18355008,0.00398400000004,0.00398400000004,0.0923280000013,0,0,0,0,0,0,0,0,0,0,0,0,0,0,593487,,0,0.0,,stall-0.7-15,stall,0.7,15,jsw,main,,96e1d61b83ffa50d6da67e31e1c36d7dc2247170002910b5208e44e0d0fd6cdc,0.16664119300003222
p2c,6f585846a82ecc5d,85485,85485,68424,25195.8595611,14.0992172489,187.741857166,299.409907761,33.9380996801,0.0125686893488,3.3782,3.4212,36.7198020457,0.0082611470776,254.757146466,0.0299506954154,15936,1019904,18354688,0.00398400000004,0.00398400000004,0.0923280000013,0,0,0,0,0,0,0,0,0,0,0,0,0,0,593507,,0,0.0,,stall-0.7-15,stall,0.7,15,p2c,main,,96e1d61b83ffa50d6da67e31e1c36d7dc2247170002910b5208e44e0d0fd6cdc,0.16164443100024073
qbr,6f585846a82ecc5d,85485,85485,68424,25195.8595611,14.8729741067,181.800653818,290.827359135,34.1279500209,0.0066497135508,3.39845,3.4212,25.7987728113,0.00124008388803,243.508685701,0.0284789167709,80250,5126880,18369920,0.0206153681249,0.0209957499999,0.0923280000013,210,178,32,0,0,28,82,1342.2,2.92857142857,8,0,0,144,168.094094747,996527,0.9634146341463414,82,0.0011984099146498304,13.078705401132428,stall-0.7-15,stall,0.7,15,qbr,main,,96e1d61b83ffa50d6da67e31e1c36d7dc2247170002910b5208e44e0d0fd6cdc,0.2318240929998865
single,6f585846a82ecc5d,85485,85485,68424,25195.8595611,14.9047359279,181.071275559,291.703716986,34.1529337004,0.00651818075529,3.3989,3.4212,26.3672105859,0.00109419166591,245.22538975,0.0284053278387,80291,5128848,18364848,0.0204023906249,0.0208657499999,0.0923286900013,232,193,39,0,0,45,45,794.5,1,1,0,0,108,180.295268103,996784,0.8888888888888888,45,0.0006576639775517362,24.98429287158827,stall-0.7-15,stall,0.7,15,single,main,,96e1d61b83ffa50d6da67e31e1c36d7dc2247170002910b5208e44e0d0fd6cdc,0.22916291799992905
steal,6f585846a82ecc5d,85485,85485,68424,25203.0360094,14.8888470808,182.166437926,287.060027504,34.1449733426,0.00673740208114,3.39815,3.4212,27.2002435049,0.00125832041579,243.753194387,0.028846861432,109674,6537072,18682720,0.0721097148908,0.10219725,0.0922995000013,19499,15553,3946,0,0,981,1921,22284.1,1.95820591233,8,0,0,2865,283.012414472,1149978,0.9406559083810515,1921,0.028074944463930784,7.081065285872426,stall-0.7-15,stall,0.7,15,steal,main,,96e1d61b83ffa50d6da67e31e1c36d7dc2247170002910b5208e44e0d0fd6cdc,0.27129021099972306
threshold,6f585846a82ecc5d,85485,85485,68424,25195.8595611,14.9206406638,182.900203409,294.939604971,34.1709619893,0.00676663159125,3.39805,3.4212,26.8640299753,0.00133126652685,246.211769647,0.0286996835676,84750,5342880,18541248,0.0267450937499,0.0287192499999,0.0923265000013,1977,1575,402,0,0,460,1118,13162.8,2.43043478261,9,0,0,1500,233.193196043,1018129,0.9489247311827957,1116,0.01631006664328306,8.651988759404277,stall-0.7-15,stall,0.7,15,threshold,main,,96e1d61b83ffa50d6da67e31e1c36d7dc2247170002910b5208e44e0d0fd6cdc,0.23825344299984863
work,6f585846a82ecc5d,85485,85485,68424,25195.8595611,15.1288553671,181.983454472,293.170165537,33.8853702511,0.00651818075529,3.3989,3.4212,21.4759092864,0.00131302999909,243.753194387,0.027522260652,15936,1019904,18354880,0.00398400000004,0.00398400000004,0.1949445,0,0,0,0,0,0,0,0,0,0,0,0,0,0,678975,,0,0.0,,stall-0.7-15,stall,0.7,15,work,main,,96e1d61b83ffa50d6da67e31e1c36d7dc2247170002910b5208e44e0d0fd6cdc,0.17425936600011482
bwc,5221611bcb5698ed,85541,85541,68251,25155.8665792,14.5743824683,182.349604364,295.53178012,33.5820339992,0.00681308698774,3.3893,3.41255,20.8337847114,0.00172063480442,256.295530821,0.0272393538913,51452,3292928,18334784,0.0128628709901,0.0207179358398,0.145433500001,0,0,0,0,0,0,0,0,0,0,35516,1.92214776439,0,0,771768,,0,0.0,,stall-0.7-16,stall,0.7,16,bwc,main,,e30b67ccbb0dc62840961e97b685eda83bb834fdb79eae671df1642e32eb1070,0.20651764400008688
jbsq,5221611bcb5698ed,85541,85541,68251,25155.8665792,13.8151810004,181.800653818,297.912353877,33.0381445698,0.00684239058768,3.3892,3.41255,19.4808541582,0.00151928392305,257.584584005,0.0281938325991,0,0,18334720,0,0,0.1706489357,0,0,0,0,0,0,0,0,0,0,0,0,0,0,599080,,0,0.0,,stall-0.7-16,stall,0.7,16,jbsq,main,,e30b67ccbb0dc62840961e97b685eda83bb834fdb79eae671df1642e32eb1070,0.15707272799954808
jsw,5221611bcb5698ed,85541,85541,68251,25155.8665792,14.9047359279,187.364938923,300.312039014,34.3859994889,0.00758963238634,3.38665,3.41255,26.122132713,0.00210503194157,265.455662796,0.0295888399413,15936,1019904,18335040,0.00398400000004,0.00398400000004,0.0921550000013,0,0,0,0,0,0,0,0,0,0,0,0,0,0,593713,,0,0.0,,stall-0.7-16,stall,0.7,16,jsw,main,,e30b67ccbb0dc62840961e97b685eda83bb834fdb79eae671df1642e32eb1070,0.16685933300050237
p2c,5221611bcb5698ed,85541,85541,68251,25155.8665792,14.1143164661,188.497957801,305.169358368,34.0026481257,0.0123807709777,3.3703,3.41255,34.7022135634,0.00776116124545,270.292850688,0.0309104258443,15936,1019904,18334656,0.00398400000004,0.00398400000004,0.0921550000013,0,0,0,0,0,0,0,0,0,0,0,0,0,0,593725,,0,0.0,,stall-0.7-16,stall,0.7,16,p2c,main,,e30b67ccbb0dc62840961e97b685eda83bb834fdb79eae671df1642e32eb1070,0.1573779159998594
qbr,5221611bcb5698ed,85541,85541,68251,25155.8665792,14.9365613045,183.63690836,296.719687618,34.2174851697,0.00660796178811,3.39,3.41255,26.0409287769,0.00115319141147,257.068189558,0.0284875183554,80193,5124144,18344416,0.0205247752186,0.0213501534999,0.0921550000013,191,153,38,0,0,22,47,998.7,2.13636363636,7,0,0,94,168.116148401,995836,1.0,47,0.0006886345987604577,22.999687145086973,stall-0.7-16,stall,0.7,16,qbr,main,,e30b67ccbb0dc62840961e97b685eda83bb834fdb79eae671df1642e32eb1070,0.22958583299987367
single,5221611bcb5698ed,85541,85541,68251,25155.8665792,14.9365613045,182.349604364,300.312039014,34.2417069027,0.00701821218737,3.3886,3.41255,26.0950376754,0.00161080705094,258.620474883,0.0287077826725,80403,5134224,18352752,0.0205280468749,0.0210214999999,0.0921550000013,289,230,59,0,0,85,85,1363.5,1,1,0,0,152,180.815004928,996864,0.9294117647058824,85,0.0012454029977582747,26.776700885381025,stall-0.7-16,stall,0.7,16,single,main,,e30b67ccbb0dc62840961e97b685eda83bb834fdb79eae671df1642e32eb1070,0.22871019699960016
steal,5221611bcb5698ed,85541,85541,68251,25157.9367651,14.8888470808,182.166437926,299.710317669,34.2262365374,0.00700356038739,3.38865,3.41255,27.1158116942,0.00140945616957,260.182097236,0.0294419970631,110004,6553120,18678624,0.0725486340002,0.0989579999998,0.0921235000013,19553,15720,3833,0,0,994,1968,24897.8,1.97987927565,11,0,0,2973,269.855945646,1155222,0.9415650406504065,1968,0.028834742348097464,7.8662808742395836,stall-0.7-16,stall,0.7,16,steal,main,,e30b67ccbb0dc62840961e97b685eda83bb834fdb79eae671df1642e32eb1070,0.2824702299994897
threshold,5221611bcb5698ed,85541,85541,68251,25155.8665792,14.9524978658,182.349604364,289.953625108,34.275726959,0.00690099778758,3.389,3.41255,28.0006029792,0.00144606542073,257.584584005,0.0287812041116,84879,5348992,18535824,0.0269634531249,0.0287294999999,0.0921550000013,2014,1642,373,0,0,467,1193,14835.3,2.55460385439,9,0,0,1655,256.558379479,1018337,0.9605704697986577,1192,0.0174649455685631,9.145906962842979,stall-0.7-16,stall,0.7,16,threshold,main,,e30b67ccbb0dc62840961e97b685eda83bb834fdb79eae671df1642e32eb1070,0.23306599499937874
work,5221611bcb5698ed,85541,85541,68251,25155.8665792,15.1288553671,182.166437926,293.170165537,33.9280830032,0.00657865818816,3.3901,3.41255,21.4086161896,0.00133623766726,255.781710618,0.0276064610866,15936,1019904,18335040,0.00398400000004,0.00398400000004,0.194554,0,0,0,0,0,0,0,0,0,0,0,0,0,0,679229,,0,0.0,,stall-0.7-16,stall,0.7,16,work,main,,e30b67ccbb0dc62840961e97b685eda83bb834fdb79eae671df1642e32eb1070,0.17423806700026034
bwc,1ea6ebb576cb27b1,85952,85952,68748,25156.5319931,14.5588236446,184.561941118,285.910662243,33.6580602271,0.00711293419445,3.41295,3.4374,20.9212509403,0.00171095740808,247.450303086,0.0286066048667,51761,3312704,18501376,0.0129402500001,0.0174440000001,0.14638973909,0,0,0,0,0,0,0,0,0,0,35825,1.91860432659,0,0,775553,,0,0.0,,stall-0.7-17,stall,0.7,17,bwc,main,,d908afb463c0c0cf6a8db00264e8545510eca0668af7719f1da9e2c58cd94a76,0.18500918999961868
jbsq,1ea6ebb576cb27b1,85952,85952,68748,25156.5319931,13.8299961814,182.349604364,293.464335703,33.1186909744,0.00725839297143,3.41245,3.4374,19.707273387,0.00182016745541,247.947452142,0.0288962920046,0,0,18501184,0,0,0.171848707869,0,0,0,0,0,0,0,0,0,0,0,0,0,0,601970,,0,0.0,,stall-0.7-17,stall,0.7,17,jbsq,main,,d908afb463c0c0cf6a8db00264e8545510eca0668af7719f1da9e2c58cd94a76,0.14484996200008027
jsw,1ea6ebb576cb27b1,85952,85952,68748,25159.9895919,14.984418814,187.930599023,300.312039014,34.5273580721,0.00768022342468,3.411,3.4374,26.8083853961,0.00200218420095,254.757146466,0.0302723059096,15936,1019904,18501248,0.00398400000004,0.00398400000004,0.0926520000013,0,0,0,0,0,0,0,0,0,0,0,0,0,0,596176,,0,0.0,,stall-0.7-17,stall,0.7,17,jsw,main,,d908afb463c0c0cf6a8db00264e8545510eca0668af7719f1da9e2c58cd94a76,0.15304769600061263
p2c,1ea6ebb576cb27b1,85952,85952,68748,25156.5319931,14.1597047736,188.308649152,297.613740137,34.2027053772,0.0138185838133,3.3899,3.4374,38.692399728,0.009428467419,254.501644822,0.0312862108922,15936,1019904,18501376,0.00398400000004,0.00398400000004,0.0926520000013,0,0,0,0,0,0,0,0,0,0,0,0,0,0,596198,,0,0.0,,stall-0.7-17,stall,0.7,17,p2c,main,,d908afb463c0c0cf6a8db00264e8545510eca0668af7719f1da9e2c58cd94a76,0.13908459200047218
qbr,1ea6ebb576cb27b1,85952,85952,68748,25156.5319931,14.984418814,184.376564554,296.719687618,34.3689480466,0.00709838831675,3.413,3.4374,26.9197858993,0.00132872224245,250.699607384,0.0300550405562,80353,5131824,18515472,0.0207294687499,0.0213782499999,0.0926520000013,259,194,65,0,0,39,76,1204.6,1.94871794872,5,0,0,179,155.264550608,999103,0.9342105263157895,76,0.0011054867050677838,7.802632442401055,stall-0.7-17,stall,0.7,17,qbr,main,,d908afb463c0c0cf6a8db00264e8545510eca0668af7719f1da9e2c58cd94a76,0.23575848399923416
single,1ea6ebb576cb27b1,85952,85952,68748,25156.5319931,15.0004032328,183.63690836,293.758800038,34.3962186913,0.00721475533834,3.4126,3.4374,26.8640299753,0.00160174736076,249.194681368,0.0295480880649,80324,5130432,18514512,0.0204448241249,0.0207734999999,0.0926520000013,251,205,46,0,0,63,63,1112.3,1,1,0,0,107,199.629684649,999151,0.9206349206349206,63,0.0009163902949903997,20.43820523234394,stall-0.7-17,stall,0.7,17,single,main,,d908afb463c0c0cf6a8db00264e8545510eca0668af7719f1da9e2c58cd94a76,0.23156369800017274
steal,1ea6ebb576cb27b1,85952,85952,68748,25156.5319931,15.0164036361,183.63690836,295.53178012,34.3662932558,0.00696747541747,3.41345,3.4374,27.369868534,0.00123771386968,249.194681368,0.0297653534183,109826,6544656,18882128,0.0727653928748,0.0969959999998,0.0926250000013,19874,15705,4169,0,0,1143,2222,26131.2,1.94400699913,9,0,0,3146,299.465925902,1158872,0.9258093525179856,2224,0.03235003200093094,6.606073271581871,stall-0.7-17,stall,0.7,17,steal,main,,d908afb463c0c0cf6a8db00264e8545510eca0668af7719f1da9e2c58cd94a76,0.263407000999905
threshold,1ea6ebb576cb27b1,85952,85952,68748,25156.5319931,14.984418814,183.452455904,294.053558838,34.4088645267,0.00734566823762,3.41215,3.4374,28.4386703222,0.00187477247907,247.202100985,0.0291135573581,85090,5359120,18710240,0.0271775156249,0.0292439999999,0.0926520000013,2125,1658,468,0,0,494,1247,15218.7,2.52429149798,9,0,0,1740,234.549149366,1022320,0.967173738991193,1249,0.01816780124512713,10.334560907701668,stall-0.7-17,stall,0.7,17,threshold,main,,d908afb463c0c0cf6a8db00264e8545510eca0668af7719f1da9e2c58cd94a76,0.23463906399956613
work,1ea6ebb576cb27b1,85952,85952,68748,25156.5319931,15.2096610939,182.900203409,298.211266231,34.0312505234,0.00663292023041,3.4146,3.4374,21.4310248058,0.00109210047324,248.944736632,0.0286790266512,15936,1019904,18501248,0.00398400000004,0.00398400000004,0.195758774,0,0,0,0,0,0,0,0,0,0,0,0,0,0,682104,,0,0.0,,stall-0.7-17,stall,0.7,17,work,main,,d908afb463c0c0cf6a8db00264e8545510eca0668af7719f1da9e2c58cd94a76,0.19163826199928735
bwc,c4151c48a8871b37,85798,85798,68484,25197.0295428,14.5432803643,185.678099908,298.510477498,33.73197196,0.00725716955785,3.39935,3.4242,20.6815577349,0.001443001443,249.695320926,0.030428769018,51508,3296512,18423040,0.0128770000001,0.0181160000001,0.145744500001,0,0,0,0,0,0,0,0,0,0,35572,1.92477229281,0,0,773125,,0,0.0,,stall-0.7-18,stall,0.7,18,bwc,main,,f18c3cf63b5aed2affaa3357dcf579b0e926f957afa757c940d242cc428d7ac9,0.18527010199977667
jbsq,c4151c48a8871b37,85798,85798,68484,25197.0295428,13.8151810004,185.305302997,296.422265352,33.2286076715,0.00738858711524,3.3989,3.4242,19.707273387,0.00162565985351,251.707917019,0.0303559729199,0,0,18423232,0,0,0.171193422613,0,0,0,0,0,0,0,0,0,0,0,0,0,0,600880,,0,0.0,,stall-0.7-18,stall,0.7,18,jbsq,main,,f18c3cf63b5aed2affaa3357dcf579b0e926f957afa757c940d242cc428d7ac9,0.13999420100026327
jsw,c4151c48a8871b37,85798,85798,68484,25199.4287452,14.984418814,188.119529622,304.863494873,34.5619825493,0.0077828397874,3.39755,3.4242,26.8083853961,0.00169872321771,253.736670346,0.0320302831768,15936,1019904,18423296,0.00398400000004,0.00398400000004,0.0923880000013,0,0,0,0,0,0,0,0,0,0,0,0,0,0,595373,,0,0.0,,stall-0.7-18,stall,0.7,18,jsw,main,,f18c3cf63b5aed2affaa3357dcf579b0e926f957afa757c940d242cc428d7ac9,0.1487013650003064
p2c,c4151c48a8871b37,85798,85798,68484,25197.0295428,14.1445602134,190.976266425,307.010973186,34.2776325681,0.0132585713451,3.3788,3.4242,36.7952793696,0.0084388185654,259.660515544,0.0324670597656,15936,1019904,18423360,0.00398400000004,0.00398400000004,0.0923880000013,0,0,0,0,0,0,0,0,0,0,0,0,0,0,595390,,0,0.0,,stall-0.7-18,stall,0.7,18,p2c,main,,f18c3cf63b5aed2affaa3357dcf579b0e926f957afa757c940d242cc428d7ac9,0.16509574300016538
qbr,c4151c48a8871b37,85798,85798,68484,25197.0295428,14.9524978658,186.988773388,298.809987975,34.4980491901,0.00773903393493,3.3977,3.4242,27.2566721921,0.00173525489981,253.482188158,0.0316663026862,80417,5134896,18443008,0.0208152856101,0.0215287499999,0.0923880077654,284,213,71,0,0,44,107,1804.7,2.43181818182,12,0,0,241,172.746471802,999039,0.9532710280373832,107,0.0015624087378073711,20.185160597419816,stall-0.7-18,stall,0.7,18,qbr,main,,f18c3cf63b5aed2affaa3357dcf579b0e926f957afa757c940d242cc428d7ac9,0.33087695199992595
single,c4151c48a8871b37,85798,85798,68484,25206.7431762,14.984418814,187.364938923,296.422265352,34.5698994763,0.00825010221366,3.39595,3.4242,27.1720714334,0.00244762270079,250.196962263,0.0313751182937,80482,5138016,18442032,0.0205888124999,0.0211497499999,0.0923895000013,319,246,73,0,0,81,81,1715.1,1,1,0,0,158,189.47003468,999664,0.9506172839506173,81,0.0011827580164710005,54.996936513431116,stall-0.7-18,stall,0.7,18,single,main,,f18c3cf63b5aed2affaa3357dcf579b0e926f957afa757c940d242cc428d7ac9,0.230058131000078
steal,c4151c48a8871b37,85798,85798,68484,25197.0295428,14.9524978658,185.678099908,297.613740137,34.4576667978,0.00737398516442,3.39895,3.4242,27.3982384025,0.00135167223775,251.203258299,0.0313751182937,109276,6518112,18774640,0.0716024704608,0.1031525,0.0923550000013,19356,15391,3964,0,0,1057,2059,23928.9,1.94796594134,11,0,0,2884,275.679310897,1153485,0.9286754002911208,2061,0.03009462064131768,7.171366520409902,stall-0.7-18,stall,0.7,18,steal,main,,f18c3cf63b5aed2affaa3357dcf579b0e926f957afa757c940d242cc428d7ac9,0.271214083999439
threshold,c4151c48a8871b37,85798,85798,68484,25197.0295428,14.9684503636,186.613359056,301.216879369,34.495746131,0.00740318906606,3.39885,3.4242,27.683502121,0.00135167223775,253.991407016,0.0315207104899,85277,5368048,18616352,0.0273789218749,0.0291634999999,0.0923865000013,2175,1713,463,0,0,458,1153,14171.3,2.51746724891,9,0,0,1574,267.175,1021948,0.9653679653679653,1155,0.01686525319782723,10.494144690888291,stall-0.7-18,stall,0.7,18,threshold,main,,f18c3cf63b5aed2affaa3357dcf579b0e926f957afa757c940d242cc428d7ac9,0.23738442600006238
work,c4151c48a8871b37,85798,85798,68484,25197.0295428,15.1127426245,185.305302997,303.643093422,34.079915314,0.00696513054144,3.40035,3.4242,21.4086161896,0.00104115293989,252.973986211,0.0305743612142,15936,1019904,18423360,0.00398400000004,0.00398400000004,0.1950975,0,0,0,0,0,0,0,0,0,0,0,0,0,0,681161,,0,0.0,,stall-0.7-18,stall,0.7,18,work,main,,f18c3cf63b5aed2affaa3357dcf579b0e926f957afa757c940d242cc428d7ac9,0.16108362400063925
bwc,bac65f4fbba8666a,85377,85377,68379,25169.4535212,14.4967436276,180.344807535,298.510477498,33.4251361434,0.00582050044604,3.39905,3.41895,20.4873958186,0.00054844606947,259.660515544,0.0269025513561,51421,3290944,18380480,0.0128552500001,0.0193680000002,0.145513500001,0,0,0,0,0,0,0,0,0,0,35485,1.92658869945,0,0,770187,,0,0.0,,stall-0.7-19,stall,0.7,19,bwc,main,,1a75706b15d6a92366bd2e3278ebedc1b6d7cdbdfc27f51dc1396fe7cd38be8b,0.19393318699985684
jbsq,bac65f4fbba8666a,85377,85377,68379,25169.4535212,13.8151810004,181.435600182,296.719687618,33.0287426955,0.00656634346802,3.3965,3.41895,19.4808541582,0.00153564899452,253.991407016,0.0266832370787,0,0,18380480,0,0,0.170919411673,0,0,0,0,0,0,0,0,0,0,0,0,0,0,597928,,0,0.0,,stall-0.7-19,stall,0.7,19,jbsq,main,,1a75706b15d6a92366bd2e3278ebedc1b6d7cdbdfc27f51dc1396fe7cd38be8b,0.15151355999933003
jsw,bac65f4fbba8666a,85377,85377,68379,25175.0106127,14.8888470808,183.452455904,297.912353877,34.2743163298,0.00681495780868,3.39565,3.41895,25.9599679661,0.0017550274223,254.501644822,0.0270487608743,15936,1019904,18380224,0.00398400000004,0.00398400000004,0.0922830000013,0,0,0,0,0,0,0,0,0,0,0,0,0,0,592772,,0,0.0,,stall-0.7-19,stall,0.7,19,jsw,main,,1a75706b15d6a92366bd2e3278ebedc1b6d7cdbdfc27f51dc1396fe7cd38be8b,0.20877060299972072
p2c,bac65f4fbba8666a,85377,85377,68379,25169.4535212,14.1143164661,185.678099908,304.557936936,33.9420552612,0.0110706503459,3.3811,3.41895,32.7587847651,0.00663619744059,265.189473323,0.0288032750932,15936,1019904,18380352,0.00398400000004,0.00398400000004,0.0922830000013,0,0,0,0,0,0,0,0,0,0,0,0,0,0,592775,,0,0.0,,stall-0.7-19,stall,0.7,19,p2c,main,,1a75706b15d6a92366bd2e3278ebedc1b6d7cdbdfc27f51dc1396fe7cd38be8b,0.17203201100073784
qbr,bac65f4fbba8666a,85377,85377,68379,25183.6834012,14.8729741067,182.349604364,292.876289248,34.1687816224,0.00633235350034,3.3973,3.41895,25.9599679661,0.00126142595978,249.44487605,0.0266101323196,80291,5128848,18393152,0.0206571874999,0.0211732499999,0.0922830000013,233,181,52,0,0,36,56,1347.6,1.55555555556,7,0,0,123,177.485927473,995781,0.8928571428571429,56,0.000818964886880475,5.531554541721074,stall-0.7-19,stall,0.7,19,qbr,main,,1a75706b15d6a92366bd2e3278ebedc1b6d7cdbdfc27f51dc1396fe7cd38be8b,0.259916365999743
single,bac65f4fbba8666a,85377,85377,68379,25176.3163256,14.8571169897,181.800653818,294.939604971,34.1796154771,0.00647859723014,3.3968,3.41895,26.0950376754,0.00142595978062,250.699607384,0.0266832370787,80422,5135136,18392736,0.0205097853141,0.0207182499999,0.0922830000013,282,224,58,0,0,46,46,1371.6,1,1,0,0,105,152.772057249,996070,0.9565217391304348,46,0.0006727211570803902,39.959255511021404,stall-0.7-19,stall,0.7,19,single,main,,1a75706b15d6a92366bd2e3278ebedc1b6d7cdbdfc27f51dc1396fe7cd38be8b,0.2657074909993753
steal,bac65f4fbba8666a,85377,85377,68379,25173.9668732,14.8729741067,182.716486922,294.64396101,34.2347090406,0.0068003334357,3.3957,3.41895,27.3982384025,0.00159049360146,253.227960197,0.0276335989473,109236,6516304,18711840,0.0713442968748,0.0974169999998,0.0922545000013,19175,15337,3838,0,0,1002,1965,21741.5,1.96107784431,12,0,0,2679,277.544149239,1149424,0.9297709923664123,1965,0.02873689290571667,7.360008615699093,stall-0.7-19,stall,0.7,19,steal,main,,1a75706b15d6a92366bd2e3278ebedc1b6d7cdbdfc27f51dc1396fe7cd38be8b,0.2943851439995342
threshold,bac65f4fbba8666a,85377,85377,68379,25169.4535212,14.9047359279,182.349604364,292.582706541,34.2197722636,0.00646397285716,3.39685,3.41895,26.7251268126,0.00135283363803,252.720265945,0.0269025513561,84776,5343920,18567664,0.0267719374999,0.0288924999999,0.0922815000013,1980,1586,394,0,0,437,1102,13999.2,2.52173913043,12,0,0,1512,263.569058873,1016472,0.9673321234119783,1102,0.016116059023969346,10.284058736812115,stall-0.7-19,stall,0.7,19,threshold,main,,1a75706b15d6a92366bd2e3278ebedc1b6d7cdbdfc27f51dc1396fe7cd38be8b,0.24659149999934016
work,bac65f4fbba8666a,85377,85377,68379,25169.4535212,15.0966459785,181.618035782,291.119186494,33.9177174434,0.00630310475438,3.3974,3.41895,21.3862299596,0.00148080438757,248.196399594,0.0255866656919,15936,1019904,18380480,0.00398400000004,0.00398400000004,0.194827274,0,0,0,0,0,0,0,0,0,0,0,0,0,0,678121,,0,0.0,,stall-0.7-19,stall,0.7,19,work,main,,1a75706b15d6a92366bd2e3278ebedc1b6d7cdbdfc27f51dc1396fe7cd38be8b,0.1813021869993463
bwc,11c8c5b568d3ecc2,85718,85718,68629,25146.4212177,14.5432803643,182.166437926,293.170165537,33.6568485001,0.00638214166023,3.40955,3.43145,21.0972359719,0.00125852697625,246.706440398,0.0267333188437,51493,3295552,18477248,0.0128733636233,0.0187858179706,0.145867000001,0,0,0,0,0,0,0,0,0,0,35557,1.93014033805,0,0,772765,,0,0.0,,stall-0.7-20,stall,0.7,20,bwc,main,,04891146de855de31856ed31756a97de0bc92dd66237d9de8486384952d150f5,0.25840255500042986
jbsq,11c8c5b568d3ecc2,85718,85718,68629,25146.4212177,13.8299961814,181.800653818,294.939604971,33.1508380788,0.00674641915225,3.4083,3.43145,19.7902268071,0.00158683836136,250.951306992,0.0272404549736,0,0,18477440,0,0,0.171578500001,0,0,0,0,0,0,0,0,0,0,0,0,0,0,600325,,0,0.0,,stall-0.7-20,stall,0.7,20,jbsq,main,,04891146de855de31856ed31756a97de0bc92dd66237d9de8486384952d150f5,0.15916005300005054
jsw,11c8c5b568d3ecc2,85718,85718,68629,25146.4212177,14.9206406638,184.933250562,296.125140212,34.4418817104,0.00715440994332,3.4069,3.43145,25.8523971557,0.00173275453252,256.810379178,0.0286894153445,15936,1019904,18477184,0.00398400000004,0.00398400000004,0.0925330000013,0,0,0,0,0,0,0,0,0,0,0,0,0,0,594745,,0,0.0,,stall-0.7-20,stall,0.7,20,jsw,main,,04891146de855de31856ed31756a97de0bc92dd66237d9de8486384952d150f5,0.19069655099974625
p2c,11c8c5b568d3ecc2,85718,85718,68629,25146.4212177,14.1597047736,186.425933123,301.821615344,34.197240021,0.0127497122208,3.3877,3.43145,37.4814080329,0.00851785649145,260.443279333,0.0295587915671,15936,1019904,18477696,0.00398400000004,0.00398400000004,0.0925330000013,0,0,0,0,0,0,0,0,0,0,0,0,0,0,594764,,0,0.0,,stall-0.7-20,stall,0.7,20,p2c,main,,04891146de855de31856ed31756a97de0bc92dd66237d9de8486384952d150f5,0.1718068760001188
qbr,11c8c5b568d3ecc2,85718,85718,68629,25146.4212177,15.0004032328,181.983454472,298.510477498,34.3673994668,0.00642585495927,3.4094,3.43145,26.2852728842,0.000930215591143,253.482188158,0.0282547272332,80305,5129520,18487008,0.0206438570486,0.0214784999999,0.0925330000013,237,173,64,0,0,22,46,896.6,2.09090909091,7,0,0,94,137.175442416,997207,1.0,45,0.0006556994856401812,24.590335242926265,stall-0.7-20,stall,0.7,20,qbr,main,,04891146de855de31856ed31756a97de0bc92dd66237d9de8486384952d150f5,0.2622052579999945
single,11c8c5b568d3ecc2,85718,85718,68629,25146.4212177,15.0004032328,182.349604364,301.821615344,34.3987922896,0.00670270585321,3.40845,3.43145,26.4219723743,0.00127676649765,252.973986211,0.0282547272332,80422,5135136,18489680,0.0205156562499,0.0209109999999,0.0925330000013,292,213,79,0,0,55,55,1055.5,1,1,0,0,120,161.454083792,997752,0.9272727272727272,55,0.0008014104824491104,28.485922421399003,stall-0.7-20,stall,0.7,20,single,main,,04891146de855de31856ed31756a97de0bc92dd66237d9de8486384952d150f5,0.26928631000009773
steal,11c8c5b568d3ecc2,85718,85718,68629,25150.3679457,14.984418814,182.532953968,291.996420703,34.3729981534,0.0067901324513,3.40815,3.43145,27.1720714334,0.00151388027578,250.699607384,0.0277475911034,109661,6536912,18822368,0.0723307706768,0.0996144999998,0.0925015000013,19693,15579,4114,0,0,1075,2015,23236.5,1.87441860465,11,0,0,2936,273.912424893,1153474,0.936910084451068,2013,0.029331623657637442,7.235615088997055,stall-0.7-20,stall,0.7,20,steal,main,,04891146de855de31856ed31756a97de0bc92dd66237d9de8486384952d150f5,0.29926417999922705
threshold,11c8c5b568d3ecc2,85718,85718,68629,25150.6292587,14.9684503636,182.349604364,285.337700504,34.367768739,0.00664442145449,3.40865,3.43145,26.8918940053,0.00155035931857,245.964804842,0.0268782148808,85233,5365984,18655664,0.0272381927916,0.0300482499999,0.0925300000013,2170,1659,511,0,0,441,1025,13737.5,2.32426303855,10,0,0,1479,281.887072968,1020852,0.9665683382497542,1017,0.014818808375468097,9.280479482060578,stall-0.7-20,stall,0.7,20,threshold,main,,04891146de855de31856ed31756a97de0bc92dd66237d9de8486384952d150f5,0.25429827899915836
work,11c8c5b568d3ecc2,85718,85718,68629,25146.4212177,15.1611292067,181.435600182,295.8283119,34.0031310647,0.00607614856693,3.4106,3.43145,21.4759092864,0.000820778462773,250.448159225,0.0269506628994,15936,1019904,18477248,0.00398400000004,0.00398400000004,0.195487380882,0,0,0,0,0,0,0,0,0,0,0,0,0,0,680434,,0,0.0,,stall-0.7-20,stall,0.7,20,work,main,,04891146de855de31856ed31756a97de0bc92dd66237d9de8486384952d150f5,0.18222072800017486
bwc,124bfb544d2b4cef,104583,104583,83608,25198.1294462,39.9006001583,207.373215955,325.720782248,53.7236517097,0.308439383791,2.891,4.1804,73.3546293994,0.371110844674,282.773499292,0.0607675906183,60893,3897152,22533504,0.0152232500001,0.0197400000001,0.174938873171,0,0,0,0,0,0,0,0,0,0,44957,1.85922103343,0,0,932028,,0,0.0,,stall-0.85-11,stall,0.85,11,bwc,main,,245adb1e08d1269479e9d7b27564e6810bea0794aa173b0242414f1567ae23dd,0.23628825100058748
jbsq,124bfb544d2b4cef,104583,104583,83608,25187.555221,14.4194918194,186.051642786,303.034719947,34.4853591503,0.0131805568845,4.1253,4.1804,38.4945317289,0.00903722798393,253.991407016,0.0295546079128,0,0,22537600,0,0,0.209042500001,0,0,0,0,0,0,0,0,0,0,0,0,0,0,732395,,0,0.0,,stall-0.85-11,stall,0.85,11,jbsq,main,,245adb1e08d1269479e9d7b27564e6810bea0794aa173b0242414f1567ae23dd,0.1850197819994719
jsw,124bfb544d2b4cef,104583,104583,83608,25187.555221,18.5800852545,191.745324117,314.173700571,38.2867106642,0.0207755238733,4.09355,4.1804,44.0645663434,0.0172501648582,271.10754339,0.0347074153044,15936,1019904,22537600,0.00398400000004,0.00398400000004,0.107512000002,0,0,0,0,0,0,0,0,0,0,0,0,0,0,708082,,0,0.0,,stall-0.85-11,stall,0.85,11,jsw,main,,245adb1e08d1269479e9d7b27564e6810bea0794aa173b0242414f1567ae23dd,0.1859058649997678
p2c,124bfb544d2b4cef,104583,104583,83608,25187.555221,16.4365914085,196.819848806,303.034719947,38.7752502073,0.0555568845087,3.94815,4.1804,66.6869165262,0.0600833283376,264.392499382,0.0376687988628,15936,1019904,22537856,0.00398400000004,0.00398400000004,0.107512000002,0,0,0,0,0,0,0,0,0,0,0,0,0,0,708084,,0,0.0,,stall-0.85-11,stall,0.85,11,p2c,main,,245adb1e08d1269479e9d7b27564e6810bea0794aa173b0242414f1567ae23dd,0.19316733599953295
qbr,124bfb544d2b4cef,104583,104583,83608,25188.2584443,18.5996653398,189.257087378,304.252684252,38.1264771268,0.0192086881638,4.1001,4.1804,42.255169636,0.0153168275283,264.12737201,0.0345889599621,82933,5255616,22563008,0.0229393749999,0.0240509999999,0.107512000002,1531,287,1244,0,0,92,158,1216.8,1.71739130435,5,0,0,429,104.764635327,1121209,0.9556962025316456,158,0.0018897713137498804,17.441586173075038,stall-0.85-11,stall,0.85,11,qbr,main,,245adb1e08d1269479e9d7b27564e6810bea0794aa173b0242414f1567ae23dd,0.2800167249997685
single,124bfb544d2b4cef,104583,104583,83608,25187.555221,18.4824778456,190.210277289,304.252684252,38.1663500087,0.0197827959047,4.0977,4.1804,43.616389349,0.0161860799712,265.455662796,0.0339966832504,83016,5259600,22560480,0.0226197343749,0.0233852499999,0.107512000002,1568,329,1239,0,0,126,126,1084.6,1,1,0,0,285,126.859316939,1121352,0.952,125,0.0014950722418907282,32.89464339043854,stall-0.85-11,stall,0.85,11,single,main,,245adb1e08d1269479e9d7b27564e6810bea0794aa173b0242414f1567ae23dd,0.31070115999955306
steal,124bfb544d2b4cef,104583,104583,83608,25190.9422851,18.3466443776,189.067020358,307.627303144,37.9863034239,0.0198425987944,4.09745,4.1804,43.5718175315,0.0164258737486,262.015865891,0.0333451788676,97968,5976224,23085744,0.061719395244,0.0798687499998,0.107489500002,22824,10052,12772,0,0,1749,3510,28626,2.00686106346,10,0,0,6270,243.826255276,1228803,0.8435897435897436,3510,0.04198162855229165,7.680866328092381,stall-0.85-11,stall,0.85,11,steal,main,,245adb1e08d1269479e9d7b27564e6810bea0794aa173b0242414f1567ae23dd,0.36166974600018875
threshold,124bfb544d2b4cef,104583,104583,83608,25187.555221,18.40474237,190.210277289,305.475527726,38.0727189261,0.020464548847,4.09485,4.1804,43.4383690647,0.0169054613033,267.863378581,0.0345297322909,99900,6069744,22917024,0.0402957245993,0.0471886610069,0.107507500002,9453,2337,7116,0,0,1002,2494,20747.4,2.48902195609,12,0,0,4708,209.797820594,1191350,0.9191029235082099,2497,0.029865563104009184,11.642393278204707,stall-0.85-11,stall,0.85,11,threshold,main,,245adb1e08d1269479e9d7b27564e6810bea0794aa173b0242414f1567ae23dd,0.32832122200034064
work,124bfb544d2b4cef,104583,104583,83608,25187.555221,18.5605247298,188.687455759,305.169358368,38.5448875996,0.0237178260454,4.08125,4.1804,45.2048040928,0.0213716204065,261.753112778,0.0329898128406,15936,1019904,22537920,0.00398400000004,0.00398400000004,0.2329465,0,0,0,0,0,0,0,0,0,0,0,0,0,0,812669,,0,0.0,,stall-0.85-11,stall,0.85,11,work,main,,245adb1e08d1269479e9d7b27564e6810bea0794aa173b0242414f1567ae23dd,0.23419551400002092
bwc,6927c9fc6a67c9ef,104118,104118,83062,25191.5712039,25.6119295218,198.208748895,304.863494873,45.2255757235,0.144699140401,3.55215,4.1531,70.2266767429,0.169919667214,264.392499382,0.0445760785018,59853,3830592,22379904,0.0149632500001,0.0211480000002,0.172886000001,0,0,0,0,0,0,0,0,0,0,43917,1.89272946695,0,0,925383,,0,0.0,,stall-0.85-12,stall,0.85,12,bwc,main,,0afe830aba86e5d0dfaf3b787a6e423fcf05eeae2b103ecbae5596260c1a9f15,0.25208217699946545
jbsq,6927c9fc6a67c9ef,104118,104118,83062,25191.5712039,14.3272978162,185.864778008,300.914964404,34.2272171163,0.0120993956322,4.10285,4.1531,35.9363330741,0.00752083678729,251.203258299,0.0302758331837,0,0,22368064,0,0,0.207709000001,0,0,0,0,0,0,0,0,0,0,0,0,0,0,729156,,0,0.0,,stall-0.85-12,stall,0.85,12,jbsq,main,,0afe830aba86e5d0dfaf3b787a6e423fcf05eeae2b103ecbae5596260c1a9f15,0.18895640900063881
jsw,6927c9fc6a67c9ef,104118,104118,83062,25191.5712039,18.0778119657,192.517462656,306.088785257,37.8670364318,0.0196840914016,4.07135,4.1531,44.0645663434,0.0158856953383,259.92117606,0.0347633578651,15936,1019904,22369600,0.00398400000004,0.00398400000004,0.106966000002,0,0,0,0,0,0,0,0,0,0,0,0,0,0,705316,,0,0.0,,stall-0.85-12,stall,0.85,12,jsw,main,,0afe830aba86e5d0dfaf3b787a6e423fcf05eeae2b103ecbae5596260c1a9f15,0.1991465259998222
p2c,6927c9fc6a67c9ef,104118,104118,83062,25191.5712039,16.0914945658,195.637072877,304.557936936,38.2415847638,0.0502395800727,3.94445,4.1531,64.6218286419,0.0537611719845,258.102011758,0.0362591994256,15936,1019904,22371072,0.00398400000004,0.00398400000004,0.106966000002,0,0,0,0,0,0,0,0,0,0,0,0,0,0,705320,,0,0.0,,stall-0.85-12,stall,0.85,12,p2c,main,,0afe830aba86e5d0dfaf3b787a6e423fcf05eeae2b103ecbae5596260c1a9f15,0.1815661069995258
qbr,6927c9fc6a67c9ef,104118,104118,83062,25191.5712039,18.0968897777,187.930599023,294.348612397,37.6835956916,0.0185283282367,4.07615,4.1531,42.6460269877,0.0148909554025,251.707917019,0.0329683479926,82654,5242272,22399840,0.0228372031249,0.0238484999999,0.106966000002,1363,352,1013,0,0,106,199,1602.9,1.87735849057,7,0,0,589,165.170366951,1117803,0.9387755102040817,196,0.002359683128265633,23.281058522242272,stall-0.85-12,stall,0.85,12,qbr,main,,0afe830aba86e5d0dfaf3b787a6e423fcf05eeae2b103ecbae5596260c1a9f15,0.2772071760000472
single,6927c9fc6a67c9ef,104118,104118,83062,25192.8262275,18.1159866675,189.257087378,304.252684252,37.6653217132,0.017697623462,4.0796,4.1531,42.0395411045,0.0136249227569,255.525185433,0.0338658529289,82734,5246112,22392656,0.0224052499999,0.0232419999999,0.106966000002,1414,357,1057,0,0,131,131,1120.1,1,1,0,0,305,113.48051903,1118025,0.9212598425196851,127,0.001528978353519058,29.528537126930626,stall-0.85-12,stall,0.85,12,single,main,,0afe830aba86e5d0dfaf3b787a6e423fcf05eeae2b103ecbae5596260c1a9f15,0.2824866099999781
steal,6927c9fc6a67c9ef,104118,104118,83062,25191.5712039,18.039713499,188.497957801,302.12443696,37.6184180386,0.0179865642532,4.0784,4.1531,42.4284500186,0.0141524363593,255.268916516,0.0332076826423,99674,6058032,23009792,0.0645245014851,0.0768657499998,0.106952500002,23430,11022,12408,0,0,1972,4116,34068.6,2.08722109533,11,0,0,7544,230.927664154,1232435,0.8606856309263311,4113,0.04951722809467626,8.429417152592638,stall-0.85-12,stall,0.85,12,steal,main,,0afe830aba86e5d0dfaf3b787a6e423fcf05eeae2b103ecbae5596260c1a9f15,0.33381969099991693
threshold,6927c9fc6a67c9ef,104118,104118,83062,25196.995836,18.0587532125,187.741857166,302.427561397,37.651890434,0.0184681322386,4.0764,4.1531,42.4718784687,0.0147402372304,258.102011758,0.0332675163047,98569,6005856,22783024,0.0394274457818,0.0445554999999,0.106958500002,8760,2423,6339,0,0,1033,2730,23183,2.64278799613,10,0,0,4817,222.074463811,1186138,0.9212454212454212,2730,0.03286701500084274,11.967601102635891,stall-0.85-12,stall,0.85,12,threshold,main,,0afe830aba86e5d0dfaf3b787a6e423fcf05eeae2b103ecbae5596260c1a9f15,0.325395658999696
work,6927c9fc6a67c9ef,104118,104118,83062,25191.5712039,17.9258739882,190.784481943,297.613740137,39.162499753,0.0519130288218,3.9375,4.1531,51.9853427283,0.0560973036519,256.810379178,0.0353018608269,15936,1019904,22375232,0.00398400000004,0.00398400000004,0.231655,0,0,0,0,0,0,0,0,0,0,0,0,0,0,809427,,0,0.0,,stall-0.85-12,stall,0.85,12,work,main,,0afe830aba86e5d0dfaf3b787a6e423fcf05eeae2b103ecbae5596260c1a9f15,0.22031982299995434
bwc,ae6f251a2f84b581,105145,105145,83922,25191.744644,48.901212598,223.818363904,335.665864743,63.3356565985,0.413014465813,2.46305,4.1961,114.425590295,0.492098952981,296.125140212,0.0965492580011,61524,3937536,22561024,0.015381073241,0.0229840000002,0.176217500001,0,0,0,0,0,0,0,0,0,0,45588,1.84123014828,0,0,939334,,0,0.0,,stall-0.85-13,stall,0.85,13,bwc,main,,268fbe178830411a734de583f33f6909b07d8203ac12e19b64bcc9e61c2b4883,0.27297907400043186
jbsq,ae6f251a2f84b581,105145,105145,83922,25186.9107717,14.3733257069,184.561941118,306.395874042,34.1573971778,0.0126188603703,4.14315,4.1961,36.9846340974,0.00810211042104,257.326257747,0.0306931283152,0,0,22556224,0,0,0.209802000001,0,0,0,0,0,0,0,0,0,0,0,0,0,0,736338,,0,0.0,,stall-0.85-13,stall,0.85,13,jbsq,main,,268fbe178830411a734de583f33f6909b07d8203ac12e19b64bcc9e61c2b4883,0.1876893509997899
jsw,ae6f251a2f84b581,105145,105145,83922,25199.6558741,18.2502006796,190.210277289,304.557936936,37.8211927437,0.0200662519959,4.1119,4.1961,43.7951227833,0.0164871989634,260.704722612,0.0343882233745,15936,1019904,22556224,0.00398400000004,0.00398400000004,0.107826000002,0,0,0,0,0,0,0,0,0,0,0,0,0,0,711488,,0,0.0,,stall-0.85-13,stall,0.85,13,jsw,main,,268fbe178830411a734de583f33f6909b07d8203ac12e19b64bcc9e61c2b4883,0.2039031430003888
p2c,ae6f251a2f84b581,105145,105145,83922,25190.3903995,16.3323370542,196.227574204,310.104980438,38.4938896611,0.0541812635543,3.96875,4.1961,66.8901804042,0.0583679609192,269.210386798,0.0374277370523,15936,1019904,22555520,0.00398400000004,0.00398400000004,0.107826000002,0,0,0,0,0,0,0,0,0,0,0,0,0,0,711461,,0,0.0,,stall-0.85-13,stall,0.85,13,p2c,main,,268fbe178830411a734de583f33f6909b07d8203ac12e19b64bcc9e61c2b4883,0.1874501340007555
qbr,ae6f251a2f84b581,105145,105145,83922,25202.933126,18.365991022,188.687455759,301.519096248,37.8414613677,0.0194704606659,4.1144,4.1961,43.305320144,0.0158467747941,256.810379178,0.0339710352226,83000,5258784,22592432,0.0231294859564,0.0240984999999,0.107826000002,1543,357,1186,0,0,117,224,1970.4,1.91452991453,8,0,0,622,135.837244233,1125067,0.9241071428571429,224,0.002669145158599652,18.988175715352956,stall-0.85-13,stall,0.85,13,qbr,main,,268fbe178830411a734de583f33f6909b07d8203ac12e19b64bcc9e61c2b4883,0.27070883699980186
single,ae6f251a2f84b581,105145,105145,83922,25186.9107717,18.365991022,189.828429602,307.627303144,37.8552845279,0.0193513023998,4.1149,4.1961,42.9524672724,0.0155935838434,261.490622156,0.0343882233745,83084,5262816,22581616,0.0227006718749,0.0241119999999,0.107826000002,1577,400,1178,0,0,145,145,1029.5,1,1,0,0,344,133.058202164,1125154,0.8896551724137931,145,0.001727794857129239,31.286426876507615,stall-0.85-13,stall,0.85,13,single,main,,268fbe178830411a734de583f33f6909b07d8203ac12e19b64bcc9e61c2b4883,0.2655257679998613
steal,ae6f251a2f84b581,105145,105145,83922,25208.6361314,18.3273170605,188.877143215,302.730988958,37.7129319674,0.0185052787112,4.11845,4.1961,42.6460269877,0.0144765649435,260.704722612,0.0346266166041,98566,6005008,23132752,0.0626101467107,0.0813524999998,0.107809500002,22988,10371,12617,0,0,1791,3679,31060.9,2.05415968733,11,0,0,6693,241.217011642,1234871,0.8672831112319825,3677,0.04381449441147733,8.64551561180639,stall-0.85-13,stall,0.85,13,steal,main,,268fbe178830411a734de583f33f6909b07d8203ac12e19b64bcc9e61c2b4883,0.3042866290006714
threshold,ae6f251a2f84b581,105145,105145,83922,25199.0414127,18.2887203312,188.119529622,302.427561397,37.7607778504,0.0198517671171,4.1128,4.1961,43.0844565755,0.0160850721594,262.805702799,0.0349246081411,99589,6054752,22954720,0.040061229064,0.0452797499999,0.107821500002,9314,2326,6988,0,0,1022,2602,22559.2,2.54598825832,11,0,0,4710,241.24535504,1194693,0.9056240369799692,2596,0.030933485855913826,10.905542509441231,stall-0.85-13,stall,0.85,13,threshold,main,,268fbe178830411a734de583f33f6909b07d8203ac12e19b64bcc9e61c2b4883,0.2843384210000295
work,ae6f251a2f84b581,105145,105145,83922,25192.1338674,19.5834634424,194.071031697,299.710317669,41.4820341198,0.0970663234909,3.7888,4.1961,64.4907815879,0.111463592631,263.333578011,0.0394540795041,15936,1019904,22555456,0.00398400000004,0.00398400000004,0.233689331977,0,0,0,0,0,0,0,0,0,0,0,0,0,0,816620,,0,0.0,,stall-0.85-13,stall,0.85,13,work,main,,268fbe178830411a734de583f33f6909b07d8203ac12e19b64bcc9e61c2b4883,0.22747985400019388
bwc,f8da60576f8820eb,104655,104655,83830,25163.4893724,25.8523971557,201.21788796,305.169358368,46.1904605153,0.157807467494,3.53005,4.1915,77.9500959406,0.185057728119,271.379650934,0.048308889554,60685,3883840,22511616,0.0151712500001,0.0187680000001,0.174866767531,0,0,0,0,0,0,0,0,0,0,44749,1.87367315471,0,0,932453,,0,0.0,,stall-0.85-14,stall,0.85,14,bwc,main,,1213669fe7c435e598ac1b2634f03c377e7345db633307d438b07ba702d42c48,0.33901400600007037
jbsq,f8da60576f8820eb,104655,104655,83830,25163.4893724,14.2966891412,184.19137318,298.510477498,33.8441423153,0.0109865203388,4.14545,4.1915,34.2765588262,0.00665921787709,254.501644822,0.0283747381024,0,0,22511232,0,0,0.209591767531,0,0,0,0,0,0,0,0,0,0,0,0,0,0,732909,,0,0.0,,stall-0.85-14,stall,0.85,14,jbsq,main,,1213669fe7c435e598ac1b2634f03c377e7345db633307d438b07ba702d42c48,0.19716940499984048
jsw,f8da60576f8820eb,104655,104655,83830,25163.4893724,18.0968897777,190.019258031,305.169358368,37.476028786,0.0169032565907,4.12065,4.1915,41.7394658176,0.0128715083799,268.401374202,0.0331038611194,15936,1019904,22511360,0.00398400000004,0.00398400000004,0.107734774002,0,0,0,0,0,0,0,0,0,0,0,0,0,0,708448,,0,0.0,,stall-0.85-14,stall,0.85,14,jsw,main,,1213669fe7c435e598ac1b2634f03c377e7345db633307d438b07ba702d42c48,0.19268584299970826
p2c,f8da60576f8820eb,104655,104655,83830,25163.4893724,16.0062928684,194.85248703,303.947736515,37.7751444461,0.046999880711,3.9945,4.1915,63.6453314089,0.0498770949721,271.379650934,0.0354384914696,15936,1019904,22512128,0.00398400000004,0.00398400000004,0.107734774002,0,0,0,0,0,0,0,0,0,0,0,0,0,0,708444,,0,0.0,,stall-0.85-14,stall,0.85,14,p2c,main,,1213669fe7c435e598ac1b2634f03c377e7345db633307d438b07ba702d42c48,0.19201176699971256
qbr,f8da60576f8820eb,104655,104655,83830,25163.4893724,18.0206928062,187.930599023,303.643093422,37.3984927301,0.0176667064297,4.11745,4.1915,41.9535909689,0.0137653631285,270.292850688,0.0333433103861,82730,5245856,22544736,0.0229983749999,0.0243237499999,0.107734267532,1379,410,969,0,0,114,204,1828.4,1.78947368421,7,0,0,608,129.432514448,1120650,0.9509803921568627,204,0.002433496361684361,25.07480329458771,stall-0.85-14,stall,0.85,14,qbr,main,,1213669fe7c435e598ac1b2634f03c377e7345db633307d438b07ba702d42c48,0.2695545090000451
single,f8da60576f8820eb,104655,104655,83830,25167.9175768,17.9258739882,188.497957801,297.912353877,37.2955432537,0.0163783848264,4.12285,4.1915,41.5689344957,0.0124245810056,260.443279333,0.032265788686,82837,5251056,22535856,0.0224870156249,0.0240759999999,0.107734267532,1454,378,1076,0,0,129,129,1390.9,1,1,0,0,311,135.553867446,1121190,0.9224806201550387,129,0.001538828581653346,26.09301576995728,stall-0.85-14,stall,0.85,14,single,main,,1213669fe7c435e598ac1b2634f03c377e7345db633307d438b07ba702d42c48,0.27604941299978236
steal,f8da60576f8820eb,104655,104655,83830,25163.815912,18.0206928062,186.425933123,300.011027986,37.1920151094,0.0160682333294,4.12415,4.1915,41.0193928286,0.0121117318436,262.805702799,0.0319664771027,99901,6069232,23164048,0.065065646789,0.0834149999998,0.107716267532,23706,11161,12545,0,0,2042,4154,35193.4,2.03428011753,10,0,0,7420,276.507524739,1238143,0.8548076923076923,4160,0.049624239532386975,8.162388218562793,stall-0.85-14,stall,0.85,14,steal,main,,1213669fe7c435e598ac1b2634f03c377e7345db633307d438b07ba702d42c48,0.3046463959999528
threshold,f8da60576f8820eb,104655,104655,83830,25166.3401912,18.0968897777,187.364938923,305.475527726,37.3796944358,0.018907312418,4.11225,4.1915,43.1726695731,0.01547858473,265.988840577,0.0326848249027,98627,6008656,22935008,0.0396756648724,0.0464259999999,0.107729767532,8769,2521,6247,0,0,1090,2798,23285.8,2.56697247706,12,0,0,5130,243.308512844,1188244,0.9238741958541815,2798,0.03337707264702374,12.29446075990607,stall-0.85-14,stall,0.85,14,threshold,main,,1213669fe7c435e598ac1b2634f03c377e7345db633307d438b07ba702d42c48,0.2826311340004395
work,f8da60576f8820eb,104655,104655,83830,25163.4893724,17.7002328552,188.119529622,300.011027986,38.2100380761,0.047536681379,3.99225,4.1915,55.8252259699,0.0511433891993,258.880095358,0.0330439988028,15936,1019904,22511232,0.00398400000004,0.00398400000004,0.233497774,0,0,0,0,0,0,0,0,0,0,0,0,0,0,813114,,0,0.0,,stall-0.85-14,stall,0.85,14,work,main,,1213669fe7c435e598ac1b2634f03c377e7345db633307d438b07ba702d42c48,0.22583178099921497
bwc,e6c2723187ac9f16,104122,104122,83451,25227.2475625,28.4092610611,201.21788796,304.557936936,47.1580209448,0.177673125547,3.4312,4.17255,67.7780676488,0.210278975096,255.268916516,0.0467087466186,60171,3850944,22404736,0.0150427500001,0.0199960000001,0.173702500001,0,0,0,0,0,0,0,0,0,0,44235,1.88567876116,0,0,926845,,0,0.0,,stall-0.85-15,stall,0.85,15,bwc,main,,acb2288f1eb7b99b66a73882d439be4cfd0dfdfa0ae578a276e40ac63b2c88c1,0.24323948700020992
jbsq,e6c2723187ac9f16,104122,104122,83451,25214.9817801,14.2814077335,182.532953968,288.503211124,33.9168425257,0.0110244334999,4.12655,4.17255,33.6129600938,0.00700431034483,243.26442128,0.0271716260896,0,0,22409536,0,0,0.208606114677,0,0,0,0,0,0,0,0,0,0,0,0,0,0,729170,,0,0.0,,stall-0.85-15,stall,0.85,15,jbsq,main,,acb2288f1eb7b99b66a73882d439be4cfd0dfdfa0ae578a276e40ac63b2c88c1,0.17939497599945753
jsw,e6c2723187ac9f16,104122,104122,83451,25214.9817801,17.9447998622,187.930599023,303.947736515,37.4271877475,0.0154581730596,4.10805,4.17255,40.9774154132,0.0115840517241,255.525185433,0.0310189359784,15936,1019904,22410432,0.00398400000004,0.00398400000004,0.107355774002,0,0,0,0,0,0,0,0,0,0,0,0,0,0,705419,,0,0.0,,stall-0.85-15,stall,0.85,15,jsw,main,,acb2288f1eb7b99b66a73882d439be4cfd0dfdfa0ae578a276e40ac63b2c88c1,0.18206772200028354
p2c,e6c2723187ac9f16,104122,104122,83451,25214.9817801,15.9893035649,192.13100751,307.31898416,37.7276357495,0.0451402619501,3.9842,4.17255,63.7099767403,0.0478777538314,270.021828859,0.034144875263,15936,1019904,22410368,0.00398400000004,0.00398400000004,0.107355774002,0,0,0,0,0,0,0,0,0,0,0,0,0,0,705425,,0,0.0,,stall-0.85-15,stall,0.85,15,p2c,main,,acb2288f1eb7b99b66a73882d439be4cfd0dfdfa0ae578a276e40ac63b2c88c1,0.23541346399997565
qbr,e6c2723187ac9f16,104122,104122,83451,25214.9817801,18.0968897777,185.119183813,307.010973186,37.4071310071,0.016404836371,4.1041,4.17255,41.6541149336,0.0127065373563,251.707917019,0.0312593928464,82556,5237568,22437328,0.0227847656249,0.0237644999999,0.107355000002,1302,371,931,0,0,99,181,1380.1,1.82828282828,8,0,0,496,124.48872786,1117724,0.9558011049723757,181,0.0021689374603060477,18.595489843438905,stall-0.85-15,stall,0.85,15,qbr,main,,acb2288f1eb7b99b66a73882d439be4cfd0dfdfa0ae578a276e40ac63b2c88c1,0.3011803460003648
single,e6c2723187ac9f16,104122,104122,83451,25214.9817801,17.9447998622,185.678099908,301.216879369,37.2668375672,0.0136966603156,4.1154,4.17255,39.6154377469,0.00920438218391,254.757146466,0.0317403065825,82750,5246880,22437472,0.0224521249999,0.0232867499999,0.107355000002,1379,466,913,0,0,154,154,1378.4,1,1,0,0,387,157.086006525,1118736,0.9090909090909091,154,0.0018453943032438198,23.09869683668156,stall-0.85-15,stall,0.85,15,single,main,,acb2288f1eb7b99b66a73882d439be4cfd0dfdfa0ae578a276e40ac63b2c88c1,0.3000195939994228
steal,e6c2723187ac9f16,104122,104122,83451,25214.9817801,17.9069670212,184.933250562,308.244866377,37.1624429705,0.0139363219135,4.1144,4.17255,39.9006001583,0.00974317528736,251.203258299,0.0307784791103,99938,6070368,23027168,0.0651304869686,0.0928813399999,0.107337000002,23821,11154,12667,0,0,1953,3910,33461,2.00204813108,11,0,0,6932,260.960843537,1238142,0.8608273748723186,3916,0.04692574085391427,8.029983053255169,stall-0.85-15,stall,0.85,15,steal,main,,acb2288f1eb7b99b66a73882d439be4cfd0dfdfa0ae578a276e40ac63b2c88c1,0.29044941299980565
threshold,e6c2723187ac9f16,104122,104122,83451,25218.0283408,17.8880789422,184.376564554,301.519096248,37.2342567928,0.0156499023379,4.10725,4.17255,41.1034736337,0.0119282806513,255.781710618,0.0305981364593,98212,5988912,22824816,0.0394011925082,0.0475654999999,0.107352000002,8516,2573,5942,0,0,1061,2758,22431.8,2.59943449576,13,0,0,4993,244.130091922,1184037,0.9118926758520667,2758,0.03304933433991204,11.086796350935362,stall-0.85-15,stall,0.85,15,threshold,main,,acb2288f1eb7b99b66a73882d439be4cfd0dfdfa0ae578a276e40ac63b2c88c1,0.28868967900052667
work,e6c2723187ac9f16,104122,104122,83451,25214.9817801,17.5513019629,184.006366814,307.31898416,37.3214889482,0.0295622580916,4.0492,4.17255,44.9744715305,0.0294390565134,252.466799146,0.0300571085062,15936,1019904,22410624,0.00398400000004,0.00398400000004,0.232519950917,0,0,0,0,0,0,0,0,0,0,0,0,0,0,809533,,0,0.0,,stall-0.85-15,stall,0.85,15,work,main,,acb2288f1eb7b99b66a73882d439be4cfd0dfdfa0ae578a276e40ac63b2c88c1,0.22018504799962102
bwc,272bf2a363ebadf1,103887,103887,82897,25225.9463523,22.6749624863,192.904691099,300.914964404,41.6514158668,0.0581444443104,3.90385,4.14485,54.2569617507,0.0633041222341,261.228393762,0.037534642728,60590,3877760,22290944,0.0151475000001,0.0226240000002,0.173791125588,0,0,0,0,0,0,0,0,0,0,44654,1.85667577373,0,0,926875,,0,0.0,,stall-0.85-16,stall,0.85,16,bwc,main,,950b0501cf808f250a5da229ea889ea7befa33e73935cc324e195b06cb8dddcb,0.2620195289991898
jbsq,272bf2a363ebadf1,103887,103887,82897,25225.9463523,14.2508907012,183.268187716,291.411305681,33.9353152505,0.0106035200309,4.1009,4.14485,33.3029953421,0.00594277440082,256.810379178,0.0292203879986,0,0,22290048,0,0,0.207260500001,0,0,0,0,0,0,0,0,0,0,0,0,0,0,727531,,0,0.0,,stall-0.85-16,stall,0.85,16,jbsq,main,,950b0501cf808f250a5da229ea889ea7befa33e73935cc324e195b06cb8dddcb,0.17539117400065152
jsw,272bf2a363ebadf1,103887,103887,82897,25225.9463523,17.8692097325,189.257087378,300.011027986,37.3764217845,0.0150789534,4.08235,4.14485,40.6015007526,0.0106185613659,265.189473323,0.0328955295819,15936,1019904,22290112,0.00398400000004,0.00398400000004,0.106801774002,0,0,0,0,0,0,0,0,0,0,0,0,0,0,704035,,0,0.0,,stall-0.85-16,stall,0.85,16,jsw,main,,950b0501cf808f250a5da229ea889ea7befa33e73935cc324e195b06cb8dddcb,0.18146334399989428
p2c,272bf2a363ebadf1,103887,103887,82897,25225.9463523,15.8708527169,194.85248703,306.088785257,37.6048428813,0.0441511755552,3.96185,4.14485,61.2360788021,0.0462601245871,267.058398941,0.0357271960477,15936,1019904,22290496,0.00398400000004,0.00398400000004,0.106801774002,0,0,0,0,0,0,0,0,0,0,0,0,0,0,704051,,0,0.0,,stall-0.85-16,stall,0.85,16,p2c,main,,950b0501cf808f250a5da229ea889ea7befa33e73935cc324e195b06cb8dddcb,0.1680296209997323
qbr,272bf2a363ebadf1,103887,103887,82897,25229.0659574,17.8880789422,187.553303862,306.088785257,37.3358062408,0.0156459220478,4.08,4.14485,40.9774154132,0.0114783028402,266.523085247,0.0322930473551,82674,5243232,22325072,0.0229514687499,0.0236547499999,0.106801000002,1356,405,951,0,0,123,218,1642.8,1.77235772358,7,0,0,559,108.333958125,1116934,0.9259259259259259,216,0.002605643147520417,20.076666597964987,stall-0.85-16,stall,0.85,16,qbr,main,,950b0501cf808f250a5da229ea889ea7befa33e73935cc324e195b06cb8dddcb,0.27362009399985254
single,272bf2a363ebadf1,103887,103887,82897,25225.9463523,17.9447998622,188.497957801,302.427561397,37.3544797436,0.0145361110776,4.0846,4.14485,40.0234247015,0.0100152340156,263.8625095,0.0325942884685,82465,5233120,22316608,0.0222089374999,0.0227822499999,0.106801000002,1290,354,936,0,0,144,144,1212.4,1,1,0,0,290,119.426774286,1116443,0.9444444444444444,144,0.001737095431680278,34.3890391478952,stall-0.85-16,stall,0.85,16,single,main,,950b0501cf808f250a5da229ea889ea7befa33e73935cc324e195b06cb8dddcb,0.27440528599981917
steal,272bf2a363ebadf1,103887,103887,82897,25229.1398011,17.7751460629,185.864778008,298.510477498,37.1488471077,0.0139691424298,4.08695,4.14485,39.6560531847,0.00942698984902,261.228393762,0.0321123026871,100690,6106656,22906992,0.0660940549172,0.0801189999998,0.106778500002,23956,11518,12438,0,0,1941,3953,32341.3,2.03657908295,10,0,0,7122,228.061517538,1239015,0.8605476673427992,3944,0.04757711376768761,8.272968810504517,stall-0.85-16,stall,0.85,16,steal,main,,950b0501cf808f250a5da229ea889ea7befa33e73935cc324e195b06cb8dddcb,0.32575639100014087
threshold,272bf2a363ebadf1,103887,103887,82897,25229.0659574,17.8692097325,186.800972415,301.216879369,37.284837502,0.015380532468,4.0811,4.14485,40.8099246876,0.011176639165,261.228393762,0.0321725509097,97637,5961280,22732448,0.0389526917484,0.0431412499999,0.106798000002,8272,2538,5736,0,0,1118,2915,24496.5,2.60733452594,11,0,0,5113,261.921907333,1181510,0.9087478559176673,2915,0.03516411932880563,11.652221325027638,stall-0.85-16,stall,0.85,16,threshold,main,,950b0501cf808f250a5da229ea889ea7befa33e73935cc324e195b06cb8dddcb,0.3711553540006207
work,272bf2a363ebadf1,103887,103887,82897,25225.9463523,16.7176790583,184.561941118,299.710317669,36.0405848483,0.0126421945306,4.09245,4.14485,38.652746981,0.00808458649452,263.333578011,0.0308470900108,15936,1019904,22290368,0.00398400000004,0.00398400000004,0.231169774,0,0,0,0,0,0,0,0,0,0,0,0,0,0,807926,,0,0.0,,stall-0.85-16,stall,0.85,16,work,main,,950b0501cf808f250a5da229ea889ea7befa33e73935cc324e195b06cb8dddcb,0.2222227219999695
bwc,6a4f86a4b2b9aa4f,104381,104381,83438,25255.1482036,44.9744715305,239.389212124,329.993730314,65.009025066,0.341019679283,2.7492,4.1719,132.693869639,0.390836713234,300.312039014,0.144415461228,60571,3876544,22425536,0.0151427859678,0.0217840000002,0.174003112861,0,0,0,0,0,0,0,0,0,0,44635,1.86266382883,0,0,932211,,0,0.0,,stall-0.85-17,stall,0.85,17,bwc,main,,3e63dc4d0fe3c19438df0dde4fbc497ce91e0dd49022f5d5004296f9765feb6e,0.2561644099996556
jbsq,6a4f86a4b2b9aa4f,104381,104381,83438,25184.3633833,14.342625114,184.376564554,299.109797963,34.296785503,0.0125362544644,4.1196,4.1719,36.4193970283,0.00811176205498,251.960624936,0.029997628646,0,0,22496960,0,0,0.208568000001,0,0,0,0,0,0,0,0,0,0,0,0,0,0,730992,,0,0.0,,stall-0.85-17,stall,0.85,17,jbsq,main,,3e63dc4d0fe3c19438df0dde4fbc497ce91e0dd49022f5d5004296f9765feb6e,0.21268366200001765
jsw,6a4f86a4b2b9aa4f,104381,104381,83438,25184.3633833,18.2309697099,188.687455759,300.914964404,37.9691049394,0.0204103645821,4.08675,4.1719,43.9296425818,0.017229983476,255.525185433,0.0329618211999,15936,1019904,22495488,0.00398400000004,0.00398400000004,0.107342000002,0,0,0,0,0,0,0,0,0,0,0,0,0,0,706864,,0,0.0,,stall-0.85-17,stall,0.85,17,jsw,main,,3e63dc4d0fe3c19438df0dde4fbc497ce91e0dd49022f5d5004296f9765feb6e,0.18414203799966344
p2c,6a4f86a4b2b9aa4f,104381,104381,83438,25184.3633833,16.280443864,195.244387857,306.088785257,38.5568360541,0.0521105491503,3.9545,4.1719,65.4136360956,0.0562115066847,262.542160639,0.0359260137539,15936,1019904,22496320,0.00398400000004,0.00398400000004,0.107342000002,0,0,0,0,0,0,0,0,0,0,0,0,0,0,706883,,0,0.0,,stall-0.85-17,stall,0.85,17,p2c,main,,3e63dc4d0fe3c19438df0dde4fbc497ce91e0dd49022f5d5004296f9765feb6e,0.17132804399989254
qbr,6a4f86a4b2b9aa4f,104381,104381,83438,25184.9768151,18.3273170605,188.687455759,310.416085418,37.9223676865,0.0198111172368,4.08925,4.1719,43.4828074338,0.016403785489,255.525185433,0.0332582404553,82838,5251024,22530288,0.0230610624999,0.0239072499999,0.107342000002,1446,392,1054,0,0,121,220,1657,1.81818181818,8,0,0,607,111.599802137,1120165,0.9,220,0.002636688319470745,18.16070080510864,stall-0.85-17,stall,0.85,17,qbr,main,,3e63dc4d0fe3c19438df0dde4fbc497ce91e0dd49022f5d5004296f9765feb6e,0.27717776200006483
single,6a4f86a4b2b9aa4f,104381,104381,83438,25188.3081319,18.2694508803,187.930599023,303.034719947,37.8444887655,0.0171624439704,4.1003,4.1719,41.4839241634,0.0130839717591,260.704722612,0.0332582404553,82929,5255472,22521696,0.0225656406249,0.0234197499999,0.107342000002,1507,373,1134,0,0,138,138,1169.8,1,1,0,0,316,108.297898731,1120822,0.9420289855072463,138,0.001653922673122558,23.054085386874096,stall-0.85-17,stall,0.85,17,single,main,,3e63dc4d0fe3c19438df0dde4fbc497ce91e0dd49022f5d5004296f9765feb6e,0.26708232300006784
steal,6a4f86a4b2b9aa4f,104381,104381,83438,25193.0239487,18.2117579519,186.613359056,293.464335703,37.7294727506,0.0180852848822,4.09645,4.1719,42.6460269877,0.0144960192279,250.699607384,0.032250414987,98395,5996464,23104432,0.0628247251431,0.0761719999998,0.107318000002,23289,10362,12927,0,0,1919,3899,31672.9,2.03178738927,11,0,0,7232,279.908635533,1228309,0.8711247758134768,3903,0.04677724777679235,8.773569306408865,stall-0.85-17,stall,0.85,17,steal,main,,3e63dc4d0fe3c19438df0dde4fbc497ce91e0dd49022f5d5004296f9765feb6e,0.3908996449999904
threshold,6a4f86a4b2b9aa4f,104381,104381,83438,25202.2008411,18.2309697099,187.364938923,297.017407305,37.8088580556,0.0181571945636,4.09615,4.1719,42.2984248057,0.0146312152621,254.246398423,0.0320725634337,99096,6031360,22881968,0.0398315624999,0.0448259999999,0.107336000002,9008,2434,6574,0,0,1025,2556,20522.6,2.49365853659,14,0,0,4733,232.946118983,1189838,0.9130434782608695,2553,0.030597569452767325,12.333905203614332,stall-0.85-17,stall,0.85,17,threshold,main,,3e63dc4d0fe3c19438df0dde4fbc497ce91e0dd49022f5d5004296f9765feb6e,0.2988121090002096
work,6a4f86a4b2b9aa4f,104381,104381,83438,25189.1581146,18.0587532125,188.308649152,291.119186494,38.3333441767,0.0275174380977,4.0571,4.1719,44.1547405406,0.0266636623104,247.450303086,0.0308868864121,15936,1019904,22494336,0.00398400000004,0.00398400000004,0.232447238503,0,0,0,0,0,0,0,0,0,0,0,0,0,0,811279,,0,0.0,,stall-0.85-17,stall,0.85,17,work,main,,3e63dc4d0fe3c19438df0dde4fbc497ce91e0dd49022f5d5004296f9765feb6e,0.24070942599973932
bwc,9e91805bda7c0db0,104025,104025,83023,25171.4675589,21.0751608111,192.13100751,297.613740137,40.5130793673,0.0451079821254,3.9639,4.15115,48.5037933691,0.0472884444511,255.012903613,0.0363975454217,60091,3845824,22317184,0.0150227500001,0.0188720000002,0.173150000001,0,0,0,0,0,0,0,0,0,0,44155,1.879990941,0,0,924160,,0,0.0,,stall-0.85-18,stall,0.85,18,bwc,main,,fddb64f3b6858c54536da54e2ab04d5be52e906a47282d437326941318b33743,0.2849324210001214
jbsq,9e91805bda7c0db0,104025,104025,83023,25152.7037813,14.2814077335,186.051642786,297.017407305,34.0645063281,0.0115751056936,4.1031,4.15115,33.7863713701,0.00671676631376,254.246398423,0.0309830345325,0,0,22324416,0,0,0.207578084459,0,0,0,0,0,0,0,0,0,0,0,0,0,0,728500,,0,0.0,,stall-0.85-18,stall,0.85,18,jbsq,main,,fddb64f3b6858c54536da54e2ab04d5be52e906a47282d437326941318b33743,0.2066576739998709
jsw,9e91805bda7c0db0,104025,104025,83023,25152.7037813,18.039713499,192.324138518,308.863665355,37.7687910371,0.0179227442998,4.07675,4.15115,42.1256632262,0.0135841327691,263.069508502,0.0352544820118,15936,1019904,22325504,0.00398400000004,0.00398400000004,0.106927618051,0,0,0,0,0,0,0,0,0,0,0,0,0,0,704640,,0,0.0,,stall-0.85-18,stall,0.85,18,jsw,main,,fddb64f3b6858c54536da54e2ab04d5be52e906a47282d437326941318b33743,0.18236031200012803
p2c,9e91805bda7c0db0,104025,104025,83023,25152.7037813,16.0403224605,195.244387857,309.483702549,38.1236172322,0.0480710164653,3.9516,4.15115,65.0165452546,0.0508576678062,267.594783797,0.0369389965106,15936,1019904,22325504,0.00398400000004,0.00398400000004,0.106927618051,0,0,0,0,0,0,0,0,0,0,0,0,0,0,704649,,0,0.0,,stall-0.85-18,stall,0.85,18,p2c,main,,fddb64f3b6858c54536da54e2ab04d5be52e906a47282d437326941318b33743,0.17041418300050282
qbr,9e91805bda7c0db0,104025,104025,83023,25152.7037813,18.0206928062,188.497957801,308.863665355,37.5291919881,0.0161762403189,4.084,4.15115,40.7681565311,0.011460670773,262.542160639,0.0350138370834,82710,5244960,22357792,0.0229478701249,0.0244439999999,0.106927000002,1374,392,982,0,0,110,202,1719.2,1.83636363636,12,0,0,649,121.307351243,1116413,0.9552238805970149,201,0.0024210158630740878,26.997095904340526,stall-0.85-18,stall,0.85,18,qbr,main,,fddb64f3b6858c54536da54e2ab04d5be52e906a47282d437326941318b33743,0.2747206110007028
single,9e91805bda7c0db0,104025,104025,83023,25152.7037813,18.0016911151,189.257087378,306.395874042,37.606860704,0.0169350661865,4.08085,4.15115,41.3567268703,0.0123341515941,260.182097236,0.0353146432439,82888,5253504,22357232,0.0225744115336,0.0237094999999,0.106927000002,1463,456,1006,0,0,173,173,1608.3,1,1,0,0,395,175.003702807,1117363,0.8786127167630058,173,0.0020837599219493395,28.080092060846155,stall-0.85-18,stall,0.85,18,single,main,,fddb64f3b6858c54536da54e2ab04d5be52e906a47282d437326941318b33743,0.268036449999272
steal,9e91805bda7c0db0,104025,104025,83023,25155.1254427,17.9827084067,188.308649152,303.947736515,37.4131029698,0.0161641954639,4.08405,4.15115,41.0193928286,0.011551030858,260.966427335,0.0345927084587,99590,6054080,22949088,0.0644631166983,0.0859602499998,0.106906000002,23592,10950,12641,0,0,1918,3988,33634.8,2.07924921794,11,0,0,7357,241.587717563,1234473,0.8626910548734653,3991,0.04807101646531684,8.481730958032548,stall-0.85-18,stall,0.85,18,steal,main,,fddb64f3b6858c54536da54e2ab04d5be52e906a47282d437326941318b33743,0.4281664579993958
threshold,9e91805bda7c0db0,104025,104025,83023,25162.8801691,18.0206928062,188.687455759,301.216879369,37.5306629632,0.0168507522012,4.0812,4.15115,41.2299104071,0.0123341515941,261.753112778,0.0348935146192,98732,6013776,22736048,0.0397785594999,0.0463789999999,0.106921000002,8802,2542,6265,0,0,1084,2688,22789.8,2.47970479705,10,0,0,4962,260.045827508,1183723,0.9226478244700632,2689,0.03238861520301603,11.37853534214164,stall-0.85-18,stall,0.85,18,threshold,main,,fddb64f3b6858c54536da54e2ab04d5be52e906a47282d437326941318b33743,0.294895113000166
work,9e91805bda7c0db0,104025,104025,83023,25154.4320044,17.1659773142,185.864778008,304.252684252,36.5079497184,0.00878069932428,4.1147,4.15115,36.0102426766,0.002695742534,259.400115429,0.0330886776561,15936,1019904,22323584,0.00398400000004,0.00398400000004,0.231474387188,0,0,0,0,0,0,0,0,0,0,0,0,0,0,808651,,0,0.0,,stall-0.85-18,stall,0.85,18,work,main,,fddb64f3b6858c54536da54e2ab04d5be52e906a47282d437326941318b33743,0.2447304700008317
bwc,6eb3cb744ae7e628,103901,103901,83190,25211.3874597,20.8337847114,192.710980119,297.912353877,41.5070345572,0.0701045798774,3.8679,4.1595,79.3030386591,0.0785880936253,261.490622156,0.0364667263503,59758,3824512,22339264,0.0149395000001,0.0189840000002,0.172570500001,0,0,0,0,0,0,0,0,0,0,43822,1.89247409977,0,0,923710,,0,0.0,,stall-0.85-19,stall,0.85,19,bwc,main,,9844460d04f9357b5e9aac53d643322450bed3334978283691f5d0cc1236c3f7,0.2478659640000842
jbsq,6eb3cb744ae7e628,103901,103901,83190,25161.5235082,14.2966891412,182.166437926,302.427561397,34.0761922604,0.011251352326,4.1127,4.1595,34.5953207795,0.00711974110032,260.182097236,0.0276335422262,0,0,22406848,0,0,0.207988500001,0,0,0,0,0,0,0,0,0,0,0,0,0,0,727631,,0,0.0,,stall-0.85-19,stall,0.85,19,jbsq,main,,9844460d04f9357b5e9aac53d643322450bed3334978283691f5d0cc1236c3f7,0.19492522199925588
jsw,6eb3cb744ae7e628,103901,103901,83190,25167.5614838,18.0206928062,186.238694429,301.519096248,37.5558231747,0.0156388989061,4.09445,4.1595,41.1455771073,0.0119816361857,264.12737201,0.0301402566398,15936,1019904,22407488,0.00398400000004,0.00398400000004,0.107094000002,0,0,0,0,0,0,0,0,0,0,0,0,0,0,703929,,0,0.0,,stall-0.85-19,stall,0.85,19,jsw,main,,9844460d04f9357b5e9aac53d643322450bed3334978283691f5d0cc1236c3f7,0.20664502199997514
p2c,6eb3cb744ae7e628,103901,103901,83190,25198.3322661,16.0403224605,192.324138518,307.31898416,37.9921161603,0.0455583603799,3.97,4.1595,63.774686717,0.0487092646948,271.652030585,0.033064756789,15936,1019904,22406336,0.00398400000004,0.00398400000004,0.107094000002,0,0,0,0,0,0,0,0,0,0,0,0,0,0,704034,,0,0.0,,stall-0.85-19,stall,0.85,19,p2c,main,,9844460d04f9357b5e9aac53d643322450bed3334978283691f5d0cc1236c3f7,0.22174644300048385
qbr,6eb3cb744ae7e628,103901,103901,83190,25161.5235082,17.9827084067,185.678099908,302.427561397,37.4905509425,0.0162519533598,4.0919,4.1595,41.8678124762,0.0127944607511,260.966427335,0.0299612056103,82540,5236672,22435824,0.0227573124999,0.0242169999999,0.107094000002,1306,357,949,0,0,101,180,1373,1.78217821782,5,0,0,511,128.644577855,1115003,0.9388888888888889,180,0.002163721601153985,18.29657237053103,stall-0.85-19,stall,0.85,19,qbr,main,,9844460d04f9357b5e9aac53d643322450bed3334978283691f5d0cc1236c3f7,0.3384382159993038
single,6eb3cb744ae7e628,103901,103901,83190,25161.5235082,17.9447998622,185.678099908,301.519096248,37.4972737438,0.0160115398485,4.0929,4.1595,41.7394658176,0.0125084669226,259.400115429,0.0299015219338,82739,5246352,22433680,0.0224292968749,0.0236759999999,0.107094000002,1400,406,994,0,0,147,147,1233.7,1,1,0,0,318,133.151056979,1115949,0.9517241379310345,145,0.0017429979564851546,33.34823640018963,stall-0.85-19,stall,0.85,19,single,main,,9844460d04f9357b5e9aac53d643322450bed3334978283691f5d0cc1236c3f7,0.3086082410000017
steal,6eb3cb744ae7e628,103901,103901,83190,25161.5235082,17.963744662,185.119183813,303.643093422,37.3620131835,0.0136074047361,4.1029,4.1595,39.8189214964,0.00960337171672,260.443279333,0.0294837361981,99646,6056640,23044144,0.0646642514998,0.0834879999998,0.107073000002,23601,11026,12574,0,0,2009,4036,34545.6,2.00895968143,11,0,0,7267,257.765556891,1234585,0.8573551263001485,4038,0.04853948791922106,7.917952654336451,stall-0.85-19,stall,0.85,19,steal,main,,9844460d04f9357b5e9aac53d643322450bed3334978283691f5d0cc1236c3f7,0.30527711099966837
threshold,6eb3cb744ae7e628,103901,103901,83190,25161.5534766,17.9827084067,185.4916083,300.914964404,37.4685789452,0.015122009857,4.0966,4.1595,40.8099246876,0.0113644916083,260.443279333,0.0300208892868,98205,5988560,22817232,0.0391347598749,0.0455062499999,0.107088000002,8574,2423,6150,0,0,1036,2682,23412.2,2.5888030888,11,0,0,4728,272.811474955,1179795,0.9162929745889388,2676,0.032167327803822574,11.518661435507614,stall-0.85-19,stall,0.85,19,threshold,main,,9844460d04f9357b5e9aac53d643322450bed3334978283691f5d0cc1236c3f7,0.28868782199970155
work,6eb3cb744ae7e628,103901,103901,83190,25182.7492534,17.3118147987,186.238694429,298.211266231,38.05119038,0.0453179468686,3.971,4.1595,55.7684575124,0.0487845262286,257.068189558,0.0315726648762,15936,1019904,22376896,0.00398400000004,0.00398400000004,0.231614445549,0,0,0,0,0,0,0,0,0,0,0,0,0,0,807887,,0,0.0,,stall-0.85-19,stall,0.85,19,work,main,,9844460d04f9357b5e9aac53d643322450bed3334978283691f5d0cc1236c3f7,0.22557928700007324
bwc,fb4184942b1561f,103762,103762,82990,25171.9269879,64.0341743712,266.523085247,349.048407549,77.3551118586,0.425497047837,2.3839,4.1495,169.107775842,0.474815808109,324.417159804,0.228533606113,60898,3897472,22315904,0.0152243474751,0.0218415596,0.174343774001,0,0,0,0,0,0,0,0,0,0,44962,1.84580312264,0,0,926631,,0,0.0,,stall-0.85-20,stall,0.85,20,bwc,main,,490a97cc8a9d7f2c855d883dfd24938b8a92b849e78f8c3a28c8dfab1219642f,0.2329953829994338
jbsq,fb4184942b1561f,103762,103762,82990,25169.9703295,14.2966891412,184.19137318,303.338754667,34.0970883795,0.0117725027112,4.10065,4.1495,35.0248217686,0.00721700742794,260.443279333,0.0299657019075,0,0,22315712,0,0,0.207485500001,0,0,0,0,0,0,0,0,0,0,0,0,0,0,726661,,0,0.0,,stall-0.85-20,stall,0.85,20,jbsq,main,,490a97cc8a9d7f2c855d883dfd24938b8a92b849e78f8c3a28c8dfab1219642f,0.18402168699958565
jsw,fb4184942b1561f,103762,103762,82990,25169.9703295,18.0206928062,190.976266425,303.643093422,37.6874185042,0.0163875165683,4.0815,4.1495,41.3567268703,0.0122643925811,262.278881757,0.0328539623323,15936,1019904,22316928,0.00398400000004,0.00398400000004,0.106894774002,0,0,0,0,0,0,0,0,0,0,0,0,0,0,703106,,0,0.0,,stall-0.85-20,stall,0.85,20,jsw,main,,490a97cc8a9d7f2c855d883dfd24938b8a92b849e78f8c3a28c8dfab1219642f,0.18819102900033613
p2c,fb4184942b1561f,103762,103762,82990,25169.9703295,16.0232991613,193.48698708,303.643093422,38.057805054,0.047885287384,3.9508,4.1495,65.7463690769,0.0513627939914,262.278881757,0.0339972320838,15936,1019904,22316096,0.00398400000004,0.00398400000004,0.106894774002,0,0,0,0,0,0,0,0,0,0,0,0,0,0,703111,,0,0.0,,stall-0.85-20,stall,0.85,20,p2c,main,,490a97cc8a9d7f2c855d883dfd24938b8a92b849e78f8c3a28c8dfab1219642f,0.17456969900013064
qbr,fb4184942b1561f,103762,103762,82990,25171.54147,18.0587532125,187.741857166,307.010973186,37.5482499223,0.016809254127,4.07975,4.1495,41.6541149336,0.0128670654352,260.443279333,0.0325531018714,82682,5243616,22351120,0.0229366476249,0.0237213619999,0.106894000002,1363,394,970,0,0,119,218,1832.8,1.83193277311,8,0,0,595,145.215935168,1115403,0.926605504587156,218,0.002626822508735992,24.443479693664607,stall-0.85-20,stall,0.85,20,qbr,main,,490a97cc8a9d7f2c855d883dfd24938b8a92b849e78f8c3a28c8dfab1219642f,0.2947175649997007
single,fb4184942b1561f,103762,103762,82990,25169.9703295,17.9827084067,187.364938923,309.17352902,37.4756436811,0.0153632967827,4.08575,4.1495,40.5599408118,0.0111645146224,263.597911589,0.0321318972261,82602,5239776,22338672,0.0222955098749,0.0233809999999,0.106894000002,1334,372,964,0,0,121,121,1239.1,1,1,0,0,305,201.20170989,1115228,0.9504132231404959,121,0.0014580069887938306,25.907614221688757,stall-0.85-20,stall,0.85,20,single,main,,490a97cc8a9d7f2c855d883dfd24938b8a92b849e78f8c3a28c8dfab1219642f,0.30520410999997694
steal,fb4184942b1561f,103762,103762,82990,25169.9703295,17.963744662,186.800972415,305.169358368,37.424137817,0.0167972044825,4.0798,4.1495,41.9965445599,0.0128670654352,262.015865891,0.0324929297792,100646,6104848,22925552,0.0656137196461,0.0817737499998,0.106873000002,23528,11457,12071,0,0,1881,3908,32401.8,2.07761828814,11,0,0,7276,268.081003974,1232145,0.8679631525076765,3908,0.047090010844680084,8.09540517467434,stall-0.85-20,stall,0.85,20,steal,main,,490a97cc8a9d7f2c855d883dfd24938b8a92b849e78f8c3a28c8dfab1219642f,0.3102118340002562
threshold,fb4184942b1561f,103762,103762,82990,25169.9703295,18.0778119657,187.930599023,299.710317669,37.637501074,0.0177009278226,4.07605,4.1495,42.4284500186,0.0142833466424,254.246398423,0.0313496600277,98463,6000848,22771136,0.0397738906249,0.0482317499999,0.106886500002,8690,2609,6083,0,0,1193,2983,25169.3,2.50041911148,12,0,0,5354,253.389652309,1183499,0.9078109285953738,2983,0.035944089649355346,12.67637313723402,stall-0.85-20,stall,0.85,20,threshold,main,,490a97cc8a9d7f2c855d883dfd24938b8a92b849e78f8c3a28c8dfab1219642f,0.3192133920001652
work,fb4184942b1561f,103762,103762,82990,25169.9703295,17.8880789422,189.447344466,304.252684252,38.8502988673,0.0534401735149,3.92775,4.1495,65.8799285615,0.0579620617438,258.102011758,0.035381190204,15936,1019904,22316224,0.00398400000004,0.00398400000004,0.231398620733,0,0,0,0,0,0,0,0,0,0,0,0,0,0,806868,,0,0.0,,stall-0.85-20,stall,0.85,20,work,main,,490a97cc8a9d7f2c855d883dfd24938b8a92b849e78f8c3a28c8dfab1219642f,0.22733250100009172
bwc,435d8972f9c05a33,116660,116660,93204,27762.8231817,1568.20037319,2536.87174312,2624.59843347,1547.38115607,1,0,4.6602,2496.60888469,1,2603.68785334,1,61818,3956352,22705472,0.0154545000001,0.0228760000002,0.176984500001,0,0,0,0,0,0,0,0,0,0,45882,1.83642822894,0,0,1042238,,0,0.0,,stall-0.95-11,stall,0.95,11,bwc,main,,7a91ad6b09db8bb6e37f21cc3f0efa45c0d3335215b55fa7668c52a50fd4b969,0.28908065399991756
jbsq,435d8972f9c05a33,116660,116660,93204,25280.0649725,22.0676463732,199.808007901,317.976655937,43.2312956141,0.10570361787,4.1676,4.6602,76.7752650676,0.121218637029,277.713779762,0.044271803331,0,0,25112896,0,0,0.233042645996,0,0,0,0,0,0,0,0,0,0,0,0,0,0,816958,,0,0.0,,stall-0.95-11,stall,0.95,11,jbsq,main,,7a91ad6b09db8bb6e37f21cc3f0efa45c0d3335215b55fa7668c52a50fd4b969,0.2145795119995455
jsw,435d8972f9c05a33,116660,116660,93204,25278.5172696,33.1661257058,208.62658502,325.068319541,50.5754939736,0.205860263508,3.70085,4.6602,77.2430848436,0.243888672374,283.625671394,0.0552865428617,15936,1019904,25114304,0.00398400000004,0.00398400000004,0.117108774002,0,0,0,0,0,0,0,0,0,0,0,0,0,0,780854,,0,0.0,,stall-0.95-11,stall,0.95,11,jsw,main,,7a91ad6b09db8bb6e37f21cc3f0efa45c0d3335215b55fa7668c52a50fd4b969,0.22539123900060076
p2c,435d8972f9c05a33,116660,116660,93204,25277.0982328,36.7198020457,221.805078471,329.002731781,54.8684688057,0.278185485601,3.3638,4.6602,110.123819413,0.330206555482,297.017407305,0.0722077369233,15936,1019904,25113664,0.00398400000004,0.00398400000004,0.117108774002,0,0,0,0,0,0,0,0,0,0,0,0,0,0,780855,,0,0.0,,stall-0.95-11,stall,0.95,11,p2c,main,,7a91ad6b09db8bb6e37f21cc3f0efa45c0d3335215b55fa7668c52a50fd4b969,0.20634237900048902
qbr,435d8972f9c05a33,116660,116660,93204,25286.3769042,32.6577106265,209.887493124,322.148324099,50.5274056623,0.20191193511,3.71925,4.6602,78.5044073302,0.239400088697,286.484770478,0.053477358591,88425,5519280,25122928,0.0268592812499,0.0295044999999,0.117106500002,4342,89,4254,0,0,29,54,383.4,1.86206896552,4,0,0,166,60.6406191661,1214525,0.7692307692307693,52,0.0005579159692717051,13.218843913531215,stall-0.95-11,stall,0.95,11,qbr,main,,7a91ad6b09db8bb6e37f21cc3f0efa45c0d3335215b55fa7668c52a50fd4b969,0.360170957000264
single,435d8972f9c05a33,116660,116660,93204,25297.4918822,33.0638319843,210.732309266,319.895306906,50.6331299745,0.208456718596,3.68875,4.6602,77.1649199237,0.247100563089,283.057272791,0.0554461767679,88269,5511792,25121760,0.0266160468749,0.0294732499999,0.117108000002,4265,97,4168,0,0,38,38,269.8,1,1,0,0,93,81.5962556676,1214108,0.8717948717948718,39,0.0004184369769537788,14.787590017377182,stall-0.95-11,stall,0.95,11,single,main,,7a91ad6b09db8bb6e37f21cc3f0efa45c0d3335215b55fa7668c52a50fd4b969,0.3165667889998076
steal,435d8972f9c05a33,116660,116660,93204,25277.0982328,32.9279166146,207.165050904,329.002731781,50.3279928109,0.203253079267,3.713,4.6602,76.930893373,0.24117401997,285.624038205,0.0531048794764,81899,5205920,25243152,0.0299770737611,0.0329852499999,0.117105000002,8893,1319,7574,0,0,409,831,6185.1,2.03178484108,9,0,0,1833,218.667586094,1207670,0.7971188475390156,833,0.008937384661602507,7.560021120347644,stall-0.95-11,stall,0.95,11,steal,main,,7a91ad6b09db8bb6e37f21cc3f0efa45c0d3335215b55fa7668c52a50fd4b969,0.30207313600021735
threshold,435d8972f9c05a33,116660,116660,93204,25277.0982328,33.3029953421,207.79017076,329.002731781,50.6325184689,0.210591820094,3.6788,4.6602,77.4780489057,0.249882409859,287.060027504,0.0550204863513,125723,7308752,25214288,0.0569479519999,0.0682111459999,0.117088500002,22930,520,22412,0,0,286,668,4837.8,2.33566433566,10,0,0,1583,174.033015334,1352860,0.827123695976155,671,0.00719926183425604,10.643620961257632,stall-0.95-11,stall,0.95,11,threshold,main,,7a91ad6b09db8bb6e37f21cc3f0efa45c0d3335215b55fa7668c52a50fd4b969,0.3313426400000026
work,435d8972f9c05a33,116660,116660,93204,27010.6589215,1160.5049941,1823.83710127,1898.27215563,1110.85792519,1,0,4.6602,1754.07257701,1,1875.62834424,1,15936,1019904,23329600,0.00398400000004,0.00398400000004,0.2404105,0,0,0,0,0,0,0,0,0,0,0,0,0,0,903039,,0,0.0,,stall-0.95-11,stall,0.95,11,work,main,,7a91ad6b09db8bb6e37f21cc3f0efa45c0d3335215b55fa7668c52a50fd4b969,0.2581321489997208
bwc,746d26fcf5534be,116332,116332,92905,27651.0491153,1635.47606179,2481.67554161,2582.94380757,1611.73995452,1,0,4.64525,2452.07618349,1,2564.92833483,1,62075,3972800,22646848,0.0155188423638,0.0225080000002,0.177220000001,0,0,0,0,0,0,0,0,0,0,46140,1.82232336368,0,0,1040616,,0,0.0,,stall-0.95-12,stall,0.95,12,bwc,main,,6754713e9cb3fac4ec633c8a196f0e693ef6f762bf051cbcae5414723661c165,0.3010730810001405
jbsq,746d26fcf5534be,116332,116332,92905,25199.1757056,19.5013350124,196.819848806,314.488874272,41.4658216118,0.0881438028093,4.2358,4.64525,73.0579529436,0.0998370392318,264.392499382,0.04159965691,0,0,24999360,0,0,0.232222827913,0,0,0,0,0,0,0,0,0,0,0,0,0,0,814661,,0,0.0,,stall-0.95-12,stall,0.95,12,jbsq,main,,6754713e9cb3fac4ec633c8a196f0e693ef6f762bf051cbcae5414723661c165,0.22607909300040774
jsw,746d26fcf5534be,116332,116332,92905,25197.3993709,29.7007824471,206.127340854,322.471472423,48.3342213056,0.164070825036,3.8831,4.64525,78.6634956493,0.192616934452,277.157187231,0.050444944784,15936,1019904,24999488,0.00398400000004,0.00398400000004,0.116809827914,0,0,0,0,0,0,0,0,0,0,0,0,0,0,778633,,0,0.0,,stall-0.95-12,stall,0.95,12,jsw,main,,6754713e9cb3fac4ec633c8a196f0e693ef6f762bf051cbcae5414723661c165,0.22219671600032598
p2c,746d26fcf5534be,116332,116332,92905,25228.6792273,33.3716356357,221.582495975,335.329535207,52.5920686576,0.245164415263,3.5064,4.64525,107.273243151,0.289073547831,296.422265352,0.0703870483542,15936,1019904,24998592,0.00398400000004,0.00398400000004,0.116809827914,0,0,0,0,0,0,0,0,0,0,0,0,0,0,778739,,0,0.0,,stall-0.95-12,stall,0.95,12,p2c,main,,6754713e9cb3fac4ec633c8a196f0e693ef6f762bf051cbcae5414723661c165,0.20354419400064216
qbr,746d26fcf5534be,116332,116332,92905,25213.5663427,30.2893770158,205.094803825,318.614928225,48.6040784633,0.168526989936,3.8624,4.64525,78.5839117375,0.197990599453,271.10754339,0.0512490618634,87690,5484000,25017008,0.0263640468749,0.0282914999999,0.116809827914,3972,123,3849,0,0,57,111,788.1,1.94736842105,5,0,0,322,91.9945103427,1209166,0.9369369369369369,111,0.001194768849900436,21.14316911091357,stall-0.95-12,stall,0.95,12,qbr,main,,6754713e9cb3fac4ec633c8a196f0e693ef6f762bf051cbcae5414723661c165,0.3108238920003714
single,746d26fcf5534be,116332,116332,92905,25194.8376415,30.2268920049,206.334468195,323.442857578,48.5001681398,0.166245089069,3.873,4.64525,78.1871831576,0.194906465906,278.550757522,0.0521603945534,87723,5485584,25006320,0.0261965156249,0.0277874999999,0.116809827914,3990,108,3882,0,0,45,45,319.5,1,1,0,0,107,60.9933026821,1208485,0.9333333333333333,45,0.00048436574995963617,34.196355476136866,stall-0.95-12,stall,0.95,12,single,main,,6754713e9cb3fac4ec633c8a196f0e693ef6f762bf051cbcae5414723661c165,0.3005807810004626
steal,746d26fcf5534be,116332,116332,92905,25207.8517005,30.1333983784,208.417167852,317.33965828,48.5861293209,0.168128733653,3.86425,4.64525,79.7053576862,0.19751922533,274.66624386,0.0511418462528,82694,5243888,25179696,0.032313940832,0.0360044999999,0.116805327914,10435,1789,8646,0,0,545,1194,9332.4,2.19082568807,9,0,0,2539,231.667825826,1208599,0.8277591973244147,1196,0.012873365265593887,9.028856585540806,stall-0.95-12,stall,0.95,12,steal,main,,6754713e9cb3fac4ec633c8a196f0e693ef6f762bf051cbcae5414723661c165,0.2996261440002854
threshold,746d26fcf5534be,116332,116332,92905,25194.8001932,30.1022960823,205.507199528,320.216202213,48.449250654,0.166126688553,3.87355,4.64525,79.2228158432,0.194892998074,277.713779762,0.0516243165005,122985,7177328,25132912,0.0551064039711,0.0645844954396,0.116799327914,21539,655,20882,0,0,373,914,6774.4,2.45040214477,13,0,0,1930,170.792764934,1342515,0.8765027322404372,915,0.009848770249179269,12.405701440042261,stall-0.95-12,stall,0.95,12,threshold,main,,6754713e9cb3fac4ec633c8a196f0e693ef6f762bf051cbcae5414723661c165,0.3374910769998678
work,746d26fcf5534be,116332,116332,92905,26694.9583501,1116.10002048,1579.21778399,1658.5362433,1070.90710616,1,0,4.64525,1503.69039464,1,1635.47606179,1,15936,1019904,23551616,0.00398400000004,0.00398400000004,0.242717494992,0,0,0,0,0,0,0,0,0,0,0,0,0,0,899735,,0,0.0,,stall-0.95-12,stall,0.95,12,work,main,,6754713e9cb3fac4ec633c8a196f0e693ef6f762bf051cbcae5414723661c165,0.2381513560003441
bwc,42253e674c8b6c38,117313,117313,93612,27691.0760403,1624.06641357,2536.87174312,2640.3914606,1583.82463853,1,0,4.6806,2504.10920666,1,2614.1222433,1,62119,3975616,22692800,0.0155297500001,0.0204400000001,0.177662000001,0,0,0,0,0,0,0,0,0,0,46183,1.82872485547,0,0,1046803,,0,0.0,,stall-0.95-13,stall,0.95,13,bwc,main,,3822694d2b10e8bf67b1f2b2842fd37141937e7d5670dce3bb046f9030beec3e,0.29089681900040887
jbsq,42253e674c8b6c38,117313,117313,93612,25180.6607778,23.5914560409,205.713706727,317.976655937,45.2195096029,0.133369653463,4.05635,4.6806,89.9895807952,0.153921162657,273.840896374,0.0513094031682,0,0,25171520,0,0,0.233978595801,0,0,0,0,0,0,0,0,0,0,0,0,0,0,821531,,0,0.0,,stall-0.95-13,stall,0.95,13,jbsq,main,,3822694d2b10e8bf67b1f2b2842fd37141937e7d5670dce3bb046f9030beec3e,0.21208020300036878
jsw,42253e674c8b6c38,117313,117313,93612,25179.6414159,34.2765588262,215.439657855,330.324724045,52.3936041402,0.233720035893,3.58665,4.6806,99.7552226479,0.276278001149,288.792714335,0.0637900688037,15936,1019904,25168192,0.00398400000004,0.00398400000004,0.117516000002,0,0,0,0,0,0,0,0,0,0,0,0,0,0,784461,,0,0.0,,stall-0.95-13,stall,0.95,13,jsw,main,,3822694d2b10e8bf67b1f2b2842fd37141937e7d5670dce3bb046f9030beec3e,0.2398540630001662
p2c,42253e674c8b6c38,117313,117313,93612,25184.427253,38.7320921277,227.899675805,341.093107629,56.9058417322,0.303775157031,3.25875,4.6806,129.524979658,0.358321200059,303.643093422,0.0859779188223,15936,1019904,25167488,0.00398400000004,0.00398400000004,0.117516000002,0,0,0,0,0,0,0,0,0,0,0,0,0,0,784484,,0,0.0,,stall-0.95-13,stall,0.95,13,p2c,main,,3822694d2b10e8bf67b1f2b2842fd37141937e7d5670dce3bb046f9030beec3e,0.19563717400069436
qbr,42253e674c8b6c38,117313,117313,93612,25184.2937603,34.4532947389,215.439657855,318.934543153,52.5555871576,0.237373413665,3.56955,4.6806,97.367063666,0.281220362529,289.082507049,0.0622966558216,88558,5525664,25177472,0.0269416406249,0.0294257499999,0.117516000002,4418,74,4344,0,0,32,49,347.9,1.53125,5,0,0,174,81.7674694833,1216700,0.8775510204081632,49,0.0005234371661752766,20.83558511496807,stall-0.95-13,stall,0.95,13,qbr,main,,3822694d2b10e8bf67b1f2b2842fd37141937e7d5670dce3bb046f9030beec3e,0.34605268399991473
single,42253e674c8b6c38,117313,117313,93612,25194.3451865,34.4887480336,214.576059299,325.068319541,52.3991058949,0.237213177798,3.5703,4.6806,98.4545278179,0.280792915058,287.925072055,0.0632033708464,88322,5514240,25174400,0.0266566874999,0.0287714999999,0.117516000002,4305,74,4231,0,0,36,36,255.6,1,1,0,0,80,66.9157808291,1216070,0.9714285714285714,35,0.00037388369012519764,34.11633472544233,stall-0.95-13,stall,0.95,13,single,main,,3822694d2b10e8bf67b1f2b2842fd37141937e7d5670dce3bb046f9030beec3e,0.304000275999897
steal,42253e674c8b6c38,117313,117313,93612,25192.0297098,33.9956120902,213.287117995,325.068319541,52.2236432473,0.234660086314,3.58225,4.6806,97.8598836391,0.277680563162,291.411305681,0.0628833537789,82302,5225168,25299424,0.0302919182186,0.0333089999999,0.117510000002,8674,1522,7152,0,0,411,865,6331.5,2.10462287105,10,0,0,1841,205.290514566,1212349,0.8149425287356322,870,0.00929368029739777,8.749659158752198,stall-0.95-13,stall,0.95,13,steal,main,,3822694d2b10e8bf67b1f2b2842fd37141937e7d5670dce3bb046f9030beec3e,0.2920925589996841
threshold,42253e674c8b6c38,117313,117313,93612,25187.2145658,34.2765588262,214.791635358,326.374550533,52.1671592524,0.232726573516,3.5913,4.6806,96.0971986626,0.275329602073,286.484770478,0.0626166728892,125969,7320144,25272336,0.0572330112532,0.0714939999999,0.117495204948,23043,567,22474,0,0,283,685,5338.5,2.42049469965,10,0,0,1491,169.151558829,1355535,0.8515850144092219,694,0.007413579455625347,9.373236527969208,stall-0.95-13,stall,0.95,13,threshold,main,,3822694d2b10e8bf67b1f2b2842fd37141937e7d5670dce3bb046f9030beec3e,0.34855878700000176
work,42253e674c8b6c38,117313,117313,93612,26782.4000018,1048.97571915,1663.5198323,1750.56769006,1023.39663192,1,0,4.6806,1603.08769478,1,1726.22868028,1,15936,1019904,23554112,0.00398400000004,0.00398400000004,0.2429985,0,0,0,0,0,0,0,0,0,0,0,0,0,0,906883,,0,0.0,,stall-0.95-13,stall,0.95,13,work,main,,3822694d2b10e8bf67b1f2b2842fd37141937e7d5670dce3bb046f9030beec3e,0.25740497300012066
bwc,d69219e4ff76d604,116962,116962,93631,27589.3484452,1535.60688818,2452.07618349,2557.24591978,1556.92377796,1,0,4.68155,2430.10848272,1,2529.27332978,1,62095,3974080,22921792,0.0155237500001,0.0203720000002,0.178513000001,0,0,0,0,0,0,0,0,0,0,46159,1.84986676488,0,0,1044422,,0,0.0,,stall-0.95-14,stall,0.95,14,bwc,main,,3b56907c2ff050748a8438e2e6a55636a2e4a3f09a8c141d0781dde5343b1e9d,0.301314380999429
jbsq,d69219e4ff76d604,116962,116962,93631,25180.7465723,19.2771675724,194.461368831,310.104980438,40.4591294572,0.0714186540782,4.3472,4.68155,69.0266522448,0.0795024265373,272.197607298,0.0388683094433,0,0,25136000,0,0,0.234200500001,0,0,0,0,0,0,0,0,0,0,0,0,0,0,819071,,0,0.0,,stall-0.95-14,stall,0.95,14,jbsq,main,,3b56907c2ff050748a8438e2e6a55636a2e4a3f09a8c141d0781dde5343b1e9d,0.21109563400023035
jsw,d69219e4ff76d604,116962,116962,93631,25182.4002413,29.4562777417,203.453440144,315.436287677,47.4291484751,0.152994200639,3.9653,4.68155,72.1750071723,0.178923790731,279.670638975,0.0485853868041,15936,1019904,25136320,0.00398400000004,0.00398400000004,0.117535000002,0,0,0,0,0,0,0,0,0,0,0,0,0,0,782363,,0,0.0,,stall-0.95-14,stall,0.95,14,jsw,main,,3b56907c2ff050748a8438e2e6a55636a2e4a3f09a8c141d0781dde5343b1e9d,0.20136601400008658
p2c,d69219e4ff76d604,116962,116962,93631,25216.3419309,31.7288241614,213.930622425,325.39438786,50.9879439795,0.227018829234,3.61875,4.68155,99.5540140658,0.268065703162,288.792714335,0.0617383368229,15936,1019904,25134336,0.00398400000004,0.00398400000004,0.117535000002,0,0,0,0,0,0,0,0,0,0,0,0,0,0,782476,,0,0.0,,stall-0.95-14,stall,0.95,14,p2c,main,,3b56907c2ff050748a8438e2e6a55636a2e4a3f09a8c141d0781dde5343b1e9d,0.19881463299952884
qbr,d69219e4ff76d604,116962,116962,93631,25177.2725464,29.4562777417,205.713706727,319.254477697,47.6004192268,0.153720455832,3.9619,4.68155,71.6648248909,0.179737080689,280.232260923,0.0489611853761,87569,5478128,25150496,0.0261895156249,0.0286917499999,0.117535000002,3931,77,3854,0,0,46,87,617.7,1.89130434783,7,0,0,265,71.4745936836,1211735,0.8505747126436781,87,0.0009291794384338521,19.88790208404192,stall-0.95-14,stall,0.95,14,qbr,main,,3b56907c2ff050748a8438e2e6a55636a2e4a3f09a8c141d0781dde5343b1e9d,0.3066060720002497
single,d69219e4ff76d604,116962,116962,93631,25178.7928899,29.8545936743,206.127340854,311.976283122,47.6091558466,0.154371949461,3.95885,4.68155,70.8702869859,0.180897018826,274.390853007,0.0475653621088,87760,5487296,25143904,0.0262307656249,0.0292989999999,0.117535000002,4019,95,3925,0,0,50,50,355,1,1,0,0,103,62.4183955035,1212420,0.9019607843137255,51,0.0005446913949439822,14.690675957622494,stall-0.95-14,stall,0.95,14,single,main,,3b56907c2ff050748a8438e2e6a55636a2e4a3f09a8c141d0781dde5343b1e9d,0.3459551839996493
steal,d69219e4ff76d604,116962,116962,93631,25170.4570417,29.3044521333,202.841304503,318.614928225,47.2000857886,0.150067819419,3.979,4.68155,70.2979034196,0.175510639433,275.770563936,0.047619047619,82600,5239360,25304032,0.0325812141193,0.0356452499999,0.117530500002,10952,1733,9219,0,0,526,1109,8348.9,2.10836501901,11,0,0,2395,216.960692559,1212333,0.7953321364452424,1114,0.011897768901325415,7.333715512864932,stall-0.95-14,stall,0.95,14,steal,main,,3b56907c2ff050748a8438e2e6a55636a2e4a3f09a8c141d0781dde5343b1e9d,0.3100812889997542
threshold,d69219e4ff76d604,116962,116962,93631,25172.8847796,29.6088639979,201.82514848,314.173700571,47.3064479145,0.156016703869,3.95115,4.68155,69.6594189655,0.182803583809,276.0473345,0.0481559027219,122513,7154752,25250448,0.0546057264999,0.0684997499999,0.117517000002,21303,601,20706,0,0,331,758,5856.8,2.29003021148,11,0,0,1692,171.442613897,1342832,0.8398950131233596,762,0.008138330253868911,9.559501676807036,stall-0.95-14,stall,0.95,14,threshold,main,,3b56907c2ff050748a8438e2e6a55636a2e4a3f09a8c141d0781dde5343b1e9d,0.34153301199967245
work,d69219e4ff76d604,116962,116962,93631,26726.3587755,989.838246933,1614.35005068,1703.93110249,1012.65121582,1,0,4.68155,1574.48659617,1,1681.92137424,1,15936,1019904,23650432,0.00398400000004,0.00398400000004,0.2441837875,0,0,0,0,0,0,0,0,0,0,0,0,0,0,904246,,0,0.0,,stall-0.95-14,stall,0.95,14,work,main,,3b56907c2ff050748a8438e2e6a55636a2e4a3f09a8c141d0781dde5343b1e9d,0.31552941299923987
bwc,475cd86bc09e2068,116321,116321,93251,27404.7406158,1249.67023744,2212.10008893,2313.91229837,1286.21951932,1,0,4.66255,2185.71470711,1,2288.60038755,1,61986,3967104,22836800,0.0154965000001,0.0186040000002,0.178034500001,0,0,0,0,0,0,0,0,0,0,46050,1.84666666667,0,0,1037334,,0,0.0,,stall-0.95-15,stall,0.95,15,bwc,main,,a95d66c9e024749968f84b072e23dab9ffaa86329312f176b6392e0ca1f58a50,0.2861569309998231
jbsq,475cd86bc09e2068,116321,116321,93251,25230.8864573,18.2309697099,190.592889054,290.244578733,39.0349415813,0.0495973233531,4.4313,4.66255,62.6197453704,0.0534624852831,250.196962263,0.0339871400011,0,0,25012480,0,0,0.233172500001,0,0,0,0,0,0,0,0,0,0,0,0,0,0,814581,,0,0.0,,stall-0.95-15,stall,0.95,15,jbsq,main,,a95d66c9e024749968f84b072e23dab9ffaa86329312f176b6392e0ca1f58a50,0.2390039859992612
jsw,475cd86bc09e2068,116321,116321,93251,25230.9063608,28.3212094399,198.806972967,312.289259405,45.996760078,0.121296286367,4.097,4.66255,64.0992085456,0.140586535374,269.751077782,0.0433889879505,15936,1019904,25014080,0.00398400000004,0.00398400000004,0.117155000002,0,0,0,0,0,0,0,0,0,0,0,0,0,0,778669,,0,0.0,,stall-0.95-15,stall,0.95,15,jsw,main,,a95d66c9e024749968f84b072e23dab9ffaa86329312f176b6392e0ca1f58a50,0.2198724330000914
p2c,475cd86bc09e2068,116321,116321,93251,25230.9063608,30.0091754973,210.732309266,314.173700571,49.6569312902,0.206603682534,3.69925,4.66255,94.5567698465,0.243190088837,277.713779762,0.0588426000973,15936,1019904,25014016,0.00398400000004,0.00398400000004,0.117155000002,0,0,0,0,0,0,0,0,0,0,0,0,0,0,778675,,0,0.0,,stall-0.95-15,stall,0.95,15,p2c,main,,a95d66c9e024749968f84b072e23dab9ffaa86329312f176b6392e0ca1f58a50,0.26873061200058146
qbr,475cd86bc09e2068,116321,116321,93251,25230.8864573,27.9137748844,198.407957644,304.557936936,45.883002714,0.120256083045,4.10185,4.66255,64.5562723695,0.139650005352,263.8625095,0.0419300805101,87353,5467824,25031760,0.0260898749999,0.0284989999999,0.117155000002,3808,115,3694,0,0,59,114,809.4,1.93220338983,7,0,0,396,89.5543045777,1207782,0.9473684210526315,114,0.0012225069972439974,47.77529994697447,stall-0.95-15,stall,0.95,15,qbr,main,,a95d66c9e024749968f84b072e23dab9ffaa86329312f176b6392e0ca1f58a50,0.3279956799997308
single,475cd86bc09e2068,116321,116321,93251,25237.5284863,27.9426886592,200.612445584,304.252684252,45.9296981205,0.120116674352,4.1025,4.66255,64.5562723695,0.139114845339,267.32645734,0.0433889879505,87177,5459376,25028720,0.0258034531249,0.0281172499999,0.117155000002,3723,132,3591,0,0,81,81,575.1,1,1,0,0,167,98.7978368974,1206577,0.8395061728395061,81,0.0008686233927786297,35.62188231379375,stall-0.95-15,stall,0.95,15,single,main,,a95d66c9e024749968f84b072e23dab9ffaa86329312f176b6392e0ca1f58a50,0.32933745099944645
steal,475cd86bc09e2068,116321,116321,93251,25256.2668786,28.1167795108,197.612315912,303.947736515,46.009648871,0.126154143119,4.07435,4.66255,65.94680849,0.147035213529,264.392499382,0.0418220132923,82688,5243760,25203728,0.0332552784766,0.0375822499999,0.117150500002,11624,1792,9832,0,0,567,1257,9399.7,2.21693121693,11,0,0,2766,203.237698493,1216057,0.8253968253968254,1260,0.013511919443223129,13.244528923311234,stall-0.95-15,stall,0.95,15,steal,main,,a95d66c9e024749968f84b072e23dab9ffaa86329312f176b6392e0ca1f58a50,0.3187976460003483
threshold,475cd86bc09e2068,116321,116321,93251,25235.2117968,28.233421446,198.607365602,308.554111244,45.9354174532,0.122819058241,4.0899,4.66255,63.8394614038,0.142352563416,264.12737201,0.0439293240396,121335,7098304,25168976,0.0539316722298,0.0684186216785,0.117141500002,20687,716,19975,0,0,399,1051,7842.1,2.63408521303,11,0,0,2255,175.181572865,1333216,0.8603988603988604,1053,0.011292104106122186,12.921250105714712,stall-0.95-15,stall,0.95,15,threshold,main,,a95d66c9e024749968f84b072e23dab9ffaa86329312f176b6392e0ca1f58a50,0.3450466089998372
work,475cd86bc09e2068,116321,116321,93251,26615.8555738,786.344760964,1459.24196172,1543.30530406,820.560228755,1,0,4.66255,1399.21127396,1,1518.80519053,1,15936,1019904,23561408,0.00398400000004,0.00398400000004,0.243364631814,0,0,0,0,0,0,0,0,0,0,0,0,0,0,899412,,0,0.0,,stall-0.95-15,stall,0.95,15,work,main,,a95d66c9e024749968f84b072e23dab9ffaa86329312f176b6392e0ca1f58a50,0.26963982499910344
bwc,333606bfc38ee614,116148,116148,92705,27369.1022445,1286.45204625,2212.10008893,2306.98142784,1277.05118826,1,0,4.63525,2179.16766144,1,2288.60038755,1,61861,3959104,22816128,0.0154654069763,0.0245560000002,0.177687500001,0,0,0,0,0,0,0,0,0,0,45926,1.84792927753,0,0,1034631,,0,0.0,,stall-0.95-16,stall,0.95,16,bwc,main,,8bf22cf3fd8b3583f34907a5e8a4d2694d3e8c337abb7f454cdcdeffd50842af,0.2741874450002797
jbsq,333606bfc38ee614,116148,116148,92705,25205.8694483,18.365991022,192.710980119,303.947736515,39.3554062905,0.0510652068389,4.39855,4.63525,63.0024194122,0.0548741820144,264.657891881,0.0358795051103,0,0,24941440,0,0,0.231861500001,0,0,0,0,0,0,0,0,0,0,0,0,0,0,813372,,0,0.0,,stall-0.95-16,stall,0.95,16,jbsq,main,,8bf22cf3fd8b3583f34907a5e8a4d2694d3e8c337abb7f454cdcdeffd50842af,0.21276619899981597
jsw,333606bfc38ee614,116148,116148,92705,25213.1976666,28.2919175223,201.82514848,312.602548665,46.0919067544,0.116822177876,4.09375,4.63525,62.2393593581,0.135046886595,274.11573727,0.0441635287789,15936,1019904,24942720,0.00398400000004,0.00398400000004,0.116609000002,0,0,0,0,0,0,0,0,0,0,0,0,0,0,777580,,0,0.0,,stall-0.95-16,stall,0.95,16,jsw,main,,8bf22cf3fd8b3583f34907a5e8a4d2694d3e8c337abb7f454cdcdeffd50842af,0.2873960390006687
p2c,333606bfc38ee614,116148,116148,92705,25229.0366791,29.94725005,213.07304495,324.092067736,49.4872434206,0.200949247613,3.7038,4.63525,91.6413891821,0.236753693584,287.348087531,0.0582033351264,15936,1019904,24943616,0.00398400000004,0.00398400000004,0.116609000002,0,0,0,0,0,0,0,0,0,0,0,0,0,0,777634,,0,0.0,,stall-0.95-16,stall,0.95,16,p2c,main,,8bf22cf3fd8b3583f34907a5e8a4d2694d3e8c337abb7f454cdcdeffd50842af,0.23031825100042624
qbr,333606bfc38ee614,116148,116148,92705,25208.1732757,28.233421446,200.209824725,316.386546165,46.1289450496,0.122258777844,4.06855,4.63525,63.3230721738,0.14164474128,276.324381835,0.0449704142012,87342,5467216,24960912,0.0261022812499,0.0279629999999,0.116609000002,3803,124,3679,0,0,63,118,837.8,1.87301587302,7,0,0,343,87.7497688968,1206116,0.905982905982906,117,0.0012620678496305486,18.467702846176003,stall-0.95-16,stall,0.95,16,qbr,main,,8bf22cf3fd8b3583f34907a5e8a4d2694d3e8c337abb7f454cdcdeffd50842af,0.3546426489992882
single,333606bfc38ee614,116148,116148,92705,25213.073455,28.4386703222,200.612445584,311.663619503,46.1653914738,0.122722614746,4.0664,4.63525,62.4926964847,0.142278890913,272.470804905,0.0447552447552,87154,5458272,24954240,0.0257639374999,0.0272862499999,0.116609000002,3713,108,3605,0,0,60,60,426,1,1,0,0,132,100.531795698,1205659,0.9333333333333333,60,0.0006472142818618197,25.958451617058593,stall-0.95-16,stall,0.95,16,single,main,,8bf22cf3fd8b3583f34907a5e8a4d2694d3e8c337abb7f454cdcdeffd50842af,0.32296925700029533
steal,333606bfc38ee614,116148,116148,92705,25203.7868596,28.4386703222,200.008815909,312.916151213,46.0540035256,0.117695917157,4.0897,4.63525,62.7470484809,0.136031842407,276.0473345,0.0445938676708,82387,5229312,25121344,0.0326624687499,0.0349914999999,0.116607500002,11378,1627,9751,0,0,536,1172,8796.2,2.18656716418,12,0,0,2509,180.135865157,1210271,0.8064791133844842,1173,0.012653039210398577,10.24992664008159,stall-0.95-16,stall,0.95,16,steal,main,,8bf22cf3fd8b3583f34907a5e8a4d2694d3e8c337abb7f454cdcdeffd50842af,0.32386648200008494
threshold,333606bfc38ee614,116148,116148,92705,25224.4090727,28.233421446,201.21788796,309.17352902,46.0247005816,0.115678765978,4.09905,4.63525,62.176183175,0.133454766242,273.292038006,0.0448090371167,121872,7124272,25078832,0.0542533852581,0.0632584999999,0.116600000002,20965,671,20300,0,0,385,914,6774.4,2.37402597403,9,0,0,2094,198.777009058,1334564,0.8326039387308534,914,0.009859230893695054,9.698733716248887,stall-0.95-16,stall,0.95,16,threshold,main,,8bf22cf3fd8b3583f34907a5e8a4d2694d3e8c337abb7f454cdcdeffd50842af,0.3673062829993796
work,333606bfc38ee614,116148,116148,92705,26650.1843144,893.801821234,1517.28690363,1598.2850402,862.278095246,1,0,4.63525,1462.16390589,1,1579.21778399,1,15936,1019904,23480640,0.00398400000004,0.00398400000004,0.242282918518,0,0,0,0,0,0,0,0,0,0,0,0,0,0,898303,,0,0.0,,stall-0.95-16,stall,0.95,16,work,main,,8bf22cf3fd8b3583f34907a5e8a4d2694d3e8c337abb7f454cdcdeffd50842af,0.25375478499972814
bwc,898d7b90c2d4c3f1,116564,116564,93257,27744.9564765,1449.06103241,2557.24591978,2664.25929605,1525.85297885,1,0,4.66285,2531.80360311,1,2635.1165913,1,61629,3944256,22787264,0.0154074651188,0.0189400000002,0.176990000001,0,0,0,0,0,0,0,0,0,0,45693,1.85067734664,0,0,1040585,,0,0.0,,stall-0.95-17,stall,0.95,17,bwc,main,,76487a42e215fa4529abebc8f00813dcd5d9277d4a5aade3790a7a4662564cb0,0.2881231219998881
jbsq,898d7b90c2d4c3f1,116564,116564,93257,25206.101378,20.9651153634,196.819848806,309.483702549,42.6741342027,0.100818169145,4.19275,4.66285,74.0265040858,0.115954500229,265.189473323,0.0412010803368,0,0,25157056,0,0,0.233140004518,0,0,0,0,0,0,0,0,0,0,0,0,0,0,816288,,0,0.0,,stall-0.95-17,stall,0.95,17,jbsq,main,,76487a42e215fa4529abebc8f00813dcd5d9277d4a5aade3790a7a4662564cb0,0.21586055799980386
jsw,898d7b90c2d4c3f1,116564,116564,93257,25209.7472236,32.2564311948,208.62658502,327.029627009,50.3171499637,0.194655629068,3.7552,4.66285,79.2228158432,0.230793019066,282.20680248,0.0523221945665,15936,1019904,25155840,0.00398400000004,0.00398400000004,0.117161774002,0,0,0,0,0,0,0,0,0,0,0,0,0,0,780064,,0,0.0,,stall-0.95-17,stall,0.95,17,jsw,main,,76487a42e215fa4529abebc8f00813dcd5d9277d4a5aade3790a7a4662564cb0,0.22193444699951215
p2c,898d7b90c2d4c3f1,116564,116564,93257,25222.7755342,36.1585058568,221.360135839,330.987704818,54.8652497132,0.273008996644,3.38985,4.66285,116.286315659,0.323795950198,297.613740137,0.0729756924218,15936,1019904,25154112,0.00398400000004,0.00398400000004,0.117161774002,0,0,0,0,0,0,0,0,0,0,0,0,0,0,780110,,0,0.0,,stall-0.95-17,stall,0.95,17,p2c,main,,76487a42e215fa4529abebc8f00813dcd5d9277d4a5aade3790a7a4662564cb0,0.20288536199950613
qbr,898d7b90c2d4c3f1,116564,116564,93257,25211.1949202,32.2232079868,207.373215955,313.858841729,50.2538964665,0.193175847389,3.7621,4.66285,80.1096923356,0.229071987523,273.566330044,0.0517926176985,88233,5509984,25168400,0.0267205781249,0.0289309999999,0.117161504519,4258,86,4171,0,0,43,77,641.7,1.79069767442,6,0,0,236,104.421581959,1212274,0.9090909090909091,77,0.000825675284429051,33.34998591279292,stall-0.95-17,stall,0.95,17,qbr,main,,76487a42e215fa4529abebc8f00813dcd5d9277d4a5aade3790a7a4662564cb0,0.3092876900000192
single,898d7b90c2d4c3f1,116564,116564,93257,25220.0641112,32.289687626,207.79017076,316.069476688,50.3813772252,0.196017457135,3.74885,4.66285,80.7608454935,0.232393040579,271.652030585,0.052745856061,88206,5508768,25162496,0.0265712934999,0.0283161959999,0.117160004519,4235,99,4137,0,0,44,44,312.4,1,1,0,0,95,55.0603246789,1212596,0.7954545454545454,44,0.00047181444824517197,7.843069725308396,stall-0.95-17,stall,0.95,17,single,main,,76487a42e215fa4529abebc8f00813dcd5d9277d4a5aade3790a7a4662564cb0,0.3199016010003106
steal,898d7b90c2d4c3f1,116564,116564,93257,25217.9629169,31.7943145386,207.581589171,317.976655937,50.0539251502,0.189808807918,3.7778,4.66285,80.028663672,0.22444671525,274.66624386,0.0533813483027,81295,5176912,25261600,0.0290858476562,0.0302314999999,0.117160004519,8807,975,7832,0,0,326,695,5124.5,2.13190184049,8,0,0,1777,203.63541671,1202954,0.7737752161383286,694,0.007441800615503394,12.091421145269878,stall-0.95-17,stall,0.95,17,steal,main,,76487a42e215fa4529abebc8f00813dcd5d9277d4a5aade3790a7a4662564cb0,0.3225886589998481
threshold,898d7b90c2d4c3f1,116564,116564,93257,25207.1678346,32.4899257633,206.95709381,313.544297432,50.3333502531,0.196285533526,3.7476,4.66285,78.8229023041,0.233024981848,273.018019986,0.0515807869512,125817,7312976,25237088,0.0568189597305,0.0675472971896,0.117142004519,23020,410,22609,0,0,242,541,3936.1,2.23553719008,8,0,0,1285,172.07905888,1352685,0.8797814207650273,549,0.005886957547422714,13.026631778237048,stall-0.95-17,stall,0.95,17,threshold,main,,76487a42e215fa4529abebc8f00813dcd5d9277d4a5aade3790a7a4662564cb0,0.36480563300028734
work,898d7b90c2d4c3f1,116564,116564,93257,26972.2567705,1015.92465484,1809.30388022,1898.27215563,1070.39596869,1,0,4.66285,1764.62937369,1,1873.75359065,1,15936,1019904,23455680,0.00398400000004,0.00398400000004,0.241436787126,0,0,0,0,0,0,0,0,0,0,0,0,0,0,902243,,0,0.0,,stall-0.95-17,stall,0.95,17,work,main,,76487a42e215fa4529abebc8f00813dcd5d9277d4a5aade3790a7a4662564cb0,0.24640192199967714
bwc,337e50ae4280c80a,116251,116251,92847,27524.9868789,1399.21127396,2384.37611649,2476.71762864,1388.66784241,1,0,4.64235,2341.84454059,1,2454.52925967,1,61881,3960384,22714880,0.0154700153754,0.0246280000002,0.177317000001,0,0,0,0,0,0,0,0,0,0,45945,1.83924257264,0,0,1038225,,0,0.0,,stall-0.95-18,stall,0.95,18,bwc,main,,5576fc87ca60c50e3b766434b99963bca5576fd978b4b06359ff67d8db8f6515,0.266656224000144
jbsq,337e50ae4280c80a,116251,116251,92847,25176.4713328,19.7902268071,197.41390201,307.010973186,41.6558587121,0.0876388036232,4.2355,4.64235,75.5413750982,0.0990679130411,265.455662796,0.0420317119054,0,0,24969472,0,0,0.232081285199,0,0,0,0,0,0,0,0,0,0,0,0,0,0,814096,,0,0.0,,stall-0.95-18,stall,0.95,18,jbsq,main,,5576fc87ca60c50e3b766434b99963bca5576fd978b4b06359ff67d8db8f6515,0.23701309199987008
jsw,337e50ae4280c80a,116251,116251,92847,25187.7959202,30.2581188969,209.046047816,322.794943895,48.5178004189,0.161394552328,3.8931,4.64235,80.1096923356,0.188828425958,282.773499292,0.0519215264714,15936,1019904,24969280,0.00398400000004,0.00398400000004,0.116751000002,0,0,0,0,0,0,0,0,0,0,0,0,0,0,778120,,0,0.0,,stall-0.95-18,stall,0.95,18,jsw,main,,5576fc87ca60c50e3b766434b99963bca5576fd978b4b06359ff67d8db8f6515,0.21309968599962303
p2c,337e50ae4280c80a,116251,116251,92847,25191.7222575,32.6240865399,217.177247564,328.343715007,52.0170966074,0.237293612071,3.54075,4.64235,103.865025364,0.279733843377,289.082507049,0.0679387261489,15936,1019904,24968960,0.00398400000004,0.00398400000004,0.116751000002,0,0,0,0,0,0,0,0,0,0,0,0,0,0,778136,,0,0.0,,stall-0.95-18,stall,0.95,18,p2c,main,,5576fc87ca60c50e3b766434b99963bca5576fd978b4b06359ff67d8db8f6515,0.1975181630004954
qbr,337e50ae4280c80a,116251,116251,92847,25188.9023881,29.8545936743,208.417167852,323.767300436,48.3649501187,0.158992751516,3.90425,4.64235,80.6791663272,0.18606718569,276.324381835,0.0509540446117,87812,5489728,24978960,0.0263946406249,0.0297052499999,0.116749500002,4045,89,3956,0,0,39,67,570.7,1.71794871795,4,0,0,218,117.930439722,1207534,0.9253731343283582,67,0.0007216172843495213,20.715002132822438,stall-0.95-18,stall,0.95,18,qbr,main,,5576fc87ca60c50e3b766434b99963bca5576fd978b4b06359ff67d8db8f6515,0.32241559799967945
single,337e50ae4280c80a,116251,116251,92847,25187.1695714,29.8545936743,209.046047816,321.8254986,48.3043547446,0.157323338395,3.912,4.64235,80.5975687585,0.183804315616,279.390248726,0.0516527815103,87898,5493856,24975872,0.0263317807186,0.0292094919999,0.116749500002,4087,90,3999,0,0,40,40,284,1,1,0,0,84,70.5356966943,1208172,0.95,40,0.0004308162891638933,15.66733337034334,stall-0.95-18,stall,0.95,18,single,main,,5576fc87ca60c50e3b766434b99963bca5576fd978b4b06359ff67d8db8f6515,0.38613859100041736
steal,337e50ae4280c80a,116251,116251,92847,25186.7453919,29.6394728619,205.094803825,321.502995605,48.1348198505,0.15683867007,3.91425,4.64235,81.0883797677,0.182996147733,275.770563936,0.0524590163934,82199,5220192,25133408,0.0317010307499,0.0343999999999,0.116746500002,10479,1518,8962,0,0,502,1069,8539.9,2.12948207171,10,0,0,2283,236.667200717,1210372,0.8348880597014925,1072,0.01154587654959234,10.88009407945783,stall-0.95-18,stall,0.95,18,steal,main,,5576fc87ca60c50e3b766434b99963bca5576fd978b4b06359ff67d8db8f6515,0.3278201849998368
threshold,337e50ae4280c80a,116251,116251,92847,25208.2743565,29.9163337162,206.749344466,320.216202213,48.2665021037,0.160048251424,3.89935,4.64235,78.0290460365,0.18703698715,277.992493542,0.052351518409,123389,7196768,25087856,0.0553069374999,0.0678747499999,0.116736000002,21739,610,21128,0,0,329,792,6288.2,2.40729483283,13,0,0,1803,178.541331459,1339628,0.8623737373737373,792,0.008530162525445088,13.441694424888613,stall-0.95-18,stall,0.95,18,threshold,main,,5576fc87ca60c50e3b766434b99963bca5576fd978b4b06359ff67d8db8f6515,0.36489099400023406
work,337e50ae4280c80a,116251,116251,92847,26561.9982355,857.874448568,1457.78317854,1535.60688818,840.640904642,1,0,4.64235,1392.23117185,1,1514.25487861,1,15936,1019904,23505536,0.00398400000004,0.00398400000004,0.242464,0,0,0,0,0,0,0,0,0,0,0,0,0,0,898743,,0,0.0,,stall-0.95-18,stall,0.95,18,work,main,,5576fc87ca60c50e3b766434b99963bca5576fd978b4b06359ff67d8db8f6515,0.31135342300058255
bwc,bcd17373a07e6502,116069,116069,92907,27447.7785964,1248.42081662,2163.96734983,2265.82980961,1217.18979709,1,0,4.64535,2127.49205748,1,2241.04364642,1,61651,3945664,22851904,0.0154125410664,0.0241160000002,0.177358500001,0,0,0,0,0,0,0,0,0,0,45715,1.85645849284,0,0,1033936,,0,0.0,,stall-0.95-19,stall,0.95,19,bwc,main,,e13f8497b2795a51d45eee5246b79d852fb4b0224d66dc42b9e4ff99e311995a,0.29331257100056973
jbsq,bcd17373a07e6502,116069,116069,92907,25321.8851638,18.6781816775,193.292694386,311.663619503,40.5671462053,0.0720720720721,4.31055,4.64535,74.4777900095,0.0810238852645,268.940446351,0.0365938351408,0,0,25010560,0,0,0.232065500001,0,0,0,0,0,0,0,0,0,0,0,0,0,0,812824,,0,0.0,,stall-0.95-19,stall,0.95,19,jbsq,main,,e13f8497b2795a51d45eee5246b79d852fb4b0224d66dc42b9e4ff99e311995a,0.22853703000055248
jsw,bcd17373a07e6502,116069,116069,92907,25333.0638299,29.1835367643,204.683231679,320.858955834,47.5507146654,0.139537386849,3.99715,4.64535,80.27199283,0.163193508384,276.0473345,0.0457823601688,15936,1019904,25020672,0.00398400000004,0.00398400000004,0.116811000002,0,0,0,0,0,0,0,0,0,0,0,0,0,0,777491,,0,0.0,,stall-0.95-19,stall,0.95,19,jsw,main,,e13f8497b2795a51d45eee5246b79d852fb4b0224d66dc42b9e4ff99e311995a,0.21730895299970143
p2c,bcd17373a07e6502,116069,116069,92907,25308.4225409,30.8573987049,213.930622425,324.417159804,50.8357223258,0.215441247699,3.64455,4.64535,107.815693182,0.254744702647,288.503211124,0.0596719910252,15936,1019904,25020672,0.00398400000004,0.00398400000004,0.116811000002,0,0,0,0,0,0,0,0,0,0,0,0,0,0,777408,,0,0.0,,stall-0.95-19,stall,0.95,19,p2c,main,,e13f8497b2795a51d45eee5246b79d852fb4b0224d66dc42b9e4ff99e311995a,0.2815814739997222
qbr,bcd17373a07e6502,116069,116069,92907,25352.4260172,28.4386703222,202.434232603,318.934543153,47.0448738929,0.134338639715,4.0213,4.64535,77.9500959406,0.156467353211,278.550757522,0.046637106683,87260,5463232,25035040,0.0259811093749,0.0293164999999,0.11681083578,3772,94,3678,0,0,50,91,646.1,1.82,4,0,0,298,95.0183047528,1207353,0.8709677419354839,93,0.001001001001001001,36.525048787056406,stall-0.95-19,stall,0.95,19,qbr,main,,e13f8497b2795a51d45eee5246b79d852fb4b0224d66dc42b9e4ff99e311995a,0.3137470680003389
single,bcd17373a07e6502,116069,116069,92907,25325.856822,28.6453602579,203.453440144,319.895306906,47.2243957242,0.136265297556,4.01235,4.64535,79.3030386591,0.158987976492,275.770563936,0.0462097334259,87608,5479936,25025696,0.0260951393533,0.0288684999999,0.116811000002,3945,75,3871,0,0,30,30,213,1,1,0,0,70,58.1974183903,1208178,0.8285714285714286,35,0.00037672080682833373,11.231752216938418,stall-0.95-19,stall,0.95,19,single,main,,e13f8497b2795a51d45eee5246b79d852fb4b0224d66dc42b9e4ff99e311995a,0.3151946819998557
steal,bcd17373a07e6502,116069,116069,92907,25325.471556,28.5566017533,205.507199528,325.720782248,47.3801208031,0.13980647314,3.9959,4.64535,81.3348912542,0.163328301073,284.765882972,0.0465836850259,82063,5213744,25172016,0.0320006874999,0.0350969999999,0.116805000002,11120,1435,9685,0,0,477,1010,7266,2.11740041929,8,0,0,2275,255.670541141,1214236,0.7791952894995093,1019,0.010967957204516343,9.203882764583362,stall-0.95-19,stall,0.95,19,steal,main,,e13f8497b2795a51d45eee5246b79d852fb4b0224d66dc42b9e4ff99e311995a,0.31937044599999354
threshold,bcd17373a07e6502,116069,116069,92907,25351.0723199,28.37988118,203.453440144,325.068319541,47.3152440181,0.13900997772,3.9996,4.64535,81.4172261455,0.162533024209,275.494069866,0.0457823601688,121863,7123696,25156928,0.0541943670144,0.0683524999999,0.116799000002,20988,634,20350,0,0,384,918,6802.8,2.390625,11,0,0,2172,168.101092031,1334170,0.8412526997840173,926,0.009966956203515343,12.43179189127678,stall-0.95-19,stall,0.95,19,threshold,main,,e13f8497b2795a51d45eee5246b79d852fb4b0224d66dc42b9e4ff99e311995a,0.3379605549998814
work,bcd17373a07e6502,116069,116069,92907,26682.0122852,797.439523374,1423.20624983,1515.77013349,786.369053542,1,0,4.64535,1368.75806298,1,1490.21564462,1,15936,1019904,23580928,0.00398400000004,0.00398400000004,0.242903966312,0,0,0,0,0,0,0,0,0,0,0,0,0,0,897854,,0,0.0,,stall-0.95-19,stall,0.95,19,work,main,,e13f8497b2795a51d45eee5246b79d852fb4b0224d66dc42b9e4ff99e311995a,0.2413495860000694
bwc,f2522b5f8fc0f132,115998,115998,92817,27374.6138107,1473.91026776,2227.63834219,2320.86398232,1450.5985002,1,0,4.64085,2192.28141356,1,2297.77253586,1,61696,3948544,22848448,0.0154241431078,0.0237160000003,0.177515343574,0,0,0,0,0,0,0,0,0,0,45760,1.85655594406,0,0,1033812,,0,0.0,,stall-0.95-20,stall,0.95,20,bwc,main,,aa878f00242c6525e9c6d014517ff50289c0d2cc121b1563266abd933a9ded38,0.25982025699977385
jbsq,f2522b5f8fc0f132,115998,115998,92817,25198.0159847,18.6781816775,194.6568302,312.602548665,40.4092073248,0.0749323938503,4.2931,4.64085,70.8702869859,0.084090389093,262.805702799,0.0381831929142,0,0,24930624,0,0,0.232029813141,0,0,0,0,0,0,0,0,0,0,0,0,0,0,812318,,0,0.0,,stall-0.95-20,stall,0.95,20,jbsq,main,,aa878f00242c6525e9c6d014517ff50289c0d2cc121b1563266abd933a9ded38,0.21800351799993223
jsw,f2522b5f8fc0f132,115998,115998,92817,25214.686117,28.9132382271,203.657893584,321.18081479,47.4389337692,0.149757048816,3.94585,4.64085,76.8530403327,0.175085126714,274.941910104,0.048120544394,15936,1019904,24931392,0.00398400000004,0.00398400000004,0.116721062547,0,0,0,0,0,0,0,0,0,0,0,0,0,0,776678,,0,0.0,,stall-0.95-20,stall,0.95,20,jsw,main,,aa878f00242c6525e9c6d014517ff50289c0d2cc121b1563266abd933a9ded38,0.2640177040002527
p2c,f2522b5f8fc0f132,115998,115998,92817,25179.3295478,31.4033288282,218.270317757,326.701925084,51.4953823627,0.231541635692,3.5663,4.64085,106.196442005,0.272715037483,293.758800038,0.0663210196587,15936,1019904,24930688,0.00398400000004,0.00398400000004,0.116721062547,0,0,0,0,0,0,0,0,0,0,0,0,0,0,776574,,0,0.0,,stall-0.95-20,stall,0.95,20,p2c,main,,aa878f00242c6525e9c6d014517ff50289c0d2cc121b1563266abd933a9ded38,0.21112933499989595
qbr,f2522b5f8fc0f132,115998,115998,92817,25186.9229989,29.1533833809,204.683231679,314.488874272,47.7012284991,0.153215466994,3.9298,4.64085,78.5044073302,0.179257345123,274.66624386,0.048714625189,87401,5470128,24948576,0.0261663593749,0.0284962499999,0.116720313142,3817,142,3674,0,0,54,111,883.1,2.05555555556,8,0,0,326,118.499541374,1205765,0.8584070796460177,113,0.001217449389659222,24.17974578389336,stall-0.95-20,stall,0.95,20,qbr,main,,aa878f00242c6525e9c6d014517ff50289c0d2cc121b1563266abd933a9ded38,0.35843081999973947
single,f2522b5f8fc0f132,115998,115998,92817,25210.3649642,29.0631038499,204.067414029,313.230067365,47.5291219177,0.150877533211,3.94065,4.64085,76.2330094027,0.175946487934,272.197607298,0.050280838194,87246,5462544,24938256,0.0258291718749,0.0277392499999,0.116720313142,3754,110,3644,0,0,43,43,305.3,1,1,0,0,108,86.7916583948,1205802,0.9069767441860465,43,0.00046327720137474815,22.274272710708004,stall-0.95-20,stall,0.95,20,single,main,,aa878f00242c6525e9c6d014517ff50289c0d2cc121b1563266abd933a9ded38,0.2994377680006437
steal,f2522b5f8fc0f132,115998,115998,92817,25219.7019271,29.0330707792,206.541802663,318.934543153,47.5515585226,0.151179202086,3.93925,4.64085,77.713718565,0.176511756235,270.835707683,0.049524735364,82972,5257200,25132752,0.0335077343749,0.0379902499999,0.116717313142,11415,1966,9449,0,0,619,1329,9910.9,2.14701130856,16,0,0,2823,239.961836566,1209623,0.8052238805970149,1340,0.01443701046144564,8.336940566460266,stall-0.95-20,stall,0.95,20,steal,main,,aa878f00242c6525e9c6d014517ff50289c0d2cc121b1563266abd933a9ded38,0.3147416349993364
threshold,f2522b5f8fc0f132,115998,115998,92817,25208.9167991,28.7046806238,202.027973628,311.351268234,47.3420616588,0.151437775408,3.93805,4.64085,74.7801543383,0.177103942073,270.835707683,0.048444588464,121561,7108928,25069984,0.0541595869881,0.0667219999999,0.116705313142,20796,744,20054,0,0,402,933,6814.3,2.32089552239,12,0,0,2030,147.846126586,1336206,0.8471337579617835,942,0.010149002876628203,11.956780534614461,stall-0.95-20,stall,0.95,20,threshold,main,,aa878f00242c6525e9c6d014517ff50289c0d2cc121b1563266abd933a9ded38,0.342091306999464
work,f2522b5f8fc0f132,115998,115998,92817,26624.0619412,1005.81111615,1515.77013349,1591.90386096,994.472959252,1,0,4.64085,1447.61241999,1,1568.20037319,1,15936,1019904,23512320,0.00398400000004,0.00398400000004,0.2426485,0,0,0,0,0,0,0,0,0,0,0,0,0,0,897178,,0,0.0,,stall-0.95-20,stall,0.95,20,work,main,,aa878f00242c6525e9c6d014517ff50289c0d2cc121b1563266abd933a9ded38,0.2632844069994462
bwc,9a71554cf4c0f21e,61380,61380,48999,25240.6071674,14.2814077335,178.182748977,249.946016247,33.288657525,0.00432661891059,2.43935,2.44995,20.2736989553,0,223.145255477,0.0213408496074,43307,2771648,13222528,0.0108267500001,0.0122880000001,0.113949,0,0,0,0,0,0,0,0,0,0,27371,1.79025245698,0,0,585904,,0,0.0,,steady-0.5-11,steady,0.5,11,bwc,main,,126df4b67c2f00d5fe191acba4ec4f608122258f93ba1d3d4acb885c85d9f9ba,0.13180031299998518
jbsq,9a71554cf4c0f21e,61380,61380,48999,25240.6071674,13.7855950248,178.182748977,249.946016247,32.9085668658,0.00432661891059,2.43935,2.44995,19.0354158273,0,223.145255477,0.0213408496074,0,0,13222656,0,0,0.122493,0,0,0,0,0,0,0,0,0,0,0,0,0,0,429659,,0,0.0,,steady-0.5-11,steady,0.5,11,jbsq,main,,126df4b67c2f00d5fe191acba4ec4f608122258f93ba1d3d4acb885c85d9f9ba,0.09903722499984724
jsw,9a71554cf4c0f21e,61380,61380,48999,25240.6071674,14.0540100417,178.541293657,249.946016247,33.1827145873,0.00432661891059,2.43935,2.44995,20.3589214784,0,223.145255477,0.0213408496074,15936,1019904,13222592,0.00398400000004,0.00398400000004,0.0729030000009,0,0,0,0,0,0,0,0,0,0,0,0,0,0,448723,,0,0.0,,steady-0.5-11,steady,0.5,11,jsw,main,,126df4b67c2f00d5fe191acba4ec4f608122258f93ba1d3d4acb885c85d9f9ba,0.10284377800053335
p2c,9a71554cf4c0f21e,61380,61380,48999,25240.6071674,13.8003806198,178.182748977,249.946016247,32.9265875864,0.00440825322966,2.43915,2.44995,19.1760851838,0.000102393446819,223.145255477,0.0213408496074,15936,1019904,13222656,0.00398400000004,0.00398400000004,0.0729030000009,0,0,0,0,0,0,0,0,0,0,0,0,0,0,448723,,0,0.0,,steady-0.5-11,steady,0.5,11,p2c,main,,126df4b67c2f00d5fe191acba4ec4f608122258f93ba1d3d4acb885c85d9f9ba,0.10346935200050211
qbr,9a71554cf4c0f21e,61380,61380,48999,25240.6071674,14.0540100417,178.541293657,249.946016247,33.1854803107,0.00438784464989,2.4392,2.44995,20.423062341,0,223.145255477,0.0216428427622,79725,5101680,13222464,0.0199196874999,0.0200069999999,0.0729045000009,15,15,0,0,0,0,0,0,0,0,0,0,1,81.8738546578,850184,,0,0.0,,steady-0.5-11,steady,0.5,11,qbr,main,,126df4b67c2f00d5fe191acba4ec4f608122258f93ba1d3d4acb885c85d9f9ba,0.18201687700002367
single,9a71554cf4c0f21e,61380,61380,48999,25240.6071674,14.0540100417,178.720834951,249.946016247,33.1835768442,0.00432661891059,2.43935,2.44995,20.2524465088,0,223.145255477,0.0213408496074,79713,5101104,13222528,0.0198877968749,0.0199184999999,0.0729030000009,11,11,0,0,0,0,0,0,0,0,0,0,1,78.786426142,850140,,0,0.0,,steady-0.5-11,steady,0.5,11,single,main,,126df4b67c2f00d5fe191acba4ec4f608122258f93ba1d3d4acb885c85d9f9ba,0.1815126869996675
steal,9a71554cf4c0f21e,61380,61380,48999,25240.6238,14.0389710706,178.541293657,249.946016247,33.1683288959,0.00438784464989,2.4392,2.44995,20.2736989553,0,223.145255477,0.0216428427622,90166,5601968,13249808,0.0371016406249,0.0495369999998,0.0728910000009,5926,5313,613,0,0,83,125,2692.5,1.50602409639,6,0,0,144,294.475,905176,0.992,125,0.0025510724708667524,6.322670418619374,steady-0.5-11,steady,0.5,11,steal,main,,126df4b67c2f00d5fe191acba4ec4f608122258f93ba1d3d4acb885c85d9f9ba,0.20449870199990983
threshold,9a71554cf4c0f21e,61380,61380,48999,25240.6071674,14.0540100417,178.541293657,249.946016247,33.1704097486,0.00436743607012,2.43925,2.44995,20.1676488229,0,223.145255477,0.0215421783773,80032,5116416,13224448,0.0203336874999,0.0207172499999,0.0729030000009,120,120,0,0,0,8,12,85.2,1.5,3,0,0,12,251.833380588,851603,1.0,12,0.0002449029572032082,8.338228584265986,steady-0.5-11,steady,0.5,11,threshold,main,,126df4b67c2f00d5fe191acba4ec4f608122258f93ba1d3d4acb885c85d9f9ba,0.19132535199969425
work,9a71554cf4c0f21e,61380,61380,48999,25240.6071674,14.4812623653,178.361931726,249.946016247,33.4325985195,0.00438784464989,2.4392,2.44995,20.7032392926,0,223.145255477,0.0216428427622,15936,1019904,13222720,0.00398400000004,0.00398400000004,0.146403,0,0,0,0,0,0,0,0,0,0,0,0,0,0,510102,,0,0.0,,steady-0.5-11,steady,0.5,11,work,main,,126df4b67c2f00d5fe191acba4ec4f608122258f93ba1d3d4acb885c85d9f9ba,0.1753401070000109
bwc,afdcc800764ed4a2,61498,61498,49252,25211.525329,14.2814077335,178.182748977,243.26442128,33.2420748828,0.00497441728255,2.45035,2.4626,20.4873958186,0,224.944706156,0.0245073522057,43399,2777536,13295552,0.0108496778569,0.0121520000001,0.114352,0,0,0,0,0,0,0,0,0,0,27463,1.79346757455,0,0,586684,,0,0.0,,steady-0.5-12,steady,0.5,12,bwc,main,,065357d6209b6fb0f85491fb77f52bcd54d5f71f8477a4b45c03a333ec69d1a5,0.16899360099978367
jbsq,afdcc800764ed4a2,61498,61498,49252,25211.525329,13.8003806198,178.182748977,243.26442128,32.8621270911,0.00497441728255,2.45035,2.4626,19.0554512431,0,224.944706156,0.0245073522057,0,0,13295552,0,0,0.123136036955,0,0,0,0,0,0,0,0,0,0,0,0,0,0,430485,,0,0.0,,steady-0.5-12,steady,0.5,12,jbsq,main,,065357d6209b6fb0f85491fb77f52bcd54d5f71f8477a4b45c03a333ec69d1a5,0.09766969800057268
jsw,afdcc800764ed4a2,61498,61498,49252,25211.525329,14.0540100417,178.361931726,243.26442128,33.1451192559,0.00503532851458,2.4502,2.4626,20.4444854033,0,225.170650862,0.0248074422327,15936,1019904,13295616,0.00398400000004,0.00398400000004,0.0731560000009,0,0,0,0,0,0,0,0,0,0,0,0,0,0,449338,,0,0.0,,steady-0.5-12,steady,0.5,12,jsw,main,,065357d6209b6fb0f85491fb77f52bcd54d5f71f8477a4b45c03a333ec69d1a5,0.10267597199981537
p2c,afdcc800764ed4a2,61498,61498,49252,25211.525329,13.8003806198,178.182748977,243.26442128,32.8840237518,0.0050759360026,2.4501,2.4626,19.2569106618,0.00012737230926,224.944706156,0.0245073522057,15936,1019904,13295552,0.00398400000004,0.00398400000004,0.0731560000009,0,0,0,0,0,0,0,0,0,0,0,0,0,0,449338,,0,0.0,,steady-0.5-12,steady,0.5,12,p2c,main,,065357d6209b6fb0f85491fb77f52bcd54d5f71f8477a4b45c03a333ec69d1a5,0.09617753200018342
qbr,afdcc800764ed4a2,61498,61498,49252,25211.525329,14.0690640517,178.182748977,243.26442128,33.1536844528,0.00503532851458,2.4502,2.4626,20.5303920977,0,225.849841553,0.0248074422327,79722,5101536,13295616,0.0199160044531,0.0200234999999,0.0731574660009,14,14,0,0,0,0,0,0,0,0,0,0,0,41.7464797779,850302,,0,0.0,,steady-0.5-12,steady,0.5,12,qbr,main,,065357d6209b6fb0f85491fb77f52bcd54d5f71f8477a4b45c03a333ec69d1a5,0.17814322399954108
single,afdcc800764ed4a2,61498,61498,49252,25211.525329,14.0540100417,178.361931726,244.488188475,33.1377310044,0.00503532851458,2.4502,2.4626,20.423062341,0,225.170650862,0.0248074422327,79728,5101824,13295616,0.0199008124999,0.0199652499999,0.0731574660009,16,16,0,0,0,0,0,0,0,0,0,0,0,41.7464797779,850327,,0,0.0,,steady-0.5-12,steady,0.5,12,single,main,,065357d6209b6fb0f85491fb77f52bcd54d5f71f8477a4b45c03a333ec69d1a5,0.17972863300019526
steal,afdcc800764ed4a2,61498,61498,49252,25211.525329,14.0540100417,178.720834951,243.26442128,33.1433422049,0.00503532851458,2.4502,2.4626,20.4444854033,0,226.076691395,0.0248074422327,91667,5673824,13329344,0.0395452031249,0.0531834999998,0.0731395000009,6746,6071,675,0,0,88,153,3556.3,1.73863636364,5,0,0,167,320,911198,1.0,153,0.003106472833590514,6.571937643226115,steady-0.5-12,steady,0.5,12,steal,main,,065357d6209b6fb0f85491fb77f52bcd54d5f71f8477a4b45c03a333ec69d1a5,0.204803066999375
threshold,afdcc800764ed4a2,61498,61498,49252,25211.525329,14.0540100417,178.541293657,243.26442128,33.1404735507,0.00497441728255,2.45035,2.4626,20.3589214784,0,226.076691395,0.0245073522057,80139,5121552,13302048,0.0204822031249,0.0209659999999,0.0731574660009,158,157,1,0,0,14,33,614.3,2.35714285714,6,0,0,35,270.315498985,852219,1.0,33,0.0006700235523430521,9.882397402139924,steady-0.5-12,steady,0.5,12,threshold,main,,065357d6209b6fb0f85491fb77f52bcd54d5f71f8477a4b45c03a333ec69d1a5,0.1883640309997645
work,afdcc800764ed4a2,61498,61498,49252,25211.525329,14.4967436276,178.182748977,243.26442128,33.3821632857,0.00497441728255,2.45035,2.4626,20.7901825561,0,224.944706156,0.0245073522057,15936,1019904,13295744,0.00398400000004,0.00398400000004,0.147040036954,0,0,0,0,0,0,0,0,0,0,0,0,0,0,510835,,0,0.0,,steady-0.5-12,steady,0.5,12,work,main,,065357d6209b6fb0f85491fb77f52bcd54d5f71f8477a4b45c03a333ec69d1a5,0.11535598000045866
bwc,3ff34cb0b322a418,61798,61798,49423,25184.561949,14.2356550462,177.111405309,241.561389268,32.8551825908,0.00451206927949,2.46,2.47115,20.3375838945,0,222.027883549,0.0226258116883,43687,2795968,13272960,0.0109217500001,0.0136880000001,0.1149535,0,0,0,0,0,0,0,0,0,0,27751,1.78051241397,0,0,589858,,0,0.0,,steady-0.5-13,steady,0.5,13,bwc,main,,a23a95b4404dc6b78d22bc321f1cc47c1164b6dc1a6234d619ff80ac84c7322f,0.13654893999955675
jbsq,3ff34cb0b322a418,61798,61798,49423,25184.561949,13.7855950248,177.111405309,241.561389268,32.4968191185,0.00451206927949,2.46,2.47115,19.0955822011,0,222.027883549,0.0226258116883,0,0,13272896,0,0,0.123538,0,0,0,0,0,0,0,0,0,0,0,0,0,0,432585,,0,0.0,,steady-0.5-13,steady,0.5,13,jbsq,main,,a23a95b4404dc6b78d22bc321f1cc47c1164b6dc1a6234d619ff80ac84c7322f,0.09538300700023683
jsw,3ff34cb0b322a418,61798,61798,49423,25184.561949,14.0389710706,177.467806231,241.561389268,32.7643386433,0.00457276976307,2.45985,2.47115,20.4659298887,0,222.027883549,0.0229301948052,15936,1019904,13272896,0.00398400000004,0.00398400000004,0.0733270000009,0,0,0,0,0,0,0,0,0,0,0,0,0,0,451052,,0,0.0,,steady-0.5-13,steady,0.5,13,jsw,main,,a23a95b4404dc6b78d22bc321f1cc47c1164b6dc1a6234d619ff80ac84c7322f,0.10078869100016163
p2c,3ff34cb0b322a418,61798,61798,49423,25184.561949,13.8003806198,177.111405309,241.561389268,32.5143607235,0.00457276976307,2.45985,2.47115,19.2366739878,7.5820759724e-05,222.027883549,0.0226258116883,15936,1019904,13272896,0.00398400000004,0.00398400000004,0.0733270000009,0,0,0,0,0,0,0,0,0,0,0,0,0,0,451052,,0,0.0,,steady-0.5-13,steady,0.5,13,p2c,main,,a23a95b4404dc6b78d22bc321f1cc47c1164b6dc1a6234d619ff80ac84c7322f,0.09794610199969611
qbr,3ff34cb0b322a418,61798,61798,49423,25184.561949,14.0389710706,177.467806231,242.289801362,32.765559318,0.00453230277401,2.45995,2.47115,20.4016606803,0,222.027883549,0.0227272727273,79719,5101392,13272896,0.0199118124999,0.0199719999999,0.0733270000009,13,13,0,0,0,0,0,0,0,0,0,0,0,36.3633089453,851585,,0,0.0,,steady-0.5-13,steady,0.5,13,qbr,main,,a23a95b4404dc6b78d22bc321f1cc47c1164b6dc1a6234d619ff80ac84c7322f,0.18276221999985864
single,3ff34cb0b322a418,61798,61798,49423,25184.561949,14.0389710706,177.467806231,242.289801362,32.7655593116,0.00453230277401,2.45995,2.47115,20.4016606803,0,222.027883549,0.0227272727273,79719,5101392,13272896,0.0198929218749,0.0199277499999,0.0733270000009,13,13,0,0,0,0,0,0,0,0,0,0,0,36.3633089453,851585,,0,0.0,,steady-0.5-13,steady,0.5,13,single,main,,a23a95b4404dc6b78d22bc321f1cc47c1164b6dc1a6234d619ff80ac84c7322f,0.19163690700042935
steal,3ff34cb0b322a418,61798,61798,49423,25190.8255496,14.0239471235,177.467806231,241.561389268,32.7638492358,0.00455253626854,2.4599,2.47115,20.3589214784,0,223.145255477,0.0228287337662,89491,5569968,13300528,0.0359925522499,0.0431767499998,0.0733195000009,5565,4960,605,0,0,81,143,2345.3,1.76543209877,5,0,0,169,314.174143592,903728,0.9790209790209791,143,0.0028933897173380814,6.403981507085372,steady-0.5-13,steady,0.5,13,steal,main,,a23a95b4404dc6b78d22bc321f1cc47c1164b6dc1a6234d619ff80ac84c7322f,0.19781280100050935
threshold,3ff34cb0b322a418,61798,61798,49423,25184.561949,14.0389710706,177.467806231,241.561389268,32.7606940651,0.00451206927949,2.46,2.47115,20.3802803999,0,223.145255477,0.0226258116883,80083,5118864,13279024,0.0204129843749,0.0206369999999,0.0733270000009,140,140,0,0,0,17,27,666.7,1.58823529412,4,0,0,31,246.081389411,853262,1.0,27,0.0005463043522246728,9.716607937469133,steady-0.5-13,steady,0.5,13,threshold,main,,a23a95b4404dc6b78d22bc321f1cc47c1164b6dc1a6234d619ff80ac84c7322f,0.189752999999655
work,3ff34cb0b322a418,61798,61798,49423,25184.561949,14.4349113112,177.289516714,241.561389268,33.0003558024,0.00451206927949,2.46,2.47115,20.8119727386,0,222.250911433,0.0226258116883,15936,1019904,13273024,0.00398400000004,0.00398400000004,0.147447774,0,0,0,0,0,0,0,0,0,0,0,0,0,0,512849,,0,0.0,,steady-0.5-13,steady,0.5,13,work,main,,a23a95b4404dc6b78d22bc321f1cc47c1164b6dc1a6234d619ff80ac84c7322f,0.11870318799992674
bwc,7bbc3ab6535b6ba5,61546,61546,49275,25156.7291811,14.2814077335,177.111405309,245.718086755,32.9237563228,0.0039370877727,2.45405,2.46375,20.4444854033,0,219.148715527,0.0196435803969,43372,2775808,13252864,0.010842958451,0.0125040000001,0.1143315,0,0,0,0,0,0,0,0,0,0,27436,1.79599795889,0,0,586960,,0,0.0,,steady-0.5-14,steady,0.5,14,bwc,main,,ec07915168fe694499d330428eddaf78c337fefc35ffa7e537f94a0bae6f1b7b,0.1668913130006331
jbsq,7bbc3ab6535b6ba5,61546,61546,49275,25156.7629146,13.7708242006,176.933471837,245.718086755,32.5394837008,0.00389649923896,2.45415,2.46375,19.0955822011,0,219.148715527,0.0194410692588,0,0,13252864,0,0,0.1231845,0,0,0,0,0,0,0,0,0,0,0,0,0,0,430821,,0,0.0,,steady-0.5-14,steady,0.5,14,jbsq,main,,ec07915168fe694499d330428eddaf78c337fefc35ffa7e537f94a0bae6f1b7b,0.09742616699986684
jsw,7bbc3ab6535b6ba5,61546,61546,49275,25156.7291811,14.0389710706,177.467806231,246.211769647,32.8084933574,0.00395738203957,2.454,2.46375,20.2949726543,0,220.030632163,0.019744835966,15936,1019904,13252800,0.00398400000004,0.00398400000004,0.0731790000009,0,0,0,0,0,0,0,0,0,0,0,0,0,0,449452,,0,0.0,,steady-0.5-14,steady,0.5,14,jsw,main,,ec07915168fe694499d330428eddaf78c337fefc35ffa7e537f94a0bae6f1b7b,0.10299068400036049
p2c,7bbc3ab6535b6ba5,61546,61546,49275,25156.7291811,13.7855950248,176.933471837,245.718086755,32.553747603,0.00399797057331,2.4539,2.46375,19.196261269,0.000126906774284,219.148715527,0.0194410692588,15936,1019904,13252864,0.00398400000004,0.00398400000004,0.0731790000009,0,0,0,0,0,0,0,0,0,0,0,0,0,0,449452,,0,0.0,,steady-0.5-14,steady,0.5,14,p2c,main,,ec07915168fe694499d330428eddaf78c337fefc35ffa7e537f94a0bae6f1b7b,0.095805566999843
qbr,7bbc3ab6535b6ba5,61546,61546,49275,25161.7368572,14.0389710706,177.289516714,246.211769647,32.805884723,0.00391679350583,2.4541,2.46375,20.2736989553,0,219.368864243,0.0195423248279,79737,5102256,13252800,0.0199354374999,0.0200699999999,0.0731790000009,19,19,0,0,0,0,0,0,0,0,0,0,1,47.4443912142,849686,,0,0.0,,steady-0.5-14,steady,0.5,14,qbr,main,,ec07915168fe694499d330428eddaf78c337fefc35ffa7e537f94a0bae6f1b7b,0.17826420299934398
single,7bbc3ab6535b6ba5,61546,61546,49275,25156.7291811,14.0389710706,177.289516714,246.458981416,32.8032674663,0.0039370877727,2.45405,2.46375,20.2524465088,0,219.589233107,0.0196435803969,79724,5101632,13253104,0.0198979374999,0.0199519999999,0.0731790000009,15,15,0,0,0,1,1,7.1,1,1,0,0,3,47.4443912142,849542,1.0,1,2.0294266869609337e-05,12.955219665476761,steady-0.5-14,steady,0.5,14,single,main,,ec07915168fe694499d330428eddaf78c337fefc35ffa7e537f94a0bae6f1b7b,0.17690942399985943
steal,7bbc3ab6535b6ba5,61546,61546,49275,25156.7291811,14.0389710706,177.289516714,245.718086755,32.8104054382,0.0039370877727,2.45405,2.46375,20.423062341,0,219.80982234,0.0196435803969,89895,5589056,13281248,0.0366322136637,0.0465749999998,0.0731655000009,5759,5172,587,0,0,78,124,3065.4,1.58974358974,4,0,0,136,313.18008984,902461,0.9919354838709677,124,0.0025164890918315578,6.56509240251977,steady-0.5-14,steady,0.5,14,steal,main,,ec07915168fe694499d330428eddaf78c337fefc35ffa7e537f94a0bae6f1b7b,0.20218806399952882
threshold,7bbc3ab6535b6ba5,61546,61546,49275,25156.7291811,14.0389710706,176.933471837,246.458981416,32.8077328501,0.0039370877727,2.45405,2.46375,20.3589214784,0,219.589233107,0.0196435803969,80031,5116368,13255792,0.0203306874999,0.0206962499999,0.0731799274517,121,118,3,0,0,9,16,208.6,1.77777777778,3,0,0,19,250.198204475,851012,1.0,16,0.0003247082699137494,9.835729908114672,steady-0.5-14,steady,0.5,14,threshold,main,,ec07915168fe694499d330428eddaf78c337fefc35ffa7e537f94a0bae6f1b7b,0.19049538400031452
work,7bbc3ab6535b6ba5,61546,61546,49275,25156.7629146,14.4503462225,176.933471837,245.718086755,33.051540882,0.00389649923896,2.45415,2.46375,20.8556184961,0,219.589233107,0.0194410692588,15936,1019904,13252864,0.00398400000004,0.00398400000004,0.1470825,0,0,0,0,0,0,0,0,0,0,0,0,0,0,510997,,0,0.0,,steady-0.5-14,steady,0.5,14,work,main,,ec07915168fe694499d330428eddaf78c337fefc35ffa7e537f94a0bae6f1b7b,0.1170680920004088
bwc,e0e6055ff1a5198f,60693,60693,48647,25180.4170116,14.2356550462,175.516388374,233.45691007,32.9224896677,0.00421403169774,2.4221,2.43235,20.5088832144,0,219.368864243,0.0211645674169,43485,2783040,13060544,0.0108712500001,0.0138520000001,0.113876,0,0,0,0,0,0,0,0,0,0,27549,1.76619841011,0,0,581914,,0,0.0,,steady-0.5-15,steady,0.5,15,bwc,main,,14297ee30357cde079331a4f8ff93e76c998df430484531776c005494445e15e,0.18190021800000977
jbsq,e0e6055ff1a5198f,60693,60693,48647,25180.4170116,13.7855950248,175.516388374,233.45691007,32.5615108578,0.00419347544556,2.42215,2.43235,19.2164575302,0,219.368864243,0.0210613256246,0,0,13060544,0,0,0.121630888522,0,0,0,0,0,0,0,0,0,0,0,0,0,0,424850,,0,0.0,,steady-0.5-15,steady,0.5,15,jbsq,main,,14297ee30357cde079331a4f8ff93e76c998df430484531776c005494445e15e,0.1085266939999201
jsw,e0e6055ff1a5198f,60693,60693,48647,25180.4170116,14.0239471235,175.692904762,233.45691007,32.8170328463,0.00425514420211,2.422,2.43235,20.3375838945,0,219.80982234,0.0213710510014,15936,1019904,13060544,0.00398400000004,0.00398400000004,0.0725510000008,0,0,0,0,0,0,0,0,0,0,0,0,0,0,444410,,0,0.0,,steady-0.5-15,steady,0.5,15,jsw,main,,14297ee30357cde079331a4f8ff93e76c998df430484531776c005494445e15e,0.11685350999960065
p2c,e0e6055ff1a5198f,60693,60693,48647,25180.4170116,13.7855950248,175.516388374,233.45691007,32.5775834477,0.00429625670648,2.4219,2.43235,19.29744474,0.000128333461667,219.368864243,0.0210613256246,15936,1019904,13060544,0.00398400000004,0.00398400000004,0.0725510000008,0,0,0,0,0,0,0,0,0,0,0,0,0,0,444410,,0,0.0,,steady-0.5-15,steady,0.5,15,p2c,main,,14297ee30357cde079331a4f8ff93e76c998df430484531776c005494445e15e,0.14059111599999596
qbr,e0e6055ff1a5198f,60693,60693,48647,25183.4480939,13.993944241,175.869597667,233.45691007,32.7993020617,0.00425514420211,2.422,2.43235,20.2100052882,0,219.368864243,0.0213710510014,79715,5101200,13060848,0.0199079218749,0.0200209999999,0.0725510000008,12,12,0,0,0,1,1,7.1,1,1,0,0,2,54.8389584819,844901,1.0,1,2.0556252184101795e-05,12.442565170456874,steady-0.5-15,steady,0.5,15,qbr,main,,14297ee30357cde079331a4f8ff93e76c998df430484531776c005494445e15e,0.18645304100027715
single,e0e6055ff1a5198f,60693,60693,48647,25180.4170116,14.0089381853,175.692904762,233.45691007,32.8062292826,0.00425514420211,2.422,2.43235,20.2736989553,0,219.589233107,0.0213710510014,79727,5101776,13060848,0.0199005781249,0.0199629999999,0.0725510000008,16,16,0,0,0,1,1,7.1,1,1,0,0,4,54.8389584819,844888,1.0,1,2.0556252184101795e-05,11.977565170456728,steady-0.5-15,steady,0.5,15,single,main,,14297ee30357cde079331a4f8ff93e76c998df430484531776c005494445e15e,0.1886391830003049
steal,e0e6055ff1a5198f,60693,60693,48647,25180.4170116,14.0089381853,175.516388374,233.45691007,32.813506056,0.00423458794992,2.42205,2.43235,20.3589214784,0,220.030632163,0.0212678092092,89956,5591712,13089216,0.0367571053749,0.0475472499998,0.0725394820008,5807,5205,602,0,0,68,126,3174.6,1.85294117647,5,0,0,134,316.45,894993,0.9920634920634921,126,0.002590087775196826,6.840618382997512,steady-0.5-15,steady,0.5,15,steal,main,,14297ee30357cde079331a4f8ff93e76c998df430484531776c005494445e15e,0.2006736439998349
threshold,e0e6055ff1a5198f,60693,60693,48647,25183.5427859,14.0239471235,175.692904762,233.45691007,32.8209407825,0.00419347544556,2.42215,2.43235,20.3375838945,0,219.80982234,0.0210613256246,80064,5117952,13065552,0.0203793749999,0.0207489999999,0.0725510000008,132,131,1,0,0,11,26,469.6,2.36363636364,4,0,0,28,254.112898661,846403,1.0,26,0.0005344625567866466,8.816702925605009,steady-0.5-15,steady,0.5,15,threshold,main,,14297ee30357cde079331a4f8ff93e76c998df430484531776c005494445e15e,0.18177669900069304
work,e0e6055ff1a5198f,60693,60693,48647,25180.4170116,14.4349113112,175.516388374,233.45691007,33.068237547,0.00423458794992,2.42205,2.43235,20.9212509403,0,219.368864243,0.0212678092092,15936,1019904,13060480,0.00398400000004,0.00398400000004,0.145537888521,0,0,0,0,0,0,0,0,0,0,0,0,0,0,505102,,0,0.0,,steady-0.5-15,steady,0.5,15,work,main,,14297ee30357cde079331a4f8ff93e76c998df430484531776c005494445e15e,0.1163344100004906
bwc,b8600b56f9197b23,61181,61181,48936,25230.3348261,14.2508907012,176.933471837,248.944736632,32.9131146651,0.00433218898153,2.4362,2.4468,20.3589214784,0,223.818363904,0.0217413598605,43455,2781120,13140928,0.0108637500001,0.0124560000001,0.114125945461,0,0,0,0,0,0,0,0,0,0,27519,1.7783713071,0,0,585466,,0,0.0,,steady-0.5-16,steady,0.5,16,bwc,main,,c38ea4b2a8a40c59fcb963d7dff8e6ea4d6fe789805a20c8390dce8c8cc8d26d,0.15851201799978298
jbsq,b8600b56f9197b23,61181,61181,48936,25230.3348261,13.7855950248,176.755716121,248.944736632,32.5485265924,0.00433218898153,2.4362,2.4468,19.0554512431,0,223.593770134,0.0217413598605,0,0,13140416,0,0,0.12235113945,0,0,0,0,0,0,0,0,0,0,0,0,0,0,428266,,0,0.0,,steady-0.5-16,steady,0.5,16,jbsq,main,,c38ea4b2a8a40c59fcb963d7dff8e6ea4d6fe789805a20c8390dce8c8cc8d26d,0.10594317899995076
jsw,b8600b56f9197b23,61181,61181,48936,25230.3348261,14.0389710706,177.111405309,249.695320926,32.803296826,0.00439349354259,2.43605,2.4468,20.0410862679,0,223.818363904,0.0220490206133,15936,1019904,13140928,0.00398400000004,0.00398400000004,0.0728417740008,0,0,0,0,0,0,0,0,0,0,0,0,0,0,447496,,0,0.0,,steady-0.5-16,steady,0.5,16,jsw,main,,c38ea4b2a8a40c59fcb963d7dff8e6ea4d6fe789805a20c8390dce8c8cc8d26d,0.1116485519996786
p2c,b8600b56f9197b23,61181,61181,48936,25230.3348261,13.8003806198,176.755716121,248.944736632,32.5600510769,0.00439349354259,2.43605,2.4468,19.1156777833,7.65599081281e-05,223.593770134,0.0217413598605,15936,1019904,13140928,0.00398400000004,0.00398400000004,0.0728417740008,0,0,0,0,0,0,0,0,0,0,0,0,0,0,447496,,0,0.0,,steady-0.5-16,steady,0.5,16,p2c,main,,c38ea4b2a8a40c59fcb963d7dff8e6ea4d6fe789805a20c8390dce8c8cc8d26d,0.12322395599949232
qbr,b8600b56f9197b23,61181,61181,48936,25230.3348261,14.0389710706,176.933471837,248.944736632,32.8153658737,0.00433218898153,2.4362,2.4468,20.3162676269,0,223.818363904,0.0217413598605,79739,5102352,13140592,0.0199394218749,0.0200559999999,0.0728406394504,20,20,0,0,0,1,1,7.1,1,1,0,0,2,49.2452313107,848843,1.0,1,2.0434853686447604e-05,14.9611122955057,steady-0.5-16,steady,0.5,16,qbr,main,,c38ea4b2a8a40c59fcb963d7dff8e6ea4d6fe789805a20c8390dce8c8cc8d26d,0.18306165900048654
single,b8600b56f9197b23,61181,61181,48936,25230.3348261,14.0389710706,176.933471837,248.944736632,32.8153563715,0.00433218898153,2.4362,2.4468,20.3162676269,0,223.818363904,0.0217413598605,79739,5102352,13140592,0.0199103593749,0.0199674999999,0.0728406394504,20,20,0,0,0,1,1,7.1,1,1,0,0,2,49.2452313107,848843,1.0,1,2.0434853686447604e-05,14.496112295506464,steady-0.5-16,steady,0.5,16,single,main,,c38ea4b2a8a40c59fcb963d7dff8e6ea4d6fe789805a20c8390dce8c8cc8d26d,0.17504444799942576
steal,b8600b56f9197b23,61181,61181,48936,25230.3348261,14.0239471235,176.933471837,249.44487605,32.8005561111,0.00433218898153,2.4362,2.4468,20.104272671,0,223.593770134,0.0217413598605,89779,5583424,13161472,0.0364163199579,0.0471499959999,0.0728271394504,5682,5105,576,0,0,56,101,2047.1,1.80357142857,5,0,0,123,314.237872569,899851,0.9900990099009901,101,0.002063920222331208,6.185532387039323,steady-0.5-16,steady,0.5,16,steal,main,,c38ea4b2a8a40c59fcb963d7dff8e6ea4d6fe789805a20c8390dce8c8cc8d26d,0.20951910899930226
threshold,b8600b56f9197b23,61181,61181,48936,25230.3348261,14.0389710706,176.933471837,249.695320926,32.8079806639,0.00441392839627,2.436,2.4468,20.2736989553,0,224.043182268,0.0221515741975,80066,5118048,13145872,0.0203871874999,0.0206424999999,0.0728413528408,134,133,1,0,0,15,28,483.8,1.86666666667,4,0,0,29,239.713865595,850389,1.0,28,0.0005721759032205329,10.212509949133457,steady-0.5-16,steady,0.5,16,threshold,main,,c38ea4b2a8a40c59fcb963d7dff8e6ea4d6fe789805a20c8390dce8c8cc8d26d,0.18881129400051577
work,b8600b56f9197b23,61181,61181,48936,25230.5023299,14.4503462225,176.755716121,248.944736632,33.0609905267,0.00433218898153,2.4362,2.4468,20.8119727386,0,223.593770134,0.0217413598605,15936,1019904,13140928,0.00398400000004,0.00398400000004,0.146256274,0,0,0,0,0,0,0,0,0,0,0,0,0,0,508676,,0,0.0,,steady-0.5-16,steady,0.5,16,work,main,,c38ea4b2a8a40c59fcb963d7dff8e6ea4d6fe789805a20c8390dce8c8cc8d26d,0.11850418100038951
bwc,7f44dc7213fad743,61227,61227,48918,25139.0332795,14.2814077335,175.869597667,236.285918844,32.8285413551,0.00435422543849,2.43525,2.4459,20.4873958186,0,218.928786741,0.0219361483007,43241,2767424,13122112,0.0108102500001,0.0126640000001,0.113782830866,0,0,0,0,0,0,0,0,0,0,27305,1.79201611426,0,0,584790,,0,0.0,,steady-0.5-17,steady,0.5,17,bwc,main,,a44ce29ae12a3d5dbc149e21bb2f16c573d2ba777f03df1f8a257af7f52b4b28,0.13207826799953182
jbsq,7f44dc7213fad743,61227,61227,48918,25139.0332795,13.8003806198,175.692904762,236.285918844,32.4595776996,0.00435422543849,2.43525,2.4459,19.2569106618,0,218.928786741,0.0219361483007,0,0,13122112,0,0,0.122322,0,0,0,0,0,0,0,0,0,0,0,0,0,0,428588,,0,0.0,,steady-0.5-17,steady,0.5,17,jbsq,main,,a44ce29ae12a3d5dbc149e21bb2f16c573d2ba777f03df1f8a257af7f52b4b28,0.10301888100002543
jsw,7f44dc7213fad743,61227,61227,48918,25139.0332795,14.0389710706,176.046467265,236.285918844,32.7090277604,0.00439511018439,2.43515,2.4459,20.3802803999,0,218.928786741,0.0221421215242,15936,1019904,13121856,0.00398400000004,0.00398400000004,0.0728220000008,0,0,0,0,0,0,0,0,0,0,0,0,0,0,447482,,0,0.0,,steady-0.5-17,steady,0.5,17,jsw,main,,a44ce29ae12a3d5dbc149e21bb2f16c573d2ba777f03df1f8a257af7f52b4b28,0.10984288799954811
p2c,7f44dc7213fad743,61227,61227,48918,25139.0332795,13.8003806198,175.692904762,236.285918844,32.4753151256,0.00443599493029,2.43505,2.4459,19.3583979868,0.000102019995919,218.928786741,0.0219361483007,15936,1019904,13122112,0.00398400000004,0.00398400000004,0.0728220000008,0,0,0,0,0,0,0,0,0,0,0,0,0,0,447482,,0,0.0,,steady-0.5-17,steady,0.5,17,p2c,main,,a44ce29ae12a3d5dbc149e21bb2f16c573d2ba777f03df1f8a257af7f52b4b28,0.11812332299996342
qbr,7f44dc7213fad743,61227,61227,48918,25139.0332795,14.0540100417,175.869597667,236.285918844,32.7268543979,0.00441555255734,2.4351,2.4459,20.4873958186,0,218.928786741,0.0222451081359,79710,5100960,13122112,0.0199001268966,0.0199744999999,0.0728220000008,10,10,0,0,0,0,0,0,0,0,0,0,0,30.5093810038,847299,,0,0.0,,steady-0.5-17,steady,0.5,17,qbr,main,,a44ce29ae12a3d5dbc149e21bb2f16c573d2ba777f03df1f8a257af7f52b4b28,0.18088522600010037
single,7f44dc7213fad743,61227,61227,48918,25139.0332795,14.0540100417,175.869597667,236.285918844,32.7268543979,0.00441555255734,2.4351,2.4459,20.4873958186,0,218.928786741,0.0222451081359,79710,5100960,13122112,0.0198855807716,0.0199279999999,0.0728220000008,10,10,0,0,0,0,0,0,0,0,0,0,0,30.5093810038,847299,,0,0.0,,steady-0.5-17,steady,0.5,17,single,main,,a44ce29ae12a3d5dbc149e21bb2f16c573d2ba777f03df1f8a257af7f52b4b28,0.17643329899965465
steal,7f44dc7213fad743,61227,61227,48918,25139.0332795,14.0239471235,176.046467265,236.285918844,32.692790009,0.00435422543849,2.43525,2.4459,20.3589214784,0,218.928786741,0.0219361483007,89073,5549312,13138880,0.0353146483749,0.0443229999998,0.0728070000008,5339,4756,583,0,0,48,85,1553.5,1.77083333333,7,0,0,106,320,897631,0.9764705882352941,85,0.0017376017008054294,7.273221385712468,steady-0.5-17,steady,0.5,17,steal,main,,a44ce29ae12a3d5dbc149e21bb2f16c573d2ba777f03df1f8a257af7f52b4b28,0.19268621699939104
threshold,7f44dc7213fad743,61227,61227,48918,25139.0332795,14.0540100417,176.046467265,237.713198395,32.719107479,0.00437466781144,2.4352,2.4459,20.2524465088,0,219.368864243,0.0220391349125,80004,5115072,13125136,0.0203000468749,0.0205949999999,0.0728220000008,112,111,1,0,0,11,17,215.7,1.54545454545,3,0,0,20,235.679806034,848757,1.0,17,0.0003475203401610859,10.33354382362974,steady-0.5-17,steady,0.5,17,threshold,main,,a44ce29ae12a3d5dbc149e21bb2f16c573d2ba777f03df1f8a257af7f52b4b28,0.18765474799965887
work,7f44dc7213fad743,61227,61227,48918,25139.0332795,14.4503462225,175.869597667,236.285918844,32.9615330607,0.00435422543849,2.43525,2.4459,20.8119727386,0,218.928786741,0.0219361483007,15936,1019904,13122176,0.00398400000004,0.00398400000004,0.1462275,0,0,0,0,0,0,0,0,0,0,0,0,0,0,508708,,0,0.0,,steady-0.5-17,steady,0.5,17,work,main,,a44ce29ae12a3d5dbc149e21bb2f16c573d2ba777f03df1f8a257af7f52b4b28,0.11890025299999252
bwc,e20a7ffdf4a80746,61372,61372,49067,25164.4887929,14.2508907012,179.080456342,239.870230938,33.0427184562,0.00464670756313,2.44195,2.45335,20.423062341,0,223.593770134,0.0232392212822,43294,2770816,13187072,0.0108235000001,0.0126880000001,0.114011280968,0,0,0,0,0,0,0,0,0,0,27358,1.79263835076,0,0,585822,,0,0.0,,steady-0.5-18,steady,0.5,18,bwc,main,,76b56d4b263a487d957652101f3e512c10da1a5bb4afb1a202628d49bba5530c,0.1259711430002426
jbsq,e20a7ffdf4a80746,61372,61372,49067,25164.4887929,13.7855950248,179.080456342,239.870230938,32.6788357418,0.0046263272668,2.442,2.45335,19.2771675724,0,223.369400733,0.0231372948731,0,0,13187264,0,0,0.122635155897,0,0,0,0,0,0,0,0,0,0,0,0,0,0,429603,,0,0.0,,steady-0.5-18,steady,0.5,18,jbsq,main,,76b56d4b263a487d957652101f3e512c10da1a5bb4afb1a202628d49bba5530c,0.0995143090003694
jsw,e20a7ffdf4a80746,61372,61372,49067,25164.4887929,14.0540100417,179.440797335,239.870230938,32.9534138163,0.00468746815579,2.44185,2.45335,20.3802803999,0,223.369400733,0.0234430741005,15936,1019904,13187264,0.00398400000004,0.00398400000004,0.0729717740009,0,0,0,0,0,0,0,0,0,0,0,0,0,0,448432,,0,0.0,,steady-0.5-18,steady,0.5,18,jsw,main,,76b56d4b263a487d957652101f3e512c10da1a5bb4afb1a202628d49bba5530c,0.10176314299951628
p2c,e20a7ffdf4a80746,61372,61372,49067,25164.4887929,13.8003806198,179.080456342,239.870230938,32.69924447,0.00468746815579,2.44185,2.45335,19.4399538106,7.6421438761e-05,223.369400733,0.0231372948731,15936,1019904,13187264,0.00398400000004,0.00398400000004,0.0729717740009,0,0,0,0,0,0,0,0,0,0,0,0,0,0,448432,,0,0.0,,steady-0.5-18,steady,0.5,18,p2c,main,,76b56d4b263a487d957652101f3e512c10da1a5bb4afb1a202628d49bba5530c,0.09905290000006062
qbr,e20a7ffdf4a80746,61372,61372,49067,25166.2455702,14.0389710706,179.260536798,239.870230938,32.9539579981,0.00466708785946,2.4419,2.45335,20.5519224898,0,223.593770134,0.0233411476914,79740,5102400,13187264,0.0199395312499,0.0200489999999,0.0729712809684,20,20,0,0,0,0,0,0,0,0,0,0,0,39.2896255009,848738,,0,0.0,,steady-0.5-18,steady,0.5,18,qbr,main,,76b56d4b263a487d957652101f3e512c10da1a5bb4afb1a202628d49bba5530c,0.18472811399988132
single,e20a7ffdf4a80746,61372,61372,49067,25166.2455702,14.0389710706,179.260536798,239.870230938,32.9539579981,0.00466708785946,2.4419,2.45335,20.5519224898,0,223.593770134,0.0233411476914,79740,5102400,13187264,0.0199104687499,0.0199792499999,0.0729712809684,20,20,0,0,0,0,0,0,0,0,0,0,0,39.2896255009,848738,,0,0.0,,steady-0.5-18,steady,0.5,18,single,main,,76b56d4b263a487d957652101f3e512c10da1a5bb4afb1a202628d49bba5530c,0.18605937399934191
steal,e20a7ffdf4a80746,61372,61372,49067,25164.4887929,14.0389710706,179.440797335,239.870230938,32.9471165095,0.00464670756313,2.44195,2.45335,20.5950478867,0,224.043182268,0.0232392212822,90004,5594304,13218368,0.0368172966249,0.0470919999998,0.0729607809684,5806,5234,572,0,0,92,165,2596.5,1.79347826087,5,0,0,181,289.119437882,899633,0.9696969696969697,165,0.003362748894368924,6.637074765307674,steady-0.5-18,steady,0.5,18,steal,main,,76b56d4b263a487d957652101f3e512c10da1a5bb4afb1a202628d49bba5530c,0.19716494600015722
threshold,e20a7ffdf4a80746,61372,61372,49067,25164.4887929,14.0389710706,179.260536798,239.870230938,32.9523407646,0.00468746815579,2.44185,2.45335,20.4873958186,0,223.369400733,0.0234430741005,80093,5119344,13190160,0.0204125571163,0.0209589999999,0.0729712809684,140,140,0,0,0,7,14,289.4,2,4,0,0,16,249.8648722,850256,1.0,14,0.00028532414861312083,10.537522335386841,steady-0.5-18,steady,0.5,18,threshold,main,,76b56d4b263a487d957652101f3e512c10da1a5bb4afb1a202628d49bba5530c,0.18121738799982268
work,e20a7ffdf4a80746,61372,61372,49067,25164.4887929,14.4349113112,179.080456342,239.870230938,33.1787416422,0.00464670756313,2.44195,2.45335,20.7684141419,0,223.369400733,0.0232392212822,15936,1019904,13187008,0.00398400000004,0.00398400000004,0.146537655897,0,0,0,0,0,0,0,0,0,0,0,0,0,0,509803,,0,0.0,,steady-0.5-18,steady,0.5,18,work,main,,76b56d4b263a487d957652101f3e512c10da1a5bb4afb1a202628d49bba5530c,0.18976840100003756
bwc,a161f0c62d9059a5,61074,61074,48844,25280.8857141,14.2508907012,176.223513732,245.718086755,32.8573765334,0.00423798214724,2.43185,2.4422,20.3802803999,0,222.697636507,0.0212525667351,43385,2776640,13116800,0.0108462500001,0.0135160000001,0.113921103646,0,0,0,0,0,0,0,0,0,0,27449,1.77846187475,0,0,584452,,0,0.0,,steady-0.5-19,steady,0.5,19,bwc,main,,c30ae489db0444cc77e1c244814b8efdb111c796dd6143cd8d169626e05bf445,0.14037083000039274
jbsq,a161f0c62d9059a5,61074,61074,48844,25280.8857141,13.8003806198,176.046467265,245.718086755,32.4936982748,0.00423798214724,2.43185,2.4422,19.0554512431,0,222.697636507,0.0212525667351,0,0,13116864,0,0,0.122074266267,0,0,0,0,0,0,0,0,0,0,0,0,0,0,427517,,0,0.0,,steady-0.5-19,steady,0.5,19,jbsq,main,,c30ae489db0444cc77e1c244814b8efdb111c796dd6143cd8d169626e05bf445,0.11062844999923982
jsw,a161f0c62d9059a5,61074,61074,48844,25280.8857141,14.0389710706,176.223513732,245.718086755,32.7453320062,0.00429940217836,2.4317,2.4422,20.2524465088,0,223.145255477,0.0215605749487,15936,1019904,13116864,0.00398400000004,0.00398400000004,0.0727480000008,0,0,0,0,0,0,0,0,0,0,0,0,0,0,447016,,0,0.0,,steady-0.5-19,steady,0.5,19,jsw,main,,c30ae489db0444cc77e1c244814b8efdb111c796dd6143cd8d169626e05bf445,0.12890862000040215
p2c,a161f0c62d9059a5,61074,61074,48844,25280.8857141,13.8003806198,176.223513732,245.718086755,32.5090111302,0.00427892883466,2.43175,2.4422,19.1760851838,5.11456628478e-05,222.697636507,0.0212525667351,15936,1019904,13116864,0.00398400000004,0.00398400000004,0.0727480000008,0,0,0,0,0,0,0,0,0,0,0,0,0,0,447016,,0,0.0,,steady-0.5-19,steady,0.5,19,p2c,main,,c30ae489db0444cc77e1c244814b8efdb111c796dd6143cd8d169626e05bf445,0.11205244899974787
qbr,a161f0c62d9059a5,61074,61074,48844,25280.8857141,14.0540100417,176.223513732,245.718086755,32.7520832617,0.00423798214724,2.43185,2.4422,20.2949726543,0,222.697636507,0.0212525667351,79704,5100672,13116864,0.0198923529999,0.0199719999999,0.0727495000008,8,8,0,0,0,0,0,0,0,0,0,0,0,36.7364198109,848988,,0,0.0,,steady-0.5-19,steady,0.5,19,qbr,main,,c30ae489db0444cc77e1c244814b8efdb111c796dd6143cd8d169626e05bf445,0.1939611520001563
single,a161f0c62d9059a5,61074,61074,48844,25280.8857141,14.0540100417,176.223513732,245.718086755,32.7520832617,0.00423798214724,2.43185,2.4422,20.2949726543,0,222.697636507,0.0212525667351,79704,5100672,13116864,0.0198807279999,0.0199254999999,0.0727495000008,8,8,0,0,0,0,0,0,0,0,0,0,0,36.7364198109,848988,,0,0.0,,steady-0.5-19,steady,0.5,19,single,main,,c30ae489db0444cc77e1c244814b8efdb111c796dd6143cd8d169626e05bf445,0.19776002900016465
steal,a161f0c62d9059a5,61074,61074,48844,25280.8857141,14.0389710706,176.578137983,245.718086755,32.7602107168,0.00425845549095,2.4318,2.4422,20.4016606803,0,222.921334143,0.0213552361396,90966,5640336,13147872,0.0383993499686,0.0506317499998,0.0727345000008,6352,5714,638,0,0,90,145,3024.5,1.61111111111,5,0,0,174,320,905828,0.9862068965517241,145,0.002968634837441651,6.4244928215590145,steady-0.5-19,steady,0.5,19,steal,main,,c30ae489db0444cc77e1c244814b8efdb111c796dd6143cd8d169626e05bf445,0.20745986600013566
threshold,a161f0c62d9059a5,61074,61074,48844,25281.4751651,14.0540100417,176.400737246,245.718086755,32.7550577555,0.00425845549095,2.4318,2.4422,20.2949726543,0,223.145255477,0.0213552361396,80019,5115792,13121616,0.0203266249999,0.0204814999999,0.0727494100009,118,118,0,0,0,15,26,469.6,1.73333333333,4,0,0,28,247.763747328,850546,1.0,26,0.0005323069363688478,8.856219276268243,steady-0.5-19,steady,0.5,19,threshold,main,,c30ae489db0444cc77e1c244814b8efdb111c796dd6143cd8d169626e05bf445,0.19060995199924946
work,a161f0c62d9059a5,61074,61074,48844,25280.8857141,14.4657965687,176.223513732,246.954146838,33.0053168017,0.00423798214724,2.43185,2.4422,20.7684141419,0,222.697636507,0.0212525667351,15936,1019904,13116416,0.00398400000004,0.00398400000004,0.14597513902,0,0,0,0,0,0,0,0,0,0,0,0,0,0,508089,,0,0.0,,steady-0.5-19,steady,0.5,19,work,main,,c30ae489db0444cc77e1c244814b8efdb111c796dd6143cd8d169626e05bf445,0.12406779200046003
bwc,34dcecd193b08953,61275,61275,49031,25166.182999,14.3119858304,176.046467265,239.149063061,33.1923666455,0.00391588994718,2.44195,2.45155,20.423062341,0,217.613820236,0.0193236714976,43459,2781376,13228736,0.0108646435069,0.0128680000001,0.114218,0,0,0,0,0,0,0,0,0,0,27523,1.78134651019,0,0,585464,,0,0.0,,steady-0.5-20,steady,0.5,20,bwc,main,,ba4ba36ed586db0ac4d82696dce16871af4fb347dfd948be5d5afbbd3a60b767,0.1810718340002495
jbsq,34dcecd193b08953,61275,61275,49031,25166.182999,13.8299961814,176.046467265,238.909153907,32.8114485819,0.00391588994718,2.44195,2.45155,19.2569106618,0,217.613820236,0.0193236714976,0,0,13228672,0,0,0.122563210325,0,0,0,0,0,0,0,0,0,0,0,0,0,0,428924,,0,0.0,,steady-0.5-20,steady,0.5,20,jbsq,main,,ba4ba36ed586db0ac4d82696dce16871af4fb347dfd948be5d5afbbd3a60b767,0.11209176400006982
jsw,34dcecd193b08953,61275,61275,49031,25166.182999,14.0690640517,176.578137983,238.909153907,33.0771996628,0.00393628520732,2.4419,2.45155,20.3802803999,0,217.832434057,0.01942431562,15936,1019904,13228800,0.00398400000004,0.00398400000004,0.0729350000009,0,0,0,0,0,0,0,0,0,0,0,0,0,0,447856,,0,0.0,,steady-0.5-20,steady,0.5,20,jsw,main,,ba4ba36ed586db0ac4d82696dce16871af4fb347dfd948be5d5afbbd3a60b767,0.13168983600007778
p2c,34dcecd193b08953,61275,61275,49031,25166.182999,13.8299961814,176.223513732,238.909153907,32.8305561375,0.00401786624788,2.4417,2.45155,19.3787563848,0.000102314874025,217.613820236,0.01942431562,15936,1019904,13228672,0.00398400000004,0.00398400000004,0.0729350000009,0,0,0,0,0,0,0,0,0,0,0,0,0,0,447856,,0,0.0,,steady-0.5-20,steady,0.5,20,p2c,main,,ba4ba36ed586db0ac4d82696dce16871af4fb347dfd948be5d5afbbd3a60b767,0.10270769399994606
qbr,34dcecd193b08953,61275,61275,49031,25166.182999,14.0690640517,176.755716121,238.909153907,33.0747045515,0.00399747098774,2.44175,2.45155,20.3589214784,0,217.832434057,0.0197262479871,79731,5101968,13228672,0.0199277792991,0.0200489999999,0.0729364700009,17,17,0,0,0,0,0,0,0,0,0,0,0,28.8273614739,848142,,0,0.0,,steady-0.5-20,steady,0.5,20,qbr,main,,ba4ba36ed586db0ac4d82696dce16871af4fb347dfd948be5d5afbbd3a60b767,0.19193176599947037
single,34dcecd193b08953,61275,61275,49031,25166.182999,14.0690640517,176.755716121,238.909153907,33.0747045515,0.00399747098774,2.44175,2.45155,20.3589214784,0,217.832434057,0.0197262479871,79731,5101968,13228672,0.0199030761741,0.0199792499999,0.0729364700009,17,17,0,0,0,0,0,0,0,0,0,0,0,28.8273614739,848142,,0,0.0,,steady-0.5-20,steady,0.5,20,single,main,,ba4ba36ed586db0ac4d82696dce16871af4fb347dfd948be5d5afbbd3a60b767,0.19244195400005992
steal,34dcecd193b08953,61275,61275,49031,25166.182999,14.0690640517,176.578137983,239.149063061,33.0708624369,0.00391588994718,2.44195,2.45155,20.3589214784,0,217.832434057,0.0193236714976,89305,5560576,13253776,0.0357162639744,0.0423519894999,0.0729230000009,5451,4879,572,0,0,79,118,2357.8,1.49367088608,4,0,0,151,320,898886,0.9745762711864406,118,0.0024066406967020865,6.02462608759923,steady-0.5-20,steady,0.5,20,steal,main,,ba4ba36ed586db0ac4d82696dce16871af4fb347dfd948be5d5afbbd3a60b767,0.2048272199999701
threshold,34dcecd193b08953,61275,61275,49031,25166.182999,14.0690640517,176.400737246,238.909153907,33.0729597827,0.00393628520732,2.4419,2.45155,20.3802803999,0,217.613820236,0.01942431562,80052,5117376,13234576,0.0203668391249,0.0207459999999,0.0729364700009,130,127,3,0,0,15,28,578.8,1.86666666667,5,0,0,31,248.555681558,849681,1.0,28,0.000571067283963207,10.293968143737207,steady-0.5-20,steady,0.5,20,threshold,main,,ba4ba36ed586db0ac4d82696dce16871af4fb347dfd948be5d5afbbd3a60b767,0.19047583699921233
work,34dcecd193b08953,61275,61275,49031,25166.182999,14.4967436276,176.046467265,238.909153907,33.3432407894,0.00391588994718,2.44195,2.45155,20.9870804788,0,217.832434057,0.0193236714976,15936,1019904,13228928,0.00398400000004,0.00398400000004,0.146470210325,0,0,0,0,0,0,0,0,0,0,0,0,0,0,509130,,0,0.0,,steady-0.5-20,steady,0.5,20,work,main,,ba4ba36ed586db0ac4d82696dce16871af4fb347dfd948be5d5afbbd3a60b767,0.12566883099952975
bwc,a2c7bb74f093da78,86198,86198,68892,25181.4302245,14.5432803643,177.824920311,245.718086755,33.3773146224,0.00428206468095,3.42985,3.4446,20.5950478867,0,223.145255477,0.0211575701069,51757,3312448,18581504,0.0129392500001,0.0185640000002,0.146524500001,0,0,0,0,0,0,0,0,0,0,35821,1.92325730717,0,0,776678,,0,0.0,,steady-0.7-11,steady,0.7,11,bwc,main,,f423c4241468370f9fb858688e246a0bd40d7d1be56190995d93244fc63c0d96,0.18758534100015822
jbsq,a2c7bb74f093da78,86198,86198,68892,25177.8168203,13.8151810004,177.824920311,245.718086755,32.8547271218,0.00439818846891,3.42945,3.4446,19.2569106618,0.000145589546671,223.145255477,0.0211575701069,0,0,18581440,0,0,0.172225500001,0,0,0,0,0,0,0,0,0,0,0,0,0,0,603385,,0,0.0,,steady-0.7-11,steady,0.7,11,jbsq,main,,f423c4241468370f9fb858688e246a0bd40d7d1be56190995d93244fc63c0d96,0.15270567600055074
jsw,a2c7bb74f093da78,86198,86198,68892,25177.8168203,14.9365613045,178.900555786,246.954146838,34.1288372274,0.00476107530628,3.4282,3.4446,26.0409287769,0.00038217256001,225.396821513,0.0220182170265,15936,1019904,18581376,0.00398400000004,0.00398400000004,0.0927960000013,0,0,0,0,0,0,0,0,0,0,0,0,0,0,597430,,0,0.0,,steady-0.7-11,steady,0.7,11,jsw,main,,f423c4241468370f9fb858688e246a0bd40d7d1be56190995d93244fc63c0d96,0.16083660700041946
p2c,a2c7bb74f093da78,86198,86198,68892,25177.8168203,14.1294307826,178.541293657,245.718086755,33.585248933,0.00841897462695,3.4156,3.4446,32.1237373703,0.00502283936013,225.623218335,0.0218030552966,15936,1019904,18581504,0.00398400000004,0.00398400000004,0.0927960000013,0,0,0,0,0,0,0,0,0,0,0,0,0,0,597430,,0,0.0,,steady-0.7-11,steady,0.7,11,p2c,main,,f423c4241468370f9fb858688e246a0bd40d7d1be56190995d93244fc63c0d96,0.1607839160005824
qbr,a2c7bb74f093da78,86198,86198,68892,25177.8168203,14.9365613045,178.541293657,246.954146838,34.1213491201,0.00451431225687,3.42905,3.4446,26.2852728842,3.63973866676e-05,226.303768086,0.0221616581797,80173,5123184,18586736,0.0205061211249,0.0206549999999,0.0927960000013,181,152,29,0,0,21,34,241.4,1.61904761905,3,0,0,84,70.184992235,999907,0.9705882352941176,34,0.0004935260988213436,12.714373095334956,steady-0.7-11,steady,0.7,11,qbr,main,,f423c4241468370f9fb858688e246a0bd40d7d1be56190995d93244fc63c0d96,0.23530048599968723
single,a2c7bb74f093da78,86198,86198,68892,25177.8168203,14.9684503636,178.541293657,246.954146838,34.1438574686,0.00452882773036,3.429,3.4446,26.2035805047,5.45960800015e-05,225.623218335,0.0221616581797,80216,5125248,18586384,0.0203242499999,0.0204629999999,0.0927960000013,202,159,43,0,0,27,27,191.7,1,1,0,0,63,58.7716543939,1000052,0.9629629629629629,27,0.00039191778435812574,12.592408488240094,steady-0.7-11,steady,0.7,11,single,main,,f423c4241468370f9fb858688e246a0bd40d7d1be56190995d93244fc63c0d96,0.29433112399965466
steal,a2c7bb74f093da78,86198,86198,68892,25177.8168203,14.9206406638,178.541293657,246.458981416,34.1225455727,0.00490623004122,3.4277,3.4446,26.9756533909,0.000545960800015,225.170650862,0.0220899376031,109547,6530592,18884464,0.0717947858307,0.0934349999998,0.0927630000013,19344,15481,3863,0,0,933,1754,20813.4,1.87995712755,10,0,0,2537,294.475,1155617,0.9332953249714937,1754,0.02546014050978343,7.500339321468119,steady-0.7-11,steady,0.7,11,steal,main,,f423c4241468370f9fb858688e246a0bd40d7d1be56190995d93244fc63c0d96,0.2871264149998751
threshold,a2c7bb74f093da78,86198,86198,68892,25177.8168203,14.9365613045,178.361931726,246.706440398,34.1504187835,0.00465946699181,3.42855,3.4446,27.2566721921,0.000200185626672,223.818363904,0.0222333787564,84912,5350656,18769600,0.0268316105668,0.0281122499999,0.0927960000013,2056,1560,496,0,0,440,1155,12950.5,2.625,10,0,0,1519,245.706614466,1022220,0.9636363636363636,1155,0.016765371886430937,10.169796163486634,steady-0.7-11,steady,0.7,11,threshold,main,,f423c4241468370f9fb858688e246a0bd40d7d1be56190995d93244fc63c0d96,0.24666942400017433
work,a2c7bb74f093da78,86198,86198,68892,25177.8402043,15.1611292067,177.824920311,246.458981416,33.7895541161,0.00429658015444,3.4298,3.4446,21.3862299596,0,223.145255477,0.0212292906835,15936,1019904,18581568,0.00398400000004,0.00398400000004,0.196137,0,0,0,0,0,0,0,0,0,0,0,0,0,0,683627,,0,0.0,,steady-0.7-11,steady,0.7,11,work,main,,f423c4241468370f9fb858688e246a0bd40d7d1be56190995d93244fc63c0d96,0.16992545799985237
bwc,179b4c27d6ad4ea0,86048,86048,68708,25212.7118816,14.5743824683,178.541293657,239.870230938,33.4839803634,0.00487570588578,3.41865,3.4354,20.7032392926,0,223.593770134,0.0239885427855,51572,3300608,18556928,0.0128930000001,0.0236200000002,0.146075000001,0,0,0,0,0,0,0,0,0,0,35636,1.92911662364,0,0,775168,,0,0.0,,steady-0.7-12,steady,0.7,12,bwc,main,,3bb6699c0ba4632b76644dd1edcf953cce92ca67162658ade9218e8fa2e1c0b7,0.18554446999951324
jbsq,179b4c27d6ad4ea0,86048,86048,68708,25212.7118816,13.8151810004,178.720834951,241.076993205,32.9532312278,0.00496303196134,3.41835,3.4354,19.29744474,0.000127870229984,223.818363904,0.0239169351951,0,0,18556096,0,0,0.171810500001,0,0,0,0,0,0,0,0,0,0,0,0,0,0,602335,,0,0.0,,steady-0.7-12,steady,0.7,12,jbsq,main,,3bb6699c0ba4632b76644dd1edcf953cce92ca67162658ade9218e8fa2e1c0b7,0.1494394960000136
jsw,179b4c27d6ad4ea0,86048,86048,68708,25212.7118816,14.984418814,179.98266123,242.289801362,34.2522753283,0.00542877103103,3.41675,3.4354,26.5043205848,0.000511480919935,224.043182268,0.0247046186896,15936,1019904,18556224,0.00398400000004,0.00398400000004,0.0926120000013,0,0,0,0,0,0,0,0,0,0,0,0,0,0,596642,,0,0.0,,steady-0.7-12,steady,0.7,12,jsw,main,,3bb6699c0ba4632b76644dd1edcf953cce92ca67162658ade9218e8fa2e1c0b7,0.16293712300011975
p2c,179b4c27d6ad4ea0,86048,86048,68708,25212.7118816,14.1294307826,179.621238132,241.076993205,33.6792464777,0.00934389008558,3.4033,3.4354,32.4899257633,0.00538881683503,223.818363904,0.0248478338704,15936,1019904,18556736,0.00398400000004,0.00398400000004,0.0926120000013,0,0,0,0,0,0,0,0,0,0,0,0,0,0,596642,,0,0.0,,steady-0.7-12,steady,0.7,12,p2c,main,,3bb6699c0ba4632b76644dd1edcf953cce92ca67162658ade9218e8fa2e1c0b7,0.14730972100005602
qbr,179b4c27d6ad4ea0,86048,86048,68708,25212.7118816,14.9524978658,180.526152342,242.289801362,34.2068456461,0.00523956453397,3.4174,3.4354,25.6918451727,0.000164404581408,224.26822545,0.025134264232,80218,5125344,18563584,0.0205695468749,0.0207444999999,0.0926120000013,200,166,34,0,0,28,43,305.3,1.53571428571,8,0,0,97,73.5863842267,1000023,0.9767441860465116,43,0.0006258368748908424,16.29296784293532,steady-0.7-12,steady,0.7,12,qbr,main,,3bb6699c0ba4632b76644dd1edcf953cce92ca67162658ade9218e8fa2e1c0b7,0.2989716859992768
single,179b4c27d6ad4ea0,86048,86048,68708,25212.7118816,15.0164036361,179.80185937,241.561389268,34.2554713967,0.00539966233917,3.41685,3.4354,26.0409287769,0.000347076338527,224.26822545,0.0252058718224,80170,5123040,18560832,0.0202841249999,0.0204542499999,0.0926124172865,183,148,35,0,0,24,24,170.4,1,1,0,0,59,60.9580787917,999830,1.0,24,0.0003493043022646562,12.359890224643815,steady-0.7-12,steady,0.7,12,single,main,,3bb6699c0ba4632b76644dd1edcf953cce92ca67162658ade9218e8fa2e1c0b7,0.27647741900000256
steal,179b4c27d6ad4ea0,86048,86048,68708,25212.7118816,14.9365613045,179.98266123,241.803950657,34.2230130723,0.00516679280433,3.41765,3.4354,26.7806047913,0.000219206108544,224.493493675,0.0245614035088,109399,6524576,18916448,0.07173837438,0.0886197499998,0.0925835000013,19317,15453,3864,0,0,1101,2153,23266.3,1.95549500454,10,0,0,3068,287.42682843,1158087,0.927170868347339,2142,0.031175408977120567,7.086482784405804,steady-0.7-12,steady,0.7,12,steal,main,,3bb6699c0ba4632b76644dd1edcf953cce92ca67162658ade9218e8fa2e1c0b7,0.28179826799987495
threshold,179b4c27d6ad4ea0,86048,86048,68708,25212.7118816,14.9524978658,179.80185937,241.803950657,34.2202034816,0.00521045584211,3.4175,3.4354,26.6697596236,0.000237473284256,224.718987169,0.0247046186896,85070,5358240,18726848,0.0270725312499,0.0287094999999,0.0926120000013,2090,1640,451,0,0,432,1030,11683,2.38425925926,10,0,0,1473,250.184875796,1023133,0.9610894941634242,1028,0.014961867613669442,9.3438413062057,steady-0.7-12,steady,0.7,12,threshold,main,,3bb6699c0ba4632b76644dd1edcf953cce92ca67162658ade9218e8fa2e1c0b7,0.24493846299992583
work,179b4c27d6ad4ea0,86048,86048,68708,25212.7118816,15.1934676262,178.720834951,239.870230938,33.8917428866,0.00486115153985,3.4187,3.4354,21.3192053636,0,223.593770134,0.0239169351951,15936,1019904,18556032,0.00398400000004,0.00398400000004,0.195716,0,0,0,0,0,0,0,0,0,0,0,0,0,0,682689,,0,0.0,,steady-0.7-12,steady,0.7,12,work,main,,3bb6699c0ba4632b76644dd1edcf953cce92ca67162658ade9218e8fa2e1c0b7,0.16525125300086074
bwc,d896df5cd16e0390,86604,86604,69159,25159.6806888,14.5432803643,177.467806231,242.776624255,33.1424619327,0.00474269437094,3.44155,3.45795,20.4444854033,0,224.718987169,0.0237285683281,51785,3314240,18586112,0.0129463742178,0.0172920000001,0.146821131819,0,0,0,0,0,0,0,0,0,0,35849,1.92897988786,0,0,779482,,0,0.0,,steady-0.7-13,steady,0.7,13,bwc,main,,f250974ed6296ab42050fdec9a300e70ba64e3b3dc04aed682bc1476ed4b5672,0.2113714130000517
jbsq,d896df5cd16e0390,86604,86604,69159,25159.6806888,13.8151810004,177.289516714,242.776624255,32.6260915206,0.00484391040935,3.4412,3.45795,19.3177421847,0.000126499927714,224.718987169,0.0237285683281,0,0,18586240,0,0,0.172884566186,0,0,0,0,0,0,0,0,0,0,0,0,0,0,606227,,0,0.0,,steady-0.7-13,steady,0.7,13,jbsq,main,,f250974ed6296ab42050fdec9a300e70ba64e3b3dc04aed682bc1476ed4b5672,0.14491545500004577
jsw,d896df5cd16e0390,86604,86604,69159,25161.6529122,14.8888470808,178.361931726,245.22538975,33.8344034603,0.00493066701369,3.4409,3.45795,25.2159259955,0,225.396821513,0.0246690298777,15936,1019904,18585984,0.00398400000004,0.00398400000004,0.0930620661869,0,0,0,0,0,0,0,0,0,0,0,0,0,0,599816,,0,0.0,,steady-0.7-13,steady,0.7,13,jsw,main,,f250974ed6296ab42050fdec9a300e70ba64e3b3dc04aed682bc1476ed4b5672,0.15223590299956413
p2c,d896df5cd16e0390,86604,86604,69159,25159.6806888,14.1143164661,178.182748977,243.753194387,33.3690595557,0.00883471420929,3.4274,3.45795,32.2564311948,0.00487928292612,225.396821513,0.0246690298777,15936,1019904,18586240,0.00398400000004,0.00398400000004,0.0930620661869,0,0,0,0,0,0,0,0,0,0,0,0,0,0,599810,,0,0.0,,steady-0.7-13,steady,0.7,13,p2c,main,,f250974ed6296ab42050fdec9a300e70ba64e3b3dc04aed682bc1476ed4b5672,0.13962214200000744
qbr,d896df5cd16e0390,86604,86604,69159,25159.6806888,14.8888470808,178.541293657,243.997947581,33.8837876973,0.00495958588181,3.4408,3.45795,26.122132713,0.000126499927714,226.076691395,0.0243073138971,80231,5125968,18590928,0.0205784674999,0.0209732499999,0.0930635661869,200,170,30,0,0,19,33,234.3,1.73684210526,3,0,0,63,63.5841304374,1002229,0.9393939393939394,33,0.00047716132390578233,14.530261677656448,steady-0.7-13,steady,0.7,13,qbr,main,,f250974ed6296ab42050fdec9a300e70ba64e3b3dc04aed682bc1476ed4b5672,0.23024633700060804
single,d896df5cd16e0390,86604,86604,69159,25159.6806888,14.8888470808,178.720834951,245.964804842,33.8646980871,0.00510418022239,3.4403,3.45795,25.9869279341,0.000198785600694,226.531071854,0.0247413730739,80184,5123712,18590256,0.0202966013749,0.0204804999999,0.0930631700013,188,153,35,0,0,25,25,177.5,1,1,0,0,61,63.0985264456,1002122,1.0,25,0.00036148585144377447,13.150679306626808,steady-0.7-13,steady,0.7,13,single,main,,f250974ed6296ab42050fdec9a300e70ba64e3b3dc04aed682bc1476ed4b5672,0.2222266689996104
steal,d896df5cd16e0390,86604,86604,69159,25161.0877604,14.9206406638,178.720834951,245.22538975,33.9243547948,0.00517647739267,3.44005,3.45795,26.9477056852,0.000234928437184,225.396821513,0.0249584026622,110484,6576304,18957728,0.0736622279046,0.10307225,0.0930350661869,20052,16020,4032,0,0,1126,2192,24778.2,1.94671403197,11,0,0,3147,295.608712256,1163318,0.9306569343065694,2192,0.031695079454590144,7.4088953507009725,steady-0.7-13,steady,0.7,13,steal,main,,f250974ed6296ab42050fdec9a300e70ba64e3b3dc04aed682bc1476ed4b5672,0.28811450000011973
threshold,d896df5cd16e0390,86604,86604,69159,25159.6806888,14.8888470808,178.541293657,245.22538975,33.9091899235,0.00529215286514,3.43965,3.45795,26.8083853961,0.000343356946653,226.303768086,0.0251030890545,84864,5348256,18771120,0.0268454578221,0.0280737499999,0.0930620661869,2018,1592,425,0,0,436,1103,13531.3,2.52981651376,11,0,0,1537,252.679261508,1024845,0.9628623188405797,1104,0.015963215199757082,9.918086917256215,steady-0.7-13,steady,0.7,13,threshold,main,,f250974ed6296ab42050fdec9a300e70ba64e3b3dc04aed682bc1476ed4b5672,0.2368162780003331
work,d896df5cd16e0390,86604,86604,69159,25159.6806888,15.0645009122,177.467806231,242.776624255,33.5054270102,0.00474269437094,3.44155,3.45795,21.2079433453,0,225.170650862,0.0237285683281,15936,1019904,18585664,0.00398400000004,0.00398400000004,0.196779497424,0,0,0,0,0,0,0,0,0,0,0,0,0,0,686413,,0,0.0,,steady-0.7-13,steady,0.7,13,work,main,,f250974ed6296ab42050fdec9a300e70ba64e3b3dc04aed682bc1476ed4b5672,0.16869906499960052
bwc,67ac4940546e6140,86316,86316,69133,25204.0892691,14.5277526116,176.755716121,246.706440398,32.9869642422,0.00418034802482,3.4422,3.45665,20.4016606803,0,222.027883549,0.0209739458596,51724,3310336,18565440,0.0129309877273,0.0165680000001,0.146720500001,0,0,0,0,0,0,0,0,0,0,35788,1.93207220297,0,0,777166,,0,0.0,,steady-0.7-14,steady,0.7,14,bwc,main,,de390177f48f17e38974bf292968193cd9d032e4c46fdf3464dc02271a32bcb4,0.27474469800017687
jbsq,67ac4940546e6140,86316,86316,69133,25204.0892691,13.7855950248,176.755716121,246.211769647,32.4696779731,0.00419481289688,3.44215,3.45665,19.2771675724,1.80655417856e-05,222.027883549,0.0209739458596,0,0,18565120,0,0,0.172850931034,0,0,0,0,0,0,0,0,0,0,0,0,0,0,604211,,0,0.0,,steady-0.7-14,steady,0.7,14,jbsq,main,,de390177f48f17e38974bf292968193cd9d032e4c46fdf3464dc02271a32bcb4,0.14826474700021208
jsw,67ac4940546e6140,86316,86316,69133,25204.0892691,14.8888470808,178.182748977,247.202100985,33.6886135657,0.00455643469834,3.4409,3.45665,25.7720008105,0.000180655417856,222.697636507,0.0221351331737,15936,1019904,18565184,0.00398400000004,0.00398400000004,0.0930370000013,0,0,0,0,0,0,0,0,0,0,0,0,0,0,598222,,0,0.0,,steady-0.7-14,steady,0.7,14,jsw,main,,de390177f48f17e38974bf292968193cd9d032e4c46fdf3464dc02271a32bcb4,0.15311147100055678
p2c,67ac4940546e6140,86316,86316,69133,25204.0892691,14.0540100417,177.646274037,246.954146838,33.1303232543,0.00818711758494,3.42835,3.45665,30.666921538,0.00482349965675,222.697636507,0.0216996879309,15936,1019904,18565696,0.00398400000004,0.00398400000004,0.0930370000013,0,0,0,0,0,0,0,0,0,0,0,0,0,0,598222,,0,0.0,,steady-0.7-14,steady,0.7,14,p2c,main,,de390177f48f17e38974bf292968193cd9d032e4c46fdf3464dc02271a32bcb4,0.13780707099977008
qbr,67ac4940546e6140,86316,86316,69133,25204.0892691,14.9047359279,177.824920311,247.450303086,33.6826906975,0.00451304008216,3.44105,3.45665,25.347268047,3.61310835712e-05,222.697636507,0.0224980042093,80222,5125536,18568544,0.0205541718749,0.0208402499999,0.0930370000013,197,162,35,0,0,14,21,149.1,1.5,4,0,0,61,63.5630911191,1001341,1.0,21,0.00030376231322233957,12.21261034664786,steady-0.7-14,steady,0.7,14,qbr,main,,de390177f48f17e38974bf292968193cd9d032e4c46fdf3464dc02271a32bcb4,0.22790370099937718
single,67ac4940546e6140,86316,86316,69133,25204.0892691,14.8888470808,177.824920311,246.458981416,33.6855752338,0.00445518059393,3.44125,3.45665,25.9061288024,7.22621671424e-05,222.921334143,0.0220625589665,80196,5124288,18567792,0.0202949062499,0.0206557499999,0.0930370000013,192,145,47,0,0,13,13,92.3,1,1,0,0,41,69.7318226782,1001283,1.0,13,0.00018804333675668638,13.1077081697093,steady-0.7-14,steady,0.7,14,single,main,,de390177f48f17e38974bf292968193cd9d032e4c46fdf3464dc02271a32bcb4,0.22912216299937427
steal,67ac4940546e6140,86316,86316,69133,25204.0892691,14.8571169897,178.003745232,247.450303086,33.6885342142,0.00455643469834,3.4409,3.45665,26.2307840852,0.00016258987607,222.921334143,0.0222077073808,109296,6519056,18905936,0.0713343596248,0.0993454999998,0.0930055000013,19019,15388,3632,0,0,1032,1993,23080.3,1.93120155039,8,0,0,2805,274.086899,1157837,0.9332329317269076,1992,0.028814025139947637,7.108376007417724,steady-0.7-14,steady,0.7,14,steal,main,,de390177f48f17e38974bf292968193cd9d032e4c46fdf3464dc02271a32bcb4,0.28441673100041953
threshold,67ac4940546e6140,86316,86316,69133,25204.0892691,14.8888470808,177.646274037,247.698753389,33.6952995449,0.00455643469834,3.4409,3.45665,26.2307840852,0.000144524334285,223.369400733,0.0222802815879,84870,5348576,18719136,0.0267402986249,0.0283367499999,0.0930355000013,2003,1560,444,0,0,374,910,11211,2.43315508021,8,0,0,1249,232.845160094,1023528,0.967032967032967,910,0.013163033572968047,9.71359519672391,steady-0.7-14,steady,0.7,14,threshold,main,,de390177f48f17e38974bf292968193cd9d032e4c46fdf3464dc02271a32bcb4,0.23813442000027862
work,67ac4940546e6140,86316,86316,69133,25204.1061115,15.0966459785,176.755716121,246.211769647,33.3713090231,0.00419481289688,3.44215,3.45665,21.1414525411,0,222.027883549,0.0210465200668,15936,1019904,18565120,0.00398400000004,0.00398400000004,0.1967545,0,0,0,0,0,0,0,0,0,0,0,0,0,0,684537,,0,0.0,,steady-0.7-14,steady,0.7,14,work,main,,de390177f48f17e38974bf292968193cd9d032e4c46fdf3464dc02271a32bcb4,0.1733752630007075
bwc,4369b4ef318dc021,85485,85485,68424,25195.8595611,14.5122403713,175.516388374,234.39614539,33.021604702,0.00420904945633,3.4068,3.4212,20.4873958186,0,219.368864243,0.0211936124807,51500,3296000,18355072,0.0128749291333,0.0193440000002,0.145668000001,0,0,0,0,0,0,0,0,0,0,35564,1.9238555843,0,0,770936,,0,0.0,,steady-0.7-15,steady,0.7,15,bwc,main,,2a87aee0ec5b7abec0480c3fec54d2fb26aa574e2c2234eced36b701f19698b7,0.19027504600035172
jbsq,4369b4ef318dc021,85485,85485,68424,25195.8595611,13.8003806198,175.516388374,234.39614539,32.5119946353,0.00431135274173,3.40645,3.4212,19.2569106618,0.000145892222121,219.148715527,0.0211200235485,0,0,18354880,0,0,0.171045000001,0,0,0,0,0,0,0,0,0,0,0,0,0,0,598394,,0,0.0,,steady-0.7-15,steady,0.7,15,jbsq,main,,2a87aee0ec5b7abec0480c3fec54d2fb26aa574e2c2234eced36b701f19698b7,0.15204677499968966
jsw,4369b4ef318dc021,85485,85485,68424,25198.2760056,14.8254502637,176.933471837,235.575482433,33.6564891029,0.00444288553724,3.406,3.4212,25.0331463628,1.82365277651e-05,221.137997841,0.0222974464641,15936,1019904,18355072,0.00398400000004,0.00398400000004,0.0923280000013,0,0,0,0,0,0,0,0,0,0,0,0,0,0,593218,,0,0.0,,steady-0.7-15,steady,0.7,15,jsw,main,,2a87aee0ec5b7abec0480c3fec54d2fb26aa574e2c2234eced36b701f19698b7,0.19241962500018417
p2c,4369b4ef318dc021,85485,85485,68424,25195.9672645,14.0540100417,176.578137983,234.631541535,33.123728331,0.00736583654858,3.396,3.4212,29.1533833809,0.00370201513632,220.251662795,0.0221502685996,15936,1019904,18354816,0.00398400000004,0.00398400000004,0.0923280000013,0,0,0,0,0,0,0,0,0,0,0,0,0,0,593211,,0,0.0,,steady-0.7-15,steady,0.7,15,p2c,main,,2a87aee0ec5b7abec0480c3fec54d2fb26aa574e2c2234eced36b701f19698b7,0.1347975740000038
qbr,4369b4ef318dc021,85485,85485,68424,25195.8595611,14.8096406231,176.578137983,234.631541535,33.669442009,0.00448672980241,3.40585,3.4212,25.4528153082,0.000109419166591,220.694387372,0.0221502685996,80180,5123520,18357216,0.0205021718749,0.0208534999999,0.0923280000013,179,152,27,0,0,10,15,106.5,1.5,3,0,0,38,60.1664667504,995920,1.0,15,0.00021922132585057875,14.906947303486595,steady-0.7-15,steady,0.7,15,qbr,main,,2a87aee0ec5b7abec0480c3fec54d2fb26aa574e2c2234eced36b701f19698b7,0.23175795000042854
single,4369b4ef318dc021,85485,85485,68424,25201.5901606,14.8254502637,176.755716121,234.867173077,33.6741411491,0.00447211504735,3.4059,3.4212,25.532253139,7.29461110605e-05,220.251662795,0.0222238575318,80152,5122176,18358064,0.0202635624999,0.0205277499999,0.0923280000013,173,143,30,0,0,17,17,120.7,1,1,0,0,42,50.5323825326,996025,0.9411764705882353,17,0.00024845083596398927,13.29460824428861,steady-0.7-15,steady,0.7,15,single,main,,2a87aee0ec5b7abec0480c3fec54d2fb26aa574e2c2234eced36b701f19698b7,0.2760151969996514
steal,4369b4ef318dc021,85485,85485,68424,25195.86157,14.7780687076,176.400737246,234.867173077,33.6719742898,0.00458903308781,3.4055,3.4212,26.122132713,0.000255311388712,219.80982234,0.0220766796674,107726,6443664,18657168,0.0683147294331,0.0876364999998,0.0922965000013,17719,14549,3169,0,0,923,1785,19988.5,1.93391115926,10,0,0,2457,312.287626585,1141041,0.9434806939003917,1787,0.02611656728633228,7.329814498075376,steady-0.7-15,steady,0.7,15,steal,main,,2a87aee0ec5b7abec0480c3fec54d2fb26aa574e2c2234eced36b701f19698b7,0.26727303199913877
threshold,4369b4ef318dc021,85485,85485,68424,25195.8595611,14.7938467763,176.578137983,234.867173077,33.6645719309,0.00448672980241,3.40585,3.4212,25.9330349312,7.29461110605e-05,219.80982234,0.0222974464641,84412,5326608,18515808,0.0263069374999,0.0291682499999,0.0923265000013,1810,1504,306,0,0,390,942,12008.2,2.41538461538,9,0,0,1286,241.854446864,1016508,0.9627659574468085,940,0.013737869753302935,9.27409396543996,steady-0.7-15,steady,0.7,15,threshold,main,,2a87aee0ec5b7abec0480c3fec54d2fb26aa574e2c2234eced36b701f19698b7,0.23555467000005592
work,4369b4ef318dc021,85485,85485,68424,25195.8595611,15.0645009122,175.516388374,234.39614539,33.40247206,0.00422366421139,3.40675,3.4212,21.2301512886,0,219.368864243,0.0212672014129,15936,1019904,18354880,0.00398400000004,0.00398400000004,0.194943,0,0,0,0,0,0,0,0,0,0,0,0,0,0,678694,,0,0.0,,steady-0.7-15,steady,0.7,15,work,main,,2a87aee0ec5b7abec0480c3fec54d2fb26aa574e2c2234eced36b701f19698b7,0.1697423069999786
bwc,c6703fcc4beaea19,85541,85541,68251,25155.8665792,14.5588236446,175.692904762,247.450303086,33.0957596206,0.0042783255923,3.39795,3.41255,20.4873958186,0,223.593770134,0.0214390602056,51446,3292544,18334720,0.0128613709901,0.0160000000002,0.145426000001,0,0,0,0,0,0,0,0,0,0,35510,1.92250070403,0,0,771464,,0,0.0,,steady-0.7-16,steady,0.7,16,bwc,main,,29a8a62dfbd0f825f96c5f687a57d6692d92b1f537f28eae46df137a7d5332b3,0.19248035900000104
jbsq,c6703fcc4beaea19,85541,85541,68251,25155.8665792,13.8151810004,175.692904762,247.450303086,32.5745602213,0.00432228099222,3.3978,3.41255,19.1760851838,3.66092511578e-05,223.369400733,0.0215124816446,0,0,18334720,0,0,0.1706489357,0,0,0,0,0,0,0,0,0,0,0,0,0,0,598786,,0,0.0,,steady-0.7-16,steady,0.7,16,jbsq,main,,29a8a62dfbd0f825f96c5f687a57d6692d92b1f537f28eae46df137a7d5332b3,0.13969400600035442
jsw,c6703fcc4beaea19,85541,85541,68251,25155.8665792,14.841275714,177.111405309,247.947452142,33.7106694298,0.00451275439188,3.39715,3.41255,25.1635726865,3.66092511578e-05,224.718987169,0.0224669603524,15936,1019904,18334912,0.00398400000004,0.00398400000004,0.0921550000013,0,0,0,0,0,0,0,0,0,0,0,0,0,0,593420,,0,0.0,,steady-0.7-16,steady,0.7,16,jsw,main,,29a8a62dfbd0f825f96c5f687a57d6692d92b1f537f28eae46df137a7d5332b3,0.14259883900012937
p2c,c6703fcc4beaea19,85541,85541,68251,25155.8665792,14.0690640517,176.578137983,247.450303086,33.1960337608,0.00808779358544,3.38495,3.41255,29.4562777417,0.00461276564588,223.593770134,0.0220264317181,15936,1019904,18334528,0.00398400000004,0.00398400000004,0.0921550000013,0,0,0,0,0,0,0,0,0,0,0,0,0,0,593420,,0,0.0,,steady-0.7-16,steady,0.7,16,p2c,main,,29a8a62dfbd0f825f96c5f687a57d6692d92b1f537f28eae46df137a7d5332b3,0.13406912700065732
qbr,c6703fcc4beaea19,85541,85541,68251,25155.8665792,14.8571169897,177.289516714,247.450303086,33.7283120416,0.00443949539201,3.3974,3.41255,25.0071392236,1.83046255789e-05,226.076691395,0.0221732745962,80086,5119008,18337712,0.0203913926561,0.0205662499999,0.0921565000013,146,127,19,0,0,13,19,134.9,1.46153846154,2,0,0,44,59.1221259143,995162,0.9473684210526315,19,0.00027838419949890845,11.197409906932128,steady-0.7-16,steady,0.7,16,qbr,main,,29a8a62dfbd0f825f96c5f687a57d6692d92b1f537f28eae46df137a7d5332b3,0.23781806400074856
single,c6703fcc4beaea19,85541,85541,68251,25156.5450127,14.8571169897,176.933471837,248.196399594,33.7110137583,0.00442484359204,3.39745,3.41255,24.7742410135,0,224.493493675,0.0221732745962,80127,5120976,18336304,0.0202364218749,0.0204004999999,0.0921550000013,160,136,24,0,0,9,9,63.9,1,1,0,0,28,42.6801388396,995349,1.0,9,0.00013186619976264085,13.597026706230585,steady-0.7-16,steady,0.7,16,single,main,,29a8a62dfbd0f825f96c5f687a57d6692d92b1f537f28eae46df137a7d5332b3,0.24023333100012678
steal,c6703fcc4beaea19,85541,85541,68251,25155.8665792,14.8096406231,176.933471837,248.944736632,33.7157139055,0.00460066519172,3.39685,3.41255,25.9061288024,0.000256264758104,225.170650862,0.0220264317181,108742,6492656,18649856,0.0700328169023,0.0906232499998,0.0921250000013,18336,15065,3270,0,0,952,1825,21792.5,1.91701680672,10,0,0,2475,290.925,1149181,0.9457534246575342,1825,0.026739534951868836,7.171881349542769,steady-0.7-16,steady,0.7,16,steal,main,,29a8a62dfbd0f825f96c5f687a57d6692d92b1f537f28eae46df137a7d5332b3,0.26964333900014026
threshold,c6703fcc4beaea19,85541,85541,68251,25157.9367651,14.7938467763,176.933471837,248.944736632,33.7006560974,0.0045567097918,3.397,3.41255,25.7720008105,0.000128132379052,224.043182268,0.0223201174743,84155,5314240,18485984,0.0259613906249,0.0273722499999,0.0921535000013,1712,1425,288,0,0,370,879,11370.9,2.37567567568,9,0,0,1170,241.096850974,1015188,0.9647326507394767,879,0.012878932176817922,9.61415610279821,steady-0.7-16,steady,0.7,16,threshold,main,,29a8a62dfbd0f825f96c5f687a57d6692d92b1f537f28eae46df137a7d5332b3,0.24729873599972052
work,c6703fcc4beaea19,85541,85541,68251,25155.8665792,15.1449842225,175.692904762,247.450303086,33.4893373336,0.0042783255923,3.39795,3.41255,21.1635939937,0,223.369400733,0.0214390602056,15936,1019904,18335104,0.00398400000004,0.00398400000004,0.1945585,0,0,0,0,0,0,0,0,0,0,0,0,0,0,678960,,0,0.0,,steady-0.7-16,steady,0.7,16,work,main,,29a8a62dfbd0f825f96c5f687a57d6692d92b1f537f28eae46df137a7d5332b3,0.16873899099937262
bwc,69eedae361791aa5,85952,85952,68748,25156.5319931,14.5432803643,176.223513732,239.149063061,33.1774758887,0.00453831384186,3.4218,3.4374,20.5519224898,0,220.251662795,0.0225955967555,51701,3308864,18501504,0.0129252500001,0.0176600000002,0.14629823909,0,0,0,0,0,0,0,0,0,0,35765,1.92190689221,0,0,775028,,0,0.0,,steady-0.7-17,steady,0.7,17,bwc,main,,0cc1a4e6b59547d09bb9bda05841e2fdefb2d69be5e561a4c3ad40a816f6f091,0.2007333749997997
jbsq,69eedae361791aa5,85952,85952,68748,25156.5319931,13.8151810004,176.223513732,239.149063061,32.6617254093,0.00464013498575,3.42145,3.4374,19.3583979868,0.000127411721878,220.251662795,0.0225955967555,0,0,18501184,0,0,0.171848707869,0,0,0,0,0,0,0,0,0,0,0,0,0,0,601663,,0,0.0,,steady-0.7-17,steady,0.7,17,jbsq,main,,0cc1a4e6b59547d09bb9bda05841e2fdefb2d69be5e561a4c3ad40a816f6f091,0.14588859499963291
jsw,69eedae361791aa5,85952,85952,68748,25160.4674488,14.9047359279,177.111405309,240.111101169,33.8621541125,0.00471286437424,3.4212,3.4374,25.2683840634,7.28066982162e-05,221.805078471,0.0231749710313,15936,1019904,18501248,0.00398400000004,0.00398400000004,0.0926520000013,0,0,0,0,0,0,0,0,0,0,0,0,0,0,595900,,0,0.0,,steady-0.7-17,steady,0.7,17,jsw,main,,0cc1a4e6b59547d09bb9bda05841e2fdefb2d69be5e561a4c3ad40a816f6f091,0.15268157199989218
p2c,69eedae361791aa5,85952,85952,68748,25156.5319931,14.0992172489,176.933471837,240.111101169,33.3459451365,0.00874207249665,3.40735,3.4374,31.5982354996,0.00509646887514,220.694387372,0.0232473928158,15936,1019904,18501376,0.00398400000004,0.00398400000004,0.0926520000013,0,0,0,0,0,0,0,0,0,0,0,0,0,0,595886,,0,0.0,,steady-0.7-17,steady,0.7,17,p2c,main,,0cc1a4e6b59547d09bb9bda05841e2fdefb2d69be5e561a4c3ad40a816f6f091,0.14407445800043206
qbr,69eedae361791aa5,85952,85952,68748,25156.5319931,14.9206406638,176.933471837,240.593564482,33.8701384962,0.00493105253971,3.42045,3.4374,25.347268047,0.000291226792865,222.027883549,0.0233922363847,80180,5123520,18504560,0.0205125304999,0.0208794879999,0.0926520000013,181,155,26,0,0,17,21,149.1,1.23529411765,2,0,0,53,59.0060846515,998179,0.9523809523809523,21,0.0003054634316634666,16.193624898848004,steady-0.7-17,steady,0.7,17,qbr,main,,0cc1a4e6b59547d09bb9bda05841e2fdefb2d69be5e561a4c3ad40a816f6f091,0.2493047630005094
single,69eedae361791aa5,85952,85952,68748,25156.5319931,14.8888470808,177.467806231,239.629601336,33.8531363394,0.00477104788503,3.421,3.4374,25.6918451727,0.000109210047324,222.027883549,0.0233198146002,80131,5121168,18504320,0.0202489981378,0.0203657499999,0.0926520000013,166,139,27,0,0,20,20,142,1,1,0,0,47,57.168480123,998027,0.95,20,0.00029091755396520625,14.919480500059853,steady-0.7-17,steady,0.7,17,single,main,,0cc1a4e6b59547d09bb9bda05841e2fdefb2d69be5e561a4c3ad40a816f6f091,0.24218683399976726
steal,69eedae361791aa5,85952,85952,68748,25156.5319931,14.8888470808,177.467806231,239.629601336,33.8929490651,0.00482923139582,3.4208,3.4374,26.9477056852,0.000236621769203,221.582495975,0.0231025492468,109615,6534368,18846272,0.0717932678748,0.0961024999998,0.0926205000013,19117,15547,3570,0,0,1032,2034,23181.4,1.97093023256,11,0,0,2826,314.008088502,1156750,0.9336935166994106,2036,0.029615406993657997,7.4207475664451,steady-0.7-17,steady,0.7,17,steal,main,,0cc1a4e6b59547d09bb9bda05841e2fdefb2d69be5e561a4c3ad40a816f6f091,0.29907823800022015
threshold,69eedae361791aa5,85952,85952,68748,25156.5319931,14.9206406638,177.467806231,241.076993205,33.8671923598,0.00488741490662,3.4206,3.4374,25.8255715841,0.000254823443757,222.027883549,0.0233198146002,84648,5337936,18665056,0.0265811604037,0.0277264999999,0.0926505000013,1909,1556,353,0,0,402,964,12069.4,2.39800995025,11,0,0,1299,249.320762843,1020274,0.9657676348547718,964,0.014022226101122942,9.467154063508438,steady-0.7-17,steady,0.7,17,threshold,main,,0cc1a4e6b59547d09bb9bda05841e2fdefb2d69be5e561a4c3ad40a816f6f091,0.24482895600067422
work,69eedae361791aa5,85952,85952,68748,25156.5319931,15.1772903359,176.223513732,239.389212124,33.5941537869,0.00455285971956,3.42175,3.4374,21.3192053636,0,220.251662795,0.02266801854,15936,1019904,18501440,0.00398400000004,0.00398400000004,0.195758774,0,0,0,0,0,0,0,0,0,0,0,0,0,0,681837,,0,0.0,,steady-0.7-17,steady,0.7,17,work,main,,0cc1a4e6b59547d09bb9bda05841e2fdefb2d69be5e561a4c3ad40a816f6f091,0.17843637999976636
bwc,8d0fe9dac3f69d6f,85798,85798,68484,25197.0295428,14.5122403713,179.080456342,243.26442128,33.2713745734,0.00486244962327,3.40755,3.4242,20.5303920977,0,225.396821513,0.024241100677,51337,3285568,18423232,0.0128342500001,0.0181560000002,0.145489500001,0,0,0,0,0,0,0,0,0,0,35401,1.93415440242,0,0,772164,,0,0.0,,steady-0.7-18,steady,0.7,18,bwc,main,,74660b9f0b42c021cf27fe767d73ce7b46de5710196927a5b7eed609a76a968b,0.22324498500074696
jbsq,8d0fe9dac3f69d6f,85798,85798,68484,25197.0295428,13.8003806198,179.080456342,243.26442128,32.7618585543,0.00487705157409,3.4075,3.4242,19.4195342763,1.82658410507e-05,225.396821513,0.024241100677,0,0,18423232,0,0,0.171193422613,0,0,0,0,0,0,0,0,0,0,0,0,0,0,600585,,0,0.0,,steady-0.7-18,steady,0.7,18,jbsq,main,,74660b9f0b42c021cf27fe767d73ce7b46de5710196927a5b7eed609a76a968b,0.14267643799939833
jsw,8d0fe9dac3f69d6f,85798,85798,68484,25202.536877,14.8729741067,180.163643891,243.997947581,33.9718567315,0.00518369254132,3.40645,3.4242,25.6385414513,0.000127860887355,226.986361529,0.0253330421489,15936,1019904,18423104,0.00398400000004,0.00398400000004,0.0923880000013,0,0,0,0,0,0,0,0,0,0,0,0,0,0,595110,,0,0.0,,steady-0.7-18,steady,0.7,18,jsw,main,,74660b9f0b42c021cf27fe767d73ce7b46de5710196927a5b7eed609a76a968b,0.15683120599987888
p2c,8d0fe9dac3f69d6f,85798,85798,68484,25197.0295428,14.0841331158,179.98266123,243.997947581,33.4278963505,0.00822089831201,3.39605,3.4242,30.3833390462,0.0040732825543,226.758602926,0.0247506733639,15936,1019904,18423168,0.00398400000004,0.00398400000004,0.0923880000013,0,0,0,0,0,0,0,0,0,0,0,0,0,0,595092,,0,0.0,,steady-0.7-18,steady,0.7,18,p2c,main,,74660b9f0b42c021cf27fe767d73ce7b46de5710196927a5b7eed609a76a968b,0.1382753309999316
qbr,8d0fe9dac3f69d6f,85798,85798,68484,25197.0295428,14.8729741067,180.344807535,243.508685701,33.9464636724,0.00518369254132,3.40645,3.4242,25.2159259955,5.4797523152e-05,226.531071854,0.0256242265415,80189,5123952,18426912,0.0205108922811,0.0207934999999,0.0923880000013,189,149,40,0,0,18,23,163.3,1.27777777778,3,0,0,74,46.7313887419,997862,1.0,23,0.0003358448688744816,15.966673265611975,steady-0.7-18,steady,0.7,18,qbr,main,,74660b9f0b42c021cf27fe767d73ce7b46de5710196927a5b7eed609a76a968b,0.24518290500054718
single,8d0fe9dac3f69d6f,85798,85798,68484,25200.4754021,14.8571169897,180.163643891,244.242945529,33.9758346513,0.00519829449214,3.4064,3.4242,25.6918451727,0.000182658410507,226.986361529,0.0251874499527,80192,5124096,18427776,0.0203069801328,0.0204872499999,0.0923880000013,188,164,24,0,0,28,28,198.8,1,1,0,0,67,60.6822626379,998064,0.9642857142857143,28,0.0004088546229776298,13.349516894935116,steady-0.7-18,steady,0.7,18,single,main,,74660b9f0b42c021cf27fe767d73ce7b46de5710196927a5b7eed609a76a968b,0.24051380299988523
steal,8d0fe9dac3f69d6f,85798,85798,68484,25197.0295428,14.8254502637,179.80185937,243.508685701,33.952369301,0.00521289644296,3.40635,3.4242,26.6145030031,0.000200924251557,226.758602926,0.0251874499527,109533,6530608,18748784,0.0715018204122,0.0956926610974,0.0923580000013,18927,15489,3438,0,0,1007,1907,21614.7,1.89374379345,10,0,0,2631,288.423374256,1153523,0.9262937794040773,1913,0.027933531919864495,7.153807627603287,steady-0.7-18,steady,0.7,18,steal,main,,74660b9f0b42c021cf27fe767d73ce7b46de5710196927a5b7eed609a76a968b,0.28553486700002395
threshold,8d0fe9dac3f69d6f,85798,85798,68484,25201.7077084,14.8729741067,180.163643891,244.488188475,33.9853130065,0.00522749839379,3.4063,3.4242,26.0950376754,0.000127860887355,226.758602926,0.0255514304433,84598,5335456,18587680,0.0265433124999,0.0275622499999,0.0923865000013,1890,1552,339,0,0,406,984,11831.4,2.4236453202,9,0,0,1344,257.000727951,1019231,0.9491869918699187,984,0.014368319607499562,9.567056213091705,steady-0.7-18,steady,0.7,18,threshold,main,,74660b9f0b42c021cf27fe767d73ce7b46de5710196927a5b7eed609a76a968b,0.2485832839993236
work,8d0fe9dac3f69d6f,85798,85798,68484,25197.0295428,15.1288553671,179.080456342,243.26442128,33.6793172156,0.00486244962327,3.40755,3.4242,21.2523814399,0,225.396821513,0.024241100677,15936,1019904,18423232,0.00398400000004,0.00398400000004,0.195098922613,0,0,0,0,0,0,0,0,0,0,0,0,0,0,680889,,0,0.0,,steady-0.7-18,steady,0.7,18,work,main,,74660b9f0b42c021cf27fe767d73ce7b46de5710196927a5b7eed609a76a968b,0.1772024080000847
bwc,caa1caaa958298f2,85377,85377,68379,25169.4535212,14.5432803643,175.340048326,243.508685701,33.0929831588,0.0040217025695,3.4052,3.41895,20.5088832144,0,220.916081759,0.020103808758,51271,3281344,18380736,0.0128177500001,0.0183120000002,0.145288500001,0,0,0,0,0,0,0,0,0,0,35335,1.93488043017,0,0,769330,,0,0.0,,steady-0.7-19,steady,0.7,19,bwc,main,,44037710bc4a406ebd503c2d496cabca5da6bcc67fd7ef7c53e59fbbeb7462ba,0.19205106600020372
jbsq,caa1caaa958298f2,85377,85377,68379,25169.4535212,13.8003806198,175.340048326,243.508685701,32.5756194304,0.00408020006142,3.405,3.41895,19.2366739878,7.3126142596e-05,220.916081759,0.020103808758,0,0,18380480,0,0,0.170919411673,0,0,0,0,0,0,0,0,0,0,0,0,0,0,597638,,0,0.0,,steady-0.7-19,steady,0.7,19,jbsq,main,,44037710bc4a406ebd503c2d496cabca5da6bcc67fd7ef7c53e59fbbeb7462ba,0.14748356200016133
jsw,caa1caaa958298f2,85377,85377,68379,25169.4535212,14.7780687076,176.578137983,243.997947581,33.6923436578,0.00419719504526,3.4046,3.41895,24.9552028626,7.3126142596e-05,221.805078471,0.0206886468309,15936,1019904,18380288,0.00398400000004,0.00398400000004,0.0922830000013,0,0,0,0,0,0,0,0,0,0,0,0,0,0,592478,,0,0.0,,steady-0.7-19,steady,0.7,19,jsw,main,,44037710bc4a406ebd503c2d496cabca5da6bcc67fd7ef7c53e59fbbeb7462ba,0.16387680099978752
p2c,caa1caaa958298f2,85377,85377,68379,25169.4535212,14.0690640517,176.400737246,243.508685701,33.1741595179,0.00696120153848,3.39515,3.41895,28.2626548675,0.00349177330896,221.805078471,0.0208348563491,15936,1019904,18380288,0.00398400000004,0.00398400000004,0.0922830000013,0,0,0,0,0,0,0,0,0,0,0,0,0,0,592478,,0,0.0,,steady-0.7-19,steady,0.7,19,p2c,main,,44037710bc4a406ebd503c2d496cabca5da6bcc67fd7ef7c53e59fbbeb7462ba,0.15827978499964956
qbr,caa1caaa958298f2,85377,85377,68379,25172.9527829,14.8254502637,176.578137983,243.508685701,33.7431398255,0.00422644379122,3.4045,3.41895,25.3209470999,0.000109689213894,222.697636507,0.0206886468309,80102,5119776,18384176,0.0204039531249,0.0205717499999,0.0922830000013,154,127,27,0,0,13,23,163.3,1.76923076923,4,0,0,59,56.1192998606,994547,1.0,23,0.0003363605785401951,14.122906786607572,steady-0.7-19,steady,0.7,19,qbr,main,,44037710bc4a406ebd503c2d496cabca5da6bcc67fd7ef7c53e59fbbeb7462ba,0.24719385700063867
single,caa1caaa958298f2,85377,85377,68379,25169.4535212,14.8254502637,176.578137983,243.997947581,33.734990346,0.00425569253718,3.4044,3.41895,25.2683840634,5.4844606947e-05,222.250911433,0.0210541706265,80153,5122224,18384400,0.0202702968749,0.0204997499999,0.0922830000013,173,150,23,0,0,23,23,163.3,1,1,0,0,55,91.4777638187,994664,1.0,23,0.0003363605785401951,12.507572383181152,steady-0.7-19,steady,0.7,19,single,main,,44037710bc4a406ebd503c2d496cabca5da6bcc67fd7ef7c53e59fbbeb7462ba,0.23962444399967353
steal,caa1caaa958298f2,85377,85377,68379,25169.4535212,14.7938467763,176.400737246,245.718086755,33.7310156324,0.00427031691016,3.40435,3.41895,26.0950376754,0.000201096892139,221.805078471,0.0205424373127,109119,6510944,18689312,0.0705814913748,0.0962327499998,0.0922605000013,18551,15227,3324,0,0,910,1801,21337.1,1.97912087912,9,0,0,2471,313.213212886,1147807,0.9367018323153803,1801,0.026338495736995277,7.291168403757273,steady-0.7-19,steady,0.7,19,steal,main,,44037710bc4a406ebd503c2d496cabca5da6bcc67fd7ef7c53e59fbbeb7462ba,0.2851604530005716
threshold,caa1caaa958298f2,85377,85377,68379,25169.4535212,14.7938467763,176.578137983,243.508685701,33.6968167762,0.00434343877506,3.4041,3.41895,25.3999889304,0.000164533820841,222.027883549,0.0210541706265,84302,5321248,18523824,0.0260880969999,0.0278427499999,0.0922830000013,1781,1434,346,0,0,365,843,10450.3,2.3095890411,13,0,0,1106,233.315021798,1014258,0.9549228944246738,843,0.012328346422147151,9.038825429066913,steady-0.7-19,steady,0.7,19,threshold,main,,44037710bc4a406ebd503c2d496cabca5da6bcc67fd7ef7c53e59fbbeb7462ba,0.24735820800015063
work,caa1caaa958298f2,85377,85377,68379,25171.3725488,15.0966459785,175.340048326,243.508685701,33.4833221791,0.00403632694248,3.40515,3.41895,21.2301512886,0,220.916081759,0.0201769135171,15936,1019904,18380544,0.00398400000004,0.00398400000004,0.194824274,0,0,0,0,0,0,0,0,0,0,0,0,0,0,677860,,0,0.0,,steady-0.7-19,steady,0.7,19,work,main,,44037710bc4a406ebd503c2d496cabca5da6bcc67fd7ef7c53e59fbbeb7462ba,0.17063511699961964
bwc,34f6a86138f02456,85718,85718,68629,25146.4212177,14.5432803643,174.987896545,240.111101169,33.1935296121,0.00403619461161,3.4176,3.43145,20.5519224898,0,219.80982234,0.0200681011374,51566,3300224,18477312,0.0128915000001,0.0186040000002,0.145976500001,0,0,0,0,0,0,0,0,0,0,35630,1.92624193096,0,0,772786,,0,0.0,,steady-0.7-20,steady,0.7,20,bwc,main,,bb9da5fa23a0f077ac4c212bb5bf15547f63a2267f65cccd64d8c64650ec584c,0.20035046500015596
jbsq,34f6a86138f02456,85718,85718,68629,25146.4212177,13.8151810004,174.987896545,240.111101169,32.6753984916,0.00406533681097,3.4175,3.43145,19.3991351412,3.64790427899e-05,219.80982234,0.0200681011374,0,0,18477440,0,0,0.171578500001,0,0,0,0,0,0,0,0,0,0,0,0,0,0,600025,,0,0.0,,steady-0.7-20,steady,0.7,20,jbsq,main,,bb9da5fa23a0f077ac4c212bb5bf15547f63a2267f65cccd64d8c64650ec584c,0.15486676599994098
jsw,34f6a86138f02456,85718,85718,68629,25146.4212177,14.9047359279,176.755716121,240.593564482,33.8668950143,0.00421104780778,3.417,3.43145,25.1897362592,0,221.582495975,0.02093747736,15936,1019904,18477824,0.00398400000004,0.00398400000004,0.0925330000013,0,0,0,0,0,0,0,0,0,0,0,0,0,0,594450,,0,0.0,,steady-0.7-20,steady,0.7,20,jsw,main,,bb9da5fa23a0f077ac4c212bb5bf15547f63a2267f65cccd64d8c64650ec584c,0.15297187200030748
p2c,34f6a86138f02456,85718,85718,68629,25146.4212177,14.1143164661,176.223513732,241.076993205,33.3697746597,0.00779553832928,3.4047,3.43145,31.1131516879,0.00454164082734,220.472914458,0.0207201333044,15936,1019904,18477696,0.00398400000004,0.00398400000004,0.0925330000013,0,0,0,0,0,0,0,0,0,0,0,0,0,0,594450,,0,0.0,,steady-0.7-20,steady,0.7,20,p2c,main,,bb9da5fa23a0f077ac4c212bb5bf15547f63a2267f65cccd64d8c64650ec584c,0.1452806410006815
qbr,34f6a86138f02456,85718,85718,68629,25146.4212177,14.9047359279,176.755716121,242.046754608,33.8778119107,0.00437132990427,3.41645,3.43145,25.4263889193,0.00018239521395,220.694387372,0.0210099253785,80157,5122416,18481168,0.0204659687499,0.0208504999999,0.0925330000013,177,138,39,0,0,15,22,156.2,1.46666666667,3,0,0,57,77.4811042251,996403,0.9545454545454546,22,0.00032056419297964416,12.095556729576897,steady-0.7-20,steady,0.7,20,qbr,main,,bb9da5fa23a0f077ac4c212bb5bf15547f63a2267f65cccd64d8c64650ec584c,0.23315261700008705
single,34f6a86138f02456,85718,85718,68629,25149.7313073,14.8571169897,176.578137983,241.076993205,33.8505258333,0.00422561890746,3.41695,3.43145,25.4792681235,0,221.582495975,0.0210099253785,80083,5118864,18480208,0.0202050468749,0.0204349999999,0.0925330000013,148,122,26,0,0,15,15,106.5,1,1,0,0,37,55.8317105057,996238,1.0,15,0.00021856649521339376,12.207501537937363,steady-0.7-20,steady,0.7,20,single,main,,bb9da5fa23a0f077ac4c212bb5bf15547f63a2267f65cccd64d8c64650ec584c,0.2448573130004661
steal,34f6a86138f02456,85718,85718,68629,25146.4212177,14.8571169897,176.400737246,241.319070198,33.8359670387,0.00435675880459,3.4165,3.43145,25.7185370179,0.000164155692555,221.582495975,0.0210099253785,109510,6529664,18784896,0.071441052127,0.104676,0.0925045000013,19044,15427,3617,0,0,916,1794,21192.4,1.95851528384,8,0,0,2499,287.912384198,1151406,0.9382303839732888,1797,0.026184266126564573,7.17038764412369,steady-0.7-20,steady,0.7,20,steal,main,,bb9da5fa23a0f077ac4c212bb5bf15547f63a2267f65cccd64d8c64650ec584c,0.2849800439998944
threshold,34f6a86138f02456,85718,85718,68629,25146.4212177,14.8729741067,176.755716121,241.076993205,33.8493443353,0.00440047210363,3.41635,3.43145,25.3999889304,0.000255353299529,221.582495975,0.0208650293414,84676,5339328,18617360,0.0265544743749,0.0282209999999,0.0925330000013,1906,1548,357,0,0,363,854,9388.4,2.35261707989,10,0,0,1193,253.076426178,1018349,0.9578454332552693,854,0.012443719127482551,9.106893412998415,steady-0.7-20,steady,0.7,20,threshold,main,,bb9da5fa23a0f077ac4c212bb5bf15547f63a2267f65cccd64d8c64650ec584c,0.24908750200029317
work,34f6a86138f02456,85718,85718,68629,25146.4212177,15.1772903359,174.987896545,240.35221227,33.6071285798,0.00406533681097,3.4175,3.43145,21.3192053636,0,220.251662795,0.0202129971745,15936,1019904,18477504,0.00398400000004,0.00398400000004,0.195483533164,0,0,0,0,0,0,0,0,0,0,0,0,0,0,680167,,0,0.0,,steady-0.7-20,steady,0.7,20,work,main,,bb9da5fa23a0f077ac4c212bb5bf15547f63a2267f65cccd64d8c64650ec584c,0.17631139799959783
bwc,b55792d626cfe727,104583,104583,83608,25187.555221,22.9845904337,189.447344466,260.704722612,42.3868087299,0.0871567314133,3.81605,4.1804,60.6787444782,0.100683412265,236.998488695,0.0337005448946,60741,3887424,22542592,0.0151852500001,0.0226360000003,0.174747000001,0,0,0,0,0,0,0,0,0,0,44805,1.86639883942,0,0,930960,,0,0.0,,steady-0.85-11,steady,0.85,11,bwc,main,,ac426b09e7a95e421b9e2465defa4a23d11ff1bd8dbffdf8d1d21b0eecc79b00,0.28887643000052776
jbsq,b55792d626cfe727,104583,104583,83608,25187.555221,14.2661415919,179.260536798,248.944736632,33.7113721947,0.00862357669123,4.14435,4.1804,31.5331366931,0.00505065643547,226.986361529,0.0227434257285,0,0,22537664,0,0,0.209042500001,0,0,0,0,0,0,0,0,0,0,0,0,0,0,732080,,0,0.0,,steady-0.85-11,steady,0.85,11,jbsq,main,,ac426b09e7a95e421b9e2465defa4a23d11ff1bd8dbffdf8d1d21b0eecc79b00,0.1921346569997695
jsw,b55792d626cfe727,104583,104583,83608,25187.555221,17.8692097325,182.532953968,252.720265945,37.066563094,0.0119246962013,4.13055,4.1804,39.0911146547,0.00834782087405,230.199000565,0.0260601753139,15936,1019904,22537920,0.00398400000004,0.00398400000004,0.107512000002,0,0,0,0,0,0,0,0,0,0,0,0,0,0,707772,,0,0.0,,steady-0.85-11,steady,0.85,11,jsw,main,,ac426b09e7a95e421b9e2465defa4a23d11ff1bd8dbffdf8d1d21b0eecc79b00,0.18696508599987283
p2c,b55792d626cfe727,104583,104583,83608,25187.555221,15.9384374203,183.821545268,254.501644822,37.1944360126,0.0395895129653,4.0149,4.1804,59.3976300532,0.0423685630358,231.822256848,0.0286069651741,15936,1019904,22537856,0.00398400000004,0.00398400000004,0.107512000002,0,0,0,0,0,0,0,0,0,0,0,0,0,0,707772,,0,0.0,,steady-0.85-11,steady,0.85,11,p2c,main,,ac426b09e7a95e421b9e2465defa4a23d11ff1bd8dbffdf8d1d21b0eecc79b00,0.208818152999811
qbr,b55792d626cfe727,104583,104583,83608,25190.6809033,17.9069670212,182.900203409,251.707917019,37.1162441315,0.0139340732944,4.12215,4.1804,40.476945444,0.0107457586476,229.276511937,0.0265339966833,82168,5218944,22560288,0.0223533593749,0.0232137499999,0.107512000002,1138,298,840,0,0,86,143,1015.3,1.66279069767,5,0,0,428,58.9289040438,1118659,0.951048951048951,143,0.001710362644722993,14.357504234718974,steady-0.85-11,steady,0.85,11,qbr,main,,ac426b09e7a95e421b9e2465defa4a23d11ff1bd8dbffdf8d1d21b0eecc79b00,0.27037998600007995
single,b55792d626cfe727,104583,104583,83608,25189.6760771,17.8692097325,182.900203409,252.213585561,37.1100599726,0.013647019424,4.12335,4.1804,40.187764705,0.0103860679815,230.430199565,0.0265339966833,82239,5222352,22550960,0.0219693281249,0.0229657499999,0.107513325502,1156,324,832,0,0,77,77,546.7,1,1,0,0,181,66.7681122276,1118600,0.9342105263157895,76,0.0009090039230695628,12.335056742781681,steady-0.85-11,steady,0.85,11,single,main,,ac426b09e7a95e421b9e2465defa4a23d11ff1bd8dbffdf8d1d21b0eecc79b00,0.26885305999985576
steal,b55792d626cfe727,104583,104583,83608,25187.555221,17.8503593731,182.532953968,250.448159225,36.9940204504,0.0118888144675,4.1307,4.1804,38.9710814571,0.00828787242971,230.199000565,0.0261194029851,100304,6088464,23154592,0.0654401573276,0.0838334999998,0.107488000002,23784,11292,12492,0,0,1898,3973,32483.3,2.09325605901,11,0,0,6970,246.848356098,1238018,0.8644366197183099,3976,0.047555257870060284,8.019718836007106,steady-0.85-11,steady,0.85,11,steal,main,,ac426b09e7a95e421b9e2465defa4a23d11ff1bd8dbffdf8d1d21b0eecc79b00,0.3233098399996379
threshold,b55792d626cfe727,104583,104583,83608,25189.5852607,17.8315278453,182.166437926,250.196962263,37.1007613922,0.0139101521386,4.12225,4.1804,40.3941158182,0.0107457586476,230.430199565,0.0264155413409,97846,5971344,22924336,0.0388205752362,0.0442012037807,0.107509000002,8377,2422,5955,0,0,1001,2566,20593.6,2.56343656344,13,0,0,4491,209.797820594,1185072,0.911925175370226,2566,0.03069084298153287,10.9330166379043,steady-0.85-11,steady,0.85,11,threshold,main,,ac426b09e7a95e421b9e2465defa4a23d11ff1bd8dbffdf8d1d21b0eecc79b00,0.2831173989998206
work,b55792d626cfe727,104583,104583,83608,25187.555221,17.129699785,180.889386173,251.203258299,36.31201234,0.00544206296048,4.15765,4.1804,34.2765588262,0.000629458665548,228.816648822,0.0244610281924,15936,1019904,22537664,0.00398400000004,0.00398400000004,0.2329465,0,0,0,0,0,0,0,0,0,0,0,0,0,0,812354,,0,0.0,,steady-0.85-11,steady,0.85,11,work,main,,ac426b09e7a95e421b9e2465defa4a23d11ff1bd8dbffdf8d1d21b0eecc79b00,0.22840457599977526
bwc,eda19c0d1b31eb4b,104118,104118,83062,25191.5712039,19.3991351412,187.364938923,249.194681368,40.366948553,0.0778695432328,3.8297,4.1531,58.7372251528,0.0895718096731,232.288134184,0.0314126727697,60353,3862592,22379776,0.0150882500001,0.0213800000001,0.173639000001,0,0,0,0,0,0,0,0,0,0,44417,1.87126550645,0,0,927078,,0,0.0,,steady-0.85-12,steady,0.85,12,bwc,main,,09c5bcc4569b2f929ace223b18cabdf71b4d7148ca1394426a780cca982e8f92,0.24022182199951203
jbsq,eda19c0d1b31eb4b,104118,104118,83062,25191.5712039,14.2052293822,179.080456342,239.389212124,33.5379543,0.00865618453685,4.11715,4.1531,31.1131516879,0.00486819695851,224.26822545,0.0236941303177,0,0,22368064,0,0,0.207709000001,0,0,0,0,0,0,0,0,0,0,0,0,0,0,728825,,0,0.0,,steady-0.85-12,steady,0.85,12,jbsq,main,,09c5bcc4569b2f929ace223b18cabdf71b4d7148ca1394426a780cca982e8f92,0.19122502200025338
jsw,eda19c0d1b31eb4b,104118,104118,83062,25191.5712039,17.6628884155,182.900203409,245.718086755,36.8333106628,0.0133153547952,4.0978,4.1531,40.0644481262,0.01009811753,228.587061761,0.0260874768145,15936,1019904,22369792,0.00398400000004,0.00398400000004,0.106966000002,0,0,0,0,0,0,0,0,0,0,0,0,0,0,704994,,0,0.0,,steady-0.85-12,steady,0.85,12,jsw,main,,09c5bcc4569b2f929ace223b18cabdf71b4d7148ca1394426a780cca982e8f92,0.18486376900000323
p2c,eda19c0d1b31eb4b,104118,104118,83062,25191.5712039,15.703068387,183.452455904,244.488188475,36.7919927457,0.0375141460596,3.9973,4.1531,57.789505298,0.0402568237652,227.21434789,0.0266259797762,15936,1019904,22371200,0.00398400000004,0.00398400000004,0.106966000002,0,0,0,0,0,0,0,0,0,0,0,0,0,0,704994,,0,0.0,,steady-0.85-12,steady,0.85,12,p2c,main,,09c5bcc4569b2f929ace223b18cabdf71b4d7148ca1394426a780cca982e8f92,0.23440550099985558
qbr,eda19c0d1b31eb4b,104118,104118,83062,25191.5712039,17.5698532649,181.800653818,244.488188475,36.7259260365,0.0114974356505,4.10535,4.1531,38.5735602869,0.00789763221752,228.128575481,0.0257883085024,81886,5205408,22386144,0.0221060586088,0.0227664999999,0.106966000002,992,290,704,0,0,70,109,773.9,1.55714285714,4,0,0,343,75.4882461395,1114964,0.963302752293578,109,0.0013122727601069081,13.589983380869645,steady-0.85-12,steady,0.85,12,qbr,main,,09c5bcc4569b2f929ace223b18cabdf71b4d7148ca1394426a780cca982e8f92,0.27963965900016774
single,eda19c0d1b31eb4b,104118,104118,83062,25191.5712039,17.6070115412,182.900203409,244.488188475,36.7864082322,0.0129421396066,4.09935,4.1531,39.8189214964,0.00967610664818,226.758602926,0.0259079758272,81991,5210448,22387024,0.0217973906249,0.0222892499999,0.106966000002,1044,326,718,0,0,103,103,731.3,1,1,0,0,236,55.6775021145,1115326,0.941747572815534,103,0.0012400375623028582,13.00211824797382,steady-0.85-12,steady,0.85,12,single,main,,09c5bcc4569b2f929ace223b18cabdf71b4d7148ca1394426a780cca982e8f92,0.27034506400013925
steal,eda19c0d1b31eb4b,104118,104118,83062,25192.8439084,17.4772818977,182.532953968,242.533091164,36.6006938353,0.0112205340589,4.1065,4.1531,38.4945317289,0.00755098042171,226.531071854,0.0257883085024,102247,6181328,22989008,0.0681712855188,0.0849797630605,0.106948238184,24224,12303,11921,0,0,1947,3963,32982.3,2.03543913713,10,0,0,6809,259.133614449,1241779,0.8591620393740536,3962,0.04769930894994101,7.557017822902705,steady-0.85-12,steady,0.85,12,steal,main,,09c5bcc4569b2f929ace223b18cabdf71b4d7148ca1394426a780cca982e8f92,0.31392806700023357
threshold,eda19c0d1b31eb4b,104118,104118,83062,25195.6813091,17.5884231181,182.532953968,244.488188475,36.715334696,0.0119188076377,4.1036,4.1531,38.9710814571,0.00833471491658,227.442562238,0.0261473104769,96798,5920960,22770688,0.0381705312499,0.0421669999999,0.106960000002,7829,2507,5325,0,0,1036,2638,22244.8,2.54633204633,11,0,0,4555,211.641170397,1180674,0.9200454717696097,2639,0.03177144783414799,10.887259364129067,steady-0.85-12,steady,0.85,12,threshold,main,,09c5bcc4569b2f929ace223b18cabdf71b4d7148ca1394426a780cca982e8f92,0.29648017099952995
work,eda19c0d1b31eb4b,104118,104118,83062,25191.5712039,16.6822967825,180.526152342,242.533091164,35.9474521538,0.0108112012713,4.1082,4.1531,38.1799925519,0.00738519043241,225.849841553,0.0244121342667,15936,1019904,22375232,0.00398400000004,0.00398400000004,0.2316535,0,0,0,0,0,0,0,0,0,0,0,0,0,0,809111,,0,0.0,,steady-0.85-12,steady,0.85,12,work,main,,09c5bcc4569b2f929ace223b18cabdf71b4d7148ca1394426a780cca982e8f92,0.2122337319997314
bwc,429d0c20816fc229,105145,105145,83922,25187.9542289,26.7806047913,201.21788796,271.379650934,47.2414253728,0.1678463335,3.4918,4.1961,108.470221755,0.196908091685,249.194681368,0.051552535908,60624,3879936,22563968,0.0151560000001,0.0180920000002,0.174880000001,0,0,0,0,0,0,0,0,0,0,44688,1.87842373792,0,0,935386,,0,0.0,,steady-0.85-13,steady,0.85,13,bwc,main,,71e5d47a8f4f502d3972c4f388347468337d2054ee021ef366364965b634d25a,0.2688713750003444
jbsq,429d0c20816fc229,105145,105145,83922,25191.6920496,14.2661415919,178.182748977,243.508685701,33.4539416712,0.00869855341865,4.1596,4.1961,31.5331366931,0.00475105372116,225.623218335,0.0244949043447,0,0,22556288,0,0,0.209806500001,0,0,0,0,0,0,0,0,0,0,0,0,0,0,736014,,0,0.0,,steady-0.85-13,steady,0.85,13,jbsq,main,,71e5d47a8f4f502d3972c4f388347468337d2054ee021ef366364965b634d25a,0.1946762329998819
jsw,429d0c20816fc229,105145,105145,83922,25186.9107717,17.9258739882,182.349604364,245.964804842,36.9600504146,0.0155501537142,4.13085,4.1961,41.5264080876,0.0125999731915,228.128575481,0.0273556231003,15936,1019904,22556992,0.00398400000004,0.00398400000004,0.107826000002,0,0,0,0,0,0,0,0,0,0,0,0,0,0,711142,,0,0.0,,steady-0.85-13,steady,0.85,13,jsw,main,,71e5d47a8f4f502d3972c4f388347468337d2054ee021ef366364965b634d25a,0.1741577849998066
p2c,429d0c20816fc229,105145,105145,83922,25194.1579115,15.8877235696,183.821545268,250.951306992,37.0941420169,0.043171039775,4.01495,4.1961,60.5555717791,0.0466913900183,231.589667181,0.0290839740151,15936,1019904,22555712,0.00398400000004,0.00398400000004,0.107826000002,0,0,0,0,0,0,0,0,0,0,0,0,0,0,711164,,0,0.0,,steady-0.85-13,steady,0.85,13,p2c,main,,71e5d47a8f4f502d3972c4f388347468337d2054ee021ef366364965b634d25a,0.18023110600006476
qbr,429d0c20816fc229,105145,105145,83922,25194.4288463,17.8503593731,181.983454472,247.202100985,36.820354169,0.0116536784157,4.1472,4.1961,38.7320921277,0.00769998361706,229.046465471,0.0274748197151,82232,5221920,22577424,0.0224653376249,0.0231014999999,0.107826000002,1153,336,816,0,0,83,130,923,1.56626506024,6,0,0,380,58.6289984109,1122137,0.9153846153846154,130,0.0015490574581158694,15.16751825347743,steady-0.85-13,steady,0.85,13,qbr,main,,71e5d47a8f4f502d3972c4f388347468337d2054ee021ef366364965b634d25a,0.2782385790005719
single,429d0c20816fc229,105145,105145,83922,25190.8411005,17.9069670212,181.983454472,246.954146838,36.9718853532,0.0160387026048,4.1288,4.1961,41.6541149336,0.0131957166049,228.587061761,0.0274152214077,82052,5213280,22572624,0.0218330924686,0.0223177499999,0.107826000002,1093,282,812,0,0,91,91,646.1,1,1,0,0,205,55.5405467531,1121416,0.9239130434782609,92,0.001096256047282,13.005009538986739,steady-0.85-13,steady,0.85,13,single,main,,71e5d47a8f4f502d3972c4f388347468337d2054ee021ef366364965b634d25a,0.26932730699991225
steal,429d0c20816fc229,105145,105145,83922,25194.1536116,17.8127151301,181.253346835,246.706440398,36.8060320601,0.0135363790186,4.1393,4.1961,40.0644481262,0.0100829572703,227.6710048,0.0273556231003,99757,6062128,23196352,0.0643924836112,0.0847147499998,0.107803500002,23118,11073,12044,0,0,2000,4112,33565.2,2.056,11,0,0,7200,266.436130645,1239369,0.861347603989297,4111,0.04898596315626415,7.963489116921164,steady-0.85-13,steady,0.85,13,steal,main,,71e5d47a8f4f502d3972c4f388347468337d2054ee021ef366364965b634d25a,0.30223040400051104
threshold,429d0c20816fc229,105145,105145,83922,25205.3145434,17.8315278453,181.435600182,245.964804842,36.8943203844,0.0144896451467,4.1353,4.1961,40.6431022534,0.0113042312676,228.816648822,0.0272364264855,97816,5969760,22958672,0.038859416564,0.0449929999999,0.107821500002,8394,2425,5967,0,0,1058,2644,22002.4,2.49905482042,12,0,0,4746,207.925907166,1189505,0.9183055975794251,2644,0.03150544553275661,10.587046006506187,steady-0.85-13,steady,0.85,13,threshold,main,,71e5d47a8f4f502d3972c4f388347468337d2054ee021ef366364965b634d25a,0.28759594700022717
work,429d0c20816fc229,105145,105145,83922,25186.9107717,17.1841432915,180.344807535,246.706440398,36.428431879,0.0209718548176,4.1081,4.1961,43.616389349,0.019823362078,228.128575481,0.0255676738781,15936,1019904,22557632,0.00398400000004,0.00398400000004,0.2337155,0,0,0,0,0,0,0,0,0,0,0,0,0,0,816286,,0,0.0,,steady-0.85-13,steady,0.85,13,work,main,,71e5d47a8f4f502d3972c4f388347468337d2054ee021ef366364965b634d25a,0.22955239099974278
bwc,27248145ea7ce123,104655,104655,83830,25163.4893724,18.385357013,184.561941118,252.973986211,39.1641083452,0.0684361207205,3.90465,4.1915,55.0916433754,0.0781229050279,232.055079105,0.0295121221191,59799,3827136,22511552,0.0149497500001,0.0199440000002,0.173531767531,0,0,0,0,0,0,0,0,0,0,43863,1.91149716162,0,0,928574,,0,0.0,,steady-0.85-14,steady,0.85,14,bwc,main,,778dcae8e53b9ad7a8f9e65efca33ce8d73e6311a25555e52205b2565697e04a,0.25160448499991617
jbsq,27248145ea7ce123,104655,104655,83830,25163.4893724,14.1900393428,176.933471837,246.211769647,33.1867092221,0.00739592031492,4.1605,4.1915,30.0401846728,0.00376908752328,222.697636507,0.0219694702185,0,0,22511360,0,0,0.209594767531,0,0,0,0,0,0,0,0,0,0,0,0,0,0,732584,,0,0.0,,steady-0.85-14,steady,0.85,14,jbsq,main,,778dcae8e53b9ad7a8f9e65efca33ce8d73e6311a25555e52205b2565697e04a,0.18498525500035612
jsw,27248145ea7ce123,104655,104655,83830,25163.4893724,17.5698532649,180.526152342,248.944736632,36.4163683813,0.0120004771561,4.1412,4.1915,39.3322635118,0.00890875232775,226.758602926,0.024423825202,15936,1019904,22511104,0.00398400000004,0.00398400000004,0.107734774002,0,0,0,0,0,0,0,0,0,0,0,0,0,0,708128,,0,0.0,,steady-0.85-14,steady,0.85,14,jsw,main,,778dcae8e53b9ad7a8f9e65efca33ce8d73e6311a25555e52205b2565697e04a,0.18846431499969185
p2c,27248145ea7ce123,104655,104655,83830,25167.8850871,15.5866131947,182.166437926,252.973986211,36.4295234525,0.0379816294883,4.0323,4.1915,58.5583713042,0.0408640595903,231.125184686,0.0263992816522,15936,1019904,22512128,0.00398400000004,0.00398400000004,0.107734774002,0,0,0,0,0,0,0,0,0,0,0,0,0,0,708141,,0,0.0,,steady-0.85-14,steady,0.85,14,p2c,main,,778dcae8e53b9ad7a8f9e65efca33ce8d73e6311a25555e52205b2565697e04a,0.19614732399986679
qbr,27248145ea7ce123,104655,104655,83830,25174.6993407,17.5698532649,180.707678495,250.699607384,36.4352492699,0.0123822020756,4.1396,4.1915,39.3725957753,0.0091322160149,227.442562238,0.0254414845855,82073,5214384,22533888,0.0223440468749,0.0233919999999,0.107734267532,1075,336,738,0,0,92,139,986.9,1.51086956522,4,0,0,399,67.0469108086,1118367,0.9785714285714285,140,0.0016700465227245617,14.72213281748759,steady-0.85-14,steady,0.85,14,qbr,main,,778dcae8e53b9ad7a8f9e65efca33ce8d73e6311a25555e52205b2565697e04a,0.2877351560000534
single,27248145ea7ce123,104655,104655,83830,25166.6672858,17.5698532649,180.526152342,248.944736632,36.4115379708,0.0112370273172,4.1444,4.1915,38.692399728,0.00791061452514,226.531071854,0.0246034121521,81996,5210688,22528672,0.0217969999999,0.0226082499999,0.107734267532,1044,326,718,0,0,98,98,695.8,1,1,0,0,225,64.7109180154,1118140,0.9591836734693877,98,0.001169032565907193,13.094821877630684,steady-0.85-14,steady,0.85,14,single,main,,778dcae8e53b9ad7a8f9e65efca33ce8d73e6311a25555e52205b2565697e04a,0.2704901520000931
steal,27248145ea7ce123,104655,104655,83830,25164.2898234,17.5513019629,179.98266123,247.450303086,36.3826106147,0.0114636764881,4.14345,4.1915,38.7718242199,0.00797020484171,226.986361529,0.0255013469021,102143,6176608,23158432,0.0683094443574,0.0874982499998,0.107714767532,24378,12308,12070,0,0,2076,4130,34073,1.9894026975,10,0,0,7233,255.687442654,1246640,0.8558645707376058,4135,0.0493260169390433,7.771645727742783,steady-0.85-14,steady,0.85,14,steal,main,,778dcae8e53b9ad7a8f9e65efca33ce8d73e6311a25555e52205b2565697e04a,0.3028557590005221
threshold,27248145ea7ce123,104655,104655,83830,25163.4893724,17.4957591796,180.889386173,249.946016247,36.3989451554,0.0118692592151,4.14175,4.1915,39.2115083121,0.0086852886406,225.623218335,0.0246632744687,96660,5914304,22938624,0.0382766093749,0.0441309999999,0.107729767532,7734,2611,5123,0,0,1084,2771,24804.1,2.55627306273,11,0,0,4681,221.252932647,1182126,0.9296282930350054,2771,0.033054992246212576,10.96168484068503,steady-0.85-14,steady,0.85,14,threshold,main,,778dcae8e53b9ad7a8f9e65efca33ce8d73e6311a25555e52205b2565697e04a,0.3091709729997092
work,27248145ea7ce123,104655,104655,83830,25163.4893724,16.5590143277,179.260536798,247.450303086,35.8853941224,0.023476082548,4.0931,4.1915,45.4362906236,0.0232998137803,227.21434789,0.0241843759353,15936,1019904,22511168,0.00398400000004,0.00398400000004,0.233499274,0,0,0,0,0,0,0,0,0,0,0,0,0,0,812782,,0,0.0,,steady-0.85-14,steady,0.85,14,work,main,,778dcae8e53b9ad7a8f9e65efca33ce8d73e6311a25555e52205b2565697e04a,0.2346382910000102
bwc,99e2612c5be3056a,104122,104122,83451,25214.9817801,20.104272671,183.268187716,240.111101169,39.741276777,0.0456555343854,3.98205,4.17255,47.0894967604,0.0501376915709,225.170650862,0.0276525398257,60316,3860224,22415296,0.0150790000001,0.0258080000002,0.173951500001,0,0,0,0,0,0,0,0,0,0,44380,1.88071203245,0,0,926970,,0,0.0,,steady-0.85-15,steady,0.85,15,bwc,main,,0307da47c933f44e92d740f6ef78ae87ce257a94993c57d714f38218bcdcb288,0.24305777500012482
jbsq,99e2612c5be3056a,104122,104122,83451,25214.9817801,14.1748644784,175.692904762,233.926058347,33.2253873564,0.00663862625972,4.14485,4.17255,27.6262210527,0.00300826149425,218.051266491,0.0212203186054,0,0,22409600,0,0,0.208609114677,0,0,0,0,0,0,0,0,0,0,0,0,0,0,728853,,0,0.0,,steady-0.85-15,steady,0.85,15,jbsq,main,,0307da47c933f44e92d740f6ef78ae87ce257a94993c57d714f38218bcdcb288,0.19555953300005058
jsw,99e2612c5be3056a,104122,104122,83451,25215.0615697,17.4772818977,179.621238132,236.998488695,36.4494226214,0.00974224395154,4.1319,4.17255,37.7515873469,0.00630088601533,222.474162344,0.0235647730688,15936,1019904,22410432,0.00398400000004,0.00398400000004,0.107355774002,0,0,0,0,0,0,0,0,0,0,0,0,0,0,705094,,0,0.0,,steady-0.85-15,steady,0.85,15,jsw,main,,0307da47c933f44e92d740f6ef78ae87ce257a94993c57d714f38218bcdcb288,0.19592008200015698
p2c,99e2612c5be3056a,104122,104122,83451,25214.9817801,15.6031998079,180.889386173,240.111101169,36.4626965325,0.0353021533595,4.02525,4.17255,56.5108916761,0.037805316092,223.818363904,0.0252479711452,15936,1019904,22410496,0.00398400000004,0.00398400000004,0.107355774002,0,0,0,0,0,0,0,0,0,0,0,0,0,0,705094,,0,0.0,,steady-0.85-15,steady,0.85,15,p2c,main,,0307da47c933f44e92d740f6ef78ae87ce257a94993c57d714f38218bcdcb288,0.20821178400001372
qbr,99e2612c5be3056a,104122,104122,83451,25214.9817801,17.5142549388,179.440797335,238.430054368,36.4702434829,0.0104971779847,4.12875,4.17255,38.1799925519,0.00725874042146,222.697636507,0.0235046588518,82041,5212848,22431856,0.0223267187499,0.0236152499999,0.107355000002,1051,344,707,0,0,85,144,1022.4,1.69411764706,6,0,0,400,100.529665303,1115802,0.9444444444444444,144,0.0017255635043318834,14.10135849074347,steady-0.85-15,steady,0.85,15,qbr,main,,0307da47c933f44e92d740f6ef78ae87ce257a94993c57d714f38218bcdcb288,0.2809337759999835
single,99e2612c5be3056a,104122,104122,83451,25214.9817801,17.5513019629,179.621238132,236.998488695,36.4570226822,0.0101376855879,4.13025,4.17255,37.9068263609,0.0067349137931,220.916081759,0.0238052299369,81961,5209008,22427856,0.0217760781249,0.0226737499999,0.107355000002,1022,340,682,0,0,103,103,731.3,1,1,0,0,236,54.7171977798,1115651,0.9320388349514563,103,0.0012342572287929443,12.589624200866789,steady-0.85-15,steady,0.85,15,single,main,,0307da47c933f44e92d740f6ef78ae87ce257a94993c57d714f38218bcdcb288,0.2901783309998791
steal,99e2612c5be3056a,104122,104122,83451,25216.4104419,17.3668051968,179.080456342,238.190863505,36.346531523,0.0104372625852,4.129,4.17255,38.3762847066,0.00731860632184,222.027883549,0.0229636308987,101914,6165248,23031920,0.0678599161148,0.0992243834998,0.107334000002,24265,12156,12109,0,0,1984,3977,32606.7,2.00453629032,10,0,0,7089,280.823034845,1245177,0.876192867905575,3982,0.047716624126733054,8.22598861390961,steady-0.85-15,steady,0.85,15,steal,main,,0307da47c933f44e92d740f6ef78ae87ce257a94993c57d714f38218bcdcb288,0.3065115790004711
threshold,99e2612c5be3056a,104122,104122,83451,25214.9817801,17.5327691937,179.260536798,236.998488695,36.5032341397,0.0107727888222,4.1276,4.17255,38.652746981,0.00767780172414,222.250911433,0.0232040877668,96360,5900016,22840928,0.037976905638,0.0444779902105,0.107352000002,7629,2555,5073,0,0,1122,2815,24451.5,2.50891265597,12,0,0,4980,244.130091922,1178289,0.9194464158977999,2818,0.03376831913338366,10.8450796183145,steady-0.85-15,steady,0.85,15,threshold,main,,0307da47c933f44e92d740f6ef78ae87ce257a94993c57d714f38218bcdcb288,0.2862095140008023
work,99e2612c5be3056a,104122,104122,83451,25215.0033473,16.8242512525,176.933471837,234.160984405,35.4833761315,0.00494901199506,4.1519,4.17255,33.6475730538,0.000658524904215,219.80982234,0.0221821460775,15936,1019904,22410688,0.00398400000004,0.00398400000004,0.232520274,0,0,0,0,0,0,0,0,0,0,0,0,0,0,809215,,0,0.0,,steady-0.85-15,steady,0.85,15,work,main,,0307da47c933f44e92d740f6ef78ae87ce257a94993c57d714f38218bcdcb288,0.21445506599957298
bwc,ff7c13d71189fac5,103887,103887,82897,25225.9463523,17.7376520212,179.98266123,251.455461557,36.7707341517,0.0113393729568,4.09785,4.14485,39.2517198204,0.00776783963559,228.816648822,0.0256054946379,60100,3846400,22290880,0.0150250000001,0.0225400000001,0.173054625588,0,0,0,0,0,0,0,0,0,0,44164,1.87718503759,0,0,924586,,0,0.0,,steady-0.85-16,steady,0.85,16,bwc,main,,30a51fbfd7ef003091ff3d47fc641c750927b6bd1bc4520f19f36284604f6890,0.2591975100003765
jbsq,ff7c13d71189fac5,103887,103887,82897,25225.9463523,14.1597047736,176.933471837,247.698753389,33.2724365404,0.00688806591312,4.1163,4.14485,27.3982384025,0.00303171993544,224.043182268,0.0222918423906,0,0,22289920,0,0,0.207260500001,0,0,0,0,0,0,0,0,0,0,0,0,0,0,727208,,0,0.0,,steady-0.85-16,steady,0.85,16,jbsq,main,,30a51fbfd7ef003091ff3d47fc641c750927b6bd1bc4520f19f36284604f6890,0.17289017099938064
jsw,ff7c13d71189fac5,103887,103887,82897,25225.9463523,17.4403826919,180.344807535,251.455461557,36.4254891734,0.00978322496592,4.1043,4.14485,36.8709077236,0.00582210893075,228.587061761,0.0256054946379,15936,1019904,22290624,0.00398400000004,0.00398400000004,0.106801774002,0,0,0,0,0,0,0,0,0,0,0,0,0,0,703718,,0,0.0,,steady-0.85-16,steady,0.85,16,jsw,main,,30a51fbfd7ef003091ff3d47fc641c750927b6bd1bc4520f19f36284604f6890,0.19205128500016144
p2c,ff7c13d71189fac5,103887,103887,82897,25225.9463523,15.5039283485,181.071275559,252.213585561,36.2651937708,0.0333184554326,4.00675,4.14485,55.1477350188,0.0350834854221,231.589667181,0.0262682250874,15936,1019904,22290496,0.00398400000004,0.00398400000004,0.106801774002,0,0,0,0,0,0,0,0,0,0,0,0,0,0,703718,,0,0.0,,steady-0.85-16,steady,0.85,16,p2c,main,,30a51fbfd7ef003091ff3d47fc641c750927b6bd1bc4520f19f36284604f6890,0.1801875689998269
qbr,ff7c13d71189fac5,103887,103887,82897,25225.9463523,17.4588230746,180.163643891,253.991407016,36.4210285973,0.00927657213168,4.1064,4.14485,36.6821199258,0.00527911431545,228.357704057,0.0252440053018,81754,5199072,22313056,0.0220901249999,0.0230947499999,0.106801000002,915,334,581,0,0,90,140,994,1.55555555556,6,0,0,373,62.44622894,1113568,0.9714285714285714,140,0.0016888427808002702,14.88739158186209,steady-0.85-16,steady,0.85,16,qbr,main,,30a51fbfd7ef003091ff3d47fc641c750927b6bd1bc4520f19f36284604f6890,0.27923563399963314
single,ff7c13d71189fac5,103887,103887,82897,25225.9463523,17.3484567401,180.163643891,250.951306992,36.3420743607,0.00932482478256,4.1062,4.14485,36.8709077236,0.005369613418,228.587061761,0.0251235088565,81855,5203920,22305216,0.0216751093749,0.0222337499999,0.106801000002,967,326,641,0,0,84,84,596.4,1,1,0,0,198,75.665994671,1114049,0.9761904761904762,84,0.0010133056684801622,12.172123565139286,steady-0.85-16,steady,0.85,16,single,main,,30a51fbfd7ef003091ff3d47fc641c750927b6bd1bc4520f19f36284604f6890,0.27936635300011403
steal,ff7c13d71189fac5,103887,103887,82897,25225.9463523,17.3668051968,180.163643891,250.196962263,36.3354542262,0.00992798291856,4.1037,4.14485,37.4045605074,0.00606343987089,228.357704057,0.0253645017472,102610,6198768,22977312,0.0688963437498,0.0828944999998,0.106775500002,24360,12559,11801,0,0,2098,4376,37529.6,2.08579599619,13,0,0,7519,252.008307264,1246370,0.8731975280384527,4369,0.052703957923688434,7.892611395720348,steady-0.85-16,steady,0.85,16,steal,main,,30a51fbfd7ef003091ff3d47fc641c750927b6bd1bc4520f19f36284604f6890,0.31645451099939237
threshold,ff7c13d71189fac5,103887,103887,82897,25225.9463523,17.4219607312,180.163643891,249.44487605,36.4256993278,0.0107482779835,4.1003,4.14485,38.1017499502,0.00701368044767,228.357704057,0.0256657428606,95946,5880112,22721248,0.0378645313767,0.0413754340526,0.106796500002,7356,2686,4670,0,0,1123,2819,24099.9,2.51024042743,12,0,0,5054,228.179319257,1176393,0.9062166962699822,2815,0.03395780305680543,10.52994965055373,steady-0.85-16,steady,0.85,16,threshold,main,,30a51fbfd7ef003091ff3d47fc641c750927b6bd1bc4520f19f36284604f6890,0.2968819799998528
work,ff7c13d71189fac5,103887,103887,82897,25225.9463523,16.211494548,177.111405309,247.450303086,34.7375636679,0.00472875978624,4.12525,4.14485,28.2042172288,0.00019608138886,224.26822545,0.0228340763947,15936,1019904,22290368,0.00398400000004,0.00398400000004,0.231168296236,0,0,0,0,0,0,0,0,0,0,0,0,0,0,807604,,0,0.0,,steady-0.85-16,steady,0.85,16,work,main,,30a51fbfd7ef003091ff3d47fc641c750927b6bd1bc4520f19f36284604f6890,0.23522842199963634
bwc,63720abb3e146fb3,104381,104381,83438,25198.6824442,21.2079433453,190.210277289,253.991407016,42.8501827893,0.124535583307,3.65235,4.1719,72.9839689746,0.147408742677,233.222687383,0.0342660659236,60176,3851264,22483520,0.0150441409454,0.0230160000002,0.173647918863,0,0,0,0,0,0,0,0,0,0,44241,1.88476752334,0,0,929554,,0,0.0,,steady-0.85-17,steady,0.85,17,bwc,main,,8621b76961bcee22636d6f0568217291163adc605f393cbcfe9b886e2352e612,0.2439295129997845
jbsq,63720abb3e146fb3,104381,104381,83438,25184.3633833,14.2204346116,177.646274037,238.669484423,33.5838548264,0.00840144778159,4.13685,4.1719,30.7620173351,0.00471683941715,220.472914458,0.0229428503676,0,0,22497088,0,0,0.208572500001,0,0,0,0,0,0,0,0,0,0,0,0,0,0,730666,,0,0.0,,steady-0.85-17,steady,0.85,17,jbsq,main,,8621b76961bcee22636d6f0568217291163adc605f393cbcfe9b886e2352e612,0.1916612470004111
jsw,63720abb3e146fb3,104381,104381,83438,25184.3633833,17.7189330881,181.071275559,243.26442128,36.8983918669,0.0121407512165,4.12125,4.1719,39.3322635118,0.00871263331831,223.593770134,0.0256699075172,15936,1019904,22495808,0.00398400000004,0.00398400000004,0.107342000002,0,0,0,0,0,0,0,0,0,0,0,0,0,0,706550,,0,0.0,,steady-0.85-17,steady,0.85,17,jsw,main,,8621b76961bcee22636d6f0568217291163adc605f393cbcfe9b886e2352e612,0.1923581130004095
p2c,63720abb3e146fb3,104381,104381,83438,25184.3633833,15.8203412154,183.452455904,246.458981416,37.1088163608,0.0415278410317,3.99865,4.1719,58.7969623779,0.0451254318762,226.758602926,0.0273298553474,15936,1019904,22496960,0.00398400000004,0.00398400000004,0.107342000002,0,0,0,0,0,0,0,0,0,0,0,0,0,0,706550,,0,0.0,,steady-0.85-17,steady,0.85,17,p2c,main,,8621b76961bcee22636d6f0568217291163adc605f393cbcfe9b886e2352e612,0.16946569899937458
qbr,63720abb3e146fb3,104381,104381,83438,25187.1972087,17.9069670212,181.253346835,242.046754608,36.9884550991,0.0124044200484,4.12015,4.1719,39.2517198204,0.00889289469731,223.593770134,0.026262746028,82139,5217552,22520240,0.0224384218749,0.0231272499999,0.107342000002,1098,360,738,0,0,97,153,1086.3,1.57731958763,7,0,0,421,63.3147139351,1117650,0.954248366013072,153,0.0018336968767228362,15.91115393587575,steady-0.85-17,steady,0.85,17,qbr,main,,8621b76961bcee22636d6f0568217291163adc605f393cbcfe9b886e2352e612,0.2912259240001731
single,63720abb3e146fb3,104381,104381,83438,25184.3633833,17.7751460629,180.526152342,243.753194387,36.9304421865,0.0125482394113,4.11955,4.1719,39.4533813394,0.00929848280006,226.076691395,0.0253734882618,82109,5216112,22513664,0.0218846110122,0.0227820261973,0.107342000002,1096,334,762,0,0,96,96,681.6,1,1,0,0,226,79.1282298888,1117762,0.8979591836734694,98,0.00117452479685515,11.211808891026605,steady-0.85-17,steady,0.85,17,single,main,,8621b76961bcee22636d6f0568217291163adc605f393cbcfe9b886e2352e612,0.2751969939999981
steal,63720abb3e146fb3,104381,104381,83438,25184.3633833,17.7563896732,181.253346835,241.319070198,36.886619102,0.0125722093051,4.11945,4.1719,39.6154377469,0.00935856992639,223.145255477,0.0252549205596,101068,6124960,23140912,0.0669913501431,0.0848192499998,0.107316500002,24345,11759,12586,0,0,2055,4123,33548.3,2.00632603406,11,0,0,7303,238.376222612,1238946,0.8630634997576345,4126,0.04944989093698315,8.191159307821904,steady-0.85-17,steady,0.85,17,steal,main,,8621b76961bcee22636d6f0568217291163adc605f393cbcfe9b886e2352e612,0.3180446159994972
threshold,63720abb3e146fb3,104381,104381,83438,25195.1624279,17.7189330881,181.071275559,243.020400879,36.9048269053,0.0125722093051,4.11945,4.1719,39.7781433531,0.00953883130539,224.26822545,0.0245435143467,97143,5937616,22894256,0.0383999843749,0.0441457499999,0.107336000002,8007,2488,5517,0,0,1028,2627,21501.7,2.55544747082,11,0,0,4686,188.275831381,1183623,0.9130599848139711,2634,0.031568350152208824,10.924844730435233,steady-0.85-17,steady,0.85,17,threshold,main,,8621b76961bcee22636d6f0568217291163adc605f393cbcfe9b886e2352e612,0.2989731560001019
work,63720abb3e146fb3,104381,104381,83438,25196.5420641,16.8064448077,179.98266123,240.111101169,36.322554101,0.0154605815096,4.1074,4.1719,40.9774154132,0.0133092984828,222.921334143,0.0239506758359,15936,1019904,22484160,0.00398400000004,0.00398400000004,0.232349478463,0,0,0,0,0,0,0,0,0,0,0,0,0,0,810968,,0,0.0,,steady-0.85-17,steady,0.85,17,work,main,,8621b76961bcee22636d6f0568217291163adc605f393cbcfe9b886e2352e612,0.2167404540005009
bwc,f51ad8140a0371a8,104025,104025,83023,25171.671881,17.6256185528,182.349604364,249.695320926,37.4318627822,0.025486913265,4.04535,4.15115,45.3899007229,0.0247737232873,228.357704057,0.0283359403201,59943,3836352,22316416,0.0149857500001,0.0225080000003,0.172924074339,0,0,0,0,0,0,0,0,0,0,44007,1.88624537005,0,0,923270,,0,0.0,,steady-0.85-18,steady,0.85,18,bwc,main,,7b163a8fb70dd8fde55721712728828c0a223eaba43ad450ff8d72c5b0833b0a,0.2970264209998277
jbsq,f51ad8140a0371a8,104025,104025,83023,25152.7037813,14.1748644784,178.720834951,244.733676663,33.4181133471,0.00785324548619,4.11855,4.15115,29.1835367643,0.00381018358157,225.170650862,0.0240043316087,0,0,22324416,0,0,0.207578084459,0,0,0,0,0,0,0,0,0,0,0,0,0,0,728174,,0,0.0,,steady-0.85-18,steady,0.85,18,jbsq,main,,7b163a8fb70dd8fde55721712728828c0a223eaba43ad450ff8d72c5b0833b0a,0.1874544820002484
jsw,f51ad8140a0371a8,104025,104025,83023,25156.1874698,17.5884231181,182.166437926,248.944736632,36.6865995748,0.0111294460571,4.10495,4.15115,38.3369477588,0.00718362675261,228.357704057,0.0268920707496,15936,1019904,22325568,0.00398400000004,0.00398400000004,0.106927618051,0,0,0,0,0,0,0,0,0,0,0,0,0,0,704324,,0,0.0,,steady-0.85-18,steady,0.85,18,jsw,main,,7b163a8fb70dd8fde55721712728828c0a223eaba43ad450ff8d72c5b0833b0a,0.19025115499971434
p2c,f51ad8140a0371a8,104025,104025,83023,25152.7037813,15.6697122927,184.19137318,251.960624936,36.7403518234,0.0366404490322,3.99905,4.15115,57.789505298,0.0385235162121,232.055079105,0.0291180363374,15936,1019904,22325568,0.00398400000004,0.00398400000004,0.106927618051,0,0,0,0,0,0,0,0,0,0,0,0,0,0,704312,,0,0.0,,steady-0.85-18,steady,0.85,18,p2c,main,,7b163a8fb70dd8fde55721712728828c0a223eaba43ad450ff8d72c5b0833b0a,0.16848644300080196
qbr,f51ad8140a0371a8,104025,104025,83023,25152.8014949,17.5698532649,182.349604364,248.196399594,36.6689543479,0.0119725859099,4.10145,4.15115,38.8912590478,0.00816252767278,228.587061761,0.0271928769101,82012,5211456,22350816,0.0222862343749,0.0231792499999,0.106927954002,1046,330,716,0,0,90,163,1157.3,1.81111111111,5,0,0,411,65.1050970104,1113790,0.9141104294478528,163,0.0019633113715476435,14.514855454456274,steady-0.85-18,steady,0.85,18,qbr,main,,7b163a8fb70dd8fde55721712728828c0a223eaba43ad450ff8d72c5b0833b0a,0.2889300719998573
single,f51ad8140a0371a8,104025,104025,83023,25165.5575035,17.5142549388,181.983454472,249.44487605,36.6787600892,0.0125025595317,4.09925,4.15115,39.2919715402,0.00890046836644,229.046465471,0.0268920707496,82005,5211120,22341520,0.0217982656249,0.0228554999999,0.106927000002,1046,324,722,0,0,91,91,646.1,1,1,0,0,218,64.7578960571,1114149,0.8571428571428571,91,0.0010960818086554328,10.643000513050138,steady-0.85-18,steady,0.85,18,single,main,,7b163a8fb70dd8fde55721712728828c0a223eaba43ad450ff8d72c5b0833b0a,0.2743225160002112
steal,f51ad8140a0371a8,104025,104025,83023,25152.7037813,17.4588230746,181.800653818,249.194681368,36.5666134415,0.0113462534478,4.10405,4.15115,38.2976501087,0.00736434692249,229.046465471,0.0272530381422,101785,6159200,22981616,0.0675561188955,0.0877142499998,0.106901500002,24007,12114,11892,0,0,2033,4208,34911.8,2.06984751599,11,0,0,7378,225.04491649,1242645,0.8579234972677595,4209,0.05069679486407381,7.771094591861752,steady-0.85-18,steady,0.85,18,steal,main,,7b163a8fb70dd8fde55721712728828c0a223eaba43ad450ff8d72c5b0833b0a,0.3173388169998361
threshold,f51ad8140a0371a8,104025,104025,83023,25161.0297072,17.5513019629,181.618035782,249.946016247,36.6581794349,0.0124302904015,4.09955,4.15115,39.4129683711,0.00888540835228,228.816648822,0.0265912645891,96492,5906400,22737472,0.0380165282499,0.0430436239999,0.106922500002,7668,2548,5123,0,0,1068,2706,22917.6,2.53370786517,12,0,0,4853,209.928220065,1176608,0.91651274473587,2707,0.03260542259373909,10.932538538169892,steady-0.85-18,steady,0.85,18,threshold,main,,7b163a8fb70dd8fde55721712728828c0a223eaba43ad450ff8d72c5b0833b0a,0.2958443839997926
work,f51ad8140a0371a8,104025,104025,83023,25154.5760035,16.4017704658,179.440797335,246.458981416,35.3557030138,0.00561290244872,4.12785,4.15115,34.417876862,0.000737940693664,226.303768086,0.0250872337865,15936,1019904,22323712,0.00398400000004,0.00398400000004,0.231476673727,0,0,0,0,0,0,0,0,0,0,0,0,0,0,808343,,0,0.0,,steady-0.85-18,steady,0.85,18,work,main,,7b163a8fb70dd8fde55721712728828c0a223eaba43ad450ff8d72c5b0833b0a,0.21630505600023753
bwc,94bc0c1c961ccb98,103901,103901,83190,25220.3815919,17.7002328552,183.821545268,253.736670346,38.8634477793,0.0446447890371,3.9738,4.1595,84.9506663206,0.0485888462407,232.75494374,0.029006266786,60110,3847040,22331200,0.0150275000001,0.0225520000002,0.173061500001,0,0,0,0,0,0,0,0,0,0,44174,1.87662425861,0,0,924992,,0,0.0,,steady-0.85-19,steady,0.85,19,bwc,main,,344c1529b0e7263e4d9b65f7b416d868387f456d13dc15270da7265c0fb70103,0.2421547690000807
jbsq,94bc0c1c961ccb98,103901,103901,83190,25161.5235082,14.1900393428,176.223513732,244.733676663,33.382113779,0.00711623993268,4.1299,4.1595,28.8833548723,0.00379318130503,221.582495975,0.0202924500149,0,0,22407040,0,0,0.207991500001,0,0,0,0,0,0,0,0,0,0,0,0,0,0,727306,,0,0.0,,steady-0.85-19,steady,0.85,19,jbsq,main,,344c1529b0e7263e4d9b65f7b416d868387f456d13dc15270da7265c0fb70103,0.22285640300015075
jsw,94bc0c1c961ccb98,103901,103901,83190,25161.5235082,17.5327691937,180.163643891,247.947452142,36.553590822,0.0106382978723,4.11525,4.1595,38.4945317289,0.0077067810642,226.076691395,0.0222620113399,15936,1019904,22407360,0.00398400000004,0.00398400000004,0.107094000002,0,0,0,0,0,0,0,0,0,0,0,0,0,0,703596,,0,0.0,,steady-0.85-19,steady,0.85,19,jsw,main,,344c1529b0e7263e4d9b65f7b416d868387f456d13dc15270da7265c0fb70103,0.18749136199949135
p2c,94bc0c1c961ccb98,103901,103901,83190,25161.5235082,15.6198030077,181.618035782,250.448159225,36.6593925126,0.0361101093881,4.0093,4.1595,57.4964375605,0.039241363739,225.396821513,0.0236944195762,15936,1019904,22406336,0.00398400000004,0.00398400000004,0.107094000002,0,0,0,0,0,0,0,0,0,0,0,0,0,0,703596,,0,0.0,,steady-0.85-19,steady,0.85,19,p2c,main,,344c1529b0e7263e4d9b65f7b416d868387f456d13dc15270da7265c0fb70103,0.18176620400026877
qbr,94bc0c1c961ccb98,103901,103901,83190,25161.5235082,17.6070115412,179.80185937,247.450303086,36.6299835619,0.0107705253035,4.1147,4.1595,38.5735602869,0.00779709490479,225.170650862,0.0225604297225,82031,5212368,22428592,0.0222802968749,0.0234582499999,0.107094000002,1052,325,727,0,0,77,137,972.7,1.77922077922,5,0,0,327,81.4008225158,1113010,0.948905109489051,137,0.0016468325519894218,14.320458742715259,steady-0.85-19,steady,0.85,19,qbr,main,,344c1529b0e7263e4d9b65f7b416d868387f456d13dc15270da7265c0fb70103,0.2673243139997794
single,94bc0c1c961ccb98,103901,103901,83190,25161.5235082,17.5142549388,179.98266123,247.202100985,36.5835749918,0.00960451977401,4.11955,4.1595,37.8679584025,0.00624670730789,224.043182268,0.0229185317816,81793,5200944,22421824,0.0216160468749,0.0222227499999,0.107094000002,960,273,687,0,0,80,80,568,1,1,0,0,182,64.6901987609,1112323,0.9240506329113924,79,0.00094963336939536,12.58024306404396,steady-0.85-19,steady,0.85,19,single,main,,344c1529b0e7263e4d9b65f7b416d868387f456d13dc15270da7265c0fb70103,0.28825056799996673
steal,94bc0c1c961ccb98,103901,103901,83190,25161.5235082,17.5327691937,179.440797335,248.196399594,36.5310028361,0.0100613054454,4.11765,4.1595,38.1408517002,0.00705953187326,224.718987169,0.0219635929573,102116,6175104,23047200,0.0683158913748,0.0897427499998,0.107073000002,24464,12279,12185,0,0,2037,4111,32988.1,2.01816396662,11,0,0,7169,257.765556891,1243882,0.8680437424058324,4115,0.04946507993749249,8.01595966340627,steady-0.85-19,steady,0.85,19,steal,main,,344c1529b0e7263e4d9b65f7b416d868387f456d13dc15270da7265c0fb70103,0.3290481730000465
threshold,94bc0c1c961ccb98,103901,103901,83190,25161.5235082,17.5142549388,179.621238132,246.211769647,36.5944376919,0.0106863805746,4.11505,4.1595,38.7718242199,0.0075713103033,224.493493675,0.0230378991346,96434,5903552,22835040,0.0380028379999,0.0433747499999,0.107089500002,7623,2569,5053,0,0,1051,2820,24202,2.68315889629,12,0,0,4755,227.816712691,1174557,0.923951670220327,2814,0.03382618103137396,10.87410836676858,steady-0.85-19,steady,0.85,19,threshold,main,,344c1529b0e7263e4d9b65f7b416d868387f456d13dc15270da7265c0fb70103,0.29699982199963415
work,94bc0c1c961ccb98,103901,103901,83190,25184.5980584,16.5590143277,179.440797335,248.445595994,36.5527437103,0.0337059742758,4.0193,4.1595,56.6835969414,0.0362760593061,224.493493675,0.0235153685467,15936,1019904,22373888,0.00398400000004,0.00398400000004,0.231589926015,0,0,0,0,0,0,0,0,0,0,0,0,0,0,807570,,0,0.0,,steady-0.85-19,steady,0.85,19,work,main,,344c1529b0e7263e4d9b65f7b416d868387f456d13dc15270da7265c0fb70103,0.20642872099961096
bwc,f73a1ca515ed0e3b,103762,103762,82990,25169.9703295,20.0410862679,187.741857166,250.951306992,41.0146150118,0.0796963489577,3.8188,4.1495,74.7044498884,0.0911994696479,233.69136698,0.033756543715,60362,3863168,22315776,0.0150903474751,0.0261200000002,0.173541274001,0,0,0,0,0,0,0,0,0,0,44426,1.86805024085,0,0,924184,,0,0.0,,steady-0.85-20,steady,0.85,20,bwc,main,,f791dd8d9828717eb6ba4864cb0d2d9345cee2b01db8db99d57ab4157dbfd1c5,0.24888828799976181
jbsq,f73a1ca515ed0e3b,103762,103762,82990,25169.9703295,14.1900393428,177.467806231,244.733676663,33.3681760092,0.00756717676829,4.1181,4.1495,28.7046806238,0.00387217308764,222.474162344,0.0223238462001,0,0,22315712,0,0,0.207485500001,0,0,0,0,0,0,0,0,0,0,0,0,0,0,726333,,0,0.0,,steady-0.85-20,steady,0.85,20,jbsq,main,,f791dd8d9828717eb6ba4864cb0d2d9345cee2b01db8db99d57ab4157dbfd1c5,0.1860110759998861
jsw,f73a1ca515ed0e3b,103762,103762,82990,25169.9703295,17.4957591796,181.435600182,246.458981416,36.5538422123,0.010868779371,4.1044,4.1495,38.1408517002,0.00721700742794,227.21434789,0.0254527949937,15936,1019904,22316992,0.00398400000004,0.00398400000004,0.106894774002,0,0,0,0,0,0,0,0,0,0,0,0,0,0,702790,,0,0.0,,steady-0.85-20,steady,0.85,20,jsw,main,,f791dd8d9828717eb6ba4864cb0d2d9345cee2b01db8db99d57ab4157dbfd1c5,0.22800419699979102
p2c,f73a1ca515ed0e3b,103762,103762,82990,25174.6525822,15.6031998079,181.983454472,246.706440398,36.5172092058,0.0348716712857,4.0048,4.1495,57.379619941,0.0368835786714,226.531071854,0.0268367531139,15936,1019904,22316160,0.00398400000004,0.00398400000004,0.106894774002,0,0,0,0,0,0,0,0,0,0,0,0,0,0,702805,,0,0.0,,steady-0.85-20,steady,0.85,20,p2c,main,,f791dd8d9828717eb6ba4864cb0d2d9345cee2b01db8db99d57ab4157dbfd1c5,0.17302802599988354
qbr,f73a1ca515ed0e3b,103762,103762,82990,25180.6859908,17.4957591796,180.344807535,245.718086755,36.5422681816,0.0104349921677,4.1062,4.1495,38.2191725444,0.00673486914466,224.718987169,0.0252121066249,81947,5208336,22337424,0.0222298507499,0.0232917499999,0.106894000002,1015,327,689,0,0,91,131,930.1,1.43956043956,5,0,0,388,84.8601533895,1112861,0.9770992366412213,131,0.0015785034341486927,15.564385331955632,steady-0.85-20,steady,0.85,20,qbr,main,,f791dd8d9828717eb6ba4864cb0d2d9345cee2b01db8db99d57ab4157dbfd1c5,0.27317227499952423
single,f73a1ca515ed0e3b,103762,103762,82990,25169.9703295,17.5513019629,181.071275559,247.450303086,36.6198783829,0.0109290275937,4.10415,4.1495,38.2191725444,0.00738274246282,226.758602926,0.0250917624406,82056,5213568,22330976,0.0218371362186,0.0225829999999,0.106894000002,1054,351,705,0,0,86,86,610.6,1,1,0,0,200,84.2266465201,1113113,0.9767441860465116,86,0.0010362694300518134,14.031307639697442,steady-0.85-20,steady,0.85,20,single,main,,f791dd8d9828717eb6ba4864cb0d2d9345cee2b01db8db99d57ab4157dbfd1c5,0.26705939499970555
steal,f73a1ca515ed0e3b,103762,103762,82990,25173.5718784,17.5142549388,181.071275559,245.47161514,36.5268679874,0.00984455958549,4.10865,4.1495,37.6355647075,0.00605686218379,225.849841553,0.0249714182562,102111,6174816,22980448,0.0679740269067,0.0873524999998,0.106871500002,23998,12289,11709,0,0,2056,4263,35017.3,2.07344357977,12,0,0,7388,249.350574852,1238360,0.8654477262072199,4266,0.05140378358838414,7.6495744545714475,steady-0.85-20,steady,0.85,20,steal,main,,f791dd8d9828717eb6ba4864cb0d2d9345cee2b01db8db99d57ab4157dbfd1c5,0.31734017800044967
threshold,f73a1ca515ed0e3b,103762,103762,82990,25169.9703295,17.6256185528,181.071275559,245.47161514,36.7315972784,0.0138209422822,4.09215,4.1495,40.6015007526,0.0111343809796,226.076691395,0.0245502136109,96454,5904528,22756800,0.0380150312499,0.0428559999999,0.106888000002,7655,2551,5106,0,0,1081,2904,24893.4,2.68640148011,13,0,0,4988,240.320908035,1176661,0.9362728212194282,2903,0.034980118086516444,11.801289180389869,steady-0.85-20,steady,0.85,20,threshold,main,,f791dd8d9828717eb6ba4864cb0d2d9345cee2b01db8db99d57ab4157dbfd1c5,0.30630690100042557
work,f73a1ca515ed0e3b,103762,103762,82990,25169.9703295,16.7176790583,180.889386173,245.22538975,36.5043452018,0.0285215086155,4.03115,4.1495,51.3013309267,0.0293501679951,224.944706156,0.0252121066249,15936,1019904,22316288,0.00398400000004,0.00398400000004,0.231398620733,0,0,0,0,0,0,0,0,0,0,0,0,0,0,806551,,0,0.0,,steady-0.85-20,steady,0.85,20,work,main,,f791dd8d9828717eb6ba4864cb0d2d9345cee2b01db8db99d57ab4157dbfd1c5,0.2323440660002234
bwc,e6dd66515b241543,116660,116660,93204,27450.4230842,1383.90096483,2220.96577674,2313.91229837,1370.39493819,1,0,4.6602,2190.09032324,1,2293.18187792,1,62002,3968128,23067712,0.0155005000001,0.0236960000002,0.178623500001,0,0,0,0,0,0,0,0,0,0,46066,1.85894151869,0,0,1038794,,0,0.0,,steady-0.95-11,steady,0.95,11,bwc,main,,5948c3dcc6e495c9eac94c598b4d46c14a99558810c0943ec143227855566670,0.26630825600022945
jbsq,e6dd66515b241543,116660,116660,93204,25277.0982328,18.0778119657,185.678099908,253.227960197,39.0933583929,0.0548152439809,4.40475,4.6602,63.6453314089,0.0611603123194,233.45691007,0.029691906561,0,0,25112896,0,0,0.233041145996,0,0,0,0,0,0,0,0,0,0,0,0,0,0,816619,,0,0.0,,steady-0.95-11,steady,0.95,11,jbsq,main,,5948c3dcc6e495c9eac94c598b4d46c14a99558810c0943ec143227855566670,0.22610969800007297
jsw,e6dd66515b241543,116660,116660,93204,25277.0982328,28.087691819,192.904691099,263.597911589,45.7386139748,0.122591305094,4.0889,4.6602,65.7463690769,0.143527166682,240.835158046,0.0396956313521,15936,1019904,25113792,0.00398400000004,0.00398400000004,0.117108774002,0,0,0,0,0,0,0,0,0,0,0,0,0,0,780520,,0,0.0,,steady-0.95-11,steady,0.95,11,jsw,main,,5948c3dcc6e495c9eac94c598b4d46c14a99558810c0943ec143227855566670,0.2116449859995555
p2c,e6dd66515b241543,116660,116660,93204,25277.0982328,29.1232601208,199.20678672,272.197607298,48.3857771934,0.18909059697,3.779,4.6602,89.5359945567,0.224671083576,248.196399594,0.048209439685,15936,1019904,25113728,0.00398400000004,0.00398400000004,0.117108774002,0,0,0,0,0,0,0,0,0,0,0,0,0,0,780520,,0,0.0,,steady-0.95-11,steady,0.95,11,p2c,main,,5948c3dcc6e495c9eac94c598b4d46c14a99558810c0943ec143227855566670,0.21321313899989036
qbr,e6dd66515b241543,116660,116660,93204,25277.0982328,27.9426886592,192.710980119,262.542160639,45.6849783136,0.122194326424,4.09075,4.6602,65.7463690769,0.143365900203,239.870230938,0.0383653488001,86625,5432880,25126144,0.0255054253426,0.0275357499999,0.117108000002,3440,112,3329,0,0,48,70,497,1.45833333333,5,0,0,238,63.4932555286,1208718,0.8382352941176471,68,0.0007295824213553067,13.732050551689808,steady-0.95-11,steady,0.95,11,qbr,main,,5948c3dcc6e495c9eac94c598b4d46c14a99558810c0943ec143227855566670,0.32385143900046387
single,e6dd66515b241543,116660,116660,93204,25279.2692404,28.0006029792,192.904691099,263.069508502,45.697475076,0.126282133814,4.0717,4.6602,64.3599962355,0.148512988671,240.835158046,0.0382589261959,86542,5428896,25123504,0.0252767812499,0.0272229999999,0.117106500002,3402,107,3295,0,0,49,49,347.9,1,1,0,0,111,49.1557642486,1208276,0.8571428571428571,49,0.0005257285095060298,12.547812042220487,steady-0.95-11,steady,0.95,11,single,main,,5948c3dcc6e495c9eac94c598b4d46c14a99558810c0943ec143227855566670,0.34452029499971104
steal,e6dd66515b241543,116660,116660,93204,25277.0982328,27.7696387066,193.292694386,264.392499382,45.5431498851,0.119812454401,4.10185,4.6602,64.88470995,0.140140570615,241.319070198,0.0393231522375,83136,5265152,25306768,0.0343257031249,0.0382517499999,0.117106500002,12262,2034,10228,0,0,595,1247,9613.7,2.09579831933,11,0,0,2662,193.626620758,1215710,0.8036858974358975,1248,0.013389983262520921,8.25615298235447,steady-0.95-11,steady,0.95,11,steal,main,,5948c3dcc6e495c9eac94c598b4d46c14a99558810c0943ec143227855566670,0.29660425600013696
threshold,e6dd66515b241543,116660,116660,93204,25289.2097602,27.9426886592,192.904691099,262.542160639,45.6443774487,0.122076305738,4.0913,4.6602,64.6218286419,0.142976172878,242.533091164,0.0393231522375,120461,7056544,25244816,0.0531981436756,0.0670106684224,0.117097754509,20242,704,19540,0,0,379,871,6279.1,2.2981530343,9,0,0,2030,174.033015334,1337636,0.8633754305396096,871,0.00934509248530106,10.822255700891313,steady-0.95-11,steady,0.95,11,threshold,main,,5948c3dcc6e495c9eac94c598b4d46c14a99558810c0943ec143227855566670,0.3654571959996247
work,e6dd66515b241543,116660,116660,93204,26680.3199432,997.792751935,1493.19956713,1565.06667378,946.581396635,1,0,4.6602,1421.78346637,1,1543.30530406,1,15936,1019904,23734848,0.00398400000004,0.00398400000004,0.2442615,0,0,0,0,0,0,0,0,0,0,0,0,0,0,901651,,0,0.0,,steady-0.95-11,steady,0.95,11,work,main,,5948c3dcc6e495c9eac94c598b4d46c14a99558810c0943ec143227855566670,0.2778337809995719
bwc,c1847f50b30a7ad2,116332,116332,92905,27224.5556403,1426.05608654,2066.68219032,2157.48541597,1377.05923872,1,0,4.64525,2025.75959377,1,2138.15582398,1,62163,3978432,23141696,0.0155407500001,0.0187960000002,0.179247500001,0,0,0,0,0,0,0,0,0,0,46227,1.86006013801,0,0,1034847,,0,0.0,,steady-0.95-12,steady,0.95,12,bwc,main,,8935f42566fffae276d2535660834cf501d5bae7e77f714254fdd98d4557d2b5,0.28806296400034626
jbsq,c1847f50b30a7ad2,116332,116332,92905,25199.1835623,17.4588230746,185.678099908,246.211769647,38.7060376193,0.0569291211453,4.3808,4.64525,63.3873952459,0.0637701849133,229.506788449,0.0296987241342,0,0,24999104,0,0,0.232216827913,0,0,0,0,0,0,0,0,0,0,0,0,0,0,814323,,0,0.0,,steady-0.95-12,steady,0.95,12,jbsq,main,,8935f42566fffae276d2535660834cf501d5bae7e77f714254fdd98d4557d2b5,0.22123651899983088
jsw,c1847f50b30a7ad2,116332,116332,92905,25191.8715924,26.6697596236,192.517462656,255.012903613,44.8601416446,0.109983316291,4.13435,4.64525,69.5183118236,0.128267632759,235.575482433,0.0372038168757,15936,1019904,24998720,0.00398400000004,0.00398400000004,0.116809827914,0,0,0,0,0,0,0,0,0,0,0,0,0,0,778280,,0,0.0,,steady-0.95-12,steady,0.95,12,jsw,main,,8935f42566fffae276d2535660834cf501d5bae7e77f714254fdd98d4557d2b5,0.21032531800028664
p2c,c1847f50b30a7ad2,116332,116332,92905,25198.1590765,27.9137748844,199.20678672,263.8625095,47.6851576129,0.183574619235,3.7925,4.64525,90.9035820722,0.217613230798,242.533091164,0.0480862013509,15936,1019904,24998656,0.00398400000004,0.00398400000004,0.116809827914,0,0,0,0,0,0,0,0,0,0,0,0,0,0,778300,,0,0.0,,steady-0.95-12,steady,0.95,12,p2c,main,,8935f42566fffae276d2535660834cf501d5bae7e77f714254fdd98d4557d2b5,0.20330736699997942
qbr,c1847f50b30a7ad2,116332,116332,92905,25199.0878443,26.9756533909,192.324138518,255.525185433,45.0785655089,0.113244712341,4.1192,4.64525,67.9156925621,0.132483064201,236.285918844,0.0366677388228,86050,5405232,25012944,0.0250918216249,0.0264589999999,0.116809827914,3150,129,3020,0,0,55,88,624.8,1.6,5,0,0,251,70.2377180565,1203693,0.9431818181818182,88,0.0009472041332543997,16.588328763412516,steady-0.95-12,steady,0.95,12,qbr,main,,8935f42566fffae276d2535660834cf501d5bae7e77f714254fdd98d4557d2b5,0.3591562840001643
single,c1847f50b30a7ad2,116332,116332,92905,25225.031873,26.8361937815,193.48698708,254.501644822,45.0880348365,0.117291857274,4.1004,4.64525,67.5721454275,0.137035191445,236.285918844,0.038704835424,86336,5418960,25007936,0.0251279183222,0.0265074999999,0.116809283072,3290,135,3155,0,0,56,56,397.6,1,1,0,0,132,62.0362174273,1204687,0.9107142857142857,56,0.0006027662666164361,14.861837977804141,steady-0.95-12,steady,0.95,12,single,main,,8935f42566fffae276d2535660834cf501d5bae7e77f714254fdd98d4557d2b5,0.33354909299941937
steal,c1847f50b30a7ad2,116332,116332,92905,25208.2036565,26.586916087,192.324138518,255.525185433,44.8847064469,0.112502018191,4.12265,4.64525,68.8169917487,0.131149748825,238.669484423,0.0382759729817,84172,5314768,25233776,0.0365355747026,0.0397387499999,0.116803827914,13288,2622,10666,0,0,729,1541,11701.1,2.11385459534,11,0,0,3113,231.667825826,1216861,0.8125810635538262,1542,0.016597599698616867,7.817182818541976,steady-0.95-12,steady,0.95,12,steal,main,,8935f42566fffae276d2535660834cf501d5bae7e77f714254fdd98d4557d2b5,0.30936440200002835
threshold,c1847f50b30a7ad2,116332,116332,92905,25197.6899329,26.6421175061,192.13100751,255.268916516,44.8226499751,0.111188848824,4.12875,4.64525,67.3668397394,0.129641351632,237.713198395,0.0377398949287,118291,6952096,25182208,0.0518956247148,0.0602062499999,0.116797827914,19127,883,18245,0,0,480,1222,9816.2,2.54583333333,12,0,0,2677,164.289802163,1328835,0.8733660130718954,1224,0.013174748398902104,11.256241386087831,steady-0.95-12,steady,0.95,12,threshold,main,,8935f42566fffae276d2535660834cf501d5bae7e77f714254fdd98d4557d2b5,0.32786098399992625
work,c1847f50b30a7ad2,116332,116332,92905,26498.2223793,987.859538995,1383.90096483,1454.86998271,935.491356983,1,0,4.64525,1305.89959696,1,1434.63985746,1,15936,1019904,23788800,0.00398400000004,0.00398400000004,0.244947,0,0,0,0,0,0,0,0,0,0,0,0,0,0,898775,,0,0.0,,steady-0.95-12,steady,0.95,12,work,main,,8935f42566fffae276d2535660834cf501d5bae7e77f714254fdd98d4557d2b5,0.24158049099969503
bwc,864ae433ad7e1050,117313,117313,93612,27330.7460206,1370.12782104,2168.2994495,2277.18664964,1345.8711843,1,0,4.6806,2144.57971106,1,2247.77650573,1,62418,3994752,23177920,0.0156045000001,0.0251520000002,0.179911000001,0,0,0,0,0,0,0,0,0,0,46482,1.85643905168,0,0,1043646,,0,0.0,,steady-0.95-13,steady,0.95,13,bwc,main,,fd9c267731c24e9b5a16e17e1464894ae05a456ea0cf8a591db531b694afcf72,0.28054556699953537
jbsq,864ae433ad7e1050,117313,117313,93612,25184.1433302,19.1760851838,189.067020358,257.068189558,40.5547653648,0.0801606631628,4.3054,4.6806,71.4472656796,0.0914336855322,235.812057916,0.0351485412555,0,0,25171264,0,0,0.233979000001,0,0,0,0,0,0,0,0,0,0,0,0,0,0,821190,,0,0.0,,steady-0.95-13,steady,0.95,13,jbsq,main,,fd9c267731c24e9b5a16e17e1464894ae05a456ea0cf8a591db531b694afcf72,0.2240148089995273
jsw,864ae433ad7e1050,117313,117313,93612,25197.7235954,29.0030677115,196.03054366,266.255829418,47.1065144438,0.152523180789,3.9667,4.6806,77.3213279285,0.17991531197,243.997947581,0.043148967945,15936,1019904,25168128,0.00398400000004,0.00398400000004,0.117516000002,0,0,0,0,0,0,0,0,0,0,0,0,0,0,784184,,0,0.0,,steady-0.95-13,steady,0.95,13,jsw,main,,fd9c267731c24e9b5a16e17e1464894ae05a456ea0cf8a591db531b694afcf72,0.2573659210002006
p2c,864ae433ad7e1050,117313,117313,93612,25185.3737021,30.666921538,204.067414029,274.390853007,50.0502014577,0.217974191343,3.66035,4.6806,99.7552226479,0.258592362048,251.455461557,0.0557896421142,15936,1019904,25167680,0.00398400000004,0.00398400000004,0.117516000002,0,0,0,0,0,0,0,0,0,0,0,0,0,0,784144,,0,0.0,,steady-0.95-13,steady,0.95,13,p2c,main,,fd9c267731c24e9b5a16e17e1464894ae05a456ea0cf8a591db531b694afcf72,0.20388825600002747
qbr,864ae433ad7e1050,117313,117313,93612,25216.0576553,28.7343853044,196.03054366,265.988840577,47.085437946,0.152416356877,3.9672,4.6806,78.2663703408,0.179795092369,243.997947581,0.043095631767,86896,5445888,25179040,0.0256918281249,0.0282167499999,0.117516000002,3574,103,3470,0,0,34,67,475.7,1.97058823529,6,0,0,182,55.1473485928,1212038,0.9565217391304348,69,0.000737084989103961,14.399679855883113,steady-0.95-13,steady,0.95,13,qbr,main,,fd9c267731c24e9b5a16e17e1464894ae05a456ea0cf8a591db531b694afcf72,0.3385176870006035
single,864ae433ad7e1050,117313,117313,93612,25184.2937603,28.9730946168,196.227574204,267.594783797,47.0887757932,0.154146904243,3.9591,4.6806,75.6179164733,0.181718605987,245.22538975,0.0440556829698,86716,5437152,25176384,0.0254134062499,0.0274737499999,0.117516000002,3489,108,3381,0,0,44,44,312.4,1,1,0,0,96,75.7866334975,1210818,0.9545454545454546,44,0.0004700252104431056,13.988343405899245,steady-0.95-13,steady,0.95,13,single,main,,fd9c267731c24e9b5a16e17e1464894ae05a456ea0cf8a591db531b694afcf72,0.3035323680005604
steal,864ae433ad7e1050,117313,117313,93612,25191.8365105,29.2741779553,195.637072877,263.597911589,47.1915632801,0.154787847712,3.9561,4.6806,76.3875526545,0.182840655598,243.26442128,0.0427756146995,83655,5289840,25366688,0.0344859151249,0.0387082499999,0.117510000002,11649,2301,9347,0,0,599,1313,9797.3,2.19198664441,10,0,0,2534,294.475,1220555,0.8182503770739065,1326,0.014164850660171773,7.661240327395022,steady-0.95-13,steady,0.95,13,steal,main,,fd9c267731c24e9b5a16e17e1464894ae05a456ea0cf8a591db531b694afcf72,0.33066523900015454
threshold,864ae433ad7e1050,117313,117313,93612,25198.9445535,29.1835367643,196.03054366,264.12737201,47.1057317113,0.154413964022,3.95785,4.6806,77.9500959406,0.182266273059,243.26442128,0.0432023041229,120978,7081024,25308176,0.0536607826941,0.0667634999999,0.117502500002,20500,730,19767,0,0,379,923,7408.3,2.43535620053,7,0,0,1905,218.138739564,1341057,0.8474758324382384,931,0.009945306157330257,10.149964943317864,steady-0.95-13,steady,0.95,13,threshold,main,,fd9c267731c24e9b5a16e17e1464894ae05a456ea0cf8a591db531b694afcf72,0.35287373600021965
work,864ae433ad7e1050,117313,117313,93612,26615.8958331,910.045891599,1490.21564462,1579.21778399,886.927003512,1,0,4.6806,1437.51257282,1,1552.59433138,1,15936,1019904,23771776,0.00398400000004,0.00398400000004,0.244979,0,0,0,0,0,0,0,0,0,0,0,0,0,0,906016,,0,0.0,,steady-0.95-13,steady,0.95,13,work,main,,fd9c267731c24e9b5a16e17e1464894ae05a456ea0cf8a591db531b694afcf72,0.23625588399954722
bwc,66a897d538b94764,116962,116962,93631,27371.8422176,1444.7195352,2232.09784751,2337.16587068,1443.59167315,1,0,4.68155,2216.52850221,1,2311.59969867,1,62698,4012672,23185472,0.0156745000001,0.0236080000002,0.180407500001,0,0,0,0,0,0,0,0,0,0,46762,1.84703391643,0,0,1043862,,0,0.0,,steady-0.95-14,steady,0.95,14,bwc,main,,58f83b6dd84e9f4e5c64eedfb5fdc1ad6a998c92aa9113ab7f84435265b48699,0.2764763450004466
jbsq,66a897d538b94764,116962,116962,93631,25169.7247057,16.8956552743,183.084103613,252.720265945,37.4972052723,0.0402537621087,4.4931,4.68155,58.4394329987,0.0434243507013,229.968032532,0.0274869812638,0,0,25136000,0,0,0.234208000001,0,0,0,0,0,0,0,0,0,0,0,0,0,0,818733,,0,0.0,,steady-0.95-14,steady,0.95,14,jbsq,main,,58f83b6dd84e9f4e5c64eedfb5fdc1ad6a998c92aa9113ab7f84435265b48699,0.2398512589998063
jsw,66a897d538b94764,116962,116962,93631,25176.7367394,25.7987728113,189.828429602,258.880095358,43.7149274508,0.0921703282033,4.25005,4.68155,62.9384809312,0.10618100368,237.474723671,0.035754549847,15936,1019904,25136128,0.00398400000004,0.00398400000004,0.117535000002,0,0,0,0,0,0,0,0,0,0,0,0,0,0,782012,,0,0.0,,steady-0.95-14,steady,0.95,14,jsw,main,,58f83b6dd84e9f4e5c64eedfb5fdc1ad6a998c92aa9113ab7f84435265b48699,0.21558344900040538
p2c,66a897d538b94764,116962,116962,93631,25224.25727,26.2852728842,195.637072877,264.657891881,46.0552232045,0.160983007765,3.9279,4.68155,84.4367624842,0.190109860807,243.753194387,0.0437000053686,15936,1019904,25134976,0.00398400000004,0.00398400000004,0.117535000002,0,0,0,0,0,0,0,0,0,0,0,0,0,0,782162,,0,0.0,,steady-0.95-14,steady,0.95,14,p2c,main,,58f83b6dd84e9f4e5c64eedfb5fdc1ad6a998c92aa9113ab7f84435265b48699,0.2171838080002999
qbr,66a897d538b94764,116962,116962,93631,25187.53145,26.013914862,189.828429602,258.361113769,43.8657340681,0.0970405100875,4.22725,4.68155,62.5561891812,0.112314009919,238.669484423,0.0355398078059,86271,5415888,25150256,0.0253022343749,0.0271289999999,0.117535000002,3250,151,3100,0,0,61,87,617.7,1.4262295082,3,0,0,270,56.5917197255,1207893,0.9540229885057471,87,0.0009291794384338521,14.037268325459197,steady-0.95-14,steady,0.95,14,qbr,main,,58f83b6dd84e9f4e5c64eedfb5fdc1ad6a998c92aa9113ab7f84435265b48699,0.3046529589992133
single,66a897d538b94764,116962,116962,93631,25175.9765237,26.2307840852,189.828429602,260.443279333,44.0926280281,0.102733069176,4.2006,4.68155,63.5162344238,0.119473628073,238.430054368,0.0353250657648,86015,5403536,25143488,0.0248608906249,0.0275379999999,0.117535000002,3136,107,3029,0,0,40,40,284,1,1,0,0,99,47.6938168747,1206810,0.925,40,0.00042720893721096643,11.91993966280495,steady-0.95-14,steady,0.95,14,single,main,,58f83b6dd84e9f4e5c64eedfb5fdc1ad6a998c92aa9113ab7f84435265b48699,0.3440238559996942
steal,66a897d538b94764,116962,116962,93631,25172.2122162,26.0409287769,190.401487567,259.660515544,43.9377219811,0.100746547618,4.2099,4.68155,62.7470484809,0.116873766732,236.523204763,0.0358082353573,83775,5295744,25367648,0.0364974218749,0.0419262499999,0.117530500002,13841,2423,11418,0,0,730,1535,11183.5,2.10273972603,12,0,0,3365,201.114091145,1219886,0.8202465931213497,1541,0.016458224306052482,8.407160994902556,steady-0.95-14,steady,0.95,14,steal,main,,58f83b6dd84e9f4e5c64eedfb5fdc1ad6a998c92aa9113ab7f84435265b48699,0.3316169240006275
threshold,66a897d538b94764,116962,116962,93631,25173.0234848,25.8792495528,190.401487567,258.880095358,43.7351422549,0.0954598370198,4.23465,4.68155,61.1739048972,0.110247453469,238.909153907,0.0359156063778,117702,6924080,25298096,0.0513510114002,0.0641309999999,0.117524500002,18838,846,17992,0,0,469,1079,8135.9,2.30063965885,10,0,0,2387,164.803114838,1328972,0.8658088235294118,1088,0.011620083092138288,10.089239466031593,steady-0.95-14,steady,0.95,14,threshold,main,,58f83b6dd84e9f4e5c64eedfb5fdc1ad6a998c92aa9113ab7f84435265b48699,0.32528889199966216
work,66a897d538b94764,116962,116962,93631,26462.0259096,858.733323016,1364.65699366,1441.83242751,866.499331623,1,0,4.68155,1308.51470305,1,1423.20624983,1,15936,1019904,23950592,0.00398400000004,0.00398400000004,0.2470312875,0,0,0,0,0,0,0,0,0,0,0,0,0,0,903069,,0,0.0,,steady-0.95-14,steady,0.95,14,work,main,,58f83b6dd84e9f4e5c64eedfb5fdc1ad6a998c92aa9113ab7f84435265b48699,0.30601761100024305
bwc,ce6788488368778c,116321,116321,93251,27093.2819447,1028.19509195,1900.17142779,2003.59842674,1093.75155554,1,0,4.66255,1873.75359065,1,1975.74341378,1,62338,3989632,23206144,0.0155845000001,0.0212240000002,0.179958500001,0,0,0,0,0,0,0,0,0,0,46402,1.86295849317,0,0,1034242,,0,0.0,,steady-0.95-15,steady,0.95,15,bwc,main,,7af3da170a8932df8c711f39a3bc86735d4e874c1e9eceaa9a17e2245c8ee6ea,0.26936939299957885
jbsq,ce6788488368778c,116321,116321,93251,25230.8864573,16.8420755037,180.707678495,240.35221227,37.0690142189,0.032160513024,4.5126,4.66255,54.8678365985,0.0337953548111,225.396821513,0.0255578970119,0,0,25012608,0,0,0.23317123276,0,0,0,0,0,0,0,0,0,0,0,0,0,0,814246,,0,0.0,,steady-0.95-15,steady,0.95,15,jbsq,main,,7af3da170a8932df8c711f39a3bc86735d4e874c1e9eceaa9a17e2245c8ee6ea,0.22571399299977202
jsw,ce6788488368778c,116321,116321,93251,25230.9063608,25.6385414513,188.308649152,247.698753389,43.326766578,0.0820259300168,4.2801,4.66255,57.0305649315,0.0943219522637,232.055079105,0.0323661317339,15936,1019904,25013440,0.00398400000004,0.00398400000004,0.117155000002,0,0,0,0,0,0,0,0,0,0,0,0,0,0,778338,,0,0.0,,steady-0.95-15,steady,0.95,15,jsw,main,,7af3da170a8932df8c711f39a3bc86735d4e874c1e9eceaa9a17e2245c8ee6ea,0.2293740750001234
p2c,ce6788488368778c,116321,116321,93251,25236.4077673,25.6651799927,194.461368831,255.525185433,45.5690415274,0.153006402076,3.94915,4.66255,82.8295839731,0.18040244033,237.474723671,0.0423623493813,15936,1019904,25013760,0.00398400000004,0.00398400000004,0.117155000002,0,0,0,0,0,0,0,0,0,0,0,0,0,0,778356,,0,0.0,,steady-0.95-15,steady,0.95,15,p2c,main,,7af3da170a8932df8c711f39a3bc86735d4e874c1e9eceaa9a17e2245c8ee6ea,0.19176376900031755
qbr,ce6788488368778c,116321,116321,93251,25251.5031449,25.6651799927,187.741857166,249.194681368,43.4301568372,0.0872054991367,4.25595,4.66255,57.7307745235,0.100569945414,231.357309871,0.0332306694764,85818,5394144,25028544,0.0249479374999,0.0271627499999,0.117155000002,3020,153,2868,0,0,56,94,667.4,1.67857142857,5,0,0,274,74.260566914,1203303,0.8617021276595744,94,0.0010080320854468049,13.701992466482324,steady-0.95-15,steady,0.95,15,qbr,main,,7af3da170a8932df8c711f39a3bc86735d4e874c1e9eceaa9a17e2245c8ee6ea,0.3678652720000173
single,ce6788488368778c,116321,116321,93251,25230.8864573,25.7185370179,188.119529622,246.706440398,43.3401593175,0.0818329025962,4.281,4.66255,56.8568208407,0.0938804452531,231.822256848,0.0331766358675,86065,5406000,25025120,0.0249239531249,0.0268099999999,0.117155000002,3153,145,3008,0,0,66,66,468.6,1,1,0,0,149,66.5691954733,1202773,0.9090909090909091,66,0.0007077672089307353,10.963619915854535,steady-0.95-15,steady,0.95,15,single,main,,7af3da170a8932df8c711f39a3bc86735d4e874c1e9eceaa9a17e2245c8ee6ea,0.33209692499985977
steal,ce6788488368778c,116321,116321,93251,25238.8370693,25.6119295218,187.741857166,246.706440398,43.2799467009,0.083591596873,4.2728,4.66255,57.0885954964,0.0960746013058,231.589667181,0.0331766358675,84409,5326304,25268224,0.0372755904207,0.0447832499999,0.117149000002,13772,2771,11000,0,0,800,1661,12553.1,2.07625,9,0,0,3510,203.237698493,1224409,0.7989163154726069,1661,0.017812141424756837,7.875765104560923,steady-0.95-15,steady,0.95,15,steal,main,,7af3da170a8932df8c711f39a3bc86735d4e874c1e9eceaa9a17e2245c8ee6ea,0.35145908200047415
threshold,ce6788488368778c,116321,116321,93251,25234.1592542,25.6385414513,187.553303862,248.944736632,43.3006911665,0.0843422590642,4.2693,4.66255,57.1466840919,0.0971850583324,230.199000565,0.0324741989517,117104,6895184,25203440,0.0511819178697,0.0655250519172,0.117146000002,18495,997,17498,0,0,521,1271,9594.1,2.43953934741,14,0,0,2719,175.181572865,1321130,0.8536585365853658,1271,0.013629880644711585,10.600780844420877,steady-0.95-15,steady,0.95,15,threshold,main,,7af3da170a8932df8c711f39a3bc86735d4e874c1e9eceaa9a17e2245c8ee6ea,0.3352945090000503
work,ce6788488368778c,116321,116321,93251,26371.0928043,612.874579518,1222.46939617,1300.68504147,674.774074412,1,0,4.66255,1155.87056599,1,1276.19862408,1,15936,1019904,23847744,0.00398400000004,0.00398400000004,0.246046808766,0,0,0,0,0,0,0,0,0,0,0,0,0,0,898292,,0,0.0,,steady-0.95-15,steady,0.95,15,work,main,,7af3da170a8932df8c711f39a3bc86735d4e874c1e9eceaa9a17e2245c8ee6ea,0.23489595600040047
bwc,1d5c6b9eef8a7e38,116148,116148,92705,27112.2148959,1155.87056599,1948.27546176,2044.07356396,1136.82951656,1,0,4.63525,1917.35057275,1,2025.75959377,1,62202,3980928,23117824,0.0155507493979,0.0204600000002,0.179305098559,0,0,0,0,0,0,0,0,0,0,46266,1.85834089828,0,0,1032620,,0,0.0,,steady-0.95-16,steady,0.95,16,bwc,main,,a6e4fc718d9d7974baaceadf224594937ca39b1e9a2ea76e807c564b93f29514,0.2438059260002774
jbsq,1d5c6b9eef8a7e38,116148,116148,92705,25205.9598328,16.6822967825,182.166437926,252.720265945,37.1129327734,0.0335472736098,4.47975,4.63525,55.6550906759,0.0351885583215,230.661629765,0.0270037654653,0,0,24941376,0,0,0.231864500001,0,0,0,0,0,0,0,0,0,0,0,0,0,0,813035,,0,0.0,,steady-0.95-16,steady,0.95,16,jbsq,main,,a6e4fc718d9d7974baaceadf224594937ca39b1e9a2ea76e807c564b93f29514,0.21511780499986344
jsw,1d5c6b9eef8a7e38,116148,116148,92705,25210.0891805,25.347268047,190.019258031,260.966427335,43.3395140833,0.0806860471388,4.26125,4.63525,58.5583713042,0.0921810699588,236.523204763,0.0348574502421,15936,1019904,24943424,0.00398400000004,0.00398400000004,0.116609000002,0,0,0,0,0,0,0,0,0,0,0,0,0,0,777234,,0,0.0,,steady-0.95-16,steady,0.95,16,jsw,main,,a6e4fc718d9d7974baaceadf224594937ca39b1e9a2ea76e807c564b93f29514,0.23080052600016643
p2c,1d5c6b9eef8a7e38,116148,116148,92705,25238.5417677,25.532253139,195.244387857,267.32645734,45.439663356,0.148168922928,3.94845,4.63525,81.4996433716,0.174620522162,244.733676663,0.0427111350188,15936,1019904,24943872,0.00398400000004,0.00398400000004,0.116609000002,0,0,0,0,0,0,0,0,0,0,0,0,0,0,777324,,0,0.0,,steady-0.95-16,steady,0.95,16,p2c,main,,a6e4fc718d9d7974baaceadf224594937ca39b1e9a2ea76e807c564b93f29514,0.1895617950003725
qbr,1d5c6b9eef8a7e38,116148,116148,92705,25203.7868596,25.6385414513,189.067020358,260.443279333,43.4935585095,0.0833827733132,4.24875,4.63525,57.379619941,0.0957026243001,238.669484423,0.0342657342657,85940,5399920,24958464,0.0250309531249,0.0261654999999,0.116609000002,3089,143,2946,0,0,56,97,688.7,1.73214285714,6,0,0,311,67.296121618,1201531,0.9381443298969072,97,0.0010463297556766087,16.49550513893931,steady-0.95-16,steady,0.95,16,qbr,main,,a6e4fc718d9d7974baaceadf224594937ca39b1e9a2ea76e807c564b93f29514,0.3292337969996879
single,1d5c6b9eef8a7e38,116148,116148,92705,25212.7957944,25.5587853922,189.257087378,259.139975453,43.3663473476,0.079359257861,4.2674,4.63525,56.8568208407,0.09057545706,238.669484423,0.0346422807961,86017,5403696,24955360,0.0248860156249,0.0260952499999,0.116609000002,3130,143,2987,0,0,66,66,468.6,1,1,0,0,151,80.1598785862,1202014,0.803030303030303,66,0.0007119357100480018,8.528466019496177,steady-0.95-16,steady,0.95,16,single,main,,a6e4fc718d9d7974baaceadf224594937ca39b1e9a2ea76e807c564b93f29514,0.301137067000127
steal,1d5c6b9eef8a7e38,116148,116148,92705,25218.3537256,25.1897362592,188.497957801,256.810379178,43.0837565119,0.0751200043148,4.28705,4.63525,57.2630356068,0.0854482898199,236.760727967,0.0339429800968,83702,5292400,25198544,0.0368386249999,0.0406647499999,0.116606000002,14301,2412,11889,0,0,790,1678,12388.8,2.12405063291,13,0,0,3473,212.43432139,1218741,0.8238095238095238,1680,0.018121999892130952,8.376789500648895,steady-0.95-16,steady,0.95,16,steal,main,,a6e4fc718d9d7974baaceadf224594937ca39b1e9a2ea76e807c564b93f29514,0.33193633499922726
threshold,1d5c6b9eef8a7e38,116148,116148,92705,25205.8470572,25.1897362592,189.257087378,258.620474883,43.1128982682,0.0747208888409,4.2889,4.63525,57.2630356068,0.0848276327329,236.998488695,0.0344271113502,116926,6886896,25118048,0.0509432812499,0.0583369999999,0.116601500002,18410,953,17464,0,0,506,1166,8753.6,2.30434782609,10,0,0,2602,162.173037043,1319961,0.853595890410959,1168,0.012599104686910091,10.93335049678352,steady-0.95-16,steady,0.95,16,threshold,main,,a6e4fc718d9d7974baaceadf224594937ca39b1e9a2ea76e807c564b93f29514,0.3832356670000081
work,1d5c6b9eef8a7e38,116148,116148,92705,26361.3045612,728.022573599,1227.37061947,1308.51470305,708.990832692,1,0,4.63525,1173.34562384,1,1290.31826603,1,15936,1019904,23809216,0.00398400000004,0.00398400000004,0.245203918518,0,0,0,0,0,0,0,0,0,0,0,0,0,0,897049,,0,0.0,,steady-0.95-16,steady,0.95,16,work,main,,a6e4fc718d9d7974baaceadf224594937ca39b1e9a2ea76e807c564b93f29514,0.2435016879999239
bwc,ef6117ea758fbfa5,116564,116564,93257,27539.3421232,1328.29552026,2353.58221518,2459.44277372,1406.79675547,1,0,4.66285,2327.83654218,1,2430.10848272,1,62208,3981312,23025152,0.0155520000001,0.0232080000002,0.178730000001,0,0,0,0,0,0,0,0,0,0,46272,1.8461920816,0,0,1040286,,0,0.0,,steady-0.95-17,steady,0.95,17,bwc,main,,6a3ffd5c050f604314df019f1bb33981d948e4adb3782d4620b756cb11ac7f0c,0.2926136870000846
jbsq,ef6117ea758fbfa5,116564,116564,93257,25206.071378,18.0778119657,185.305302997,249.695320926,39.2088179842,0.0569930407369,4.3971,4.66285,64.4907815879,0.0640277516336,227.899675805,0.029285600805,0,0,25156992,0,0,0.233144229156,0,0,0,0,0,0,0,0,0,0,0,0,0,0,815947,,0,0.0,,steady-0.95-17,steady,0.95,17,jbsq,main,,6a3ffd5c050f604314df019f1bb33981d948e4adb3782d4620b756cb11ac7f0c,0.2196460280001702
jsw,ef6117ea758fbfa5,116564,116564,93257,25213.9431715,28.0586331858,192.13100751,256.295530821,45.940034958,0.124784198505,4.081,4.66285,67.0940546839,0.146946513567,235.812057916,0.0374940422602,15936,1019904,25155904,0.00398400000004,0.00398400000004,0.117161774002,0,0,0,0,0,0,0,0,0,0,0,0,0,0,779742,,0,0.0,,steady-0.95-17,steady,0.95,17,jsw,main,,6a3ffd5c050f604314df019f1bb33981d948e4adb3782d4620b756cb11ac7f0c,0.2767561789996762
p2c,ef6117ea758fbfa5,116564,116564,93257,25216.0867875,29.6394728619,200.81405803,267.32645734,48.9789127957,0.198054837707,3.73935,4.66285,93.9854305804,0.235593083604,245.47161514,0.0502038870942,15936,1019904,25154432,0.00398400000004,0.00398400000004,0.117161774002,0,0,0,0,0,0,0,0,0,0,0,0,0,0,779749,,0,0.0,,steady-0.95-17,steady,0.95,17,p2c,main,,6a3ffd5c050f604314df019f1bb33981d948e4adb3782d4620b756cb11ac7f0c,0.19816676000027655
qbr,ef6117ea758fbfa5,116564,116564,93257,25212.9545174,27.9426886592,192.13100751,256.038492329,45.9361115114,0.123593939329,4.08655,4.66285,68.3302218323,0.145507838761,237.713198395,0.037282211513,86485,5426160,25166352,0.0253744531249,0.0270509999999,0.117160004519,3371,103,3267,0,0,39,65,461.5,1.66666666667,4,0,0,194,57.0733701728,1206753,0.9076923076923077,65,0.0006969986167258222,15.25339544005748,steady-0.95-17,steady,0.95,17,qbr,main,,6a3ffd5c050f604314df019f1bb33981d948e4adb3782d4620b756cb11ac7f0c,0.31347387899950263
single,ef6117ea758fbfa5,116564,116564,93257,25217.5681953,28.1167795108,192.517462656,255.268916516,46.0542054252,0.128397868257,4.06415,4.66285,67.0260286552,0.151370102455,236.760727967,0.0379177037547,86731,5437888,25162320,0.0254172778749,0.0275037499999,0.117161504519,3501,91,3412,0,0,39,39,276.9,1,1,0,0,92,66.7354805879,1207755,0.8461538461538461,39,0.0004181991700354933,11.192179854008804,steady-0.95-17,steady,0.95,17,single,main,,6a3ffd5c050f604314df019f1bb33981d948e4adb3782d4620b756cb11ac7f0c,0.31317056599982607
steal,ef6117ea758fbfa5,116564,116564,93257,25214.6285497,27.7121856232,192.13100751,255.268916516,45.7029377564,0.120344853469,4.1017,4.66285,67.3668397394,0.141259042138,236.760727967,0.0379706614415,82399,5229792,25337664,0.0330770704999,0.0359467499999,0.117157004519,11849,1645,10204,0,0,555,1201,8717.1,2.16396396396,10,0,0,2514,204.631617327,1210053,0.7892116182572614,1205,0.01292128204853255,8.187308559002696,steady-0.95-17,steady,0.95,17,steal,main,,6a3ffd5c050f604314df019f1bb33981d948e4adb3782d4620b756cb11ac7f0c,0.31955751500026963
threshold,ef6117ea758fbfa5,116564,116564,93257,25220.6709604,27.9716313479,192.710980119,256.038492329,45.8578566016,0.124537568225,4.08215,4.66285,67.3668397394,0.146435582327,237.951911593,0.0382884075624,120638,7064672,25273280,0.0531786208541,0.0616819999999,0.117146504519,20360,623,19732,0,0,328,781,5830.1,2.38109756098,11,0,0,1658,174.75345371,1337701,0.8769035532994924,788,0.008449767845845352,10.85147158749877,steady-0.95-17,steady,0.95,17,threshold,main,,6a3ffd5c050f604314df019f1bb33981d948e4adb3782d4620b756cb11ac7f0c,0.3136404209999455
work,ef6117ea758fbfa5,116564,116564,93257,26678.1718515,822.566037222,1523.36916704,1607.90477173,899.444729777,1,0,4.66285,1475.38517803,1,1587.1346909,1,15936,1019904,23793088,0.00398400000004,0.00398400000004,0.244515500001,0,0,0,0,0,0,0,0,0,0,0,0,0,0,900972,,0,0.0,,steady-0.95-17,steady,0.95,17,work,main,,6a3ffd5c050f604314df019f1bb33981d948e4adb3782d4620b756cb11ac7f0c,0.25362884599962854
bwc,7b964b9ab434bfb2,116251,116251,92847,27130.3283668,1211.51302646,1997.59663903,2081.19945942,1195.14820172,1,0,4.64235,1946.32813362,1,2060.4915292,1,62075,3972800,23129536,0.0155185153754,0.0238920000003,0.179125000001,0,0,0,0,0,0,0,0,0,0,46139,1.86449641301,0,0,1033656,,0,0.0,,steady-0.95-18,steady,0.95,18,bwc,main,,423c8e1913bdd612fe920095fb74ab09a5d75308ea485c8fb143d81311ef07ba,0.28359123400059616
jbsq,7b964b9ab434bfb2,116251,116251,92847,25179.669349,17.4219607312,185.678099908,252.973986211,38.5997394847,0.0545736534298,4.389,4.64235,63.969205166,0.0606664691145,232.055079105,0.0302606826122,0,0,24969472,0,0,0.232084500001,0,0,0,0,0,0,0,0,0,0,0,0,0,0,813756,,0,0.0,,steady-0.95-18,steady,0.95,18,jbsq,main,,423c8e1913bdd612fe920095fb74ab09a5d75308ea485c8fb143d81311ef07ba,0.23081614100010484
jsw,7b964b9ab434bfb2,116251,116251,92847,25199.088862,26.6974293832,191.745324117,257.843168589,44.8432281992,0.109125766045,4.13575,4.64235,66.8901804042,0.12712480806,240.593564482,0.0373018005912,15936,1019904,24969472,0.00398400000004,0.00398400000004,0.116751000002,0,0,0,0,0,0,0,0,0,0,0,0,0,0,777816,,0,0.0,,steady-0.95-18,steady,0.95,18,jsw,main,,423c8e1913bdd612fe920095fb74ab09a5d75308ea485c8fb143d81311ef07ba,0.20497682499990333
p2c,7b964b9ab434bfb2,116251,116251,92847,25175.7570052,27.2849288643,200.209824725,264.392499382,47.1888855651,0.173737439013,3.8358,4.64235,90.080570376,0.204749333261,246.211769647,0.0499865627519,15936,1019904,24969728,0.00398400000004,0.00398400000004,0.116751000002,0,0,0,0,0,0,0,0,0,0,0,0,0,0,777742,,0,0.0,,steady-0.95-18,steady,0.95,18,p2c,main,,423c8e1913bdd612fe920095fb74ab09a5d75308ea485c8fb143d81311ef07ba,0.1996360459997959
qbr,7b964b9ab434bfb2,116251,116251,92847,25188.179795,26.8083853961,193.09859579,256.552826352,44.9769317472,0.113272372828,4.1165,4.64235,67.5036417857,0.131690956601,238.909153907,0.0397742542327,86476,5425600,24984592,0.0254432343749,0.0276512499999,0.116749500002,3367,134,3232,0,0,63,107,759.7,1.69841269841,5,0,0,354,52.7911895324,1203363,0.8691588785046729,107,0.0011524335735134145,14.994794255213305,steady-0.95-18,steady,0.95,18,qbr,main,,423c8e1913bdd612fe920095fb74ab09a5d75308ea485c8fb143d81311ef07ba,0.3328190869997343
single,7b964b9ab434bfb2,116251,116251,92847,25175.7570052,26.6697596236,192.13100751,256.038492329,44.8054865561,0.107887169214,4.1415,4.64235,67.0940546839,0.125373777646,237.951911593,0.0381080354743,86306,5417440,24976224,0.0250930619686,0.0268802419999,0.116749500002,3280,114,3168,0,0,42,42,298.2,1,1,0,0,99,54.0048392413,1202889,0.8809523809523809,42,0.0004523571036220879,12.547844356241772,steady-0.95-18,steady,0.95,18,single,main,,423c8e1913bdd612fe920095fb74ab09a5d75308ea485c8fb143d81311ef07ba,0.3040730809998422
steal,7b964b9ab434bfb2,116251,116251,92847,25179.3111446,26.3945777965,192.13100751,259.400115429,44.5669323953,0.102878929852,4.16475,4.64235,66.619297229,0.119258640662,237.713198395,0.0375167965601,83742,5294112,25190656,0.0359193261249,0.0418929999999,0.116746500002,13195,2393,10803,0,0,700,1469,10524.9,2.09857142857,9,0,0,3189,248.793462409,1218879,0.7922343324250681,1468,0.015810957812314883,7.494610124643993,steady-0.95-18,steady,0.95,18,steal,main,,423c8e1913bdd612fe920095fb74ab09a5d75308ea485c8fb143d81311ef07ba,0.28596380700037116
threshold,7b964b9ab434bfb2,116251,116251,92847,25202.5673445,26.5593567302,192.13100751,257.584584005,44.7726553184,0.106627031568,4.14735,4.64235,67.5721454275,0.123582338838,238.190863505,0.0389680193496,118635,6968960,25124096,0.0520442318313,0.0648249999999,0.116742000002,19292,840,18452,0,0,444,1032,7897.2,2.32432432432,11,0,0,2174,218.840817301,1325684,0.8423597678916828,1034,0.011136601074886641,10.269056849767178,steady-0.95-18,steady,0.95,18,threshold,main,,423c8e1913bdd612fe920095fb74ab09a5d75308ea485c8fb143d81311ef07ba,0.32544686700020975
work,7b964b9ab434bfb2,116251,116251,92847,26361.5019641,684.21706826,1250.92090768,1328.29552026,700.57689689,0.999989229593,5e-05,4.64235,1187.51553708,1,1308.51470305,0.999946251008,15936,1019904,23763648,0.00398400000004,0.00398400000004,0.244869000001,0,0,0,0,0,0,0,0,0,0,0,0,0,0,897772,,0,0.0,,steady-0.95-18,steady,0.95,18,work,main,,423c8e1913bdd612fe920095fb74ab09a5d75308ea485c8fb143d81311ef07ba,0.25765620800029865
bwc,ea6264306b4a4c7a,116069,116069,92907,27265.6618274,1116.10002048,1983.6622558,2083.28165888,1109.06179697,1,0,4.64535,1940.49781375,1,2056.37472238,1,62550,4003200,23067712,0.0156372910664,0.0210680000002,0.179504000001,0,0,0,0,0,0,0,0,0,0,46615,1.83812077657,0,0,1034970,,0,0.0,,steady-0.95-19,steady,0.95,19,bwc,main,,9c5c11182166a2fec226afd79144f348189a3edcfe7a509512b12ace609430a7,0.2724886489995697
jbsq,ea6264306b4a4c7a,116069,116069,92907,25314.5112992,16.9673453409,184.19137318,252.720265945,38.3315042714,0.0542155058284,4.3935,4.64535,65.813115446,0.0608454197444,230.430199565,0.0279395266841,0,0,25018752,0,0,0.232143000001,0,0,0,0,0,0,0,0,0,0,0,0,0,0,812482,,0,0.0,,steady-0.95-19,steady,0.95,19,jbsq,main,,9c5c11182166a2fec226afd79144f348189a3edcfe7a509512b12ace609430a7,0.21865958699982002
jsw,ea6264306b4a4c7a,116069,116069,92907,25329.7776985,25.9869279341,191.168242692,259.400115429,44.4487022764,0.101962177231,4.1717,4.64535,68.9566955492,0.118711921065,236.285918844,0.0355788236551,15936,1019904,25021120,0.00398400000004,0.00398400000004,0.116811000002,0,0,0,0,0,0,0,0,0,0,0,0,0,0,777141,,0,0.0,,steady-0.95-19,steady,0.95,19,jsw,main,,9c5c11182166a2fec226afd79144f348189a3edcfe7a509512b12ace609430a7,0.20058391700058564
p2c,ea6264306b4a4c7a,116069,116069,92907,25302.8309072,26.6697596236,197.810928228,270.292850688,46.9899621008,0.17116040772,3.85025,4.64535,91.0874811399,0.202741683291,247.947452142,0.0459960467974,15936,1019904,25022144,0.00398400000004,0.00398400000004,0.116811000002,0,0,0,0,0,0,0,0,0,0,0,0,0,0,777056,,0,0.0,,steady-0.95-19,steady,0.95,19,p2c,main,,9c5c11182166a2fec226afd79144f348189a3edcfe7a509512b12ace609430a7,0.1870911209998667
qbr,ea6264306b4a4c7a,116069,116069,92907,25316.9956625,25.8523971557,190.592889054,261.753112778,44.3794998398,0.100950412778,4.1764,4.64535,69.4478639596,0.117660538092,237.951911593,0.0347240771409,86206,5412640,25033872,0.0252415312499,0.0275767499999,0.116811000002,3227,142,3082,0,0,59,90,639,1.52542372881,4,0,0,322,52.1512430011,1203296,0.8666666666666667,90,0.000968710646130001,12.470861198219811,steady-0.95-19,steady,0.95,19,qbr,main,,9c5c11182166a2fec226afd79144f348189a3edcfe7a509512b12ace609430a7,0.31904651100012416
single,ea6264306b4a4c7a,116069,116069,92907,25350.3516402,26.013914862,190.592889054,259.139975453,44.4308159967,0.100057046294,4.18055,4.64535,69.5888301354,0.116447403893,237.236487184,0.0350980287409,85954,5400544,25029776,0.024831578703,0.0271202499999,0.116811000002,3104,130,2973,0,0,55,55,390.5,1,1,0,0,122,52.1512430011,1203450,0.8545454545454545,55,0.0005919898393016672,9.342818742012192,steady-0.95-19,steady,0.95,19,single,main,,9c5c11182166a2fec226afd79144f348189a3edcfe7a509512b12ace609430a7,0.3381763919996956
steal,ea6264306b4a4c7a,116069,116069,92907,25321.9622832,25.8255715841,190.401487567,257.068189558,44.2608763909,0.0986577975825,4.18705,4.64535,69.3774864731,0.115005122122,236.285918844,0.0338693306266,83588,5286816,25244128,0.0362392812499,0.0416247499999,0.116803500002,13840,2316,11524,0,0,706,1476,10859.6,2.09065155807,11,0,0,3302,294.475,1222657,0.8024193548387096,1488,0.016016016016016016,8.674000416828415,steady-0.95-19,steady,0.95,19,steal,main,,9c5c11182166a2fec226afd79144f348189a3edcfe7a509512b12ace609430a7,0.3079291670001112
threshold,ea6264306b4a4c7a,116069,116069,92907,25348.5518643,25.7987728113,190.210277289,257.068189558,44.2832399381,0.0991421529056,4.1848,4.64535,68.8868087405,0.115476896533,236.760727967,0.034403547198,117512,6915008,25195472,0.051273658404,0.0633374999999,0.116803500002,18732,882,17847,0,0,483,1176,8729.6,2.4347826087,11,0,0,2651,159.364681207,1321480,0.8721422523285352,1181,0.012711636367550346,11.087530787038189,steady-0.95-19,steady,0.95,19,threshold,main,,9c5c11182166a2fec226afd79144f348189a3edcfe7a509512b12ace609430a7,0.3630874779992155
work,ea6264306b4a4c7a,116069,116069,92907,26430.3188051,665.30642792,1168.65996136,1258.45123699,643.060396933,0.99993541929,0.0003,4.64535,1111.6427691,1,1233.52476856,0.999679470057,15936,1019904,23879104,0.00398400000004,0.00398400000004,0.245626466312,0,0,0,0,0,0,0,0,0,0,0,0,0,0,896716,,0,0.0,,steady-0.95-19,steady,0.95,19,work,main,,9c5c11182166a2fec226afd79144f348189a3edcfe7a509512b12ace609430a7,0.23898333899978752
bwc,d0f18eec3a6a3a56,115998,115998,92817,27117.7639031,1376.99718514,1993.60543356,2074.96533345,1341.36411286,1,0,4.64085,1938.55825549,1,2052.26613684,1,62448,3996672,23112832,0.0156120000001,0.0216040000003,0.179655500001,0,0,0,0,0,0,0,0,0,0,46512,1.8485122119,0,0,1032332,,0,0.0,,steady-0.95-20,steady,0.95,20,bwc,main,,3d9bddfb362c6de4a60931e0f82acb5145fdeadcf1986ec2377c4f31fe76481f,0.27075785299985
jbsq,d0f18eec3a6a3a56,115998,115998,92817,25180.3972191,16.6646321503,184.561941118,249.695320926,37.6236075585,0.0449486624218,4.43225,4.64085,60.1264011749,0.0491110483035,227.6710048,0.0282458414344,0,0,24930176,0,0,0.232025313141,0,0,0,0,0,0,0,0,0,0,0,0,0,0,811985,,0,0.0,,steady-0.95-20,steady,0.95,20,jbsq,main,,3d9bddfb362c6de4a60931e0f82acb5145fdeadcf1986ec2377c4f31fe76481f,0.2211611829998219
jsw,d0f18eec3a6a3a56,115998,115998,92817,25184.6297781,25.7452555549,190.210277289,256.038492329,44.1154800146,0.100078649385,4.1764,4.64085,65.8799285615,0.116135718227,235.575482433,0.0356448476993,15936,1019904,24931520,0.00398400000004,0.00398400000004,0.116721062547,0,0,0,0,0,0,0,0,0,0,0,0,0,0,776252,,0,0.0,,steady-0.95-20,steady,0.95,20,jsw,main,,3d9bddfb362c6de4a60931e0f82acb5145fdeadcf1986ec2377c4f31fe76481f,0.21363005900002463
p2c,d0f18eec3a6a3a56,115998,115998,92817,25191.3689112,26.3398707152,198.407957644,262.278881757,46.8557399423,0.171444886174,3.8452,4.64085,89.8078742388,0.202339134063,243.997947581,0.0474724562541,15936,1019904,24931072,0.00398400000004,0.00398400000004,0.116721062547,0,0,0,0,0,0,0,0,0,0,0,0,0,0,776274,,0,0.0,,steady-0.95-20,steady,0.95,20,p2c,main,,3d9bddfb362c6de4a60931e0f82acb5145fdeadcf1986ec2377c4f31fe76481f,0.21491350999986025
qbr,d0f18eec3a6a3a56,115998,115998,92817,25212.9417647,25.8255715841,191.360410934,254.501644822,44.0767962207,0.100024779943,4.17665,4.64085,64.2947015339,0.115785790232,236.760727967,0.0367790019443,85790,5392800,24945040,0.0249076224176,0.0264167926689,0.116720313142,3015,140,2874,0,0,59,91,646.1,1.54237288136,5,0,0,314,64.9984539703,1201086,0.8351648351648352,91,0.000980423844769816,13.035155035666842,steady-0.95-20,steady,0.95,20,qbr,main,,3d9bddfb362c6de4a60931e0f82acb5145fdeadcf1986ec2377c4f31fe76481f,0.3139428289996431
single,d0f18eec3a6a3a56,115998,115998,92817,25199.0485029,25.6918451727,191.168242692,251.960624936,44.027414886,0.0983656011291,4.18435,4.64085,66.6869165262,0.113592010875,235.10304025,0.0372650680493,85881,5397168,24941136,0.0247746093749,0.0268224999999,0.116718813142,3055,150,2905,0,0,59,59,418.9,1,1,0,0,138,50.6484533124,1201267,0.8833333333333333,60,0.0006464333042438346,11.415715189928749,steady-0.95-20,steady,0.95,20,single,main,,3d9bddfb362c6de4a60931e0f82acb5145fdeadcf1986ec2377c4f31fe76481f,0.3044565030004378
steal,d0f18eec3a6a3a56,115998,115998,92817,25208.1669388,25.4528153082,190.784481943,255.012903613,43.7997313906,0.0946701574065,4.2015,4.64085,65.0165452546,0.109514003849,234.631541535,0.0351047742493,84597,5335200,25207488,0.0378831673187,0.0439729999999,0.116715813142,14181,2889,11292,0,0,840,1827,13731.7,2.175,9,0,0,3662,225.995798789,1218193,0.7996724890829694,1832,0.019737763556245083,7.123821243987486,steady-0.95-20,steady,0.95,20,steal,main,,3d9bddfb362c6de4a60931e0f82acb5145fdeadcf1986ec2377c4f31fe76481f,0.3216118139998798
threshold,d0f18eec3a6a3a56,115998,115998,92817,25213.3919396,25.6651799927,190.210277289,256.038492329,43.9024502546,0.0960492151222,4.1951,4.64085,66.1478498229,0.110981009677,237.236487184,0.0361309138043,116817,6881232,25120128,0.0509066210313,0.0645522499999,0.116706813142,18370,964,17406,0,0,512,1283,9204.3,2.505859375,13,0,0,2658,144.370737181,1322564,0.8851823118696664,1289,0.01388754215283838,11.008489165878665,steady-0.95-20,steady,0.95,20,threshold,main,,3d9bddfb362c6de4a60931e0f82acb5145fdeadcf1986ec2377c4f31fe76481f,0.35245854200002213
work,d0f18eec3a6a3a56,115998,115998,92817,26328.4288369,878.726232206,1229.82858908,1301.98672651,842.846489801,1,0,4.64085,1151.25462933,1,1281.31508688,1,15936,1019904,23877184,0.00398400000004,0.00398400000004,0.246051713244,0,0,0,0,0,0,0,0,0,0,0,0,0,0,895895,,0,0.0,,steady-0.95-20,steady,0.95,20,work,main,,3d9bddfb362c6de4a60931e0f82acb5145fdeadcf1986ec2377c4f31fe76481f,0.2467432869998447
