scenario,rho,axis,value,method,reference,metric,n,mean_difference,ci95_low,ci95_high,interpretation
capacity,0.85,ablation,capacity,fixed_batch,jsw,class0_p99_us,10,-0.8569778724999992,-2.5188450143099934,0.9073209487924977,uncertain
capacity,0.85,ablation,capacity,fixed_batch,jsw,control_cpu_mean,10,4.251114518016,4.225471453516374,4.277776986824951,higher
capacity,0.85,ablation,capacity,fixed_batch,jsw,p999_us,10,-2.6963624434000053,-11.04687706104751,8.21781010123498,uncertain
capacity,0.85,ablation,capacity,fixed_batch,jsw,p99_us,10,-0.24147449600000642,-0.8385481280525092,0.3239481145999946,uncertain
capacity,0.85,ablation,capacity,fixed_batch,jsw,slo_miss_rate,10,-0.1018417201900007,-0.23653943447675066,0.03514960132524894,uncertain
capacity,0.85,ablation,capacity,fixed_batch,qbr,class0_p99_us,10,0.3095130423000015,-0.9787526163824973,1.801719860124996,uncertain
capacity,0.85,ablation,capacity,fixed_batch,qbr,control_cpu_mean,10,2.181725124157,2.16722277893825,2.196808447657,higher
capacity,0.85,ablation,capacity,fixed_batch,qbr,p999_us,10,-2.2229592217000005,-9.759024303274987,5.130435387942508,uncertain
capacity,0.85,ablation,capacity,fixed_batch,qbr,p99_us,10,0.04437237709999238,-0.7352492314875049,0.8845260459874947,uncertain
capacity,0.85,ablation,capacity,fixed_batch,qbr,slo_miss_rate,10,-0.059521294440000594,-0.2614632251440013,0.1557776270854992,uncertain
capacity,0.85,ablation,capacity,jbsq_depth1,jsw,class0_p99_us,10,2518.9414511072,2443.5730622747396,2598.9716857785224,higher
capacity,0.85,ablation,capacity,jbsq_depth1,jsw,control_cpu_mean,10,-0.398400000004,-0.398400000004,-0.398400000004,lower
capacity,0.85,ablation,capacity,jbsq_depth1,jsw,p999_us,10,2356.8290076999,2272.01838182992,2441.6354162106377,higher
capacity,0.85,ablation,capacity,jbsq_depth1,jsw,p99_us,10,2466.9842723953,2381.405929136717,2551.1800874172177,higher
capacity,0.85,ablation,capacity,jbsq_depth1,jsw,slo_miss_rate,10,73.42845036165,72.23393499457475,74.70535255771449,higher
capacity,0.85,ablation,capacity,jbsq_depth1,qbr,class0_p99_us,10,2520.1079420220003,2444.831504053205,2599.953738392348,higher
capacity,0.85,ablation,capacity,jbsq_depth1,qbr,control_cpu_mean,10,-2.467789393863,-2.482533502602,-2.453609319146525,lower
capacity,0.85,ablation,capacity,jbsq_depth1,qbr,p999_us,10,2357.3024109216003,2270.9348483364925,2443.30404522054,higher
capacity,0.85,ablation,capacity,jbsq_depth1,qbr,p99_us,10,2467.2701192684,2381.5601497901675,2551.8414794705523,higher
capacity,0.85,ablation,capacity,jbsq_depth1,qbr,slo_miss_rate,10,73.4707707874,72.24558294107301,74.845344068148,higher
capacity,0.85,ablation,capacity,jbsq_depth2,jsw,class0_p99_us,10,-9.7445320232,-16.125565415822503,-3.949686710587503,lower
capacity,0.85,ablation,capacity,jbsq_depth2,jsw,control_cpu_mean,10,-0.398400000004,-0.398400000004,-0.398400000004,lower
capacity,0.85,ablation,capacity,jbsq_depth2,jsw,p999_us,10,118.64461003939998,111.02223306410498,126.45883199960998,higher
capacity,0.85,ablation,capacity,jbsq_depth2,jsw,p99_us,10,-6.629217881299996,-7.7578070987175005,-5.333265840999997,lower
capacity,0.85,ablation,capacity,jbsq_depth2,jsw,slo_miss_rate,10,-9.661255400369999,-10.48412230097825,-8.780209442620249,lower
capacity,0.85,ablation,capacity,jbsq_depth2,qbr,class0_p99_us,10,-8.578041108399999,-15.5664638372,-2.731593845765,lower
capacity,0.85,ablation,capacity,jbsq_depth2,qbr,control_cpu_mean,10,-2.467789393863,-2.482533502602,-2.453609319146525,lower
capacity,0.85,ablation,capacity,jbsq_depth2,qbr,p999_us,10,119.11801326109999,108.8208172523425,129.45271943143248,higher
capacity,0.85,ablation,capacity,jbsq_depth2,qbr,p99_us,10,-6.343371008199997,-7.806945663182498,-4.848633111637501,lower
capacity,0.85,ablation,capacity,jbsq_depth2,qbr,slo_miss_rate,10,-9.61893497462,-10.440715276298999,-8.758185498642,lower
capacity,0.85,ablation,capacity,jbsq_depth4,jsw,class0_p99_us,10,11.579456713000003,4.865268021295002,18.07824070354,higher
capacity,0.85,ablation,capacity,jbsq_depth4,jsw,control_cpu_mean,10,-0.398400000004,-0.398400000004,-0.398400000004,lower
capacity,0.85,ablation,capacity,jbsq_depth4,jsw,p999_us,10,130.0517228941,121.78107616291751,138.94179868249,higher
capacity,0.85,ablation,capacity,jbsq_depth4,jsw,p99_us,10,9.1246571959,6.564542381342502,12.422730046762497,higher
capacity,0.85,ablation,capacity,jbsq_depth4,jsw,slo_miss_rate,10,-11.424730764089999,-12.14908759053025,-10.661051060644501,lower
capacity,0.85,ablation,capacity,jbsq_depth4,qbr,class0_p99_us,10,12.745947627800003,5.6778621764,19.117776604692494,higher
capacity,0.85,ablation,capacity,jbsq_depth4,qbr,control_cpu_mean,10,-2.467789393863,-2.482533502602,-2.453609319146525,lower
capacity,0.85,ablation,capacity,jbsq_depth4,qbr,p999_us,10,130.52512611580002,120.226373875665,141.88150597716998,higher
capacity,0.85,ablation,capacity,jbsq_depth4,qbr,p99_us,10,9.410504068999998,6.864351594465004,12.533376560109996,higher
capacity,0.85,ablation,capacity,jbsq_depth4,qbr,slo_miss_rate,10,-11.38241033834,-12.16263934610475,-10.57286458218175,lower
capacity,0.85,ablation,capacity,jbsq_depth8,jsw,class0_p99_us,10,16.080362597300002,9.495776738957506,22.7338045588975,higher
capacity,0.85,ablation,capacity,jbsq_depth8,jsw,control_cpu_mean,10,-0.398400000004,-0.398400000004,-0.398400000004,lower
capacity,0.85,ablation,capacity,jbsq_depth8,jsw,p999_us,10,130.3820704967,121.9224000723475,138.76156995682504,higher
capacity,0.85,ablation,capacity,jbsq_depth8,jsw,p99_us,10,10.756500061099995,6.7438213890999945,16.48107123729249,higher
capacity,0.85,ablation,capacity,jbsq_depth8,jsw,slo_miss_rate,10,-11.44286392155,-12.182884565523501,-10.661463415384748,lower
capacity,0.85,ablation,capacity,jbsq_depth8,qbr,class0_p99_us,10,17.246853512100003,10.883400693847504,23.240627557272504,higher
capacity,0.85,ablation,capacity,jbsq_depth8,qbr,control_cpu_mean,10,-2.467789393863,-2.482533502602,-2.453609319146525,lower
capacity,0.85,ablation,capacity,jbsq_depth8,qbr,p999_us,10,130.8554737184,119.2666383218925,144.22775644527997,higher
capacity,0.85,ablation,capacity,jbsq_depth8,qbr,p99_us,10,11.042346934199994,7.04569379192,16.570514582402488,higher
capacity,0.85,ablation,capacity,jbsq_depth8,qbr,slo_miss_rate,10,-11.400543495800001,-12.18251800350375,-10.57390698397575,lower
capacity,0.85,ablation,capacity,jsw,qbr,class0_p99_us,10,1.1664909148000007,-0.2667225195474951,2.5529484928174977,uncertain
capacity,0.85,ablation,capacity,jsw,qbr,control_cpu_mean,10,-2.069389393859,-2.084133502598,-2.0552093191425245,lower
capacity,0.85,ablation,capacity,jsw,qbr,p999_us,10,0.47340322170000493,-8.914517745057495,10.954138235635007,uncertain
capacity,0.85,ablation,capacity,jsw,qbr,p99_us,10,0.2858468730999988,-0.48921461925249643,1.061351552437496,uncertain
capacity,0.85,ablation,capacity,jsw,qbr,slo_miss_rate,10,0.042320425750000126,-0.13077909152399966,0.21591469936199895,uncertain
capacity,0.85,ablation,capacity,no_reserve,jsw,class0_p99_us,10,-1.845745167699998,-3.1297507382224996,-0.5390341183674984,lower
capacity,0.85,ablation,capacity,no_reserve,jsw,control_cpu_mean,10,2.0628167128359998,2.0525105111354,2.0734353093069497,higher
capacity,0.85,ablation,capacity,no_reserve,jsw,p999_us,10,2.991465934599995,-6.8674560121224975,12.804860507242484,uncertain
capacity,0.85,ablation,capacity,no_reserve,jsw,p99_us,10,-0.5902886628000032,-1.1433089405325008,-0.06830963271000352,lower
capacity,0.85,ablation,capacity,no_reserve,jsw,slo_miss_rate,10,0.09029560247999946,-0.02450435111324953,0.21740367318849846,uncertain
capacity,0.85,ablation,capacity,no_reserve,qbr,class0_p99_us,10,-0.6792542528999974,-1.6088015260074986,0.2723819546449994,uncertain
capacity,0.85,ablation,capacity,no_reserve,qbr,control_cpu_mean,10,-0.0065726810230000085,-0.013789658429850011,0.001195460824949987,uncertain
capacity,0.85,ablation,capacity,no_reserve,qbr,p999_us,10,3.4648691563,-5.014566368620008,9.696596859719994,uncertain
capacity,0.85,ablation,capacity,no_reserve,qbr,p99_us,10,-0.3044417897000045,-0.8428670197575019,0.33376971943749617,uncertain
capacity,0.85,ablation,capacity,no_reserve,qbr,slo_miss_rate,10,0.13261602822999957,-0.01955233908050131,0.29703542302599956,uncertain
capacity,0.85,ablation,capacity,qbr,jsw,class0_p99_us,10,-1.1664909148000007,-2.5529484928174986,0.2667225195474934,uncertain
capacity,0.85,ablation,capacity,qbr,jsw,control_cpu_mean,10,2.069389393859,2.0552093191425245,2.084133502598,higher
capacity,0.85,ablation,capacity,qbr,jsw,p999_us,10,-0.47340322170000493,-10.954138235635012,8.914517745057495,uncertain
capacity,0.85,ablation,capacity,qbr,jsw,p99_us,10,-0.2858468730999988,-1.0613515524374961,0.4892146192524948,uncertain
capacity,0.85,ablation,capacity,qbr,jsw,slo_miss_rate,10,-0.042320425750000126,-0.21591469936199906,0.1307790915239996,uncertain
capacity,0.85,bandwidth-gbps,1,jbsq,jsw,class0_p99_us,10,2.2200258941000017,-2.2715988669024987,6.370661189600004,uncertain
capacity,0.85,bandwidth-gbps,1,jbsq,jsw,control_cpu_mean,10,-0.398400000004,-0.398400000004,-0.398400000004,lower
capacity,0.85,bandwidth-gbps,1,jbsq,jsw,p999_us,10,113.43250339650001,104.73361117881997,123.4823946637975,higher
capacity,0.85,bandwidth-gbps,1,jbsq,jsw,p99_us,10,1.8663847347000029,0.47395175823500335,3.312872107570005,higher
capacity,0.85,bandwidth-gbps,1,jbsq,jsw,slo_miss_rate,10,-6.142979265279999,-6.6675596991965,-5.590106424024,lower
capacity,0.85,bandwidth-gbps,1,jbsq,qbr,class0_p99_us,10,0.39609919640000013,-4.851356692352508,5.2877782658075,uncertain
capacity,0.85,bandwidth-gbps,1,jbsq,qbr,control_cpu_mean,10,-2.4141615931660003,-2.426496803236375,-2.4018095287335,lower
capacity,0.85,bandwidth-gbps,1,jbsq,qbr,p999_us,10,113.65202085109999,104.93663084143,121.82489237938249,higher
capacity,0.85,bandwidth-gbps,1,jbsq,qbr,p99_us,10,1.108145221999996,0.07501157940999356,2.154765816984996,higher
capacity,0.85,bandwidth-gbps,1,jbsq,qbr,slo_miss_rate,10,-6.304756888420001,-6.91882771778425,-5.714912308804001,lower
capacity,0.85,bandwidth-gbps,1,jbsq,steal,class0_p99_us,10,0.4900938219999972,-4.227969934230005,5.04096904585749,uncertain
capacity,0.85,bandwidth-gbps,1,jbsq,steal,control_cpu_mean,10,-4.227710166755,-4.2712480330127995,-4.18091685837,lower
capacity,0.85,bandwidth-gbps,1,jbsq,steal,p999_us,10,112.21420733539999,101.43128440859502,122.46669066196999,higher
capacity,0.85,bandwidth-gbps,1,jbsq,steal,p99_us,10,1.7189726258000007,0.5411398664250008,2.8906413463574996,higher
capacity,0.85,bandwidth-gbps,1,jbsq,steal,slo_miss_rate,10,-7.293473393170001,-7.962910968145002,-6.627492389534001,lower
capacity,0.85,bandwidth-gbps,1,jbsq,threshold,class0_p99_us,10,0.6530564145,-4.062259801842503,5.059042821545001,uncertain
capacity,0.85,bandwidth-gbps,1,jbsq,threshold,control_cpu_mean,10,-4.02543428747,-4.0430332712593255,-4.0066531660150995,lower
capacity,0.85,bandwidth-gbps,1,jbsq,threshold,p999_us,10,114.70525467259999,105.94562683675501,123.0591147746525,higher
capacity,0.85,bandwidth-gbps,1,jbsq,threshold,p99_us,10,1.572996253599996,0.5239016557199948,2.839240372599994,higher
capacity,0.85,bandwidth-gbps,1,jbsq,threshold,slo_miss_rate,10,-6.797038522950001,-7.40243585263525,-6.154252702968752,lower
capacity,0.85,bandwidth-gbps,1,jsw,jbsq,class0_p99_us,10,-2.2200258941000017,-6.370661189600005,2.271598866902492,uncertain
capacity,0.85,bandwidth-gbps,1,jsw,jbsq,control_cpu_mean,10,0.398400000004,0.398400000004,0.398400000004,higher
capacity,0.85,bandwidth-gbps,1,jsw,jbsq,p999_us,10,-113.43250339650001,-123.4823946637975,-104.73361117881997,lower
capacity,0.85,bandwidth-gbps,1,jsw,jbsq,p99_us,10,-1.8663847347000029,-3.3128721075700054,-0.473951758235005,lower
capacity,0.85,bandwidth-gbps,1,jsw,jbsq,slo_miss_rate,10,6.142979265279999,5.590106424024,6.6675596991965,higher
capacity,0.85,bandwidth-gbps,1,jsw,qbr,class0_p99_us,10,-1.8239266977000015,-2.8322266425225013,-0.7431333823649933,lower
capacity,0.85,bandwidth-gbps,1,jsw,qbr,control_cpu_mean,10,-2.015761593162,-2.028096803232375,-2.0034095287295,lower
capacity,0.85,bandwidth-gbps,1,jsw,qbr,p999_us,10,0.2195174545999919,-7.457462323687504,7.73904831073249,uncertain
capacity,0.85,bandwidth-gbps,1,jsw,qbr,p99_us,10,-0.7582395127000069,-1.733350177272514,0.22115972114749285,uncertain
capacity,0.85,bandwidth-gbps,1,jsw,qbr,slo_miss_rate,10,-0.16177762314000144,-0.297125176997252,-0.037225248112502184,lower
capacity,0.85,bandwidth-gbps,1,jsw,steal,class0_p99_us,10,-1.7299320721000044,-2.8767262217750074,-0.613503029322503,lower
capacity,0.85,bandwidth-gbps,1,jsw,steal,control_cpu_mean,10,-3.829310166751,-3.8728480330088004,-3.7825168583660003,lower
capacity,0.85,bandwidth-gbps,1,jsw,steal,p999_us,10,-1.2182960611000055,-10.245632064137508,7.779419741487496,uncertain
capacity,0.85,bandwidth-gbps,1,jsw,steal,p99_us,10,-0.14741210890000217,-0.9303407354149964,0.5336340159799957,uncertain
capacity,0.85,bandwidth-gbps,1,jsw,steal,slo_miss_rate,10,-1.150494127890001,-1.3961524049295013,-0.8761169451385015,lower
capacity,0.85,bandwidth-gbps,1,jsw,threshold,class0_p99_us,10,-1.5669694796000015,-2.944778679527498,-0.47777430385500613,lower
capacity,0.85,bandwidth-gbps,1,jsw,threshold,control_cpu_mean,10,-3.627034287466001,-3.644633271255325,-3.608253166011101,lower
capacity,0.85,bandwidth-gbps,1,jsw,threshold,p999_us,10,1.2727512761000015,-7.860333145970011,10.365417391377507,uncertain
capacity,0.85,bandwidth-gbps,1,jsw,threshold,p99_us,10,-0.293388481100007,-1.099471759100003,0.639754752099995,uncertain
capacity,0.85,bandwidth-gbps,1,jsw,threshold,slo_miss_rate,10,-0.6540592576700005,-0.8528576367189995,-0.44691822231300043,lower
capacity,0.85,bandwidth-gbps,1,qbr,jbsq,class0_p99_us,10,-0.39609919640000013,-5.2877782658075,4.8513566923525,uncertain
capacity,0.85,bandwidth-gbps,1,qbr,jbsq,control_cpu_mean,10,2.4141615931660003,2.4018095287335,2.426496803236375,higher
capacity,0.85,bandwidth-gbps,1,qbr,jbsq,p999_us,10,-113.65202085109999,-121.82489237938249,-104.93663084143,lower
capacity,0.85,bandwidth-gbps,1,qbr,jbsq,p99_us,10,-1.108145221999996,-2.1547658169849964,-0.07501157940999374,lower
capacity,0.85,bandwidth-gbps,1,qbr,jbsq,slo_miss_rate,10,6.304756888420001,5.714912308804001,6.91882771778425,higher
capacity,0.85,bandwidth-gbps,1,qbr,jsw,class0_p99_us,10,1.8239266977000015,0.7431333823649929,2.832226642522501,higher
capacity,0.85,bandwidth-gbps,1,qbr,jsw,control_cpu_mean,10,2.015761593162,2.0034095287295,2.028096803232375,higher
capacity,0.85,bandwidth-gbps,1,qbr,jsw,p999_us,10,-0.2195174545999919,-7.73904831073249,7.457462323687504,uncertain
capacity,0.85,bandwidth-gbps,1,qbr,jsw,p99_us,10,0.7582395127000069,-0.22115972114749338,1.733350177272513,uncertain
capacity,0.85,bandwidth-gbps,1,qbr,jsw,slo_miss_rate,10,0.16177762314000144,0.03722524811250211,0.297125176997252,higher
capacity,0.85,bandwidth-gbps,1,qbr,steal,class0_p99_us,10,0.09399462559999705,-1.5904898910675054,1.6643147003149963,uncertain
capacity,0.85,bandwidth-gbps,1,qbr,steal,control_cpu_mean,10,-1.813548573589,-1.865101113256975,-1.759482859670825,lower
capacity,0.85,bandwidth-gbps,1,qbr,steal,p999_us,10,-1.4378135156999974,-9.371100133615007,4.95950880320001,uncertain
capacity,0.85,bandwidth-gbps,1,qbr,steal,p99_us,10,0.6108274038000048,-0.48321632597999165,1.8303726357124976,uncertain
capacity,0.85,bandwidth-gbps,1,qbr,steal,slo_miss_rate,10,-0.9887165047499996,-1.147276414652,-0.8128866417534991,lower
capacity,0.85,bandwidth-gbps,1,qbr,threshold,class0_p99_us,10,0.25695721809999983,-1.3289181358674977,1.734730915927499,uncertain
capacity,0.85,bandwidth-gbps,1,qbr,threshold,control_cpu_mean,10,-1.611272694304,-1.6214806556279253,-1.601402310513,lower
capacity,0.85,bandwidth-gbps,1,qbr,threshold,p999_us,10,1.0532338215000094,-4.063097983172501,5.485494782695016,uncertain
capacity,0.85,bandwidth-gbps,1,qbr,threshold,p99_us,10,0.46485103159999996,-0.6024298329474876,1.5158845971100028,uncertain
capacity,0.85,bandwidth-gbps,1,qbr,threshold,slo_miss_rate,10,-0.4922816345299991,-0.6592084639384981,-0.3188621143629995,lower
capacity,0.85,bandwidth-gbps,1,steal,jbsq,class0_p99_us,10,-0.4900938219999972,-5.0409690458575,4.227969934230002,uncertain
capacity,0.85,bandwidth-gbps,1,steal,jbsq,control_cpu_mean,10,4.227710166755,4.18091685837,4.2712480330127995,higher
capacity,0.85,bandwidth-gbps,1,steal,jbsq,p999_us,10,-112.21420733539999,-122.46669066196999,-101.43128440859502,lower
capacity,0.85,bandwidth-gbps,1,steal,jbsq,p99_us,10,-1.7189726258000007,-2.8906413463575005,-0.5411398664250016,lower
capacity,0.85,bandwidth-gbps,1,steal,jbsq,slo_miss_rate,10,7.293473393170001,6.627492389534,7.962910968145002,higher
capacity,0.85,bandwidth-gbps,1,steal,jsw,class0_p99_us,10,1.7299320721000044,0.6135030293225007,2.8767262217750074,higher
capacity,0.85,bandwidth-gbps,1,steal,jsw,control_cpu_mean,10,3.829310166751,3.7825168583660003,3.8728480330088004,higher
capacity,0.85,bandwidth-gbps,1,steal,jsw,p999_us,10,1.2182960611000055,-7.779419741487498,10.245632064137506,uncertain
capacity,0.85,bandwidth-gbps,1,steal,jsw,p99_us,10,0.14741210890000217,-0.5336340159799962,0.9303407354149942,uncertain
capacity,0.85,bandwidth-gbps,1,steal,jsw,slo_miss_rate,10,1.150494127890001,0.8761169451385008,1.3961524049295013,higher
capacity,0.85,bandwidth-gbps,1,steal,qbr,class0_p99_us,10,-0.09399462559999705,-1.6643147003149983,1.5904898910675052,uncertain
capacity,0.85,bandwidth-gbps,1,steal,qbr,control_cpu_mean,10,1.813548573589,1.759482859670825,1.8651011132569748,higher
capacity,0.85,bandwidth-gbps,1,steal,qbr,p999_us,10,1.4378135156999974,-4.959508803200011,9.371100133614995,uncertain
capacity,0.85,bandwidth-gbps,1,steal,qbr,p99_us,10,-0.6108274038000048,-1.8303726357124979,0.48321632597999153,uncertain
capacity,0.85,bandwidth-gbps,1,steal,qbr,slo_miss_rate,10,0.9887165047499996,0.8128866417534991,1.147276414652,higher
capacity,0.85,bandwidth-gbps,1,steal,threshold,class0_p99_us,10,0.16296259250000275,-1.4383743718975015,1.9171555941075036,uncertain
capacity,0.85,bandwidth-gbps,1,steal,threshold,control_cpu_mean,10,0.2022758792849999,0.1421020901866749,0.257958344190375,higher
capacity,0.85,bandwidth-gbps,1,steal,threshold,p999_us,10,2.491047337200007,-3.2740053495349843,8.548330258692504,uncertain
capacity,0.85,bandwidth-gbps,1,steal,threshold,p99_us,10,-0.14597637220000478,-1.2530655304850147,0.9103494006424899,uncertain
capacity,0.85,bandwidth-gbps,1,steal,threshold,slo_miss_rate,10,0.4964348702200006,0.2925939842877496,0.691355018050001,higher
capacity,0.85,bandwidth-gbps,1,threshold,jbsq,class0_p99_us,10,-0.6530564145,-5.059042821545001,4.062259801842497,uncertain
capacity,0.85,bandwidth-gbps,1,threshold,jbsq,control_cpu_mean,10,4.02543428747,4.0066531660150995,4.0430332712593255,higher
capacity,0.85,bandwidth-gbps,1,threshold,jbsq,p999_us,10,-114.70525467259999,-123.0591147746525,-105.94562683675501,lower
capacity,0.85,bandwidth-gbps,1,threshold,jbsq,p99_us,10,-1.572996253599996,-2.839240372599994,-0.5239016557199951,lower
capacity,0.85,bandwidth-gbps,1,threshold,jbsq,slo_miss_rate,10,6.797038522950001,6.154252702968751,7.40243585263525,higher
capacity,0.85,bandwidth-gbps,1,threshold,jsw,class0_p99_us,10,1.5669694796000015,0.477774303855006,2.9447786795274955,higher
capacity,0.85,bandwidth-gbps,1,threshold,jsw,control_cpu_mean,10,3.627034287466001,3.608253166011101,3.644633271255325,higher
capacity,0.85,bandwidth-gbps,1,threshold,jsw,p999_us,10,-1.2727512761000015,-10.36541739137751,7.8603331459700065,uncertain
capacity,0.85,bandwidth-gbps,1,threshold,jsw,p99_us,10,0.293388481100007,-0.639754752099995,1.099471759100003,uncertain
capacity,0.85,bandwidth-gbps,1,threshold,jsw,slo_miss_rate,10,0.6540592576700005,0.4469182223130004,0.8528576367189991,higher
capacity,0.85,bandwidth-gbps,1,threshold,qbr,class0_p99_us,10,-0.25695721809999983,-1.7347309159274995,1.3289181358674969,uncertain
capacity,0.85,bandwidth-gbps,1,threshold,qbr,control_cpu_mean,10,1.611272694304,1.601402310513,1.6214806556279253,higher
capacity,0.85,bandwidth-gbps,1,threshold,qbr,p999_us,10,-1.0532338215000094,-5.48549478269502,4.063097983172495,uncertain
capacity,0.85,bandwidth-gbps,1,threshold,qbr,p99_us,10,-0.46485103159999996,-1.5158845971100028,0.6024298329474874,uncertain
capacity,0.85,bandwidth-gbps,1,threshold,qbr,slo_miss_rate,10,0.4922816345299991,0.3188621143629995,0.6592084639384981,higher
capacity,0.85,bandwidth-gbps,1,threshold,steal,class0_p99_us,10,-0.16296259250000275,-1.9171555941075042,1.4383743718975006,uncertain
capacity,0.85,bandwidth-gbps,1,threshold,steal,control_cpu_mean,10,-0.2022758792849999,-0.257958344190375,-0.1421020901866749,lower
capacity,0.85,bandwidth-gbps,1,threshold,steal,p999_us,10,-2.491047337200007,-8.548330258692511,3.2740053495349826,uncertain
capacity,0.85,bandwidth-gbps,1,threshold,steal,p99_us,10,0.14597637220000478,-0.91034940064249,1.253065530485014,uncertain
capacity,0.85,bandwidth-gbps,1,threshold,steal,slo_miss_rate,10,-0.4964348702200006,-0.691355018050001,-0.2925939842877498,lower
capacity,0.85,bandwidth-gbps,10,jbsq,jsw,class0_p99_us,10,-6.697592265399999,-11.365172368032505,-2.731295027177499,lower
capacity,0.85,bandwidth-gbps,10,jbsq,jsw,control_cpu_mean,10,-0.398400000004,-0.398400000004,-0.398400000004,lower
capacity,0.85,bandwidth-gbps,10,jbsq,jsw,p999_us,10,109.37070916709999,100.680662250535,118.16690786310998,higher
capacity,0.85,bandwidth-gbps,10,jbsq,jsw,p99_us,10,-6.675532347799998,-8.018000167329996,-5.223777771362499,lower
capacity,0.85,bandwidth-gbps,10,jbsq,jsw,slo_miss_rate,10,-9.503797886440001,-10.2157364464695,-8.743660541603251,lower
capacity,0.85,bandwidth-gbps,10,jbsq,qbr,class0_p99_us,10,-6.604633132700004,-11.87742155626501,-2.3530599795100016,lower
capacity,0.85,bandwidth-gbps,10,jbsq,qbr,control_cpu_mean,10,-2.4642333702080004,-2.47501294987145,-2.4539465705787995,lower
capacity,0.85,bandwidth-gbps,10,jbsq,qbr,p999_us,10,109.1568274252,101.99043046899999,115.5745177034725,higher
capacity,0.85,bandwidth-gbps,10,jbsq,qbr,p99_us,10,-6.448001926599995,-7.7690537013924885,-5.056783933584998,lower
capacity,0.85,bandwidth-gbps,10,jbsq,qbr,slo_miss_rate,10,-9.54271836049,-10.267336015515248,-8.778569033726,lower
capacity,0.85,bandwidth-gbps,10,jbsq,steal,class0_p99_us,10,-6.426609517600006,-12.418386257277513,-1.740843487267504,lower
capacity,0.85,bandwidth-gbps,10,jbsq,steal,control_cpu_mean,10,-5.040174528153,-5.1290820760532,-4.94808128063115,lower
capacity,0.85,bandwidth-gbps,10,jbsq,steal,p999_us,10,108.00436943,100.2174936538975,116.22863919448751,higher
capacity,0.85,bandwidth-gbps,10,jbsq,steal,p99_us,10,-5.842744508199999,-7.147127164325,-4.385249807832492,lower
capacity,0.85,bandwidth-gbps,10,jbsq,steal,slo_miss_rate,10,-9.45996003599,-10.1434941683425,-8.73614636681825,lower
capacity,0.85,bandwidth-gbps,10,jbsq,threshold,class0_p99_us,10,-6.894526549299998,-12.764646513922502,-1.8808273541600005,lower
capacity,0.85,bandwidth-gbps,10,jbsq,threshold,control_cpu_mean,10,-4.732183090612001,-4.756221088983375,-4.709345748194325,lower
capacity,0.85,bandwidth-gbps,10,jbsq,threshold,p999_us,10,110.21488115460002,102.84109511325501,116.850421015375,higher
capacity,0.85,bandwidth-gbps,10,jbsq,threshold,p99_us,10,-5.934047449899998,-7.5324589824624955,-4.3153927704325,lower
capacity,0.85,bandwidth-gbps,10,jbsq,threshold,slo_miss_rate,10,-9.490454011939999,-10.180257801661499,-8.746771303653,lower
capacity,0.85,bandwidth-gbps,10,jsw,jbsq,class0_p99_us,10,6.697592265399999,2.731295027177498,11.365172368032503,higher
capacity,0.85,bandwidth-gbps,10,jsw,jbsq,control_cpu_mean,10,0.398400000004,0.398400000004,0.398400000004,higher
capacity,0.85,bandwidth-gbps,10,jsw,jbsq,p999_us,10,-109.37070916709999,-118.16690786311,-100.68066225053501,lower
capacity,0.85,bandwidth-gbps,10,jsw,jbsq,p99_us,10,6.675532347799998,5.223777771362499,8.018000167329996,higher
capacity,0.85,bandwidth-gbps,10,jsw,jbsq,slo_miss_rate,10,9.503797886440001,8.743660541603251,10.2157364464695,higher
capacity,0.85,bandwidth-gbps,10,jsw,qbr,class0_p99_us,10,0.09295913269999545,-1.0769193168625022,1.348062708399992,uncertain
capacity,0.85,bandwidth-gbps,10,jsw,qbr,control_cpu_mean,10,-2.065833370204,-2.07661294986745,-2.0555465705747995,lower
capacity,0.85,bandwidth-gbps,10,jsw,qbr,p999_us,10,-0.21388174189999062,-8.844286798024974,7.702940115865005,uncertain
capacity,0.85,bandwidth-gbps,10,jsw,qbr,p99_us,10,0.22753042120000372,-0.30257243750749635,0.7405776674900092,uncertain
capacity,0.85,bandwidth-gbps,10,jsw,qbr,slo_miss_rate,10,-0.038920474049999876,-0.12448283250924969,0.05337411913000011,uncertain
capacity,0.85,bandwidth-gbps,10,jsw,steal,class0_p99_us,10,0.2709827477999923,-1.4449267899225111,1.948933261279997,uncertain
capacity,0.85,bandwidth-gbps,10,jsw,steal,control_cpu_mean,10,-4.641774528149001,-4.7306820760492005,-4.54968128062715,lower
capacity,0.85,bandwidth-gbps,10,jsw,steal,p999_us,10,-1.3663397370999975,-9.496671907452498,6.905719784970018,uncertain
capacity,0.85,bandwidth-gbps,10,jsw,steal,p99_us,10,0.8327878395999988,0.014465211194993657,1.535621012302509,higher
capacity,0.85,bandwidth-gbps,10,jsw,steal,slo_miss_rate,10,0.04383785045000005,-0.05447858691149941,0.13429831936350006,uncertain
capacity,0.85,bandwidth-gbps,10,jsw,threshold,class0_p99_us,10,-0.19693428389999923,-1.5624030176100037,1.0648508773074976,uncertain
capacity,0.85,bandwidth-gbps,10,jsw,threshold,control_cpu_mean,10,-4.333783090608,-4.357821088979375,-4.310945748190325,lower
capacity,0.85,bandwidth-gbps,10,jsw,threshold,p999_us,10,0.844171987500016,-6.473045677499976,7.653024467800008,uncertain
capacity,0.85,bandwidth-gbps,10,jsw,threshold,p99_us,10,0.7414848978999998,-0.33562125614749205,1.6636313464324952,uncertain
capacity,0.85,bandwidth-gbps,10,jsw,threshold,slo_miss_rate,10,0.01334387450000002,-0.15002808670825035,0.1886300903917499,uncertain
capacity,0.85,bandwidth-gbps,10,qbr,jbsq,class0_p99_us,10,6.604633132700004,2.353059979510001,11.877421556265006,higher
capacity,0.85,bandwidth-gbps,10,qbr,jbsq,control_cpu_mean,10,2.4642333702080004,2.4539465705787995,2.47501294987145,higher
capacity,0.85,bandwidth-gbps,10,qbr,jbsq,p999_us,10,-109.1568274252,-115.5745177034725,-101.99043046899999,lower
capacity,0.85,bandwidth-gbps,10,qbr,jbsq,p99_us,10,6.448001926599995,5.056783933584997,7.7690537013924885,higher
capacity,0.85,bandwidth-gbps,10,qbr,jbsq,slo_miss_rate,10,9.54271836049,8.778569033726,10.267336015515248,higher
capacity,0.85,bandwidth-gbps,10,qbr,jsw,class0_p99_us,10,-0.09295913269999545,-1.348062708399992,1.0769193168624995,uncertain
capacity,0.85,bandwidth-gbps,10,qbr,jsw,control_cpu_mean,10,2.065833370204,2.0555465705747995,2.07661294986745,higher
capacity,0.85,bandwidth-gbps,10,qbr,jsw,p999_us,10,0.21388174189999062,-7.7029401158650055,8.844286798024958,uncertain
capacity,0.85,bandwidth-gbps,10,qbr,jsw,p99_us,10,-0.22753042120000372,-0.7405776674900095,0.30257243750749624,uncertain
capacity,0.85,bandwidth-gbps,10,qbr,jsw,slo_miss_rate,10,0.038920474049999876,-0.05337411913000014,0.12448283250924959,uncertain
capacity,0.85,bandwidth-gbps,10,qbr,steal,class0_p99_us,10,0.17802361509999684,-1.1812100228100018,1.718977936582491,uncertain
capacity,0.85,bandwidth-gbps,10,qbr,steal,control_cpu_mean,10,-2.575941157945,-2.669468291061325,-2.4776465550679,lower
capacity,0.85,bandwidth-gbps,10,qbr,steal,p999_us,10,-1.1524579952000067,-9.668234381074997,7.867015102899989,uncertain
capacity,0.85,bandwidth-gbps,10,qbr,steal,p99_us,10,0.6052574183999951,-0.16091064372500524,1.3395496514425023,uncertain
capacity,0.85,bandwidth-gbps,10,qbr,steal,slo_miss_rate,10,0.08275832449999992,-0.044397617814749844,0.21565470638624842,uncertain
capacity,0.85,bandwidth-gbps,10,qbr,threshold,class0_p99_us,10,-0.2898934165999947,-2.049424840477495,1.3357725950475021,uncertain
capacity,0.85,bandwidth-gbps,10,qbr,threshold,control_cpu_mean,10,-2.2679497204040002,-2.2853533807247,-2.25137066711625,lower
capacity,0.85,bandwidth-gbps,10,qbr,threshold,p999_us,10,1.0580537294000067,-6.160062532822482,8.638879722847506,uncertain
capacity,0.85,bandwidth-gbps,10,qbr,threshold,p99_us,10,0.5139544766999962,-0.7008980279675004,1.4867520965524956,uncertain
capacity,0.85,bandwidth-gbps,10,qbr,threshold,slo_miss_rate,10,0.052264348549999895,-0.1009635197122508,0.2140224195197498,uncertain
capacity,0.85,bandwidth-gbps,10,steal,jbsq,class0_p99_us,10,6.426609517600006,1.7408434872675032,12.418386257277508,higher
capacity,0.85,bandwidth-gbps,10,steal,jbsq,control_cpu_mean,10,5.040174528153,4.94808128063115,5.1290820760532,higher
capacity,0.85,bandwidth-gbps,10,steal,jbsq,p999_us,10,-108.00436943,-116.22863919448753,-100.21749365389752,lower
capacity,0.85,bandwidth-gbps,10,steal,jbsq,p99_us,10,5.842744508199999,4.385249807832492,7.147127164324999,higher
capacity,0.85,bandwidth-gbps,10,steal,jbsq,slo_miss_rate,10,9.45996003599,8.736146366818248,10.1434941683425,higher
capacity,0.85,bandwidth-gbps,10,steal,jsw,class0_p99_us,10,-0.2709827477999923,-1.9489332612799972,1.444926789922511,uncertain
capacity,0.85,bandwidth-gbps,10,steal,jsw,control_cpu_mean,10,4.641774528149001,4.54968128062715,4.7306820760492005,higher
capacity,0.85,bandwidth-gbps,10,steal,jsw,p999_us,10,1.3663397370999975,-6.905719784970024,9.496671907452498,uncertain
capacity,0.85,bandwidth-gbps,10,steal,jsw,p99_us,10,-0.8327878395999988,-1.5356210123025091,-0.014465211194993676,lower
capacity,0.85,bandwidth-gbps,10,steal,jsw,slo_miss_rate,10,-0.04383785045000005,-0.13429831936350015,0.054478586911499365,uncertain
capacity,0.85,bandwidth-gbps,10,steal,qbr,class0_p99_us,10,-0.17802361509999684,-1.718977936582491,1.1812100228100013,uncertain
capacity,0.85,bandwidth-gbps,10,steal,qbr,control_cpu_mean,10,2.575941157945,2.4776465550678997,2.669468291061325,higher
capacity,0.85,bandwidth-gbps,10,steal,qbr,p999_us,10,1.1524579952000067,-7.867015102899989,9.668234381074997,uncertain
capacity,0.85,bandwidth-gbps,10,steal,qbr,p99_us,10,-0.6052574183999951,-1.3395496514425025,0.16091064372500516,uncertain
capacity,0.85,bandwidth-gbps,10,steal,qbr,slo_miss_rate,10,-0.08275832449999992,-0.2156547063862488,0.044397617814749706,uncertain
capacity,0.85,bandwidth-gbps,10,steal,threshold,class0_p99_us,10,-0.46791703169999155,-1.7198337712949938,0.743998303277506,uncertain
capacity,0.85,bandwidth-gbps,10,steal,threshold,control_cpu_mean,10,0.30799143754099984,0.1990508867149,0.4131220752902497,higher
capacity,0.85,bandwidth-gbps,10,steal,threshold,p999_us,10,2.210511724600013,-5.202556918549975,10.22564344704001,uncertain
capacity,0.85,bandwidth-gbps,10,steal,threshold,p99_us,10,-0.091302941699999,-1.459851426214995,1.178602683052503,uncertain
capacity,0.85,bandwidth-gbps,10,steal,threshold,slo_miss_rate,10,-0.03049397595000003,-0.17034984245150148,0.11082821248550037,uncertain
capacity,0.85,bandwidth-gbps,10,threshold,jbsq,class0_p99_us,10,6.894526549299998,1.8808273541599978,12.764646513922496,higher
capacity,0.85,bandwidth-gbps,10,threshold,jbsq,control_cpu_mean,10,4.732183090612001,4.709345748194325,4.756221088983375,higher
capacity,0.85,bandwidth-gbps,10,threshold,jbsq,p999_us,10,-110.21488115460002,-116.85042101537502,-102.84109511325501,lower
capacity,0.85,bandwidth-gbps,10,threshold,jbsq,p99_us,10,5.934047449899998,4.315392770432499,7.5324589824624955,higher
capacity,0.85,bandwidth-gbps,10,threshold,jbsq,slo_miss_rate,10,9.490454011939999,8.746771303653,10.180257801661497,higher
capacity,0.85,bandwidth-gbps,10,threshold,jsw,class0_p99_us,10,0.19693428389999923,-1.0648508773075005,1.5624030176100034,uncertain
capacity,0.85,bandwidth-gbps,10,threshold,jsw,control_cpu_mean,10,4.333783090608,4.310945748190325,4.357821088979375,higher
capacity,0.85,bandwidth-gbps,10,threshold,jsw,p999_us,10,-0.844171987500016,-7.653024467800009,6.473045677499973,uncertain
capacity,0.85,bandwidth-gbps,10,threshold,jsw,p99_us,10,-0.7414848978999998,-1.6636313464324979,0.335621256147492,uncertain
capacity,0.85,bandwidth-gbps,10,threshold,jsw,slo_miss_rate,10,-0.01334387450000002,-0.18863009039175005,0.1500280867082503,uncertain
capacity,0.85,bandwidth-gbps,10,threshold,qbr,class0_p99_us,10,0.2898934165999947,-1.3357725950475032,2.0494248404774935,uncertain
capacity,0.85,bandwidth-gbps,10,threshold,qbr,control_cpu_mean,10,2.2679497204040002,2.25137066711625,2.2853533807247,higher
capacity,0.85,bandwidth-gbps,10,threshold,qbr,p999_us,10,-1.0580537294000067,-8.638879722847506,6.16006253282248,uncertain
capacity,0.85,bandwidth-gbps,10,threshold,qbr,p99_us,10,-0.5139544766999962,-1.4867520965524967,0.7008980279675001,uncertain
capacity,0.85,bandwidth-gbps,10,threshold,qbr,slo_miss_rate,10,-0.052264348549999895,-0.21402241951974982,0.10096351971225064,uncertain
capacity,0.85,bandwidth-gbps,10,threshold,steal,class0_p99_us,10,0.46791703169999155,-0.7439983032775064,1.7198337712949912,uncertain
capacity,0.85,bandwidth-gbps,10,threshold,steal,control_cpu_mean,10,-0.30799143754099984,-0.41312207529024975,-0.19905088671490012,lower
capacity,0.85,bandwidth-gbps,10,threshold,steal,p999_us,10,-2.210511724600013,-10.225643447040014,5.2025569185499725,uncertain
capacity,0.85,bandwidth-gbps,10,threshold,steal,p99_us,10,0.091302941699999,-1.178602683052504,1.4598514262149949,uncertain
capacity,0.85,bandwidth-gbps,10,threshold,steal,slo_miss_rate,10,0.03049397595000003,-0.11082821248550043,0.1703498424515013,uncertain
capacity,0.85,bandwidth-gbps,25,jbsq,jsw,class0_p99_us,10,-9.7445320232,-16.125565415822503,-3.949686710587503,lower
capacity,0.85,bandwidth-gbps,25,jbsq,jsw,control_cpu_mean,10,-0.398400000004,-0.398400000004,-0.398400000004,lower
capacity,0.85,bandwidth-gbps,25,jbsq,jsw,p999_us,10,118.64461003939998,111.02223306410498,126.45883199960998,higher
capacity,0.85,bandwidth-gbps,25,jbsq,jsw,p99_us,10,-6.629217881299996,-7.7578070987175005,-5.333265840999997,lower
capacity,0.85,bandwidth-gbps,25,jbsq,jsw,slo_miss_rate,10,-9.661255400369999,-10.48412230097825,-8.780209442620249,lower
capacity,0.85,bandwidth-gbps,25,jbsq,qbr,class0_p99_us,10,-8.578041108399999,-15.5664638372,-2.731593845765,lower
capacity,0.85,bandwidth-gbps,25,jbsq,qbr,control_cpu_mean,10,-2.467789393863,-2.482533502602,-2.453609319146525,lower
capacity,0.85,bandwidth-gbps,25,jbsq,qbr,p999_us,10,119.11801326109999,108.8208172523425,129.45271943143248,higher
capacity,0.85,bandwidth-gbps,25,jbsq,qbr,p99_us,10,-6.343371008199997,-7.806945663182498,-4.848633111637501,lower
capacity,0.85,bandwidth-gbps,25,jbsq,qbr,slo_miss_rate,10,-9.61893497462,-10.440715276298999,-8.758185498642,lower
capacity,0.85,bandwidth-gbps,25,jbsq,steal,class0_p99_us,10,-9.280684558200004,-15.239070888362503,-3.745426274037504,lower
capacity,0.85,bandwidth-gbps,25,jbsq,steal,control_cpu_mean,10,-5.088755583582,-5.1601136670528,-5.006871869137,lower
capacity,0.85,bandwidth-gbps,25,jbsq,steal,p999_us,10,122.10556638999999,112.02901852584749,133.28311729846004,higher
capacity,0.85,bandwidth-gbps,25,jbsq,steal,p99_us,10,-6.076751874599995,-7.054857603842493,-4.985570885354993,lower
capacity,0.85,bandwidth-gbps,25,jbsq,steal,slo_miss_rate,10,-9.5343362927,-10.418624748845753,-8.598375843804002,lower
capacity,0.85,bandwidth-gbps,25,jbsq,threshold,class0_p99_us,10,-8.715472647900004,-15.282865501200003,-2.997147007560008,lower
capacity,0.85,bandwidth-gbps,25,jbsq,threshold,control_cpu_mean,10,-4.724807338636,-4.753698618639775,-4.696079598912201,lower
capacity,0.85,bandwidth-gbps,25,jbsq,threshold,p999_us,10,122.2611560681,112.93008506240247,130.9976967544825,higher
capacity,0.85,bandwidth-gbps,25,jbsq,threshold,p99_us,10,-6.440678013799999,-7.667536698530011,-5.113559466592498,lower
capacity,0.85,bandwidth-gbps,25,jbsq,threshold,slo_miss_rate,10,-9.52037278322,-10.362772464264001,-8.684700162550753,lower
capacity,0.85,bandwidth-gbps,25,jsw,jbsq,class0_p99_us,10,9.7445320232,3.949686710587499,16.1255654158225,higher
capacity,0.85,bandwidth-gbps,25,jsw,jbsq,control_cpu_mean,10,0.398400000004,0.398400000004,0.398400000004,higher
capacity,0.85,bandwidth-gbps,25,jsw,jbsq,p999_us,10,-118.64461003939998,-126.45883199961,-111.02223306410498,lower
capacity,0.85,bandwidth-gbps,25,jsw,jbsq,p99_us,10,6.629217881299996,5.333265840999997,7.7578070987175,higher
capacity,0.85,bandwidth-gbps,25,jsw,jbsq,slo_miss_rate,10,9.661255400369999,8.780209442620249,10.48412230097825,higher
capacity,0.85,bandwidth-gbps,25,jsw,qbr,class0_p99_us,10,1.1664909148000007,-0.2667225195474951,2.5529484928174977,uncertain
capacity,0.85,bandwidth-gbps,25,jsw,qbr,control_cpu_mean,10,-2.069389393859,-2.084133502598,-2.0552093191425245,lower
capacity,0.85,bandwidth-gbps,25,jsw,qbr,p999_us,10,0.47340322170000493,-8.914517745057495,10.954138235635007,uncertain
capacity,0.85,bandwidth-gbps,25,jsw,qbr,p99_us,10,0.2858468730999988,-0.48921461925249643,1.061351552437496,uncertain
capacity,0.85,bandwidth-gbps,25,jsw,qbr,slo_miss_rate,10,0.042320425750000126,-0.13077909152399966,0.21591469936199895,uncertain
capacity,0.85,bandwidth-gbps,25,jsw,steal,class0_p99_us,10,0.46384746499999635,-0.9045921706000044,1.8089667378574896,uncertain
capacity,0.85,bandwidth-gbps,25,jsw,steal,control_cpu_mean,10,-4.6903555835779995,-4.7617136670488005,-4.608471869133,lower
capacity,0.85,bandwidth-gbps,25,jsw,steal,p999_us,10,3.4609563506000143,-3.45905236064748,11.429302282010005,uncertain
capacity,0.85,bandwidth-gbps,25,jsw,steal,p99_us,10,0.5524660067000013,0.018836407800006328,1.2220505653299973,higher
capacity,0.85,bandwidth-gbps,25,jsw,steal,slo_miss_rate,10,0.12691910766999992,0.01923655350575064,0.23460201100999942,higher
capacity,0.85,bandwidth-gbps,25,jsw,threshold,class0_p99_us,10,1.0290593752999968,-0.476432459185005,2.597273421402496,uncertain
capacity,0.85,bandwidth-gbps,25,jsw,threshold,control_cpu_mean,10,-4.326407338632,-4.355298618635776,-4.297679598908201,lower
capacity,0.85,bandwidth-gbps,25,jsw,threshold,p999_us,10,3.6165460286999975,-3.319297262867497,10.877720144332496,uncertain
capacity,0.85,bandwidth-gbps,25,jsw,threshold,p99_us,10,0.18853986749999763,-0.16105652654500296,0.4791726482224991,uncertain
capacity,0.85,bandwidth-gbps,25,jsw,threshold,slo_miss_rate,10,0.1408826171500005,-0.003721350970998223,0.279692053684752,uncertain
capacity,0.85,bandwidth-gbps,25,qbr,jbsq,class0_p99_us,10,8.578041108399999,2.731593845764999,15.5664638372,higher
capacity,0.85,bandwidth-gbps,25,qbr,jbsq,control_cpu_mean,10,2.467789393863,2.453609319146525,2.482533502602,higher
capacity,0.85,bandwidth-gbps,25,qbr,jbsq,p999_us,10,-119.11801326109999,-129.4527194314325,-108.8208172523425,lower
capacity,0.85,bandwidth-gbps,25,qbr,jbsq,p99_us,10,6.343371008199997,4.848633111637499,7.806945663182496,higher
capacity,0.85,bandwidth-gbps,25,qbr,jbsq,slo_miss_rate,10,9.61893497462,8.758185498642,10.440715276298999,higher
capacity,0.85,bandwidth-gbps,25,qbr,jsw,class0_p99_us,10,-1.1664909148000007,-2.5529484928174986,0.2667225195474934,uncertain
capacity,0.85,bandwidth-gbps,25,qbr,jsw,control_cpu_mean,10,2.069389393859,2.0552093191425245,2.084133502598,higher
capacity,0.85,bandwidth-gbps,25,qbr,jsw,p999_us,10,-0.47340322170000493,-10.954138235635012,8.914517745057495,uncertain
capacity,0.85,bandwidth-gbps,25,qbr,jsw,p99_us,10,-0.2858468730999988,-1.0613515524374961,0.4892146192524948,uncertain
capacity,0.85,bandwidth-gbps,25,qbr,jsw,slo_miss_rate,10,-0.042320425750000126,-0.21591469936199906,0.1307790915239996,uncertain
capacity,0.85,bandwidth-gbps,25,qbr,steal,class0_p99_us,10,-0.7026434498000043,-1.8761227085375005,0.8362227636424954,uncertain
capacity,0.85,bandwidth-gbps,25,qbr,steal,control_cpu_mean,10,-2.6209661897189998,-2.70279492532305,-2.5315060730655,lower
capacity,0.85,bandwidth-gbps,25,qbr,steal,p999_us,10,2.9875531289000095,-8.157695966762507,13.765237901600017,uncertain
capacity,0.85,bandwidth-gbps,25,qbr,steal,p99_us,10,0.26661913360000256,-0.609942688815002,1.2112702159700002,uncertain
capacity,0.85,bandwidth-gbps,25,qbr,steal,slo_miss_rate,10,0.08459868191999981,-0.06502485704474897,0.24313670845549948,uncertain
capacity,0.85,bandwidth-gbps,25,qbr,threshold,class0_p99_us,10,-0.13743153950000392,-1.5109241219625031,1.1719551808224904,uncertain
capacity,0.85,bandwidth-gbps,25,qbr,threshold,control_cpu_mean,10,-2.2570179447729997,-2.2733757340423746,-2.2402539040365754,lower
capacity,0.85,bandwidth-gbps,25,qbr,threshold,p999_us,10,3.1431428069999923,-7.4362776921575,12.634730608429994,uncertain
capacity,0.85,bandwidth-gbps,25,qbr,threshold,p99_us,10,-0.09730700560000116,-0.8188337331225026,0.6966260072674978,uncertain
capacity,0.85,bandwidth-gbps,25,qbr,threshold,slo_miss_rate,10,0.09856219140000039,-0.07679468803224948,0.26560642257675005,uncertain
capacity,0.85,bandwidth-gbps,25,steal,jbsq,class0_p99_us,10,9.280684558200004,3.745426274037502,15.2390708883625,higher
capacity,0.85,bandwidth-gbps,25,steal,jbsq,control_cpu_mean,10,5.088755583582,5.006871869137,5.1601136670528,higher
capacity,0.85,bandwidth-gbps,25,steal,jbsq,p999_us,10,-122.10556638999999,-133.28311729846004,-112.0290185258475,lower
capacity,0.85,bandwidth-gbps,25,steal,jbsq,p99_us,10,6.076751874599995,4.985570885354992,7.054857603842493,higher
capacity,0.85,bandwidth-gbps,25,steal,jbsq,slo_miss_rate,10,9.5343362927,8.598375843804,10.418624748845753,higher
capacity,0.85,bandwidth-gbps,25,steal,jsw,class0_p99_us,10,-0.46384746499999635,-1.8089667378574903,0.9045921706000044,uncertain
capacity,0.85,bandwidth-gbps,25,steal,jsw,control_cpu_mean,10,4.6903555835779995,4.608471869133,4.7617136670488005,higher
capacity,0.85,bandwidth-gbps,25,steal,jsw,p999_us,10,-3.4609563506000143,-11.429302282010008,3.459052360647479,uncertain
capacity,0.85,bandwidth-gbps,25,steal,jsw,p99_us,10,-0.5524660067000013,-1.222050565329998,-0.018836407800006328,lower
capacity,0.85,bandwidth-gbps,25,steal,jsw,slo_miss_rate,10,-0.12691910766999992,-0.23460201100999942,-0.019236553505750643,lower
capacity,0.85,bandwidth-gbps,25,steal,qbr,class0_p99_us,10,0.7026434498000043,-0.836222763642496,1.8761227085374996,uncertain
capacity,0.85,bandwidth-gbps,25,steal,qbr,control_cpu_mean,10,2.6209661897189998,2.5315060730655,2.70279492532305,higher
capacity,0.85,bandwidth-gbps,25,steal,qbr,p999_us,10,-2.9875531289000095,-13.765237901600017,8.157695966762503,uncertain
capacity,0.85,bandwidth-gbps,25,steal,qbr,p99_us,10,-0.26661913360000256,-1.2112702159700006,0.6099426888150015,uncertain
capacity,0.85,bandwidth-gbps,25,steal,qbr,slo_miss_rate,10,-0.08459868191999981,-0.24313670845549967,0.06502485704474893,uncertain
capacity,0.85,bandwidth-gbps,25,steal,threshold,class0_p99_us,10,0.5652119103000004,-0.5387519999725038,1.6424504092075065,uncertain
capacity,0.85,bandwidth-gbps,25,steal,threshold,control_cpu_mean,10,0.3639482449460002,0.2623487744894501,0.45665443958932495,higher
capacity,0.85,bandwidth-gbps,25,steal,threshold,p999_us,10,0.1555896780999831,-9.376788665165023,10.189774356462479,uncertain
capacity,0.85,bandwidth-gbps,25,steal,threshold,p99_us,10,-0.3639261392000037,-0.9826333291475011,0.18750501856499643,uncertain
capacity,0.85,bandwidth-gbps,25,steal,threshold,slo_miss_rate,10,0.01396350948000058,-0.16300421063074924,0.2085650969120007,uncertain
capacity,0.85,bandwidth-gbps,25,threshold,jbsq,class0_p99_us,10,8.715472647900004,2.997147007560003,15.282865501200003,higher
capacity,0.85,bandwidth-gbps,25,threshold,jbsq,control_cpu_mean,10,4.724807338636,4.696079598912201,4.753698618639775,higher
capacity,0.85,bandwidth-gbps,25,threshold,jbsq,p999_us,10,-122.2611560681,-130.9976967544825,-112.93008506240248,lower
capacity,0.85,bandwidth-gbps,25,threshold,jbsq,p99_us,10,6.440678013799999,5.113559466592498,7.66753669853001,higher
capacity,0.85,bandwidth-gbps,25,threshold,jbsq,slo_miss_rate,10,9.52037278322,8.684700162550751,10.362772464264001,higher
capacity,0.85,bandwidth-gbps,25,threshold,jsw,class0_p99_us,10,-1.0290593752999968,-2.5972734214024964,0.4764324591850032,uncertain
capacity,0.85,bandwidth-gbps,25,threshold,jsw,control_cpu_mean,10,4.326407338632,4.297679598908201,4.355298618635776,higher
capacity,0.85,bandwidth-gbps,25,threshold,jsw,p999_us,10,-3.6165460286999975,-10.877720144332502,3.319297262867479,uncertain
capacity,0.85,bandwidth-gbps,25,threshold,jsw,p99_us,10,-0.18853986749999763,-0.4791726482224992,0.16105652654500266,uncertain
capacity,0.85,bandwidth-gbps,25,threshold,jsw,slo_miss_rate,10,-0.1408826171500005,-0.2796920536847521,0.0037213509709981465,uncertain
capacity,0.85,bandwidth-gbps,25,threshold,qbr,class0_p99_us,10,0.13743153950000392,-1.1719551808224924,1.5109241219625014,uncertain
capacity,0.85,bandwidth-gbps,25,threshold,qbr,control_cpu_mean,10,2.2570179447729997,2.2402539040365754,2.2733757340423746,higher
capacity,0.85,bandwidth-gbps,25,threshold,qbr,p999_us,10,-3.1431428069999923,-12.634730608429999,7.436277692157482,uncertain
capacity,0.85,bandwidth-gbps,25,threshold,qbr,p99_us,10,0.09730700560000116,-0.6966260072674999,0.8188337331225016,uncertain
capacity,0.85,bandwidth-gbps,25,threshold,qbr,slo_miss_rate,10,-0.09856219140000039,-0.2656064225767501,0.0767946880322493,uncertain
capacity,0.85,bandwidth-gbps,25,threshold,steal,class0_p99_us,10,-0.5652119103000004,-1.6424504092075078,0.5387519999725034,uncertain
capacity,0.85,bandwidth-gbps,25,threshold,steal,control_cpu_mean,10,-0.3639482449460002,-0.45665443958932506,-0.2623487744894503,lower
capacity,0.85,bandwidth-gbps,25,threshold,steal,p999_us,10,-0.1555896780999831,-10.189774356462484,9.376788665165021,uncertain
capacity,0.85,bandwidth-gbps,25,threshold,steal,p99_us,10,0.3639261392000037,-0.18750501856499682,0.9826333291475009,uncertain
capacity,0.85,bandwidth-gbps,25,threshold,steal,slo_miss_rate,10,-0.01396350948000058,-0.20856509691200076,0.16300421063074919,uncertain
capacity,0.85,decision-cpu-us,0,jbsq,jsw,class0_p99_us,10,-9.7445320232,-16.125565415822503,-3.949686710587503,lower
capacity,0.85,decision-cpu-us,0,jbsq,jsw,control_cpu_mean,10,-0.398400000004,-0.398400000004,-0.398400000004,lower
capacity,0.85,decision-cpu-us,0,jbsq,jsw,p999_us,10,118.64461003939998,111.02223306410498,126.45883199960998,higher
capacity,0.85,decision-cpu-us,0,jbsq,jsw,p99_us,10,-6.629217881299996,-7.7578070987175005,-5.333265840999997,lower
capacity,0.85,decision-cpu-us,0,jbsq,jsw,slo_miss_rate,10,-9.661255400369999,-10.48412230097825,-8.780209442620249,lower
capacity,0.85,decision-cpu-us,0,jbsq,qbr,class0_p99_us,10,-9.395312366100002,-16.261548826065003,-3.295959310260003,lower
capacity,0.85,decision-cpu-us,0,jbsq,qbr,control_cpu_mean,10,-2.027861334589,-2.0294921983549754,-2.0262186061515,lower
capacity,0.85,decision-cpu-us,0,jbsq,qbr,p999_us,10,120.55645457859998,112.06005248974999,129.10290658265998,higher
capacity,0.85,decision-cpu-us,0,jbsq,qbr,p99_us,10,-6.2666024244999985,-7.561284479759999,-5.033022539864993,lower
capacity,0.85,decision-cpu-us,0,jbsq,qbr,slo_miss_rate,10,-9.66175636223,-10.51934034147575,-8.7491097596805,lower
capacity,0.85,decision-cpu-us,0,jbsq,steal,class0_p99_us,10,-8.310429428700001,-15.37616758025,-2.3245157902299995,lower
capacity,0.85,decision-cpu-us,0,jbsq,steal,control_cpu_mean,10,-3.1120970203439997,-3.158925120794675,-3.0584506068909247,lower
capacity,0.85,decision-cpu-us,0,jbsq,steal,p999_us,10,119.0184783039,109.73246125252248,129.7192475681325,higher
capacity,0.85,decision-cpu-us,0,jbsq,steal,p99_us,10,-6.053190996299992,-7.268888831272489,-4.838972310412497,lower
capacity,0.85,decision-cpu-us,0,jbsq,steal,slo_miss_rate,10,-9.385797887819999,-10.198971374306,-8.463787387492754,lower
capacity,0.85,decision-cpu-us,0,jbsq,threshold,class0_p99_us,10,-8.344090920900005,-14.932796897655008,-2.575349733860009,lower
capacity,0.85,decision-cpu-us,0,jbsq,threshold,control_cpu_mean,10,-2.233000878565,-2.2393223546462497,-2.2264612422881247,lower
capacity,0.85,decision-cpu-us,0,jbsq,threshold,p999_us,10,117.51257342989997,107.72699147828,127.15567086438496,higher
capacity,0.85,decision-cpu-us,0,jbsq,threshold,p99_us,10,-5.6517563362999965,-7.257144825557499,-4.003219853859998,lower
capacity,0.85,decision-cpu-us,0,jbsq,threshold,slo_miss_rate,10,-9.4526703298,-10.349430176992751,-8.53583471348525,lower
capacity,0.85,decision-cpu-us,0,jsw,jbsq,class0_p99_us,10,9.7445320232,3.949686710587499,16.1255654158225,higher
capacity,0.85,decision-cpu-us,0,jsw,jbsq,control_cpu_mean,10,0.398400000004,0.398400000004,0.398400000004,higher
capacity,0.85,decision-cpu-us,0,jsw,jbsq,p999_us,10,-118.64461003939998,-126.45883199961,-111.02223306410498,lower
capacity,0.85,decision-cpu-us,0,jsw,jbsq,p99_us,10,6.629217881299996,5.333265840999997,7.7578070987175,higher
capacity,0.85,decision-cpu-us,0,jsw,jbsq,slo_miss_rate,10,9.661255400369999,8.780209442620249,10.48412230097825,higher
capacity,0.85,decision-cpu-us,0,jsw,qbr,class0_p99_us,10,0.34921965709999797,-1.2282870538875033,1.8469266905174928,uncertain
capacity,0.85,decision-cpu-us,0,jsw,qbr,control_cpu_mean,10,-1.629461334585,-1.6310921983509747,-1.6278186061474997,lower
capacity,0.85,decision-cpu-us,0,jsw,qbr,p999_us,10,1.9118445392000012,-1.5594086980924864,5.6564839994975005,uncertain
capacity,0.85,decision-cpu-us,0,jsw,qbr,p99_us,10,0.36261545679999757,-0.17460891471250337,0.8953968967374961,uncertain
capacity,0.85,decision-cpu-us,0,jsw,qbr,slo_miss_rate,10,-0.000500961859999649,-0.06994421073474866,0.08015205865274955,uncertain
capacity,0.85,decision-cpu-us,0,jsw,steal,class0_p99_us,10,1.4341025944999999,-0.5979624382849971,3.635463309489998,uncertain
capacity,0.85,decision-cpu-us,0,jsw,steal,control_cpu_mean,10,-2.71369702034,-2.7605251207906747,-2.6600506068869247,lower
capacity,0.85,decision-cpu-us,0,jsw,steal,p999_us,10,0.373868264500004,-7.981462925174984,7.714716780992498,uncertain
capacity,0.85,decision-cpu-us,0,jsw,steal,p99_us,10,0.5760268850000045,-0.22889156003999145,1.3540467426349998,uncertain
capacity,0.85,decision-cpu-us,0,jsw,steal,slo_miss_rate,10,0.27545751255000084,0.1472942291952508,0.4033180527790012,higher
capacity,0.85,decision-cpu-us,0,jsw,threshold,class0_p99_us,10,1.4004411022999945,0.44504373219499455,2.3669078113349924,higher
capacity,0.85,decision-cpu-us,0,jsw,threshold,control_cpu_mean,10,-1.834600878561,-1.8409223546422497,-1.8280612422841251,lower
capacity,0.85,decision-cpu-us,0,jsw,threshold,p999_us,10,-1.132036609499994,-9.864532383397481,6.93721212538499,uncertain
capacity,0.85,decision-cpu-us,0,jsw,threshold,p99_us,10,0.9774615449999999,0.2631260189324987,1.731898716024997,higher
capacity,0.85,decision-cpu-us,0,jsw,threshold,slo_miss_rate,10,0.20858507057000014,0.04835519134924905,0.3593124468399996,higher
capacity,0.85,decision-cpu-us,0,qbr,jbsq,class0_p99_us,10,9.395312366100002,3.295959310259999,16.261548826065003,higher
capacity,0.85,decision-cpu-us,0,qbr,jbsq,control_cpu_mean,10,2.027861334589,2.0262186061515,2.0294921983549754,higher
capacity,0.85,decision-cpu-us,0,qbr,jbsq,p999_us,10,-120.55645457859998,-129.10290658265998,-112.06005248974999,lower
capacity,0.85,decision-cpu-us,0,qbr,jbsq,p99_us,10,6.2666024244999985,5.033022539864992,7.561284479759999,higher
capacity,0.85,decision-cpu-us,0,qbr,jbsq,slo_miss_rate,10,9.66175636223,8.7491097596805,10.519340341475749,higher
capacity,0.85,decision-cpu-us,0,qbr,jsw,class0_p99_us,10,-0.34921965709999797,-1.8469266905174953,1.228287053887503,uncertain
capacity,0.85,decision-cpu-us,0,qbr,jsw,control_cpu_mean,10,1.629461334585,1.6278186061474997,1.6310921983509747,higher
capacity,0.85,decision-cpu-us,0,qbr,jsw,p999_us,10,-1.9118445392000012,-5.656483999497502,1.5594086980924864,uncertain
capacity,0.85,decision-cpu-us,0,qbr,jsw,p99_us,10,-0.36261545679999757,-0.8953968967374965,0.17460891471250323,uncertain
capacity,0.85,decision-cpu-us,0,qbr,jsw,slo_miss_rate,10,0.000500961859999649,-0.08015205865274955,0.06994421073474866,uncertain
capacity,0.85,decision-cpu-us,0,qbr,steal,class0_p99_us,10,1.084882937400002,-0.1432054737874974,2.290219029000003,uncertain
capacity,0.85,decision-cpu-us,0,qbr,steal,control_cpu_mean,10,-1.084235685755,-1.1312460280452998,-1.03024559223905,lower
capacity,0.85,decision-cpu-us,0,qbr,steal,p999_us,10,-1.5379762746999972,-11.556464757447502,6.639407979814995,uncertain
capacity,0.85,decision-cpu-us,0,qbr,steal,p99_us,10,0.21341142820000697,-0.49029008401750196,0.882269972625009,uncertain
capacity,0.85,decision-cpu-us,0,qbr,steal,slo_miss_rate,10,0.2759584744100005,0.10917743898675064,0.4341604045029999,higher
capacity,0.85,decision-cpu-us,0,qbr,threshold,class0_p99_us,10,1.0512214451999966,0.18320126082249846,1.9222343444149945,higher
capacity,0.85,decision-cpu-us,0,qbr,threshold,control_cpu_mean,10,-0.20513954397599998,-0.21164221394909985,-0.19851651181452498,lower
capacity,0.85,decision-cpu-us,0,qbr,threshold,p999_us,10,-3.0438811486999953,-12.723457470607485,5.150626539762491,uncertain
capacity,0.85,decision-cpu-us,0,qbr,threshold,p99_us,10,0.6148460882000023,-0.12393183499249509,1.3248103079775007,uncertain
capacity,0.85,decision-cpu-us,0,qbr,threshold,slo_miss_rate,10,0.20908603242999982,0.05064823859200021,0.3584534998499988,higher
capacity,0.85,decision-cpu-us,0,steal,jbsq,class0_p99_us,10,8.310429428700001,2.324515790229999,15.376167580249989,higher
capacity,0.85,decision-cpu-us,0,steal,jbsq,control_cpu_mean,10,3.1120970203439997,3.0584506068909247,3.158925120794675,higher
capacity,0.85,decision-cpu-us,0,steal,jbsq,p999_us,10,-119.0184783039,-129.7192475681325,-109.7324612525225,lower
capacity,0.85,decision-cpu-us,0,steal,jbsq,p99_us,10,6.053190996299992,4.838972310412497,7.268888831272488,higher
capacity,0.85,decision-cpu-us,0,steal,jbsq,slo_miss_rate,10,9.385797887819999,8.46378738749275,10.198971374306,higher
capacity,0.85,decision-cpu-us,0,steal,jsw,class0_p99_us,10,-1.4341025944999999,-3.6354633094899986,0.5979624382849947,uncertain
capacity,0.85,decision-cpu-us,0,steal,jsw,control_cpu_mean,10,2.71369702034,2.6600506068869247,2.7605251207906747,higher
capacity,0.85,decision-cpu-us,0,steal,jsw,p999_us,10,-0.373868264500004,-7.714716780992503,7.981462925174984,uncertain
capacity,0.85,decision-cpu-us,0,steal,jsw,p99_us,10,-0.5760268850000045,-1.354046742635,0.22889156003998956,uncertain
capacity,0.85,decision-cpu-us,0,steal,jsw,slo_miss_rate,10,-0.27545751255000084,-0.4033180527790012,-0.1472942291952511,lower
capacity,0.85,decision-cpu-us,0,steal,qbr,class0_p99_us,10,-1.084882937400002,-2.290219029000003,0.14320547378749707,uncertain
capacity,0.85,decision-cpu-us,0,steal,qbr,control_cpu_mean,10,1.084235685755,1.03024559223905,1.1312460280452998,higher
capacity,0.85,decision-cpu-us,0,steal,qbr,p999_us,10,1.5379762746999972,-6.639407979814995,11.55646475744748,uncertain
capacity,0.85,decision-cpu-us,0,steal,qbr,p99_us,10,-0.21341142820000697,-0.8822699726250095,0.4902900840175018,uncertain
capacity,0.85,decision-cpu-us,0,steal,qbr,slo_miss_rate,10,-0.2759584744100005,-0.4341604045029999,-0.1091774389867508,lower
capacity,0.85,decision-cpu-us,0,steal,threshold,class0_p99_us,10,-0.03366149220000523,-1.4127901234600029,1.3666701273174922,uncertain
capacity,0.85,decision-cpu-us,0,steal,threshold,control_cpu_mean,10,0.879096141779,0.8311940862741499,0.9205805948813249,higher
capacity,0.85,decision-cpu-us,0,steal,threshold,p999_us,10,-1.505904873999998,-8.837024926057497,5.598814208852477,uncertain
capacity,0.85,decision-cpu-us,0,steal,threshold,p99_us,10,0.40143465999999534,-0.23630986026500722,1.135647847227502,uncertain
capacity,0.85,decision-cpu-us,0,steal,threshold,slo_miss_rate,10,-0.06687244198000068,-0.2780789221440007,0.13350680859824895,uncertain
capacity,0.85,decision-cpu-us,0,threshold,jbsq,class0_p99_us,10,8.344090920900005,2.575349733860005,14.932796897654995,higher
capacity,0.85,decision-cpu-us,0,threshold,jbsq,control_cpu_mean,10,2.233000878565,2.2264612422881247,2.2393223546462497,higher
capacity,0.85,decision-cpu-us,0,threshold,jbsq,p999_us,10,-117.51257342989997,-127.15567086438496,-107.72699147828001,lower
capacity,0.85,decision-cpu-us,0,threshold,jbsq,p99_us,10,5.6517563362999965,4.003219853859996,7.257144825557499,higher
capacity,0.85,decision-cpu-us,0,threshold,jbsq,slo_miss_rate,10,9.4526703298,8.53583471348525,10.349430176992751,higher
capacity,0.85,decision-cpu-us,0,threshold,jsw,class0_p99_us,10,-1.4004411022999945,-2.366907811334993,-0.445043732194997,lower
capacity,0.85,decision-cpu-us,0,threshold,jsw,control_cpu_mean,10,1.834600878561,1.8280612422841251,1.8409223546422497,higher
capacity,0.85,decision-cpu-us,0,threshold,jsw,p999_us,10,1.132036609499994,-6.937212125384993,9.864532383397478,uncertain
capacity,0.85,decision-cpu-us,0,threshold,jsw,p99_us,10,-0.9774615449999999,-1.7318987160249975,-0.26312601893249904,lower
capacity,0.85,decision-cpu-us,0,threshold,jsw,slo_miss_rate,10,-0.20858507057000014,-0.35931244683999986,-0.0483551913492492,lower
capacity,0.85,decision-cpu-us,0,threshold,qbr,class0_p99_us,10,-1.0512214451999966,-1.9222343444149945,-0.18320126082249938,lower
capacity,0.85,decision-cpu-us,0,threshold,qbr,control_cpu_mean,10,0.20513954397599998,0.19851651181452498,0.21164221394909985,higher
capacity,0.85,decision-cpu-us,0,threshold,qbr,p999_us,10,3.0438811486999953,-5.150626539762495,12.723457470607471,uncertain
capacity,0.85,decision-cpu-us,0,threshold,qbr,p99_us,10,-0.6148460882000023,-1.324810307977501,0.12393183499249506,uncertain
capacity,0.85,decision-cpu-us,0,threshold,qbr,slo_miss_rate,10,-0.20908603242999982,-0.35845349984999886,-0.050648238592000225,lower
capacity,0.85,decision-cpu-us,0,threshold,steal,class0_p99_us,10,0.03366149220000523,-1.3666701273174953,1.4127901234600027,uncertain
capacity,0.85,decision-cpu-us,0,threshold,steal,control_cpu_mean,10,-0.879096141779,-0.9205805948813249,-0.8311940862741499,lower
capacity,0.85,decision-cpu-us,0,threshold,steal,p999_us,10,1.505904873999998,-5.598814208852506,8.837024926057497,uncertain
capacity,0.85,decision-cpu-us,0,threshold,steal,p99_us,10,-0.40143465999999534,-1.1356478472275022,0.23630986026500705,uncertain
capacity,0.85,decision-cpu-us,0,threshold,steal,slo_miss_rate,10,0.06687244198000068,-0.13350680859824912,0.27807892214400065,uncertain
capacity,0.85,decision-cpu-us,0.25,jbsq,jsw,class0_p99_us,10,-9.7445320232,-16.125565415822503,-3.949686710587503,lower
capacity,0.85,decision-cpu-us,0.25,jbsq,jsw,control_cpu_mean,10,-0.398400000004,-0.398400000004,-0.398400000004,lower
capacity,0.85,decision-cpu-us,0.25,jbsq,jsw,p999_us,10,118.64461003939998,111.02223306410498,126.45883199960998,higher
capacity,0.85,decision-cpu-us,0.25,jbsq,jsw,p99_us,10,-6.629217881299996,-7.7578070987175005,-5.333265840999997,lower
capacity,0.85,decision-cpu-us,0.25,jbsq,jsw,slo_miss_rate,10,-9.661255400369999,-10.48412230097825,-8.780209442620249,lower
capacity,0.85,decision-cpu-us,0.25,jbsq,qbr,class0_p99_us,10,-8.578041108399999,-15.5664638372,-2.731593845765,lower
capacity,0.85,decision-cpu-us,0.25,jbsq,qbr,control_cpu_mean,10,-2.467789393863,-2.482533502602,-2.453609319146525,lower
capacity,0.85,decision-cpu-us,0.25,jbsq,qbr,p999_us,10,119.11801326109999,108.8208172523425,129.45271943143248,higher
capacity,0.85,decision-cpu-us,0.25,jbsq,qbr,p99_us,10,-6.343371008199997,-7.806945663182498,-4.848633111637501,lower
capacity,0.85,decision-cpu-us,0.25,jbsq,qbr,slo_miss_rate,10,-9.61893497462,-10.440715276298999,-8.758185498642,lower
capacity,0.85,decision-cpu-us,0.25,jbsq,steal,class0_p99_us,10,-9.280684558200004,-15.239070888362503,-3.745426274037504,lower
capacity,0.85,decision-cpu-us,0.25,jbsq,steal,control_cpu_mean,10,-5.088755583582,-5.1601136670528,-5.006871869137,lower
capacity,0.85,decision-cpu-us,0.25,jbsq,steal,p999_us,10,122.10556638999999,112.02901852584749,133.28311729846004,higher
capacity,0.85,decision-cpu-us,0.25,jbsq,steal,p99_us,10,-6.076751874599995,-7.054857603842493,-4.985570885354993,lower
capacity,0.85,decision-cpu-us,0.25,jbsq,steal,slo_miss_rate,10,-9.5343362927,-10.418624748845753,-8.598375843804002,lower
capacity,0.85,decision-cpu-us,0.25,jbsq,threshold,class0_p99_us,10,-8.715472647900004,-15.282865501200003,-2.997147007560008,lower
capacity,0.85,decision-cpu-us,0.25,jbsq,threshold,control_cpu_mean,10,-4.724807338636,-4.753698618639775,-4.696079598912201,lower
capacity,0.85,decision-cpu-us,0.25,jbsq,threshold,p999_us,10,122.2611560681,112.93008506240247,130.9976967544825,higher
capacity,0.85,decision-cpu-us,0.25,jbsq,threshold,p99_us,10,-6.440678013799999,-7.667536698530011,-5.113559466592498,lower
capacity,0.85,decision-cpu-us,0.25,jbsq,threshold,slo_miss_rate,10,-9.52037278322,-10.362772464264001,-8.684700162550753,lower
capacity,0.85,decision-cpu-us,0.25,jsw,jbsq,class0_p99_us,10,9.7445320232,3.949686710587499,16.1255654158225,higher
capacity,0.85,decision-cpu-us,0.25,jsw,jbsq,control_cpu_mean,10,0.398400000004,0.398400000004,0.398400000004,higher
capacity,0.85,decision-cpu-us,0.25,jsw,jbsq,p999_us,10,-118.64461003939998,-126.45883199961,-111.02223306410498,lower
capacity,0.85,decision-cpu-us,0.25,jsw,jbsq,p99_us,10,6.629217881299996,5.333265840999997,7.7578070987175,higher
capacity,0.85,decision-cpu-us,0.25,jsw,jbsq,slo_miss_rate,10,9.661255400369999,8.780209442620249,10.48412230097825,higher
capacity,0.85,decision-cpu-us,0.25,jsw,qbr,class0_p99_us,10,1.1664909148000007,-0.2667225195474951,2.5529484928174977,uncertain
capacity,0.85,decision-cpu-us,0.25,jsw,qbr,control_cpu_mean,10,-2.069389393859,-2.084133502598,-2.0552093191425245,lower
capacity,0.85,decision-cpu-us,0.25,jsw,qbr,p999_us,10,0.47340322170000493,-8.914517745057495,10.954138235635007,uncertain
capacity,0.85,decision-cpu-us,0.25,jsw,qbr,p99_us,10,0.2858468730999988,-0.48921461925249643,1.061351552437496,uncertain
capacity,0.85,decision-cpu-us,0.25,jsw,qbr,slo_miss_rate,10,0.042320425750000126,-0.13077909152399966,0.21591469936199895,uncertain
capacity,0.85,decision-cpu-us,0.25,jsw,steal,class0_p99_us,10,0.46384746499999635,-0.9045921706000044,1.8089667378574896,uncertain
capacity,0.85,decision-cpu-us,0.25,jsw,steal,control_cpu_mean,10,-4.6903555835779995,-4.7617136670488005,-4.608471869133,lower
capacity,0.85,decision-cpu-us,0.25,jsw,steal,p999_us,10,3.4609563506000143,-3.45905236064748,11.429302282010005,uncertain
capacity,0.85,decision-cpu-us,0.25,jsw,steal,p99_us,10,0.5524660067000013,0.018836407800006328,1.2220505653299973,higher
capacity,0.85,decision-cpu-us,0.25,jsw,steal,slo_miss_rate,10,0.12691910766999992,0.01923655350575064,0.23460201100999942,higher
capacity,0.85,decision-cpu-us,0.25,jsw,threshold,class0_p99_us,10,1.0290593752999968,-0.476432459185005,2.597273421402496,uncertain
capacity,0.85,decision-cpu-us,0.25,jsw,threshold,control_cpu_mean,10,-4.326407338632,-4.355298618635776,-4.297679598908201,lower
capacity,0.85,decision-cpu-us,0.25,jsw,threshold,p999_us,10,3.6165460286999975,-3.319297262867497,10.877720144332496,uncertain
capacity,0.85,decision-cpu-us,0.25,jsw,threshold,p99_us,10,0.18853986749999763,-0.16105652654500296,0.4791726482224991,uncertain
capacity,0.85,decision-cpu-us,0.25,jsw,threshold,slo_miss_rate,10,0.1408826171500005,-0.003721350970998223,0.279692053684752,uncertain
capacity,0.85,decision-cpu-us,0.25,qbr,jbsq,class0_p99_us,10,8.578041108399999,2.731593845764999,15.5664638372,higher
capacity,0.85,decision-cpu-us,0.25,qbr,jbsq,control_cpu_mean,10,2.467789393863,2.453609319146525,2.482533502602,higher
capacity,0.85,decision-cpu-us,0.25,qbr,jbsq,p999_us,10,-119.11801326109999,-129.4527194314325,-108.8208172523425,lower
capacity,0.85,decision-cpu-us,0.25,qbr,jbsq,p99_us,10,6.343371008199997,4.848633111637499,7.806945663182496,higher
capacity,0.85,decision-cpu-us,0.25,qbr,jbsq,slo_miss_rate,10,9.61893497462,8.758185498642,10.440715276298999,higher
capacity,0.85,decision-cpu-us,0.25,qbr,jsw,class0_p99_us,10,-1.1664909148000007,-2.5529484928174986,0.2667225195474934,uncertain
capacity,0.85,decision-cpu-us,0.25,qbr,jsw,control_cpu_mean,10,2.069389393859,2.0552093191425245,2.084133502598,higher
capacity,0.85,decision-cpu-us,0.25,qbr,jsw,p999_us,10,-0.47340322170000493,-10.954138235635012,8.914517745057495,uncertain
capacity,0.85,decision-cpu-us,0.25,qbr,jsw,p99_us,10,-0.2858468730999988,-1.0613515524374961,0.4892146192524948,uncertain
capacity,0.85,decision-cpu-us,0.25,qbr,jsw,slo_miss_rate,10,-0.042320425750000126,-0.21591469936199906,0.1307790915239996,uncertain
capacity,0.85,decision-cpu-us,0.25,qbr,steal,class0_p99_us,10,-0.7026434498000043,-1.8761227085375005,0.8362227636424954,uncertain
capacity,0.85,decision-cpu-us,0.25,qbr,steal,control_cpu_mean,10,-2.6209661897189998,-2.70279492532305,-2.5315060730655,lower
capacity,0.85,decision-cpu-us,0.25,qbr,steal,p999_us,10,2.9875531289000095,-8.157695966762507,13.765237901600017,uncertain
capacity,0.85,decision-cpu-us,0.25,qbr,steal,p99_us,10,0.26661913360000256,-0.609942688815002,1.2112702159700002,uncertain
capacity,0.85,decision-cpu-us,0.25,qbr,steal,slo_miss_rate,10,0.08459868191999981,-0.06502485704474897,0.24313670845549948,uncertain
capacity,0.85,decision-cpu-us,0.25,qbr,threshold,class0_p99_us,10,-0.13743153950000392,-1.5109241219625031,1.1719551808224904,uncertain
capacity,0.85,decision-cpu-us,0.25,qbr,threshold,control_cpu_mean,10,-2.2570179447729997,-2.2733757340423746,-2.2402539040365754,lower
capacity,0.85,decision-cpu-us,0.25,qbr,threshold,p999_us,10,3.1431428069999923,-7.4362776921575,12.634730608429994,uncertain
capacity,0.85,decision-cpu-us,0.25,qbr,threshold,p99_us,10,-0.09730700560000116,-0.8188337331225026,0.6966260072674978,uncertain
capacity,0.85,decision-cpu-us,0.25,qbr,threshold,slo_miss_rate,10,0.09856219140000039,-0.07679468803224948,0.26560642257675005,uncertain
capacity,0.85,decision-cpu-us,0.25,steal,jbsq,class0_p99_us,10,9.280684558200004,3.745426274037502,15.2390708883625,higher
capacity,0.85,decision-cpu-us,0.25,steal,jbsq,control_cpu_mean,10,5.088755583582,5.006871869137,5.1601136670528,higher
capacity,0.85,decision-cpu-us,0.25,steal,jbsq,p999_us,10,-122.10556638999999,-133.28311729846004,-112.0290185258475,lower
capacity,0.85,decision-cpu-us,0.25,steal,jbsq,p99_us,10,6.076751874599995,4.985570885354992,7.054857603842493,higher
capacity,0.85,decision-cpu-us,0.25,steal,jbsq,slo_miss_rate,10,9.5343362927,8.598375843804,10.418624748845753,higher
capacity,0.85,decision-cpu-us,0.25,steal,jsw,class0_p99_us,10,-0.46384746499999635,-1.8089667378574903,0.9045921706000044,uncertain
capacity,0.85,decision-cpu-us,0.25,steal,jsw,control_cpu_mean,10,4.6903555835779995,4.608471869133,4.7617136670488005,higher
capacity,0.85,decision-cpu-us,0.25,steal,jsw,p999_us,10,-3.4609563506000143,-11.429302282010008,3.459052360647479,uncertain
capacity,0.85,decision-cpu-us,0.25,steal,jsw,p99_us,10,-0.5524660067000013,-1.222050565329998,-0.018836407800006328,lower
capacity,0.85,decision-cpu-us,0.25,steal,jsw,slo_miss_rate,10,-0.12691910766999992,-0.23460201100999942,-0.019236553505750643,lower
capacity,0.85,decision-cpu-us,0.25,steal,qbr,class0_p99_us,10,0.7026434498000043,-0.836222763642496,1.8761227085374996,uncertain
capacity,0.85,decision-cpu-us,0.25,steal,qbr,control_cpu_mean,10,2.6209661897189998,2.5315060730655,2.70279492532305,higher
capacity,0.85,decision-cpu-us,0.25,steal,qbr,p999_us,10,-2.9875531289000095,-13.765237901600017,8.157695966762503,uncertain
capacity,0.85,decision-cpu-us,0.25,steal,qbr,p99_us,10,-0.26661913360000256,-1.2112702159700006,0.6099426888150015,uncertain
capacity,0.85,decision-cpu-us,0.25,steal,qbr,slo_miss_rate,10,-0.08459868191999981,-0.24313670845549967,0.06502485704474893,uncertain
capacity,0.85,decision-cpu-us,0.25,steal,threshold,class0_p99_us,10,0.5652119103000004,-0.5387519999725038,1.6424504092075065,uncertain
capacity,0.85,decision-cpu-us,0.25,steal,threshold,control_cpu_mean,10,0.3639482449460002,0.2623487744894501,0.45665443958932495,higher
capacity,0.85,decision-cpu-us,0.25,steal,threshold,p999_us,10,0.1555896780999831,-9.376788665165023,10.189774356462479,uncertain
capacity,0.85,decision-cpu-us,0.25,steal,threshold,p99_us,10,-0.3639261392000037,-0.9826333291475011,0.18750501856499643,uncertain
capacity,0.85,decision-cpu-us,0.25,steal,threshold,slo_miss_rate,10,0.01396350948000058,-0.16300421063074924,0.2085650969120007,uncertain
capacity,0.85,decision-cpu-us,0.25,threshold,jbsq,class0_p99_us,10,8.715472647900004,2.997147007560003,15.282865501200003,higher
capacity,0.85,decision-cpu-us,0.25,threshold,jbsq,control_cpu_mean,10,4.724807338636,4.696079598912201,4.753698618639775,higher
capacity,0.85,decision-cpu-us,0.25,threshold,jbsq,p999_us,10,-122.2611560681,-130.9976967544825,-112.93008506240248,lower
capacity,0.85,decision-cpu-us,0.25,threshold,jbsq,p99_us,10,6.440678013799999,5.113559466592498,7.66753669853001,higher
capacity,0.85,decision-cpu-us,0.25,threshold,jbsq,slo_miss_rate,10,9.52037278322,8.684700162550751,10.362772464264001,higher
capacity,0.85,decision-cpu-us,0.25,threshold,jsw,class0_p99_us,10,-1.0290593752999968,-2.5972734214024964,0.4764324591850032,uncertain
capacity,0.85,decision-cpu-us,0.25,threshold,jsw,control_cpu_mean,10,4.326407338632,4.297679598908201,4.355298618635776,higher
capacity,0.85,decision-cpu-us,0.25,threshold,jsw,p999_us,10,-3.6165460286999975,-10.877720144332502,3.319297262867479,uncertain
capacity,0.85,decision-cpu-us,0.25,threshold,jsw,p99_us,10,-0.18853986749999763,-0.4791726482224992,0.16105652654500266,uncertain
capacity,0.85,decision-cpu-us,0.25,threshold,jsw,slo_miss_rate,10,-0.1408826171500005,-0.2796920536847521,0.0037213509709981465,uncertain
capacity,0.85,decision-cpu-us,0.25,threshold,qbr,class0_p99_us,10,0.13743153950000392,-1.1719551808224924,1.5109241219625014,uncertain
capacity,0.85,decision-cpu-us,0.25,threshold,qbr,control_cpu_mean,10,2.2570179447729997,2.2402539040365754,2.2733757340423746,higher
capacity,0.85,decision-cpu-us,0.25,threshold,qbr,p999_us,10,-3.1431428069999923,-12.634730608429999,7.436277692157482,uncertain
capacity,0.85,decision-cpu-us,0.25,threshold,qbr,p99_us,10,0.09730700560000116,-0.6966260072674999,0.8188337331225016,uncertain
capacity,0.85,decision-cpu-us,0.25,threshold,qbr,slo_miss_rate,10,-0.09856219140000039,-0.2656064225767501,0.0767946880322493,uncertain
capacity,0.85,decision-cpu-us,0.25,threshold,steal,class0_p99_us,10,-0.5652119103000004,-1.6424504092075078,0.5387519999725034,uncertain
capacity,0.85,decision-cpu-us,0.25,threshold,steal,control_cpu_mean,10,-0.3639482449460002,-0.45665443958932506,-0.2623487744894503,lower
capacity,0.85,decision-cpu-us,0.25,threshold,steal,p999_us,10,-0.1555896780999831,-10.189774356462484,9.376788665165021,uncertain
capacity,0.85,decision-cpu-us,0.25,threshold,steal,p99_us,10,0.3639261392000037,-0.18750501856499682,0.9826333291475009,uncertain
capacity,0.85,decision-cpu-us,0.25,threshold,steal,slo_miss_rate,10,-0.01396350948000058,-0.20856509691200076,0.16300421063074919,uncertain
capacity,0.85,decision-cpu-us,1,jbsq,jsw,class0_p99_us,10,-9.7445320232,-16.125565415822503,-3.949686710587503,lower
capacity,0.85,decision-cpu-us,1,jbsq,jsw,control_cpu_mean,10,-0.398400000004,-0.398400000004,-0.398400000004,lower
capacity,0.85,decision-cpu-us,1,jbsq,jsw,p999_us,10,118.64461003939998,111.02223306410498,126.45883199960998,higher
capacity,0.85,decision-cpu-us,1,jbsq,jsw,p99_us,10,-6.629217881299996,-7.7578070987175005,-5.333265840999997,lower
capacity,0.85,decision-cpu-us,1,jbsq,jsw,slo_miss_rate,10,-9.661255400369999,-10.48412230097825,-8.780209442620249,lower
capacity,0.85,decision-cpu-us,1,jbsq,qbr,class0_p99_us,10,-9.086420568700003,-15.392165101100005,-3.343377238825006,lower
capacity,0.85,decision-cpu-us,1,jbsq,qbr,control_cpu_mean,10,-3.1948519674250004,-3.231436576457,-3.15760488999,lower
capacity,0.85,decision-cpu-us,1,jbsq,qbr,p999_us,10,119.27801077379999,111.20664273125999,128.85881289962248,higher
capacity,0.85,decision-cpu-us,1,jbsq,qbr,p99_us,10,-6.614968272599995,-7.712298446194995,-5.465017367459998,lower
capacity,0.85,decision-cpu-us,1,jbsq,qbr,slo_miss_rate,10,-9.64062425174,-10.556993221917251,-8.65371907776975,lower
capacity,0.85,decision-cpu-us,1,jbsq,steal,class0_p99_us,10,-8.503024734399999,-14.857283578544997,-2.884975762617505,lower
capacity,0.85,decision-cpu-us,1,jbsq,steal,control_cpu_mean,10,-9.427157984682001,-9.524388217593648,-9.327330981502824,lower
capacity,0.85,decision-cpu-us,1,jbsq,steal,p999_us,10,125.06208063070001,116.54997722134752,134.0283566464125,higher
capacity,0.85,decision-cpu-us,1,jbsq,steal,p99_us,10,-6.579885821499994,-7.544760752449996,-5.511514146572493,lower
capacity,0.85,decision-cpu-us,1,jbsq,steal,slo_miss_rate,10,-9.41776973738,-10.223148672123749,-8.589103787175,lower
capacity,0.85,decision-cpu-us,1,jbsq,threshold,class0_p99_us,10,-9.4720175694,-16.2322326578075,-3.3570349165125077,lower
capacity,0.85,decision-cpu-us,1,jbsq,threshold,control_cpu_mean,10,-12.170359800770001,-12.3140397302105,-12.03890424023425,lower
capacity,0.85,decision-cpu-us,1,jbsq,threshold,p999_us,10,126.717478231,117.49743153803249,136.77012730979496,higher
capacity,0.85,decision-cpu-us,1,jbsq,threshold,p99_us,10,-6.801018675199989,-7.8170490364824925,-5.816516259719992,lower
capacity,0.85,decision-cpu-us,1,jbsq,threshold,slo_miss_rate,10,-9.60130366075,-10.47947205199575,-8.657508262945498,lower
capacity,0.85,decision-cpu-us,1,jsw,jbsq,class0_p99_us,10,9.7445320232,3.949686710587499,16.1255654158225,higher
capacity,0.85,decision-cpu-us,1,jsw,jbsq,control_cpu_mean,10,0.398400000004,0.398400000004,0.398400000004,higher
capacity,0.85,decision-cpu-us,1,jsw,jbsq,p999_us,10,-118.64461003939998,-126.45883199961,-111.02223306410498,lower
capacity,0.85,decision-cpu-us,1,jsw,jbsq,p99_us,10,6.629217881299996,5.333265840999997,7.7578070987175,higher
capacity,0.85,decision-cpu-us,1,jsw,jbsq,slo_miss_rate,10,9.661255400369999,8.780209442620249,10.48412230097825,higher
capacity,0.85,decision-cpu-us,1,jsw,qbr,class0_p99_us,10,0.6581114544999978,-0.6050884479175023,1.8905448941399952,uncertain
capacity,0.85,decision-cpu-us,1,jsw,qbr,control_cpu_mean,10,-2.7964519674210004,-2.833036576453,-2.759204889986,lower
capacity,0.85,decision-cpu-us,1,jsw,qbr,p999_us,10,0.6334007343999986,-5.3094694012825085,7.108100628757483,uncertain
capacity,0.85,decision-cpu-us,1,jsw,qbr,p99_us,10,0.014249608700001203,-0.5020284840374977,0.5362622648674992,uncertain
capacity,0.85,decision-cpu-us,1,jsw,qbr,slo_miss_rate,10,0.020631148630000373,-0.1105972409042494,0.1516686498785008,uncertain
capacity,0.85,decision-cpu-us,1,jsw,steal,class0_p99_us,10,1.2415072888000012,-0.6794238866574966,3.1950861097425,uncertain
capacity,0.85,decision-cpu-us,1,jsw,steal,control_cpu_mean,10,-9.028757984677998,-9.12598821758965,-8.928930981498825,lower
capacity,0.85,decision-cpu-us,1,jsw,steal,p999_us,10,6.417470591300008,-0.02160809325748075,13.343021918400007,uncertain
capacity,0.85,decision-cpu-us,1,jsw,steal,p99_us,10,0.04933205980000253,-0.9374751060999955,0.8690202471399978,uncertain
capacity,0.85,decision-cpu-us,1,jsw,steal,slo_miss_rate,10,0.2434856629899998,0.08300858836899881,0.37840795000749966,higher
capacity,0.85,decision-cpu-us,1,jsw,threshold,class0_p99_us,10,0.2725144537999995,-1.6685202123500076,1.7461507331150012,uncertain
capacity,0.85,decision-cpu-us,1,jsw,threshold,control_cpu_mean,10,-11.771959800766,-11.9156397302065,-11.64050424023025,lower
capacity,0.85,decision-cpu-us,1,jsw,threshold,p999_us,10,8.072868191600008,1.0068586659675238,15.673837853847484,higher
capacity,0.85,decision-cpu-us,1,jsw,threshold,p99_us,10,-0.1718007938999932,-0.7509190240999943,0.3455561031225051,uncertain
capacity,0.85,decision-cpu-us,1,jsw,threshold,slo_miss_rate,10,0.05995173962000111,-0.11048601020999804,0.25000346983425065,uncertain
capacity,0.85,decision-cpu-us,1,qbr,jbsq,class0_p99_us,10,9.086420568700003,3.343377238825006,15.392165101099998,higher
capacity,0.85,decision-cpu-us,1,qbr,jbsq,control_cpu_mean,10,3.1948519674250004,3.15760488999,3.231436576457,higher
capacity,0.85,decision-cpu-us,1,qbr,jbsq,p999_us,10,-119.27801077379999,-128.85881289962248,-111.20664273125999,lower
capacity,0.85,decision-cpu-us,1,qbr,jbsq,p99_us,10,6.614968272599995,5.465017367459996,7.7122984461949935,higher
capacity,0.85,decision-cpu-us,1,qbr,jbsq,slo_miss_rate,10,9.64062425174,8.65371907776975,10.55699322191725,higher
capacity,0.85,decision-cpu-us,1,qbr,jsw,class0_p99_us,10,-0.6581114544999978,-1.8905448941399958,0.6050884479175016,uncertain
capacity,0.85,decision-cpu-us,1,qbr,jsw,control_cpu_mean,10,2.7964519674210004,2.759204889986,2.833036576453,higher
capacity,0.85,decision-cpu-us,1,qbr,jsw,p999_us,10,-0.6334007343999986,-7.108100628757493,5.309469401282508,uncertain
capacity,0.85,decision-cpu-us,1,qbr,jsw,p99_us,10,-0.014249608700001203,-0.5362622648674995,0.5020284840374971,uncertain
capacity,0.85,decision-cpu-us,1,qbr,jsw,slo_miss_rate,10,-0.020631148630000373,-0.15166864987850087,0.11059724090424927,uncertain
capacity,0.85,decision-cpu-us,1,qbr,steal,class0_p99_us,10,0.5833958343000034,-1.186323180074995,2.3039521907174985,uncertain
capacity,0.85,decision-cpu-us,1,qbr,steal,control_cpu_mean,10,-6.232306017257001,-6.357079035903749,-6.10837245015885,lower
capacity,0.85,decision-cpu-us,1,qbr,steal,p999_us,10,5.784069856900009,0.3539655652700128,11.766931508424983,higher
capacity,0.85,decision-cpu-us,1,qbr,steal,p99_us,10,0.03508245110000132,-0.7895813470349945,0.8033892411874928,uncertain
capacity,0.85,decision-cpu-us,1,qbr,steal,slo_miss_rate,10,0.22285451435999942,0.021795752542749448,0.3859652426272492,higher
capacity,0.85,decision-cpu-us,1,qbr,threshold,class0_p99_us,10,-0.3855970006999982,-2.2396744643724933,1.0840702746850028,uncertain
capacity,0.85,decision-cpu-us,1,qbr,threshold,control_cpu_mean,10,-8.975507833345,-9.100008469683,-8.862410624998,lower
capacity,0.85,decision-cpu-us,1,qbr,threshold,p999_us,10,7.43946745720001,-1.1729198173624813,17.549803649930002,uncertain
capacity,0.85,decision-cpu-us,1,qbr,threshold,p99_us,10,-0.18605040259999442,-0.5838373299724999,0.2738086239000111,uncertain
capacity,0.85,decision-cpu-us,1,qbr,threshold,slo_miss_rate,10,0.03932059099000074,-0.12021727606549874,0.19829961040474986,uncertain
capacity,0.85,decision-cpu-us,1,steal,jbsq,class0_p99_us,10,8.503024734399999,2.8849757626175005,14.857283578544996,higher
capacity,0.85,decision-cpu-us,1,steal,jbsq,control_cpu_mean,10,9.427157984682001,9.327330981502824,9.524388217593648,higher
capacity,0.85,decision-cpu-us,1,steal,jbsq,p999_us,10,-125.06208063070001,-134.0283566464125,-116.54997722134753,lower
capacity,0.85,decision-cpu-us,1,steal,jbsq,p99_us,10,6.579885821499994,5.511514146572493,7.544760752449996,higher
capacity,0.85,decision-cpu-us,1,steal,jbsq,slo_miss_rate,10,9.41776973738,8.589103787175,10.223148672123749,higher
capacity,0.85,decision-cpu-us,1,steal,jsw,class0_p99_us,10,-1.2415072888000012,-3.1950861097425003,0.6794238866574966,uncertain
capacity,0.85,decision-cpu-us,1,steal,jsw,control_cpu_mean,10,9.028757984677998,8.928930981498825,9.12598821758965,higher
capacity,0.85,decision-cpu-us,1,steal,jsw,p999_us,10,-6.417470591300008,-13.343021918400007,0.021608093257480386,uncertain
capacity,0.85,decision-cpu-us,1,steal,jsw,p99_us,10,-0.04933205980000253,-0.8690202471399978,0.9374751060999955,uncertain
capacity,0.85,decision-cpu-us,1,steal,jsw,slo_miss_rate,10,-0.2434856629899998,-0.37840795000749977,-0.08300858836899883,lower
capacity,0.85,decision-cpu-us,1,steal,qbr,class0_p99_us,10,-0.5833958343000034,-2.3039521907174993,1.186323180074991,uncertain
capacity,0.85,decision-cpu-us,1,steal,qbr,control_cpu_mean,10,6.232306017257001,6.10837245015885,6.357079035903749,higher
capacity,0.85,decision-cpu-us,1,steal,qbr,p999_us,10,-5.784069856900009,-11.766931508424996,-0.35396556527001294,lower
capacity,0.85,decision-cpu-us,1,steal,qbr,p99_us,10,-0.03508245110000132,-0.8033892411874932,0.7895813470349938,uncertain
capacity,0.85,decision-cpu-us,1,steal,qbr,slo_miss_rate,10,-0.22285451435999942,-0.3859652426272492,-0.021795752542749614,lower
capacity,0.85,decision-cpu-us,1,steal,threshold,class0_p99_us,10,-0.9689928350000017,-2.3959503619750038,0.3886103076325034,uncertain
capacity,0.85,decision-cpu-us,1,steal,threshold,control_cpu_mean,10,-2.743201816088,-2.986728935760525,-2.517661649688675,lower
capacity,0.85,decision-cpu-us,1,steal,threshold,p999_us,10,1.6553976003000002,-7.4368532367949935,10.98483321169749,uncertain
capacity,0.85,decision-cpu-us,1,steal,threshold,p99_us,10,-0.22113285369999575,-1.017232753717493,0.6083438376375029,uncertain
capacity,0.85,decision-cpu-us,1,steal,threshold,slo_miss_rate,10,-0.18353392336999869,-0.38400367542199854,0.0420229876745013,uncertain
capacity,0.85,decision-cpu-us,1,threshold,jbsq,class0_p99_us,10,9.4720175694,3.3570349165125006,16.232232657807494,higher
capacity,0.85,decision-cpu-us,1,threshold,jbsq,control_cpu_mean,10,12.170359800770001,12.03890424023425,12.3140397302105,higher
capacity,0.85,decision-cpu-us,1,threshold,jbsq,p999_us,10,-126.717478231,-136.770127309795,-117.49743153803249,lower
capacity,0.85,decision-cpu-us,1,threshold,jbsq,p99_us,10,6.801018675199989,5.816516259719992,7.817049036482492,higher
capacity,0.85,decision-cpu-us,1,threshold,jbsq,slo_miss_rate,10,9.60130366075,8.657508262945496,10.47947205199575,higher
capacity,0.85,decision-cpu-us,1,threshold,jsw,class0_p99_us,10,-0.2725144537999995,-1.7461507331150024,1.6685202123500071,uncertain
capacity,0.85,decision-cpu-us,1,threshold,jsw,control_cpu_mean,10,11.771959800766,11.64050424023025,11.9156397302065,higher
capacity,0.85,decision-cpu-us,1,threshold,jsw,p999_us,10,-8.072868191600008,-15.673837853847498,-1.0068586659675516,lower
capacity,0.85,decision-cpu-us,1,threshold,jsw,p99_us,10,0.1718007938999932,-0.34555610312250623,0.7509190240999938,uncertain
capacity,0.85,decision-cpu-us,1,threshold,jsw,slo_miss_rate,10,-0.05995173962000111,-0.25000346983425065,0.11048601020999804,uncertain
capacity,0.85,decision-cpu-us,1,threshold,qbr,class0_p99_us,10,0.3855970006999982,-1.084070274685004,2.2396744643724875,uncertain
capacity,0.85,decision-cpu-us,1,threshold,qbr,control_cpu_mean,10,8.975507833345,8.862410624998,9.100008469683,higher
capacity,0.85,decision-cpu-us,1,threshold,qbr,p999_us,10,-7.43946745720001,-17.549803649930002,1.1729198173624806,uncertain
capacity,0.85,decision-cpu-us,1,threshold,qbr,p99_us,10,0.18605040259999442,-0.2738086239000114,0.5838373299724998,uncertain
capacity,0.85,decision-cpu-us,1,threshold,qbr,slo_miss_rate,10,-0.03932059099000074,-0.19829961040474994,0.12021727606549873,uncertain
capacity,0.85,decision-cpu-us,1,threshold,steal,class0_p99_us,10,0.9689928350000017,-0.3886103076325035,2.3959503619750033,uncertain
capacity,0.85,decision-cpu-us,1,threshold,steal,control_cpu_mean,10,2.743201816088,2.517661649688675,2.9867289357605245,higher
capacity,0.85,decision-cpu-us,1,threshold,steal,p999_us,10,-1.6553976003000002,-10.984833211697495,7.436853236794984,uncertain
capacity,0.85,decision-cpu-us,1,threshold,steal,p99_us,10,0.22113285369999575,-0.608343837637503,1.0172327537174919,uncertain
capacity,0.85,decision-cpu-us,1,threshold,steal,slo_miss_rate,10,0.18353392336999869,-0.04202298767450154,0.3840036754219983,uncertain
capacity,0.85,decision-cpu-us,3,jbsq,jsw,class0_p99_us,10,-9.7445320232,-16.125565415822503,-3.949686710587503,lower
capacity,0.85,decision-cpu-us,3,jbsq,jsw,control_cpu_mean,10,-0.398400000004,-0.398400000004,-0.398400000004,lower
capacity,0.85,decision-cpu-us,3,jbsq,jsw,p999_us,10,118.64461003939998,111.02223306410498,126.45883199960998,higher
capacity,0.85,decision-cpu-us,3,jbsq,jsw,p99_us,10,-6.629217881299996,-7.7578070987175005,-5.333265840999997,lower
capacity,0.85,decision-cpu-us,3,jbsq,jsw,slo_miss_rate,10,-9.661255400369999,-10.48412230097825,-8.780209442620249,lower
capacity,0.85,decision-cpu-us,3,jbsq,qbr,class0_p99_us,10,-9.2665153326,-16.355105728490006,-3.0225528474174985,lower
capacity,0.85,decision-cpu-us,3,jbsq,qbr,control_cpu_mean,10,-3.022156020844,-3.0819214162815003,-2.97242838389625,lower
capacity,0.85,decision-cpu-us,3,jbsq,qbr,p999_us,10,120.4578020986,112.28674659941746,128.4028642612625,higher
capacity,0.85,decision-cpu-us,3,jbsq,qbr,p99_us,10,-6.834508397199997,-8.051385719965001,-5.496756813632499,lower
capacity,0.85,decision-cpu-us,3,jbsq,qbr,slo_miss_rate,10,-9.63624525034,-10.544357234278,-8.687906721385001,lower
capacity,0.85,decision-cpu-us,3,jbsq,steal,class0_p99_us,10,-8.898601742300006,-15.457389207340007,-3.357611122090003,lower
capacity,0.85,decision-cpu-us,3,jbsq,steal,control_cpu_mean,10,-20.3384761395,-20.49811728239575,-20.173199192926496,lower
capacity,0.85,decision-cpu-us,3,jbsq,steal,p999_us,10,121.39970885219998,112.51817812120248,130.66512604731997,higher
capacity,0.85,decision-cpu-us,3,jbsq,steal,p99_us,10,-6.336796623899997,-7.722660742934995,-5.0179171797099995,lower
capacity,0.85,decision-cpu-us,3,jbsq,steal,slo_miss_rate,10,-9.46201655773,-10.3569683134945,-8.4887275234945,lower
capacity,0.85,decision-cpu-us,3,jbsq,threshold,class0_p99_us,10,-9.443678638099996,-16.545742973294995,-3.1357393360675,lower
capacity,0.85,decision-cpu-us,3,jbsq,threshold,control_cpu_mean,10,-22.50641993429,-22.765417854904502,-22.2526342281755,lower
capacity,0.85,decision-cpu-us,3,jbsq,threshold,p999_us,10,119.8634433233,111.07878182248002,129.341331801655,higher
capacity,0.85,decision-cpu-us,3,jbsq,threshold,p99_us,10,-6.504343734599994,-7.810071866747495,-5.111973409852498,lower
capacity,0.85,decision-cpu-us,3,jbsq,threshold,slo_miss_rate,10,-9.58418107688,-10.44880940773275,-8.6697178867755,lower
capacity,0.85,decision-cpu-us,3,jsw,jbsq,class0_p99_us,10,9.7445320232,3.949686710587499,16.1255654158225,higher
capacity,0.85,decision-cpu-us,3,jsw,jbsq,control_cpu_mean,10,0.398400000004,0.398400000004,0.398400000004,higher
capacity,0.85,decision-cpu-us,3,jsw,jbsq,p999_us,10,-118.64461003939998,-126.45883199961,-111.02223306410498,lower
capacity,0.85,decision-cpu-us,3,jsw,jbsq,p99_us,10,6.629217881299996,5.333265840999997,7.7578070987175,higher
capacity,0.85,decision-cpu-us,3,jsw,jbsq,slo_miss_rate,10,9.661255400369999,8.780209442620249,10.48412230097825,higher
capacity,0.85,decision-cpu-us,3,jsw,qbr,class0_p99_us,10,0.4780166906000005,-0.38823821068249587,1.220409759379998,uncertain
capacity,0.85,decision-cpu-us,3,jsw,qbr,control_cpu_mean,10,-2.62375602084,-2.6835214162775,-2.57402838389225,lower
capacity,0.85,decision-cpu-us,3,jsw,qbr,p999_us,10,1.8131920591999973,-3.0185340879225078,6.486267584322505,uncertain
capacity,0.85,decision-cpu-us,3,jsw,qbr,p99_us,10,-0.20529051590000053,-1.0417630019949977,0.5956023837150023,uncertain
capacity,0.85,decision-cpu-us,3,jsw,qbr,slo_miss_rate,10,0.025010150030000677,-0.1353047140359983,0.19623548600975016,uncertain
capacity,0.85,decision-cpu-us,3,jsw,steal,class0_p99_us,10,0.8459302808999951,-1.1198354363975067,2.662465886534995,uncertain
capacity,0.85,decision-cpu-us,3,jsw,steal,control_cpu_mean,10,-19.940076139496,-20.099717282391747,-19.774799192922497,lower
capacity,0.85,decision-cpu-us,3,jsw,steal,p999_us,10,2.7550988128000027,-3.5725513690499953,9.372063294389998,uncertain
capacity,0.85,decision-cpu-us,3,jsw,steal,p99_us,10,0.29242125739999947,-0.7621737382524971,1.2310803021524959,uncertain
capacity,0.85,decision-cpu-us,3,jsw,steal,slo_miss_rate,10,0.19923884263999941,0.06536729279649858,0.34258084816949946,higher
capacity,0.85,decision-cpu-us,3,jsw,threshold,class0_p99_us,10,0.3008533851000038,-1.531032175794991,2.0903432365575028,uncertain
capacity,0.85,decision-cpu-us,3,jsw,threshold,control_cpu_mean,10,-22.108019934286,-22.3670178549005,-21.854234228171496,lower
capacity,0.85,decision-cpu-us,3,jsw,threshold,p999_us,10,1.2188332839000053,-4.018150731477492,6.121355602272492,uncertain
capacity,0.85,decision-cpu-us,3,jsw,threshold,p99_us,10,0.12487414670000305,-0.6362391542174954,0.8359527211450049,uncertain
capacity,0.85,decision-cpu-us,3,jsw,threshold,slo_miss_rate,10,0.07707432349000037,0.015306656661500335,0.13859495577474926,higher
capacity,0.85,decision-cpu-us,3,qbr,jbsq,class0_p99_us,10,9.2665153326,3.0225528474174976,16.355105728490006,higher
capacity,0.85,decision-cpu-us,3,qbr,jbsq,control_cpu_mean,10,3.022156020844,2.97242838389625,3.0819214162815003,higher
capacity,0.85,decision-cpu-us,3,qbr,jbsq,p999_us,10,-120.4578020986,-128.4028642612625,-112.28674659941746,lower
capacity,0.85,decision-cpu-us,3,qbr,jbsq,p99_us,10,6.834508397199997,5.496756813632498,8.051385719964998,higher
capacity,0.85,decision-cpu-us,3,qbr,jbsq,slo_miss_rate,10,9.63624525034,8.687906721385001,10.544357234277998,higher
capacity,0.85,decision-cpu-us,3,qbr,jsw,class0_p99_us,10,-0.4780166906000005,-1.2204097593799983,0.3882382106824935,uncertain
capacity,0.85,decision-cpu-us,3,qbr,jsw,control_cpu_mean,10,2.62375602084,2.57402838389225,2.6835214162775,higher
capacity,0.85,decision-cpu-us,3,qbr,jsw,p999_us,10,-1.8131920591999973,-6.486267584322507,3.018534087922506,uncertain
capacity,0.85,decision-cpu-us,3,qbr,jsw,p99_us,10,0.20529051590000053,-0.5956023837150028,1.0417630019949975,uncertain
capacity,0.85,decision-cpu-us,3,qbr,jsw,slo_miss_rate,10,-0.025010150030000677,-0.19623548600975027,0.1353047140359981,uncertain
capacity,0.85,decision-cpu-us,3,qbr,steal,class0_p99_us,10,0.36791359029999454,-1.660745735290004,2.2390380834449894,uncertain
capacity,0.85,decision-cpu-us,3,qbr,steal,control_cpu_mean,10,-17.316320118656,-17.5055687834767,-17.11676568388485,lower
capacity,0.85,decision-cpu-us,3,qbr,steal,p999_us,10,0.9419067536000056,-3.139475967192497,5.465447235745,uncertain
capacity,0.85,decision-cpu-us,3,qbr,steal,p99_us,10,0.4977117733,-0.4027022744974975,1.4093299777849975,uncertain
capacity,0.85,decision-cpu-us,3,qbr,steal,slo_miss_rate,10,0.17422869260999868,-0.03319211278300035,0.33735245176899836,uncertain
capacity,0.85,decision-cpu-us,3,qbr,threshold,class0_p99_us,10,-0.17716330549999668,-1.8819039204924903,1.5477496891050038,uncertain
capacity,0.85,decision-cpu-us,3,qbr,threshold,control_cpu_mean,10,-19.484263913446,-19.705906037422853,-19.264436418372,lower
capacity,0.85,decision-cpu-us,3,qbr,threshold,p999_us,10,-0.5943587752999917,-7.884278123674983,6.584574616482505,uncertain
capacity,0.85,decision-cpu-us,3,qbr,threshold,p99_us,10,0.33016466260000354,-0.8826081944999971,1.4792608975375057,uncertain
capacity,0.85,decision-cpu-us,3,qbr,threshold,slo_miss_rate,10,0.052064173459999696,-0.10868076930724974,0.18661459552549853,uncertain
capacity,0.85,decision-cpu-us,3,steal,jbsq,class0_p99_us,10,8.898601742300006,3.357611122090003,15.457389207340007,higher
capacity,0.85,decision-cpu-us,3,steal,jbsq,control_cpu_mean,10,20.3384761395,20.173199192926496,20.49811728239575,higher
capacity,0.85,decision-cpu-us,3,steal,jbsq,p999_us,10,-121.39970885219998,-130.66512604732,-112.51817812120248,lower
capacity,0.85,decision-cpu-us,3,steal,jbsq,p99_us,10,6.336796623899997,5.017917179709999,7.722660742934992,higher
capacity,0.85,decision-cpu-us,3,steal,jbsq,slo_miss_rate,10,9.46201655773,8.488727523494498,10.356968313494498,higher
capacity,0.85,decision-cpu-us,3,steal,jsw,class0_p99_us,10,-0.8459302808999951,-2.662465886534996,1.1198354363975043,uncertain
capacity,0.85,decision-cpu-us,3,steal,jsw,control_cpu_mean,10,19.940076139496,19.774799192922497,20.099717282391747,higher
capacity,0.85,decision-cpu-us,3,steal,jsw,p999_us,10,-2.7550988128000027,-9.372063294390001,3.5725513690499913,uncertain
capacity,0.85,decision-cpu-us,3,steal,jsw,p99_us,10,-0.29242125739999947,-1.2310803021524963,0.7621737382524969,uncertain
capacity,0.85,decision-cpu-us,3,steal,jsw,slo_miss_rate,10,-0.19923884263999941,-0.3425808481694997,-0.06536729279649858,lower
capacity,0.85,decision-cpu-us,3,steal,qbr,class0_p99_us,10,-0.36791359029999454,-2.239038083444992,1.6607457352900032,uncertain
capacity,0.85,decision-cpu-us,3,steal,qbr,control_cpu_mean,10,17.316320118656,17.11676568388485,17.5055687834767,higher
capacity,0.85,decision-cpu-us,3,steal,qbr,p999_us,10,-0.9419067536000056,-5.465447235745001,3.139475967192496,uncertain
capacity,0.85,decision-cpu-us,3,steal,qbr,p99_us,10,-0.4977117733,-1.409329977784998,0.4027022744974961,uncertain
capacity,0.85,decision-cpu-us,3,steal,qbr,slo_miss_rate,10,-0.17422869260999868,-0.3373524517689984,0.03319211278299987,uncertain
capacity,0.85,decision-cpu-us,3,steal,threshold,class0_p99_us,10,-0.5450768957999912,-2.081874232752493,0.9334099321275106,uncertain
capacity,0.85,decision-cpu-us,3,steal,threshold,control_cpu_mean,10,-2.1679437947899998,-2.57672194408275,-1.7722633864349997,lower
capacity,0.85,decision-cpu-us,3,steal,threshold,p999_us,10,-1.5362655288999973,-8.615824088237494,6.595495806769985,uncertain
capacity,0.85,decision-cpu-us,3,steal,threshold,p99_us,10,-0.16754711069999645,-0.9994537148949892,0.7362912790100034,uncertain
capacity,0.85,decision-cpu-us,3,steal,threshold,slo_miss_rate,10,-0.12216451914999897,-0.23516913060999894,-0.013564754483999766,lower
capacity,0.85,decision-cpu-us,3,threshold,jbsq,class0_p99_us,10,9.443678638099996,3.135739336067499,16.545742973294995,higher
capacity,0.85,decision-cpu-us,3,threshold,jbsq,control_cpu_mean,10,22.50641993429,22.2526342281755,22.765417854904502,higher
capacity,0.85,decision-cpu-us,3,threshold,jbsq,p999_us,10,-119.8634433233,-129.341331801655,-111.07878182248002,lower
capacity,0.85,decision-cpu-us,3,threshold,jbsq,p99_us,10,6.504343734599994,5.111973409852498,7.810071866747494,higher
capacity,0.85,decision-cpu-us,3,threshold,jbsq,slo_miss_rate,10,9.58418107688,8.6697178867755,10.44880940773275,higher
capacity,0.85,decision-cpu-us,3,threshold,jsw,class0_p99_us,10,-0.3008533851000038,-2.0903432365575028,1.5310321757949896,uncertain
capacity,0.85,decision-cpu-us,3,threshold,jsw,control_cpu_mean,10,22.108019934286,21.854234228171496,22.3670178549005,higher
capacity,0.85,decision-cpu-us,3,threshold,jsw,p999_us,10,-1.2188332839000053,-6.121355602272492,4.018150731477492,uncertain
capacity,0.85,decision-cpu-us,3,threshold,jsw,p99_us,10,-0.12487414670000305,-0.835952721145005,0.6362391542174954,uncertain
capacity,0.85,decision-cpu-us,3,threshold,jsw,slo_miss_rate,10,-0.07707432349000037,-0.13859495577474926,-0.015306656661500362,lower
capacity,0.85,decision-cpu-us,3,threshold,qbr,class0_p99_us,10,0.17716330549999668,-1.5477496891050042,1.8819039204924863,uncertain
capacity,0.85,decision-cpu-us,3,threshold,qbr,control_cpu_mean,10,19.484263913446,19.264436418372,19.705906037422853,higher
capacity,0.85,decision-cpu-us,3,threshold,qbr,p999_us,10,0.5943587752999917,-6.584574616482507,7.884278123674979,uncertain
capacity,0.85,decision-cpu-us,3,threshold,qbr,p99_us,10,-0.33016466260000354,-1.479260897537506,0.8826081944999971,uncertain
capacity,0.85,decision-cpu-us,3,threshold,qbr,slo_miss_rate,10,-0.052064173459999696,-0.18661459552549894,0.1086807693072497,uncertain
capacity,0.85,decision-cpu-us,3,threshold,steal,class0_p99_us,10,0.5450768957999912,-0.9334099321275107,2.081874232752493,uncertain
capacity,0.85,decision-cpu-us,3,threshold,steal,control_cpu_mean,10,2.1679437947899998,1.7722633864349997,2.5767219440827493,higher
capacity,0.85,decision-cpu-us,3,threshold,steal,p999_us,10,1.5362655288999973,-6.595495806769998,8.615824088237483,uncertain
capacity,0.85,decision-cpu-us,3,threshold,steal,p99_us,10,0.16754711069999645,-0.7362912790100039,0.9994537148949891,uncertain
capacity,0.85,decision-cpu-us,3,threshold,steal,slo_miss_rate,10,0.12216451914999897,0.013564754483999708,0.23516913060999894,higher
capacity,0.85,hosts,16,jbsq,jsw,class0_p99_us,10,-9.7445320232,-16.125565415822503,-3.949686710587503,lower
capacity,0.85,hosts,16,jbsq,jsw,control_cpu_mean,10,-0.398400000004,-0.398400000004,-0.398400000004,lower
capacity,0.85,hosts,16,jbsq,jsw,p999_us,10,118.64461003939998,111.02223306410498,126.45883199960998,higher
capacity,0.85,hosts,16,jbsq,jsw,p99_us,10,-6.629217881299996,-7.7578070987175005,-5.333265840999997,lower
capacity,0.85,hosts,16,jbsq,jsw,slo_miss_rate,10,-9.661255400369999,-10.48412230097825,-8.780209442620249,lower
capacity,0.85,hosts,16,jbsq,qbr,class0_p99_us,10,-8.578041108399999,-15.5664638372,-2.731593845765,lower
capacity,0.85,hosts,16,jbsq,qbr,control_cpu_mean,10,-2.467789393863,-2.482533502602,-2.453609319146525,lower
capacity,0.85,hosts,16,jbsq,qbr,p999_us,10,119.11801326109999,108.8208172523425,129.45271943143248,higher
capacity,0.85,hosts,16,jbsq,qbr,p99_us,10,-6.343371008199997,-7.806945663182498,-4.848633111637501,lower
capacity,0.85,hosts,16,jbsq,qbr,slo_miss_rate,10,-9.61893497462,-10.440715276298999,-8.758185498642,lower
capacity,0.85,hosts,16,jbsq,steal,class0_p99_us,10,-9.280684558200004,-15.239070888362503,-3.745426274037504,lower
capacity,0.85,hosts,16,jbsq,steal,control_cpu_mean,10,-5.088755583582,-5.1601136670528,-5.006871869137,lower
capacity,0.85,hosts,16,jbsq,steal,p999_us,10,122.10556638999999,112.02901852584749,133.28311729846004,higher
capacity,0.85,hosts,16,jbsq,steal,p99_us,10,-6.076751874599995,-7.054857603842493,-4.985570885354993,lower
capacity,0.85,hosts,16,jbsq,steal,slo_miss_rate,10,-9.5343362927,-10.418624748845753,-8.598375843804002,lower
capacity,0.85,hosts,16,jbsq,threshold,class0_p99_us,10,-8.715472647900004,-15.282865501200003,-2.997147007560008,lower
capacity,0.85,hosts,16,jbsq,threshold,control_cpu_mean,10,-4.724807338636,-4.753698618639775,-4.696079598912201,lower
capacity,0.85,hosts,16,jbsq,threshold,p999_us,10,122.2611560681,112.93008506240247,130.9976967544825,higher
capacity,0.85,hosts,16,jbsq,threshold,p99_us,10,-6.440678013799999,-7.667536698530011,-5.113559466592498,lower
capacity,0.85,hosts,16,jbsq,threshold,slo_miss_rate,10,-9.52037278322,-10.362772464264001,-8.684700162550753,lower
capacity,0.85,hosts,16,jsw,jbsq,class0_p99_us,10,9.7445320232,3.949686710587499,16.1255654158225,higher
capacity,0.85,hosts,16,jsw,jbsq,control_cpu_mean,10,0.398400000004,0.398400000004,0.398400000004,higher
capacity,0.85,hosts,16,jsw,jbsq,p999_us,10,-118.64461003939998,-126.45883199961,-111.02223306410498,lower
capacity,0.85,hosts,16,jsw,jbsq,p99_us,10,6.629217881299996,5.333265840999997,7.7578070987175,higher
capacity,0.85,hosts,16,jsw,jbsq,slo_miss_rate,10,9.661255400369999,8.780209442620249,10.48412230097825,higher
capacity,0.85,hosts,16,jsw,qbr,class0_p99_us,10,1.1664909148000007,-0.2667225195474951,2.5529484928174977,uncertain
capacity,0.85,hosts,16,jsw,qbr,control_cpu_mean,10,-2.069389393859,-2.084133502598,-2.0552093191425245,lower
capacity,0.85,hosts,16,jsw,qbr,p999_us,10,0.47340322170000493,-8.914517745057495,10.954138235635007,uncertain
capacity,0.85,hosts,16,jsw,qbr,p99_us,10,0.2858468730999988,-0.48921461925249643,1.061351552437496,uncertain
capacity,0.85,hosts,16,jsw,qbr,slo_miss_rate,10,0.042320425750000126,-0.13077909152399966,0.21591469936199895,uncertain
capacity,0.85,hosts,16,jsw,steal,class0_p99_us,10,0.46384746499999635,-0.9045921706000044,1.8089667378574896,uncertain
capacity,0.85,hosts,16,jsw,steal,control_cpu_mean,10,-4.6903555835779995,-4.7617136670488005,-4.608471869133,lower
capacity,0.85,hosts,16,jsw,steal,p999_us,10,3.4609563506000143,-3.45905236064748,11.429302282010005,uncertain
capacity,0.85,hosts,16,jsw,steal,p99_us,10,0.5524660067000013,0.018836407800006328,1.2220505653299973,higher
capacity,0.85,hosts,16,jsw,steal,slo_miss_rate,10,0.12691910766999992,0.01923655350575064,0.23460201100999942,higher
capacity,0.85,hosts,16,jsw,threshold,class0_p99_us,10,1.0290593752999968,-0.476432459185005,2.597273421402496,uncertain
capacity,0.85,hosts,16,jsw,threshold,control_cpu_mean,10,-4.326407338632,-4.355298618635776,-4.297679598908201,lower
capacity,0.85,hosts,16,jsw,threshold,p999_us,10,3.6165460286999975,-3.319297262867497,10.877720144332496,uncertain
capacity,0.85,hosts,16,jsw,threshold,p99_us,10,0.18853986749999763,-0.16105652654500296,0.4791726482224991,uncertain
capacity,0.85,hosts,16,jsw,threshold,slo_miss_rate,10,0.1408826171500005,-0.003721350970998223,0.279692053684752,uncertain
capacity,0.85,hosts,16,qbr,jbsq,class0_p99_us,10,8.578041108399999,2.731593845764999,15.5664638372,higher
capacity,0.85,hosts,16,qbr,jbsq,control_cpu_mean,10,2.467789393863,2.453609319146525,2.482533502602,higher
capacity,0.85,hosts,16,qbr,jbsq,p999_us,10,-119.11801326109999,-129.4527194314325,-108.8208172523425,lower
capacity,0.85,hosts,16,qbr,jbsq,p99_us,10,6.343371008199997,4.848633111637499,7.806945663182496,higher
capacity,0.85,hosts,16,qbr,jbsq,slo_miss_rate,10,9.61893497462,8.758185498642,10.440715276298999,higher
capacity,0.85,hosts,16,qbr,jsw,class0_p99_us,10,-1.1664909148000007,-2.5529484928174986,0.2667225195474934,uncertain
capacity,0.85,hosts,16,qbr,jsw,control_cpu_mean,10,2.069389393859,2.0552093191425245,2.084133502598,higher
capacity,0.85,hosts,16,qbr,jsw,p999_us,10,-0.47340322170000493,-10.954138235635012,8.914517745057495,uncertain
capacity,0.85,hosts,16,qbr,jsw,p99_us,10,-0.2858468730999988,-1.0613515524374961,0.4892146192524948,uncertain
capacity,0.85,hosts,16,qbr,jsw,slo_miss_rate,10,-0.042320425750000126,-0.21591469936199906,0.1307790915239996,uncertain
capacity,0.85,hosts,16,qbr,steal,class0_p99_us,10,-0.7026434498000043,-1.8761227085375005,0.8362227636424954,uncertain
capacity,0.85,hosts,16,qbr,steal,control_cpu_mean,10,-2.6209661897189998,-2.70279492532305,-2.5315060730655,lower
capacity,0.85,hosts,16,qbr,steal,p999_us,10,2.9875531289000095,-8.157695966762507,13.765237901600017,uncertain
capacity,0.85,hosts,16,qbr,steal,p99_us,10,0.26661913360000256,-0.609942688815002,1.2112702159700002,uncertain
capacity,0.85,hosts,16,qbr,steal,slo_miss_rate,10,0.08459868191999981,-0.06502485704474897,0.24313670845549948,uncertain
capacity,0.85,hosts,16,qbr,threshold,class0_p99_us,10,-0.13743153950000392,-1.5109241219625031,1.1719551808224904,uncertain
capacity,0.85,hosts,16,qbr,threshold,control_cpu_mean,10,-2.2570179447729997,-2.2733757340423746,-2.2402539040365754,lower
capacity,0.85,hosts,16,qbr,threshold,p999_us,10,3.1431428069999923,-7.4362776921575,12.634730608429994,uncertain
capacity,0.85,hosts,16,qbr,threshold,p99_us,10,-0.09730700560000116,-0.8188337331225026,0.6966260072674978,uncertain
capacity,0.85,hosts,16,qbr,threshold,slo_miss_rate,10,0.09856219140000039,-0.07679468803224948,0.26560642257675005,uncertain
capacity,0.85,hosts,16,steal,jbsq,class0_p99_us,10,9.280684558200004,3.745426274037502,15.2390708883625,higher
capacity,0.85,hosts,16,steal,jbsq,control_cpu_mean,10,5.088755583582,5.006871869137,5.1601136670528,higher
capacity,0.85,hosts,16,steal,jbsq,p999_us,10,-122.10556638999999,-133.28311729846004,-112.0290185258475,lower
capacity,0.85,hosts,16,steal,jbsq,p99_us,10,6.076751874599995,4.985570885354992,7.054857603842493,higher
capacity,0.85,hosts,16,steal,jbsq,slo_miss_rate,10,9.5343362927,8.598375843804,10.418624748845753,higher
capacity,0.85,hosts,16,steal,jsw,class0_p99_us,10,-0.46384746499999635,-1.8089667378574903,0.9045921706000044,uncertain
capacity,0.85,hosts,16,steal,jsw,control_cpu_mean,10,4.6903555835779995,4.608471869133,4.7617136670488005,higher
capacity,0.85,hosts,16,steal,jsw,p999_us,10,-3.4609563506000143,-11.429302282010008,3.459052360647479,uncertain
capacity,0.85,hosts,16,steal,jsw,p99_us,10,-0.5524660067000013,-1.222050565329998,-0.018836407800006328,lower
capacity,0.85,hosts,16,steal,jsw,slo_miss_rate,10,-0.12691910766999992,-0.23460201100999942,-0.019236553505750643,lower
capacity,0.85,hosts,16,steal,qbr,class0_p99_us,10,0.7026434498000043,-0.836222763642496,1.8761227085374996,uncertain
capacity,0.85,hosts,16,steal,qbr,control_cpu_mean,10,2.6209661897189998,2.5315060730655,2.70279492532305,higher
capacity,0.85,hosts,16,steal,qbr,p999_us,10,-2.9875531289000095,-13.765237901600017,8.157695966762503,uncertain
capacity,0.85,hosts,16,steal,qbr,p99_us,10,-0.26661913360000256,-1.2112702159700006,0.6099426888150015,uncertain
capacity,0.85,hosts,16,steal,qbr,slo_miss_rate,10,-0.08459868191999981,-0.24313670845549967,0.06502485704474893,uncertain
capacity,0.85,hosts,16,steal,threshold,class0_p99_us,10,0.5652119103000004,-0.5387519999725038,1.6424504092075065,uncertain
capacity,0.85,hosts,16,steal,threshold,control_cpu_mean,10,0.3639482449460002,0.2623487744894501,0.45665443958932495,higher
capacity,0.85,hosts,16,steal,threshold,p999_us,10,0.1555896780999831,-9.376788665165023,10.189774356462479,uncertain
capacity,0.85,hosts,16,steal,threshold,p99_us,10,-0.3639261392000037,-0.9826333291475011,0.18750501856499643,uncertain
capacity,0.85,hosts,16,steal,threshold,slo_miss_rate,10,0.01396350948000058,-0.16300421063074924,0.2085650969120007,uncertain
capacity,0.85,hosts,16,threshold,jbsq,class0_p99_us,10,8.715472647900004,2.997147007560003,15.282865501200003,higher
capacity,0.85,hosts,16,threshold,jbsq,control_cpu_mean,10,4.724807338636,4.696079598912201,4.753698618639775,higher
capacity,0.85,hosts,16,threshold,jbsq,p999_us,10,-122.2611560681,-130.9976967544825,-112.93008506240248,lower
capacity,0.85,hosts,16,threshold,jbsq,p99_us,10,6.440678013799999,5.113559466592498,7.66753669853001,higher
capacity,0.85,hosts,16,threshold,jbsq,slo_miss_rate,10,9.52037278322,8.684700162550751,10.362772464264001,higher
capacity,0.85,hosts,16,threshold,jsw,class0_p99_us,10,-1.0290593752999968,-2.5972734214024964,0.4764324591850032,uncertain
capacity,0.85,hosts,16,threshold,jsw,control_cpu_mean,10,4.326407338632,4.297679598908201,4.355298618635776,higher
capacity,0.85,hosts,16,threshold,jsw,p999_us,10,-3.6165460286999975,-10.877720144332502,3.319297262867479,uncertain
capacity,0.85,hosts,16,threshold,jsw,p99_us,10,-0.18853986749999763,-0.4791726482224992,0.16105652654500266,uncertain
capacity,0.85,hosts,16,threshold,jsw,slo_miss_rate,10,-0.1408826171500005,-0.2796920536847521,0.0037213509709981465,uncertain
capacity,0.85,hosts,16,threshold,qbr,class0_p99_us,10,0.13743153950000392,-1.1719551808224924,1.5109241219625014,uncertain
capacity,0.85,hosts,16,threshold,qbr,control_cpu_mean,10,2.2570179447729997,2.2402539040365754,2.2733757340423746,higher
capacity,0.85,hosts,16,threshold,qbr,p999_us,10,-3.1431428069999923,-12.634730608429999,7.436277692157482,uncertain
capacity,0.85,hosts,16,threshold,qbr,p99_us,10,0.09730700560000116,-0.6966260072674999,0.8188337331225016,uncertain
capacity,0.85,hosts,16,threshold,qbr,slo_miss_rate,10,-0.09856219140000039,-0.2656064225767501,0.0767946880322493,uncertain
capacity,0.85,hosts,16,threshold,steal,class0_p99_us,10,-0.5652119103000004,-1.6424504092075078,0.5387519999725034,uncertain
capacity,0.85,hosts,16,threshold,steal,control_cpu_mean,10,-0.3639482449460002,-0.45665443958932506,-0.2623487744894503,lower
capacity,0.85,hosts,16,threshold,steal,p999_us,10,-0.1555896780999831,-10.189774356462484,9.376788665165021,uncertain
capacity,0.85,hosts,16,threshold,steal,p99_us,10,0.3639261392000037,-0.18750501856499682,0.9826333291475009,uncertain
capacity,0.85,hosts,16,threshold,steal,slo_miss_rate,10,-0.01396350948000058,-0.20856509691200076,0.16300421063074919,uncertain
capacity,0.85,hosts,32,jbsq,jsw,class0_p99_us,10,-4.760946777400003,-6.315702987420003,-3.4223553845300083,lower
capacity,0.85,hosts,32,jbsq,jsw,control_cpu_mean,10,-0.39841250000399997,-0.39841250000399997,-0.39841250000399997,lower
capacity,0.85,hosts,32,jbsq,jsw,p999_us,10,110.93411312259998,105.24268736561747,116.73191971709998,higher
capacity,0.85,hosts,32,jbsq,jsw,p99_us,10,-7.426333316400002,-8.326521708117498,-6.490402809587503,lower
capacity,0.85,hosts,32,jbsq,jsw,slo_miss_rate,10,-10.788767611690002,-11.39235898464875,-10.22074951410575,lower
capacity,0.85,hosts,32,jbsq,qbr,class0_p99_us,10,-4.9058874634999965,-6.578851409792496,-3.3702316606349987,lower
capacity,0.85,hosts,32,jbsq,qbr,control_cpu_mean,10,-2.433388315075,-2.4440802995731254,-2.4225295238804754,lower
capacity,0.85,hosts,32,jbsq,qbr,p999_us,10,111.52897772809997,103.43474206189998,119.67028456561998,higher
capacity,0.85,hosts,32,jbsq,qbr,p99_us,10,-7.980309140899999,-8.753778030247501,-7.1866399301925,lower
capacity,0.85,hosts,32,jbsq,qbr,slo_miss_rate,10,-10.74855849871,-11.4068598967355,-10.157331023444,lower
capacity,0.85,hosts,32,jbsq,steal,class0_p99_us,10,-3.8291608576999976,-5.619519436029994,-2.280198787262495,lower
capacity,0.85,hosts,32,jbsq,steal,control_cpu_mean,10,-5.212436981292,-5.269152917129801,-5.145442249869975,lower
capacity,0.85,hosts,32,jbsq,steal,p999_us,10,112.35149144149996,106.62494689782747,119.07592842129499,higher
capacity,0.85,hosts,32,jbsq,steal,p99_us,10,-7.655910697199997,-8.577786374672499,-6.653854037532487,lower
capacity,0.85,hosts,32,jbsq,steal,slo_miss_rate,10,-10.649602610310001,-11.256247827601252,-10.104787547832252,lower
capacity,0.85,hosts,32,jbsq,threshold,class0_p99_us,10,-4.169880452299995,-6.181609494519992,-2.522569432392496,lower
capacity,0.85,hosts,32,jbsq,threshold,control_cpu_mean,10,-4.709562575509,-4.747430169368999,-4.673057269278975,lower
capacity,0.85,hosts,32,jbsq,threshold,p999_us,10,112.86508004419997,106.31617273275998,119.13617512882496,higher
capacity,0.85,hosts,32,jbsq,threshold,p99_us,10,-7.840812563900005,-8.71870188076251,-6.9203987279725006,lower
capacity,0.85,hosts,32,jbsq,threshold,slo_miss_rate,10,-10.766477463369998,-11.39624218648675,-10.2137444732145,lower
capacity,0.85,hosts,32,jsw,jbsq,class0_p99_us,10,4.760946777400003,3.422355384530008,6.315702987420002,higher
capacity,0.85,hosts,32,jsw,jbsq,control_cpu_mean,10,0.39841250000399997,0.39841250000399997,0.39841250000399997,higher
capacity,0.85,hosts,32,jsw,jbsq,p999_us,10,-110.93411312259998,-116.73191971709998,-105.24268736561748,lower
capacity,0.85,hosts,32,jsw,jbsq,p99_us,10,7.426333316400002,6.4904028095875015,8.326521708117498,higher
capacity,0.85,hosts,32,jsw,jbsq,slo_miss_rate,10,10.788767611690002,10.22074951410575,11.39235898464875,higher
capacity,0.85,hosts,32,jsw,qbr,class0_p99_us,10,-0.1449406860999943,-0.8067880856749888,0.48699560633000144,uncertain
capacity,0.85,hosts,32,jsw,qbr,control_cpu_mean,10,-2.034975815071,-2.0456677995691255,-2.024117023876475,lower
capacity,0.85,hosts,32,jsw,qbr,p999_us,10,0.5948646055000097,-4.476421957389991,5.56808422780501,uncertain
capacity,0.85,hosts,32,jsw,qbr,p99_us,10,-0.5539758244999973,-1.076483687297499,-0.015604511197496672,lower
capacity,0.85,hosts,32,jsw,qbr,slo_miss_rate,10,0.040209112980000294,-0.06200193891874971,0.1354915965380002,uncertain
capacity,0.85,hosts,32,jsw,steal,class0_p99_us,10,0.9317859197000047,0.26242438887250913,1.4968660752549998,higher
capacity,0.85,hosts,32,jsw,steal,control_cpu_mean,10,-4.8140244812879995,-4.870740417125799,-4.747029749865974,lower
capacity,0.85,hosts,32,jsw,steal,p999_us,10,1.4173783189000004,-4.505585795989998,6.828134216037496,uncertain
capacity,0.85,hosts,32,jsw,steal,p99_us,10,-0.229577380799995,-0.6154328132999849,0.18560155943500675,uncertain
capacity,0.85,hosts,32,jsw,steal,slo_miss_rate,10,0.13916500138000054,0.03898696977400111,0.2366629112402504,higher
capacity,0.85,hosts,32,jsw,threshold,class0_p99_us,10,0.5910663251000073,-0.3917252385949883,1.4677766449800043,uncertain
capacity,0.85,hosts,32,jsw,threshold,control_cpu_mean,10,-4.311150075504999,-4.349017669365,-4.274644769274975,lower
capacity,0.85,hosts,32,jsw,threshold,p999_us,10,1.9309669216000032,-1.8354580158100078,5.927771446765005,uncertain
capacity,0.85,hosts,32,jsw,threshold,p99_us,10,-0.4144792475000031,-1.0701173939300017,0.2686385548424864,uncertain
capacity,0.85,hosts,32,jsw,threshold,slo_miss_rate,10,0.022290148320000813,-0.09972220932224837,0.14228529683000027,uncertain
capacity,0.85,hosts,32,qbr,jbsq,class0_p99_us,10,4.9058874634999965,3.3702316606349987,6.578851409792492,higher
capacity,0.85,hosts,32,qbr,jbsq,control_cpu_mean,10,2.433388315075,2.4225295238804754,2.4440802995731254,higher
capacity,0.85,hosts,32,qbr,jbsq,p999_us,10,-111.52897772809997,-119.67028456562,-103.43474206189998,lower
capacity,0.85,hosts,32,qbr,jbsq,p99_us,10,7.980309140899999,7.1866399301925,8.7537780302475,higher
capacity,0.85,hosts,32,qbr,jbsq,slo_miss_rate,10,10.74855849871,10.157331023444,11.4068598967355,higher
capacity,0.85,hosts,32,qbr,jsw,class0_p99_us,10,0.1449406860999943,-0.4869956063300016,0.8067880856749879,uncertain
capacity,0.85,hosts,32,qbr,jsw,control_cpu_mean,10,2.034975815071,2.024117023876475,2.0456677995691255,higher
capacity,0.85,hosts,32,qbr,jsw,p999_us,10,-0.5948646055000097,-5.568084227805011,4.47642195738999,uncertain
capacity,0.85,hosts,32,qbr,jsw,p99_us,10,0.5539758244999973,0.015604511197495887,1.076483687297499,higher
capacity,0.85,hosts,32,qbr,jsw,slo_miss_rate,10,-0.040209112980000294,-0.1354915965380002,0.06200193891874969,uncertain
capacity,0.85,hosts,32,qbr,steal,class0_p99_us,10,1.076726605799999,0.6225666961725069,1.6983702613374967,higher
capacity,0.85,hosts,32,qbr,steal,control_cpu_mean,10,-2.779048666217,-2.844493251038,-2.7031282667136747,lower
capacity,0.85,hosts,32,qbr,steal,p999_us,10,0.8225137133999908,-5.125805786425019,6.504789439477493,uncertain
capacity,0.85,hosts,32,qbr,steal,p99_us,10,0.3243984437000023,-0.11849013565499918,0.7983827135025054,uncertain
capacity,0.85,hosts,32,qbr,steal,slo_miss_rate,10,0.09895588840000025,0.02175718669124946,0.1706074810910006,higher
capacity,0.85,hosts,32,qbr,threshold,class0_p99_us,10,0.7360070112000017,0.07394746884500077,1.378034593900003,higher
capacity,0.85,hosts,32,qbr,threshold,control_cpu_mean,10,-2.2761742604340003,-2.3051731922695,-2.247826842751275,lower
capacity,0.85,hosts,32,qbr,threshold,p999_us,10,1.3361023160999934,-4.963364572605008,8.41351172198749,uncertain
capacity,0.85,hosts,32,qbr,threshold,p99_us,10,0.1394965769999942,-0.37521538718750214,0.6336622378524914,uncertain
capacity,0.85,hosts,32,qbr,threshold,slo_miss_rate,10,-0.01791896465999948,-0.11480059966100006,0.08193431618875135,uncertain
capacity,0.85,hosts,32,steal,jbsq,class0_p99_us,10,3.8291608576999976,2.2801987872624947,5.619519436029992,higher
capacity,0.85,hosts,32,steal,jbsq,control_cpu_mean,10,5.212436981292,5.145442249869975,5.269152917129801,higher
capacity,0.85,hosts,32,steal,jbsq,p999_us,10,-112.35149144149996,-119.07592842129499,-106.62494689782747,lower
capacity,0.85,hosts,32,steal,jbsq,p99_us,10,7.655910697199997,6.653854037532487,8.577786374672499,higher
capacity,0.85,hosts,32,steal,jbsq,slo_miss_rate,10,10.649602610310001,10.10478754783225,11.25624782760125,higher
capacity,0.85,hosts,32,steal,jsw,class0_p99_us,10,-0.9317859197000047,-1.496866075255,-0.2624243888725097,lower
capacity,0.85,hosts,32,steal,jsw,control_cpu_mean,10,4.8140244812879995,4.747029749865974,4.870740417125799,higher
capacity,0.85,hosts,32,steal,jsw,p999_us,10,-1.4173783189000004,-6.8281342160374985,4.505585795989997,uncertain
capacity,0.85,hosts,32,steal,jsw,p99_us,10,0.229577380799995,-0.18560155943500684,0.6154328132999849,uncertain
capacity,0.85,hosts,32,steal,jsw,slo_miss_rate,10,-0.13916500138000054,-0.2366629112402504,-0.03898696977400115,lower
capacity,0.85,hosts,32,steal,qbr,class0_p99_us,10,-1.076726605799999,-1.698370261337497,-0.6225666961725073,lower
capacity,0.85,hosts,32,steal,qbr,control_cpu_mean,10,2.779048666217,2.7031282667136747,2.844493251038,higher
capacity,0.85,hosts,32,steal,qbr,p999_us,10,-0.8225137133999908,-6.504789439477493,5.125805786425014,uncertain
capacity,0.85,hosts,32,steal,qbr,p99_us,10,-0.3243984437000023,-0.7983827135025056,0.11849013565499915,uncertain
capacity,0.85,hosts,32,steal,qbr,slo_miss_rate,10,-0.09895588840000025,-0.1706074810910006,-0.02175718669124958,lower
capacity,0.85,hosts,32,steal,threshold,class0_p99_us,10,-0.34071959459999734,-0.8757216659199982,0.19578232825500186,uncertain
capacity,0.85,hosts,32,steal,threshold,control_cpu_mean,10,0.502874405783,0.39909552716084984,0.5947764908691249,higher
capacity,0.85,hosts,32,steal,threshold,p999_us,10,0.5135886027000026,-4.997041302889998,6.318744348252505,uncertain
capacity,0.85,hosts,32,steal,threshold,p99_us,10,-0.1849018667000081,-0.9246402120950077,0.3669232031599872,uncertain
capacity,0.85,hosts,32,steal,threshold,slo_miss_rate,10,-0.11687485305999971,-0.1904049479972504,-0.036577121701249195,lower
capacity,0.85,hosts,32,threshold,jbsq,class0_p99_us,10,4.169880452299995,2.5225694323924954,6.181609494519991,higher
capacity,0.85,hosts,32,threshold,jbsq,control_cpu_mean,10,4.709562575509,4.673057269278975,4.747430169368999,higher
capacity,0.85,hosts,32,threshold,jbsq,p999_us,10,-112.86508004419997,-119.13617512882496,-106.31617273275998,lower
capacity,0.85,hosts,32,threshold,jbsq,p99_us,10,7.840812563900005,6.9203987279725006,8.718701880762508,higher
capacity,0.85,hosts,32,threshold,jbsq,slo_miss_rate,10,10.766477463369998,10.2137444732145,11.39624218648675,higher
capacity,0.85,hosts,32,threshold,jsw,class0_p99_us,10,-0.5910663251000073,-1.4677766449800052,0.39172523859498815,uncertain
capacity,0.85,hosts,32,threshold,jsw,control_cpu_mean,10,4.311150075504999,4.274644769274975,4.349017669365,higher
capacity,0.85,hosts,32,threshold,jsw,p999_us,10,-1.9309669216000032,-5.927771446765006,1.835458015810004,uncertain
capacity,0.85,hosts,32,threshold,jsw,p99_us,10,0.4144792475000031,-0.2686385548424878,1.0701173939300015,uncertain
capacity,0.85,hosts,32,threshold,jsw,slo_miss_rate,10,-0.022290148320000813,-0.14228529683000032,0.09972220932224836,uncertain
capacity,0.85,hosts,32,threshold,qbr,class0_p99_us,10,-0.7360070112000017,-1.378034593900003,-0.07394746884500111,lower
capacity,0.85,hosts,32,threshold,qbr,control_cpu_mean,10,2.2761742604340003,2.247826842751275,2.3051731922695,higher
capacity,0.85,hosts,32,threshold,qbr,p999_us,10,-1.3361023160999934,-8.413511721987492,4.963364572605007,uncertain
capacity,0.85,hosts,32,threshold,qbr,p99_us,10,-0.1394965769999942,-0.6336622378524916,0.37521538718750197,uncertain
capacity,0.85,hosts,32,threshold,qbr,slo_miss_rate,10,0.01791896465999948,-0.08193431618875138,0.11480059966099998,uncertain
capacity,0.85,hosts,32,threshold,steal,class0_p99_us,10,0.34071959459999734,-0.19578232825500233,0.8757216659199977,uncertain
capacity,0.85,hosts,32,threshold,steal,control_cpu_mean,10,-0.502874405783,-0.5947764908691251,-0.39909552716084995,lower
capacity,0.85,hosts,32,threshold,steal,p999_us,10,-0.5135886027000026,-6.318744348252506,4.997041302889994,uncertain
capacity,0.85,hosts,32,threshold,steal,p99_us,10,0.1849018667000081,-0.36692320315998755,0.9246402120950072,uncertain
capacity,0.85,hosts,32,threshold,steal,slo_miss_rate,10,0.11687485305999971,0.03657712170124917,0.19040494799725038,higher
capacity,0.85,hosts,8,jbsq,jsw,class0_p99_us,10,-8.944894332899997,-13.726395480444994,-4.8083692206025,lower
capacity,0.85,hosts,8,jbsq,jsw,control_cpu_mean,10,-0.398400000004,-0.398400000004,-0.398400000004,lower
capacity,0.85,hosts,8,jbsq,jsw,p999_us,10,110.87563952650002,97.83745876061502,123.21485835761501,higher
capacity,0.85,hosts,8,jbsq,jsw,p99_us,10,-4.154673448299993,-5.726036571212498,-2.468379154952489,lower
capacity,0.85,hosts,8,jbsq,jsw,slo_miss_rate,10,-7.852312775,-8.580129066377753,-7.0969412717515015,lower
capacity,0.85,hosts,8,jbsq,qbr,class0_p99_us,10,-8.601070797699995,-13.664941888684995,-4.140918824005005,lower
capacity,0.85,hosts,8,jbsq,qbr,control_cpu_mean,10,-2.53240731249,-2.5486875770525006,-2.5148557555525004,lower
capacity,0.85,hosts,8,jbsq,qbr,p999_us,10,113.62019486130002,103.232372459555,123.5701606972625,higher
capacity,0.85,hosts,8,jbsq,qbr,p99_us,10,-5.350976375899998,-6.951142230104996,-3.6069386587875,lower
capacity,0.85,hosts,8,jbsq,qbr,slo_miss_rate,10,-7.95620796346,-8.56234845126875,-7.3220396481457515,lower
capacity,0.85,hosts,8,jbsq,steal,class0_p99_us,10,-9.0482098316,-13.948242282187499,-4.328563496585001,lower
capacity,0.85,hosts,8,jbsq,steal,control_cpu_mean,10,-4.795657644952,-4.901331631009,-4.693014660975125,lower
capacity,0.85,hosts,8,jbsq,steal,p999_us,10,116.6091310151,104.43481160768751,128.3812722038125,higher
capacity,0.85,hosts,8,jbsq,steal,p99_us,10,-4.5616589194,-6.210500329990002,-2.5437065982900005,lower
capacity,0.85,hosts,8,jbsq,steal,slo_miss_rate,10,-7.762305931509999,-8.27825374102075,-7.179943170966501,lower
capacity,0.85,hosts,8,jbsq,threshold,class0_p99_us,10,-8.9482378045,-13.910727632209998,-4.388952315770005,lower
capacity,0.85,hosts,8,jbsq,threshold,control_cpu_mean,10,-4.821154862978,-4.880705259694051,-4.75582722909025,lower
capacity,0.85,hosts,8,jbsq,threshold,p999_us,10,115.63563231479998,104.19609636011752,127.37077011329998,higher
capacity,0.85,hosts,8,jbsq,threshold,p99_us,10,-4.266022139199995,-6.034635825644993,-2.2018823701274908,lower
capacity,0.85,hosts,8,jbsq,threshold,slo_miss_rate,10,-7.929219198099998,-8.630800265512999,-7.23404974633175,lower
capacity,0.85,hosts,8,jsw,jbsq,class0_p99_us,10,8.944894332899997,4.808369220602499,13.726395480444992,higher
capacity,0.85,hosts,8,jsw,jbsq,control_cpu_mean,10,0.398400000004,0.398400000004,0.398400000004,higher
capacity,0.85,hosts,8,jsw,jbsq,p999_us,10,-110.87563952650002,-123.21485835761501,-97.83745876061502,lower
capacity,0.85,hosts,8,jsw,jbsq,p99_us,10,4.154673448299993,2.468379154952489,5.726036571212497,higher
capacity,0.85,hosts,8,jsw,jbsq,slo_miss_rate,10,7.852312775,7.0969412717515015,8.58012906637775,higher
capacity,0.85,hosts,8,jsw,qbr,class0_p99_us,10,0.3438235352000021,-1.0258902468899962,1.7489577982199962,uncertain
capacity,0.85,hosts,8,jsw,qbr,control_cpu_mean,10,-2.134007312486,-2.1502875770485,-2.116455755548501,lower
capacity,0.85,hosts,8,jsw,qbr,p999_us,10,2.744555334799992,-6.545986618840001,10.977855662904988,uncertain
capacity,0.85,hosts,8,jsw,qbr,p99_us,10,-1.1963029276000043,-2.5612170138424983,0.07773455243999598,uncertain
capacity,0.85,hosts,8,jsw,qbr,slo_miss_rate,10,-0.10389518846000034,-0.3958091123502497,0.18270265073074846,uncertain
capacity,0.85,hosts,8,jsw,steal,class0_p99_us,10,-0.10331549870000174,-2.0296661593749974,1.6183272379324969,uncertain
capacity,0.85,hosts,8,jsw,steal,control_cpu_mean,10,-4.3972576449480005,-4.502931631005,-4.294614660971125,lower
capacity,0.85,hosts,8,jsw,steal,p999_us,10,5.733491488599992,-8.321276727910004,18.567207963304988,uncertain
capacity,0.85,hosts,8,jsw,steal,p99_us,10,-0.40698547110000616,-1.573713361810009,0.6301587111974947,uncertain
capacity,0.85,hosts,8,jsw,steal,slo_miss_rate,10,0.0900068434900006,-0.19884785485999937,0.40016059264475023,uncertain
capacity,0.85,hosts,8,jsw,threshold,class0_p99_us,10,-0.003343471600001635,-1.653229513272504,1.6063729425575028,uncertain
capacity,0.85,hosts,8,jsw,threshold,control_cpu_mean,10,-4.422754862974001,-4.482305259690051,-4.357427229086251,lower
capacity,0.85,hosts,8,jsw,threshold,p999_us,10,4.7599927882999795,-6.37579997424252,17.70200793167747,uncertain
capacity,0.85,hosts,8,jsw,threshold,p99_us,10,-0.11134869090000166,-1.2677507635575027,0.9917083505649931,uncertain
capacity,0.85,hosts,8,jsw,threshold,slo_miss_rate,10,-0.0769064230999994,-0.27461578597149944,0.14462222956550022,uncertain
capacity,0.85,hosts,8,qbr,jbsq,class0_p99_us,10,8.601070797699995,4.140918824004999,13.664941888684995,higher
capacity,0.85,hosts,8,qbr,jbsq,control_cpu_mean,10,2.53240731249,2.5148557555525004,2.5486875770525006,higher
capacity,0.85,hosts,8,qbr,jbsq,p999_us,10,-113.62019486130002,-123.57016069726251,-103.232372459555,lower
capacity,0.85,hosts,8,qbr,jbsq,p99_us,10,5.350976375899998,3.606938658787499,6.951142230104995,higher
capacity,0.85,hosts,8,qbr,jbsq,slo_miss_rate,10,7.95620796346,7.3220396481457515,8.56234845126875,higher
capacity,0.85,hosts,8,qbr,jsw,class0_p99_us,10,-0.3438235352000021,-1.7489577982199962,1.0258902468899957,uncertain
capacity,0.85,hosts,8,qbr,jsw,control_cpu_mean,10,2.134007312486,2.1164557555485004,2.1502875770485,higher
capacity,0.85,hosts,8,qbr,jsw,p999_us,10,-2.744555334799992,-10.977855662904991,6.545986618839999,uncertain
capacity,0.85,hosts,8,qbr,jsw,p99_us,10,1.1963029276000043,-0.07773455243999695,2.561217013842498,uncertain
capacity,0.85,hosts,8,qbr,jsw,slo_miss_rate,10,0.10389518846000034,-0.1827026507307485,0.3958091123502497,uncertain
capacity,0.85,hosts,8,qbr,steal,class0_p99_us,10,-0.4471390339000038,-1.8938551193275048,1.0332384477749963,uncertain
capacity,0.85,hosts,8,qbr,steal,control_cpu_mean,10,-2.263250332462,-2.384871271265725,-2.1470555931497994,lower
capacity,0.85,hosts,8,qbr,steal,p999_us,10,2.9889361538,-7.997897416280008,14.380361265459983,uncertain
capacity,0.85,hosts,8,qbr,steal,p99_us,10,0.7893174564999981,-0.10690565663500598,1.6535755303450048,uncertain
capacity,0.85,hosts,8,qbr,steal,slo_miss_rate,10,0.19390203195000094,0.048258930236750756,0.36086384411250044,higher
capacity,0.85,hosts,8,qbr,threshold,class0_p99_us,10,-0.34716700680000373,-2.191561474114999,1.1047178360374943,uncertain
capacity,0.85,hosts,8,qbr,threshold,control_cpu_mean,10,-2.288747550488,-2.336039608358,-2.239003314174225,lower
capacity,0.85,hosts,8,qbr,threshold,p999_us,10,2.0154374534999873,-8.61599764468251,13.238700461237471,uncertain
capacity,0.85,hosts,8,qbr,threshold,p99_us,10,1.0849542367000027,0.29326633362249593,1.861674270892504,higher
capacity,0.85,hosts,8,qbr,threshold,slo_miss_rate,10,0.026988765360000944,-0.21261281242324923,0.2875270959754992,uncertain
capacity,0.85,hosts,8,steal,jbsq,class0_p99_us,10,9.0482098316,4.328563496584998,13.948242282187499,higher
capacity,0.85,hosts,8,steal,jbsq,control_cpu_mean,10,4.795657644952,4.693014660975125,4.901331631009,higher
capacity,0.85,hosts,8,steal,jbsq,p999_us,10,-116.6091310151,-128.3812722038125,-104.43481160768752,lower
capacity,0.85,hosts,8,steal,jbsq,p99_us,10,4.5616589194,2.543706598289998,6.210500329990002,higher
capacity,0.85,hosts,8,steal,jbsq,slo_miss_rate,10,7.762305931509999,7.179943170966501,8.27825374102075,higher
capacity,0.85,hosts,8,steal,jsw,class0_p99_us,10,0.10331549870000174,-1.6183272379324996,2.0296661593749974,uncertain
capacity,0.85,hosts,8,steal,jsw,control_cpu_mean,10,4.3972576449480005,4.294614660971125,4.502931631005,higher
capacity,0.85,hosts,8,steal,jsw,p999_us,10,-5.733491488599992,-18.56720796330499,8.321276727910002,uncertain
capacity,0.85,hosts,8,steal,jsw,p99_us,10,0.40698547110000616,-0.6301587111974958,1.5737133618100088,uncertain
capacity,0.85,hosts,8,steal,jsw,slo_miss_rate,10,-0.0900068434900006,-0.4001605926447505,0.1988478548599993,uncertain
capacity,0.85,hosts,8,steal,qbr,class0_p99_us,10,0.4471390339000038,-1.0332384477749976,1.893855119327504,uncertain
capacity,0.85,hosts,8,steal,qbr,control_cpu_mean,10,2.263250332462,2.1470555931497994,2.384871271265725,higher
capacity,0.85,hosts,8,steal,qbr,p999_us,10,-2.9889361538,-14.380361265460001,7.997897416279995,uncertain
capacity,0.85,hosts,8,steal,qbr,p99_us,10,-0.7893174564999981,-1.6535755303450055,0.10690565663500531,uncertain
capacity,0.85,hosts,8,steal,qbr,slo_miss_rate,10,-0.19390203195000094,-0.3608638441125006,-0.0482589302367508,lower
capacity,0.85,hosts,8,steal,threshold,class0_p99_us,10,0.09997202710000011,-1.680113938327508,1.7703865811824993,uncertain
capacity,0.85,hosts,8,steal,threshold,control_cpu_mean,10,-0.025497218026000114,-0.1875299540700001,0.144613588063,uncertain
capacity,0.85,hosts,8,steal,threshold,p999_us,10,-0.9734987003000128,-10.312954419285013,8.215538399677465,uncertain
capacity,0.85,hosts,8,steal,threshold,p99_us,10,0.2956367802000045,-0.4681932593124981,1.1314544392350059,uncertain
capacity,0.85,hosts,8,steal,threshold,slo_miss_rate,10,-0.16691326659,-0.48171872849325087,0.14995975342374956,uncertain
capacity,0.85,hosts,8,threshold,jbsq,class0_p99_us,10,8.9482378045,4.388952315770003,13.910727632209994,higher
capacity,0.85,hosts,8,threshold,jbsq,control_cpu_mean,10,4.821154862978,4.75582722909025,4.880705259694051,higher
capacity,0.85,hosts,8,threshold,jbsq,p999_us,10,-115.63563231479998,-127.37077011329998,-104.19609636011752,lower
capacity,0.85,hosts,8,threshold,jbsq,p99_us,10,4.266022139199995,2.2018823701274903,6.034635825644991,higher
capacity,0.85,hosts,8,threshold,jbsq,slo_miss_rate,10,7.929219198099998,7.23404974633175,8.630800265512999,higher
capacity,0.85,hosts,8,threshold,jsw,class0_p99_us,10,0.003343471600001635,-1.6063729425575042,1.6532295132725034,uncertain
capacity,0.85,hosts,8,threshold,jsw,control_cpu_mean,10,4.422754862974001,4.357427229086251,4.482305259690051,higher
capacity,0.85,hosts,8,threshold,jsw,p999_us,10,-4.7599927882999795,-17.70200793167748,6.375799974242497,uncertain
capacity,0.85,hosts,8,threshold,jsw,p99_us,10,0.11134869090000166,-0.9917083505649937,1.267750763557502,uncertain
capacity,0.85,hosts,8,threshold,jsw,slo_miss_rate,10,0.0769064230999994,-0.1446222295655004,0.27461578597149944,uncertain
capacity,0.85,hosts,8,threshold,qbr,class0_p99_us,10,0.34716700680000373,-1.1047178360374947,2.1915614741149976,uncertain
capacity,0.85,hosts,8,threshold,qbr,control_cpu_mean,10,2.288747550488,2.239003314174225,2.336039608358,higher
capacity,0.85,hosts,8,threshold,qbr,p999_us,10,-2.0154374534999873,-13.238700461237476,8.615997644682489,uncertain
capacity,0.85,hosts,8,threshold,qbr,p99_us,10,-1.0849542367000027,-1.861674270892505,-0.2932663336224971,lower
capacity,0.85,hosts,8,threshold,qbr,slo_miss_rate,10,-0.026988765360000944,-0.2875270959754993,0.21261281242324911,uncertain
capacity,0.85,hosts,8,threshold,steal,class0_p99_us,10,-0.09997202710000011,-1.7703865811825,1.6801139383275072,uncertain
capacity,0.85,hosts,8,threshold,steal,control_cpu_mean,10,0.025497218026000114,-0.144613588063,0.1875299540700001,uncertain
capacity,0.85,hosts,8,threshold,steal,p999_us,10,0.9734987003000128,-8.215538399677481,10.312954419285008,uncertain
capacity,0.85,hosts,8,threshold,steal,p99_us,10,-0.2956367802000045,-1.1314544392350065,0.46819325931249756,uncertain
capacity,0.85,hosts,8,threshold,steal,slo_miss_rate,10,0.16691326659,-0.14995975342374965,0.48171872849325065,uncertain
capacity,0.85,ingress-cpu-us,0.02,jbsq,jsw,class0_p99_us,10,-9.7445320232,-16.125565415822503,-3.949686710587503,lower
capacity,0.85,ingress-cpu-us,0.02,jbsq,jsw,control_cpu_mean,10,-0.398400000004,-0.398400000004,-0.398400000004,lower
capacity,0.85,ingress-cpu-us,0.02,jbsq,jsw,p999_us,10,118.64461003939998,111.02223306410498,126.45883199960998,higher
capacity,0.85,ingress-cpu-us,0.02,jbsq,jsw,p99_us,10,-6.629217881299996,-7.7578070987175005,-5.333265840999997,lower
capacity,0.85,ingress-cpu-us,0.02,jbsq,jsw,slo_miss_rate,10,-9.661255400369999,-10.48412230097825,-8.780209442620249,lower
capacity,0.85,ingress-cpu-us,0.02,jbsq,qbr,class0_p99_us,10,-8.578041108399999,-15.5664638372,-2.731593845765,lower
capacity,0.85,ingress-cpu-us,0.02,jbsq,qbr,control_cpu_mean,10,-2.467789393863,-2.482533502602,-2.453609319146525,lower
capacity,0.85,ingress-cpu-us,0.02,jbsq,qbr,p999_us,10,119.11801326109999,108.8208172523425,129.45271943143248,higher
capacity,0.85,ingress-cpu-us,0.02,jbsq,qbr,p99_us,10,-6.343371008199997,-7.806945663182498,-4.848633111637501,lower
capacity,0.85,ingress-cpu-us,0.02,jbsq,qbr,slo_miss_rate,10,-9.61893497462,-10.440715276298999,-8.758185498642,lower
capacity,0.85,ingress-cpu-us,0.02,jbsq,steal,class0_p99_us,10,-9.280684558200004,-15.239070888362503,-3.745426274037504,lower
capacity,0.85,ingress-cpu-us,0.02,jbsq,steal,control_cpu_mean,10,-5.088755583582,-5.1601136670528,-5.006871869137,lower
capacity,0.85,ingress-cpu-us,0.02,jbsq,steal,p999_us,10,122.10556638999999,112.02901852584749,133.28311729846004,higher
capacity,0.85,ingress-cpu-us,0.02,jbsq,steal,p99_us,10,-6.076751874599995,-7.054857603842493,-4.985570885354993,lower
capacity,0.85,ingress-cpu-us,0.02,jbsq,steal,slo_miss_rate,10,-9.5343362927,-10.418624748845753,-8.598375843804002,lower
capacity,0.85,ingress-cpu-us,0.02,jbsq,threshold,class0_p99_us,10,-8.715472647900004,-15.282865501200003,-2.997147007560008,lower
capacity,0.85,ingress-cpu-us,0.02,jbsq,threshold,control_cpu_mean,10,-4.724807338636,-4.753698618639775,-4.696079598912201,lower
capacity,0.85,ingress-cpu-us,0.02,jbsq,threshold,p999_us,10,122.2611560681,112.93008506240247,130.9976967544825,higher
capacity,0.85,ingress-cpu-us,0.02,jbsq,threshold,p99_us,10,-6.440678013799999,-7.667536698530011,-5.113559466592498,lower
capacity,0.85,ingress-cpu-us,0.02,jbsq,threshold,slo_miss_rate,10,-9.52037278322,-10.362772464264001,-8.684700162550753,lower
capacity,0.85,ingress-cpu-us,0.02,jsw,jbsq,class0_p99_us,10,9.7445320232,3.949686710587499,16.1255654158225,higher
capacity,0.85,ingress-cpu-us,0.02,jsw,jbsq,control_cpu_mean,10,0.398400000004,0.398400000004,0.398400000004,higher
capacity,0.85,ingress-cpu-us,0.02,jsw,jbsq,p999_us,10,-118.64461003939998,-126.45883199961,-111.02223306410498,lower
capacity,0.85,ingress-cpu-us,0.02,jsw,jbsq,p99_us,10,6.629217881299996,5.333265840999997,7.7578070987175,higher
capacity,0.85,ingress-cpu-us,0.02,jsw,jbsq,slo_miss_rate,10,9.661255400369999,8.780209442620249,10.48412230097825,higher
capacity,0.85,ingress-cpu-us,0.02,jsw,qbr,class0_p99_us,10,1.1664909148000007,-0.2667225195474951,2.5529484928174977,uncertain
capacity,0.85,ingress-cpu-us,0.02,jsw,qbr,control_cpu_mean,10,-2.069389393859,-2.084133502598,-2.0552093191425245,lower
capacity,0.85,ingress-cpu-us,0.02,jsw,qbr,p999_us,10,0.47340322170000493,-8.914517745057495,10.954138235635007,uncertain
capacity,0.85,ingress-cpu-us,0.02,jsw,qbr,p99_us,10,0.2858468730999988,-0.48921461925249643,1.061351552437496,uncertain
capacity,0.85,ingress-cpu-us,0.02,jsw,qbr,slo_miss_rate,10,0.042320425750000126,-0.13077909152399966,0.21591469936199895,uncertain
capacity,0.85,ingress-cpu-us,0.02,jsw,steal,class0_p99_us,10,0.46384746499999635,-0.9045921706000044,1.8089667378574896,uncertain
capacity,0.85,ingress-cpu-us,0.02,jsw,steal,control_cpu_mean,10,-4.6903555835779995,-4.7617136670488005,-4.608471869133,lower
capacity,0.85,ingress-cpu-us,0.02,jsw,steal,p999_us,10,3.4609563506000143,-3.45905236064748,11.429302282010005,uncertain
capacity,0.85,ingress-cpu-us,0.02,jsw,steal,p99_us,10,0.5524660067000013,0.018836407800006328,1.2220505653299973,higher
capacity,0.85,ingress-cpu-us,0.02,jsw,steal,slo_miss_rate,10,0.12691910766999992,0.01923655350575064,0.23460201100999942,higher
capacity,0.85,ingress-cpu-us,0.02,jsw,threshold,class0_p99_us,10,1.0290593752999968,-0.476432459185005,2.597273421402496,uncertain
capacity,0.85,ingress-cpu-us,0.02,jsw,threshold,control_cpu_mean,10,-4.326407338632,-4.355298618635776,-4.297679598908201,lower
capacity,0.85,ingress-cpu-us,0.02,jsw,threshold,p999_us,10,3.6165460286999975,-3.319297262867497,10.877720144332496,uncertain
capacity,0.85,ingress-cpu-us,0.02,jsw,threshold,p99_us,10,0.18853986749999763,-0.16105652654500296,0.4791726482224991,uncertain
capacity,0.85,ingress-cpu-us,0.02,jsw,threshold,slo_miss_rate,10,0.1408826171500005,-0.003721350970998223,0.279692053684752,uncertain
capacity,0.85,ingress-cpu-us,0.02,qbr,jbsq,class0_p99_us,10,8.578041108399999,2.731593845764999,15.5664638372,higher
capacity,0.85,ingress-cpu-us,0.02,qbr,jbsq,control_cpu_mean,10,2.467789393863,2.453609319146525,2.482533502602,higher
capacity,0.85,ingress-cpu-us,0.02,qbr,jbsq,p999_us,10,-119.11801326109999,-129.4527194314325,-108.8208172523425,lower
capacity,0.85,ingress-cpu-us,0.02,qbr,jbsq,p99_us,10,6.343371008199997,4.848633111637499,7.806945663182496,higher
capacity,0.85,ingress-cpu-us,0.02,qbr,jbsq,slo_miss_rate,10,9.61893497462,8.758185498642,10.440715276298999,higher
capacity,0.85,ingress-cpu-us,0.02,qbr,jsw,class0_p99_us,10,-1.1664909148000007,-2.5529484928174986,0.2667225195474934,uncertain
capacity,0.85,ingress-cpu-us,0.02,qbr,jsw,control_cpu_mean,10,2.069389393859,2.0552093191425245,2.084133502598,higher
capacity,0.85,ingress-cpu-us,0.02,qbr,jsw,p999_us,10,-0.47340322170000493,-10.954138235635012,8.914517745057495,uncertain
capacity,0.85,ingress-cpu-us,0.02,qbr,jsw,p99_us,10,-0.2858468730999988,-1.0613515524374961,0.4892146192524948,uncertain
capacity,0.85,ingress-cpu-us,0.02,qbr,jsw,slo_miss_rate,10,-0.042320425750000126,-0.21591469936199906,0.1307790915239996,uncertain
capacity,0.85,ingress-cpu-us,0.02,qbr,steal,class0_p99_us,10,-0.7026434498000043,-1.8761227085375005,0.8362227636424954,uncertain
capacity,0.85,ingress-cpu-us,0.02,qbr,steal,control_cpu_mean,10,-2.6209661897189998,-2.70279492532305,-2.5315060730655,lower
capacity,0.85,ingress-cpu-us,0.02,qbr,steal,p999_us,10,2.9875531289000095,-8.157695966762507,13.765237901600017,uncertain
capacity,0.85,ingress-cpu-us,0.02,qbr,steal,p99_us,10,0.26661913360000256,-0.609942688815002,1.2112702159700002,uncertain
capacity,0.85,ingress-cpu-us,0.02,qbr,steal,slo_miss_rate,10,0.08459868191999981,-0.06502485704474897,0.24313670845549948,uncertain
capacity,0.85,ingress-cpu-us,0.02,qbr,threshold,class0_p99_us,10,-0.13743153950000392,-1.5109241219625031,1.1719551808224904,uncertain
capacity,0.85,ingress-cpu-us,0.02,qbr,threshold,control_cpu_mean,10,-2.2570179447729997,-2.2733757340423746,-2.2402539040365754,lower
capacity,0.85,ingress-cpu-us,0.02,qbr,threshold,p999_us,10,3.1431428069999923,-7.4362776921575,12.634730608429994,uncertain
capacity,0.85,ingress-cpu-us,0.02,qbr,threshold,p99_us,10,-0.09730700560000116,-0.8188337331225026,0.6966260072674978,uncertain
capacity,0.85,ingress-cpu-us,0.02,qbr,threshold,slo_miss_rate,10,0.09856219140000039,-0.07679468803224948,0.26560642257675005,uncertain
capacity,0.85,ingress-cpu-us,0.02,steal,jbsq,class0_p99_us,10,9.280684558200004,3.745426274037502,15.2390708883625,higher
capacity,0.85,ingress-cpu-us,0.02,steal,jbsq,control_cpu_mean,10,5.088755583582,5.006871869137,5.1601136670528,higher
capacity,0.85,ingress-cpu-us,0.02,steal,jbsq,p999_us,10,-122.10556638999999,-133.28311729846004,-112.0290185258475,lower
capacity,0.85,ingress-cpu-us,0.02,steal,jbsq,p99_us,10,6.076751874599995,4.985570885354992,7.054857603842493,higher
capacity,0.85,ingress-cpu-us,0.02,steal,jbsq,slo_miss_rate,10,9.5343362927,8.598375843804,10.418624748845753,higher
capacity,0.85,ingress-cpu-us,0.02,steal,jsw,class0_p99_us,10,-0.46384746499999635,-1.8089667378574903,0.9045921706000044,uncertain
capacity,0.85,ingress-cpu-us,0.02,steal,jsw,control_cpu_mean,10,4.6903555835779995,4.608471869133,4.7617136670488005,higher
capacity,0.85,ingress-cpu-us,0.02,steal,jsw,p999_us,10,-3.4609563506000143,-11.429302282010008,3.459052360647479,uncertain
capacity,0.85,ingress-cpu-us,0.02,steal,jsw,p99_us,10,-0.5524660067000013,-1.222050565329998,-0.018836407800006328,lower
capacity,0.85,ingress-cpu-us,0.02,steal,jsw,slo_miss_rate,10,-0.12691910766999992,-0.23460201100999942,-0.019236553505750643,lower
capacity,0.85,ingress-cpu-us,0.02,steal,qbr,class0_p99_us,10,0.7026434498000043,-0.836222763642496,1.8761227085374996,uncertain
capacity,0.85,ingress-cpu-us,0.02,steal,qbr,control_cpu_mean,10,2.6209661897189998,2.5315060730655,2.70279492532305,higher
capacity,0.85,ingress-cpu-us,0.02,steal,qbr,p999_us,10,-2.9875531289000095,-13.765237901600017,8.157695966762503,uncertain
capacity,0.85,ingress-cpu-us,0.02,steal,qbr,p99_us,10,-0.26661913360000256,-1.2112702159700006,0.6099426888150015,uncertain
capacity,0.85,ingress-cpu-us,0.02,steal,qbr,slo_miss_rate,10,-0.08459868191999981,-0.24313670845549967,0.06502485704474893,uncertain
capacity,0.85,ingress-cpu-us,0.02,steal,threshold,class0_p99_us,10,0.5652119103000004,-0.5387519999725038,1.6424504092075065,uncertain
capacity,0.85,ingress-cpu-us,0.02,steal,threshold,control_cpu_mean,10,0.3639482449460002,0.2623487744894501,0.45665443958932495,higher
capacity,0.85,ingress-cpu-us,0.02,steal,threshold,p999_us,10,0.1555896780999831,-9.376788665165023,10.189774356462479,uncertain
capacity,0.85,ingress-cpu-us,0.02,steal,threshold,p99_us,10,-0.3639261392000037,-0.9826333291475011,0.18750501856499643,uncertain
capacity,0.85,ingress-cpu-us,0.02,steal,threshold,slo_miss_rate,10,0.01396350948000058,-0.16300421063074924,0.2085650969120007,uncertain
capacity,0.85,ingress-cpu-us,0.02,threshold,jbsq,class0_p99_us,10,8.715472647900004,2.997147007560003,15.282865501200003,higher
capacity,0.85,ingress-cpu-us,0.02,threshold,jbsq,control_cpu_mean,10,4.724807338636,4.696079598912201,4.753698618639775,higher
capacity,0.85,ingress-cpu-us,0.02,threshold,jbsq,p999_us,10,-122.2611560681,-130.9976967544825,-112.93008506240248,lower
capacity,0.85,ingress-cpu-us,0.02,threshold,jbsq,p99_us,10,6.440678013799999,5.113559466592498,7.66753669853001,higher
capacity,0.85,ingress-cpu-us,0.02,threshold,jbsq,slo_miss_rate,10,9.52037278322,8.684700162550751,10.362772464264001,higher
capacity,0.85,ingress-cpu-us,0.02,threshold,jsw,class0_p99_us,10,-1.0290593752999968,-2.5972734214024964,0.4764324591850032,uncertain
capacity,0.85,ingress-cpu-us,0.02,threshold,jsw,control_cpu_mean,10,4.326407338632,4.297679598908201,4.355298618635776,higher
capacity,0.85,ingress-cpu-us,0.02,threshold,jsw,p999_us,10,-3.6165460286999975,-10.877720144332502,3.319297262867479,uncertain
capacity,0.85,ingress-cpu-us,0.02,threshold,jsw,p99_us,10,-0.18853986749999763,-0.4791726482224992,0.16105652654500266,uncertain
capacity,0.85,ingress-cpu-us,0.02,threshold,jsw,slo_miss_rate,10,-0.1408826171500005,-0.2796920536847521,0.0037213509709981465,uncertain
capacity,0.85,ingress-cpu-us,0.02,threshold,qbr,class0_p99_us,10,0.13743153950000392,-1.1719551808224924,1.5109241219625014,uncertain
capacity,0.85,ingress-cpu-us,0.02,threshold,qbr,control_cpu_mean,10,2.2570179447729997,2.2402539040365754,2.2733757340423746,higher
capacity,0.85,ingress-cpu-us,0.02,threshold,qbr,p999_us,10,-3.1431428069999923,-12.634730608429999,7.436277692157482,uncertain
capacity,0.85,ingress-cpu-us,0.02,threshold,qbr,p99_us,10,0.09730700560000116,-0.6966260072674999,0.8188337331225016,uncertain
capacity,0.85,ingress-cpu-us,0.02,threshold,qbr,slo_miss_rate,10,-0.09856219140000039,-0.2656064225767501,0.0767946880322493,uncertain
capacity,0.85,ingress-cpu-us,0.02,threshold,steal,class0_p99_us,10,-0.5652119103000004,-1.6424504092075078,0.5387519999725034,uncertain
capacity,0.85,ingress-cpu-us,0.02,threshold,steal,control_cpu_mean,10,-0.3639482449460002,-0.45665443958932506,-0.2623487744894503,lower
capacity,0.85,ingress-cpu-us,0.02,threshold,steal,p999_us,10,-0.1555896780999831,-10.189774356462484,9.376788665165021,uncertain
capacity,0.85,ingress-cpu-us,0.02,threshold,steal,p99_us,10,0.3639261392000037,-0.18750501856499682,0.9826333291475009,uncertain
capacity,0.85,ingress-cpu-us,0.02,threshold,steal,slo_miss_rate,10,-0.01396350948000058,-0.20856509691200076,0.16300421063074919,uncertain
capacity,0.85,ingress-cpu-us,0.1,jbsq,jsw,class0_p99_us,10,-7.211089209900001,-12.8843898186425,-2.6966816602775023,lower
capacity,0.85,ingress-cpu-us,0.1,jbsq,jsw,control_cpu_mean,10,-0.398400000004,-0.398400000004,-0.398400000004,lower
capacity,0.85,ingress-cpu-us,0.1,jbsq,jsw,p999_us,10,113.45387855160001,104.7338068001375,121.66464379810004,higher
capacity,0.85,ingress-cpu-us,0.1,jbsq,jsw,p99_us,10,-6.773092350499999,-7.491254839844998,-6.096905528584999,lower
capacity,0.85,ingress-cpu-us,0.1,jbsq,jsw,slo_miss_rate,10,-9.49970602111,-10.2640678877115,-8.701097427106749,lower
capacity,0.85,ingress-cpu-us,0.1,jbsq,qbr,class0_p99_us,10,-7.948249583200001,-12.279778935035,-3.9556852445550073,lower
capacity,0.85,ingress-cpu-us,0.1,jbsq,qbr,control_cpu_mean,10,-2.4725471404029995,-2.4826112179635995,-2.463293686817075,lower
capacity,0.85,ingress-cpu-us,0.1,jbsq,qbr,p999_us,10,110.63228939410001,99.72630163345498,121.7734435246775,higher
capacity,0.85,ingress-cpu-us,0.1,jbsq,qbr,p99_us,10,-7.263465680299999,-8.439348601772501,-6.029870708249991,lower
capacity,0.85,ingress-cpu-us,0.1,jbsq,qbr,slo_miss_rate,10,-9.59559702177,-10.364468637967503,-8.787933796049,lower
capacity,0.85,ingress-cpu-us,0.1,jbsq,steal,class0_p99_us,10,-7.0408089246,-12.334768456462498,-2.6590886711625004,lower
capacity,0.85,ingress-cpu-us,0.1,jbsq,steal,control_cpu_mean,10,-5.048732283956,-5.1165668755776,-4.9787886666990495,lower
capacity,0.85,ingress-cpu-us,0.1,jbsq,steal,p999_us,10,118.34901831480002,109.3942714523025,126.79223395567502,higher
capacity,0.85,ingress-cpu-us,0.1,jbsq,steal,p99_us,10,-6.7291262289,-8.360951445625,-5.265842410695001,lower
capacity,0.85,ingress-cpu-us,0.1,jbsq,steal,slo_miss_rate,10,-9.30463282626,-10.071853144714499,-8.498447826742503,lower
capacity,0.85,ingress-cpu-us,0.1,jbsq,threshold,class0_p99_us,10,-7.954658204200004,-13.504615999969998,-3.060039504282501,lower
capacity,0.85,ingress-cpu-us,0.1,jbsq,threshold,control_cpu_mean,10,-4.723153648756,-4.749432840288976,-4.69792294321225,lower
capacity,0.85,ingress-cpu-us,0.1,jbsq,threshold,p999_us,10,115.60881945810002,104.31959542173999,123.29158268462501,higher
capacity,0.85,ingress-cpu-us,0.1,jbsq,threshold,p99_us,10,-7.230142507899996,-8.550020930294991,-5.943628488352496,lower
capacity,0.85,ingress-cpu-us,0.1,jbsq,threshold,slo_miss_rate,10,-9.449517711270001,-10.229730066418,-8.705024313277253,lower
capacity,0.85,ingress-cpu-us,0.1,jsw,jbsq,class0_p99_us,10,7.211089209900001,2.6966816602774992,12.88438981864249,higher
capacity,0.85,ingress-cpu-us,0.1,jsw,jbsq,control_cpu_mean,10,0.398400000004,0.398400000004,0.398400000004,higher
capacity,0.85,ingress-cpu-us,0.1,jsw,jbsq,p999_us,10,-113.45387855160001,-121.66464379810004,-104.7338068001375,lower
capacity,0.85,ingress-cpu-us,0.1,jsw,jbsq,p99_us,10,6.773092350499999,6.0969055285849985,7.491254839844998,higher
capacity,0.85,ingress-cpu-us,0.1,jsw,jbsq,slo_miss_rate,10,9.49970602111,8.701097427106749,10.264067887711496,higher
capacity,0.85,ingress-cpu-us,0.1,jsw,qbr,class0_p99_us,10,-0.7371603733000001,-2.3713750641350058,0.8906482816424997,uncertain
capacity,0.85,ingress-cpu-us,0.1,jsw,qbr,control_cpu_mean,10,-2.074147140399,-2.0842112179595995,-2.0648936868130754,lower
capacity,0.85,ingress-cpu-us,0.1,jsw,qbr,p999_us,10,-2.821589157500006,-14.34337286162751,9.120365201999993,uncertain
capacity,0.85,ingress-cpu-us,0.1,jsw,qbr,p99_us,10,-0.49037332979999915,-1.277501568455009,0.28615491176999397,uncertain
capacity,0.85,ingress-cpu-us,0.1,jsw,qbr,slo_miss_rate,10,-0.09589100066000056,-0.19520675012875027,0.0020644874337493366,uncertain
capacity,0.85,ingress-cpu-us,0.1,jsw,steal,class0_p99_us,10,0.17028028530000086,-0.8712514847724968,1.3291621546249939,uncertain
capacity,0.85,ingress-cpu-us,0.1,jsw,steal,control_cpu_mean,10,-4.650332283952,-4.7181668755736,-4.580388666695051,lower
capacity,0.85,ingress-cpu-us,0.1,jsw,steal,p999_us,10,4.895139763199995,-6.303408775167497,17.073782319102484,uncertain
capacity,0.85,ingress-cpu-us,0.1,jsw,steal,p99_us,10,0.04396612159999904,-1.0604524446999988,1.1269719604399957,uncertain
capacity,0.85,ingress-cpu-us,0.1,jsw,steal,slo_miss_rate,10,0.19507319485000035,0.030782000402500544,0.35763395091275024,higher
capacity,0.85,ingress-cpu-us,0.1,jsw,threshold,class0_p99_us,10,-0.7435689943000028,-2.0621091489924988,0.3390757458424944,uncertain
capacity,0.85,ingress-cpu-us,0.1,jsw,threshold,control_cpu_mean,10,-4.324753648752001,-4.351032840284976,-4.299522943208252,lower
capacity,0.85,ingress-cpu-us,0.1,jsw,threshold,p999_us,10,2.154940906500008,-5.3797704107499955,9.695136801285013,uncertain
capacity,0.85,ingress-cpu-us,0.1,jsw,threshold,p99_us,10,-0.4570501573999962,-1.2949688833800004,0.5382167495475068,uncertain
capacity,0.85,ingress-cpu-us,0.1,jsw,threshold,slo_miss_rate,10,0.05018830983999911,-0.09289204996250099,0.23151786662174828,uncertain
capacity,0.85,ingress-cpu-us,0.1,qbr,jbsq,class0_p99_us,10,7.948249583200001,3.9556852445550037,12.279778935035,higher
capacity,0.85,ingress-cpu-us,0.1,qbr,jbsq,control_cpu_mean,10,2.4725471404029995,2.463293686817075,2.4826112179635995,higher
capacity,0.85,ingress-cpu-us,0.1,qbr,jbsq,p999_us,10,-110.63228939410001,-121.7734435246775,-99.726301633455,lower
capacity,0.85,ingress-cpu-us,0.1,qbr,jbsq,p99_us,10,7.263465680299999,6.029870708249991,8.439348601772501,higher
capacity,0.85,ingress-cpu-us,0.1,qbr,jbsq,slo_miss_rate,10,9.59559702177,8.787933796048998,10.364468637967502,higher
capacity,0.85,ingress-cpu-us,0.1,qbr,jsw,class0_p99_us,10,0.7371603733000001,-0.8906482816425002,2.3713750641350018,uncertain
capacity,0.85,ingress-cpu-us,0.1,qbr,jsw,control_cpu_mean,10,2.074147140399,2.0648936868130754,2.0842112179595995,higher
capacity,0.85,ingress-cpu-us,0.1,qbr,jsw,p999_us,10,2.821589157500006,-9.120365201999993,14.34337286162749,uncertain
capacity,0.85,ingress-cpu-us,0.1,qbr,jsw,p99_us,10,0.49037332979999915,-0.2861549117699948,1.2775015684550086,uncertain
capacity,0.85,ingress-cpu-us,0.1,qbr,jsw,slo_miss_rate,10,0.09589100066000056,-0.00206448743374942,0.1952067501287502,uncertain
capacity,0.85,ingress-cpu-us,0.1,qbr,steal,class0_p99_us,10,0.9074406586000009,-0.45520658116999996,2.2354079195425043,uncertain
capacity,0.85,ingress-cpu-us,0.1,qbr,steal,control_cpu_mean,10,-2.5761851435530003,-2.6472622940348502,-2.5059971336255256,lower
capacity,0.85,ingress-cpu-us,0.1,qbr,steal,p999_us,10,7.716728920700001,-0.08233039478499046,14.870155133824989,uncertain
capacity,0.85,ingress-cpu-us,0.1,qbr,steal,p99_us,10,0.5343394513999982,-0.29366442633750056,1.3294249410649888,uncertain
capacity,0.85,ingress-cpu-us,0.1,qbr,steal,slo_miss_rate,10,0.29096419551000086,0.1381862011755006,0.4431789585935019,higher
capacity,0.85,ingress-cpu-us,0.1,qbr,threshold,class0_p99_us,10,-0.0064086210000027675,-1.4000063061225039,1.2766517671000022,uncertain
capacity,0.85,ingress-cpu-us,0.1,qbr,threshold,control_cpu_mean,10,-2.2506065083530005,-2.2723465127768003,-2.2289697172079506,lower
capacity,0.85,ingress-cpu-us,0.1,qbr,threshold,p999_us,10,4.976530064000014,-4.361524977697481,13.686427228440001,uncertain
capacity,0.85,ingress-cpu-us,0.1,qbr,threshold,p99_us,10,0.03332317240000293,-0.7853536959824968,0.9371340583450025,uncertain
capacity,0.85,ingress-cpu-us,0.1,qbr,threshold,slo_miss_rate,10,0.14607931049999967,-0.023779293553500593,0.3295114164167502,uncertain
capacity,0.85,ingress-cpu-us,0.1,steal,jbsq,class0_p99_us,10,7.0408089246,2.6590886711624995,12.334768456462482,higher
capacity,0.85,ingress-cpu-us,0.1,steal,jbsq,control_cpu_mean,10,5.048732283956,4.9787886666990495,5.1165668755776,higher
capacity,0.85,ingress-cpu-us,0.1,steal,jbsq,p999_us,10,-118.34901831480002,-126.79223395567502,-109.3942714523025,lower
capacity,0.85,ingress-cpu-us,0.1,steal,jbsq,p99_us,10,6.7291262289,5.265842410695001,8.360951445624998,higher
capacity,0.85,ingress-cpu-us,0.1,steal,jbsq,slo_miss_rate,10,9.30463282626,8.498447826742503,10.071853144714499,higher
capacity,0.85,ingress-cpu-us,0.1,steal,jsw,class0_p99_us,10,-0.17028028530000086,-1.3291621546249945,0.8712514847724966,uncertain
capacity,0.85,ingress-cpu-us,0.1,steal,jsw,control_cpu_mean,10,4.650332283952,4.580388666695051,4.7181668755736,higher
capacity,0.85,ingress-cpu-us,0.1,steal,jsw,p999_us,10,-4.895139763199995,-17.073782319102495,6.303408775167486,uncertain
capacity,0.85,ingress-cpu-us,0.1,steal,jsw,p99_us,10,-0.04396612159999904,-1.1269719604399986,1.0604524446999988,uncertain
capacity,0.85,ingress-cpu-us,0.1,steal,jsw,slo_miss_rate,10,-0.19507319485000035,-0.35763395091275024,-0.03078200040250056,lower
capacity,0.85,ingress-cpu-us,0.1,steal,qbr,class0_p99_us,10,-0.9074406586000009,-2.2354079195425043,0.4552065811699999,uncertain
capacity,0.85,ingress-cpu-us,0.1,steal,qbr,control_cpu_mean,10,2.5761851435530003,2.5059971336255256,2.64726229403485,higher
capacity,0.85,ingress-cpu-us,0.1,steal,qbr,p999_us,10,-7.716728920700001,-14.870155133824994,0.08233039478498835,uncertain
capacity,0.85,ingress-cpu-us,0.1,steal,qbr,p99_us,10,-0.5343394513999982,-1.3294249410649905,0.2936644263375004,uncertain
capacity,0.85,ingress-cpu-us,0.1,steal,qbr,slo_miss_rate,10,-0.29096419551000086,-0.4431789585935019,-0.13818620117550076,lower
capacity,0.85,ingress-cpu-us,0.1,steal,threshold,class0_p99_us,10,-0.9138492796000037,-1.9289041815000083,0.16584037120750003,uncertain
capacity,0.85,ingress-cpu-us,0.1,steal,threshold,control_cpu_mean,10,0.32557863520000013,0.23786188340580003,0.4098759810346002,higher
capacity,0.85,ingress-cpu-us,0.1,steal,threshold,p999_us,10,-2.7401988566999878,-10.781802831037488,4.686239122267506,uncertain
capacity,0.85,ingress-cpu-us,0.1,steal,threshold,p99_us,10,-0.5010162789999952,-1.4671201984949869,0.43697983859000156,uncertain
capacity,0.85,ingress-cpu-us,0.1,steal,threshold,slo_miss_rate,10,-0.14488488501000124,-0.3212760789545017,0.03252701365724863,uncertain
capacity,0.85,ingress-cpu-us,0.1,threshold,jbsq,class0_p99_us,10,7.954658204200004,3.0600395042825004,13.504615999969998,higher
capacity,0.85,ingress-cpu-us,0.1,threshold,jbsq,control_cpu_mean,10,4.723153648756,4.69792294321225,4.749432840288976,higher
capacity,0.85,ingress-cpu-us,0.1,threshold,jbsq,p999_us,10,-115.60881945810002,-123.29158268462501,-104.31959542173999,lower
capacity,0.85,ingress-cpu-us,0.1,threshold,jbsq,p99_us,10,7.230142507899996,5.943628488352493,8.550020930294991,higher
capacity,0.85,ingress-cpu-us,0.1,threshold,jbsq,slo_miss_rate,10,9.449517711270001,8.705024313277253,10.229730066418,higher
capacity,0.85,ingress-cpu-us,0.1,threshold,jsw,class0_p99_us,10,0.7435689943000028,-0.3390757458424946,2.0621091489924988,uncertain
capacity,0.85,ingress-cpu-us,0.1,threshold,jsw,control_cpu_mean,10,4.324753648752001,4.299522943208252,4.351032840284976,higher
capacity,0.85,ingress-cpu-us,0.1,threshold,jsw,p999_us,10,-2.154940906500008,-9.695136801285015,5.379770410749986,uncertain
capacity,0.85,ingress-cpu-us,0.1,threshold,jsw,p99_us,10,0.4570501573999962,-0.5382167495475072,1.2949688833800004,uncertain
capacity,0.85,ingress-cpu-us,0.1,threshold,jsw,slo_miss_rate,10,-0.05018830983999911,-0.23151786662174836,0.09289204996250072,uncertain
capacity,0.85,ingress-cpu-us,0.1,threshold,qbr,class0_p99_us,10,0.0064086210000027675,-1.276651767100003,1.4000063061225019,uncertain
capacity,0.85,ingress-cpu-us,0.1,threshold,qbr,control_cpu_mean,10,2.2506065083530005,2.2289697172079506,2.2723465127768003,higher
capacity,0.85,ingress-cpu-us,0.1,threshold,qbr,p999_us,10,-4.976530064000014,-13.68642722844001,4.361524977697472,uncertain
capacity,0.85,ingress-cpu-us,0.1,threshold,qbr,p99_us,10,-0.03332317240000293,-0.9371340583450029,0.7853536959824968,uncertain
capacity,0.85,ingress-cpu-us,0.1,threshold,qbr,slo_miss_rate,10,-0.14607931049999967,-0.3295114164167502,0.023779293553500534,uncertain
capacity,0.85,ingress-cpu-us,0.1,threshold,steal,class0_p99_us,10,0.9138492796000037,-0.16584037120750025,1.9289041815000079,uncertain
capacity,0.85,ingress-cpu-us,0.1,threshold,steal,control_cpu_mean,10,-0.32557863520000013,-0.4098759810346002,-0.23786188340580028,lower
capacity,0.85,ingress-cpu-us,0.1,threshold,steal,p999_us,10,2.7401988566999878,-4.68623912226751,10.781802831037488,uncertain
capacity,0.85,ingress-cpu-us,0.1,threshold,steal,p99_us,10,0.5010162789999952,-0.4369798385900018,1.4671201984949864,uncertain
capacity,0.85,ingress-cpu-us,0.1,threshold,steal,slo_miss_rate,10,0.14488488501000124,-0.0325270136572487,0.32127607895450166,uncertain
capacity,0.85,ingress-cpu-us,0.25,jbsq,jsw,class0_p99_us,10,2465.222263603,2459.4402850422002,2471.6792489951254,higher
capacity,0.85,ingress-cpu-us,0.25,jbsq,jsw,control_cpu_mean,10,-0.398400000004,-0.398400000004,-0.398400000004,lower
capacity,0.85,ingress-cpu-us,0.25,jbsq,jsw,p999_us,10,2449.01631072,2442.16401254365,2455.811565074875,higher
capacity,0.85,ingress-cpu-us,0.25,jbsq,jsw,p99_us,10,2438.712910561,2429.017536530825,2447.1157415314256,higher
capacity,0.85,ingress-cpu-us,0.25,jbsq,jsw,slo_miss_rate,10,0.0,0.0,0.0,uncertain
capacity,0.85,ingress-cpu-us,0.25,jbsq,qbr,class0_p99_us,10,2465.725598399,2460.03943275375,2472.0194823591755,higher
capacity,0.85,ingress-cpu-us,0.25,jbsq,qbr,control_cpu_mean,10,-2.301789082579,-2.307372204035175,-2.297166939804,lower
capacity,0.85,ingress-cpu-us,0.25,jbsq,qbr,p999_us,10,2449.584871178,2442.6838571456,2456.645408566025,higher
capacity,0.85,ingress-cpu-us,0.25,jbsq,qbr,p99_us,10,2438.8833053200005,2429.261586448,2447.3024405120505,higher
capacity,0.85,ingress-cpu-us,0.25,jbsq,qbr,slo_miss_rate,10,0.0,0.0,0.0,uncertain
capacity,0.85,ingress-cpu-us,0.25,jbsq,steal,class0_p99_us,10,2466.9263942999996,2461.1413670310003,2473.380137725075,higher
capacity,0.85,ingress-cpu-us,0.25,jbsq,steal,control_cpu_mean,10,-6.29112528405,-6.326655482557999,-6.258069045216,lower
capacity,0.85,ingress-cpu-us,0.25,jbsq,steal,p999_us,10,2450.864247583,2444.2196097960255,2457.652650253225,higher
capacity,0.85,ingress-cpu-us,0.25,jbsq,steal,p99_us,10,2439.734974651,2430.307139699575,2448.0475732896,higher
capacity,0.85,ingress-cpu-us,0.25,jbsq,steal,slo_miss_rate,10,0.0,0.0,0.0,uncertain
capacity,0.85,ingress-cpu-us,0.25,jbsq,threshold,class0_p99_us,10,2466.216975042,2460.732610677575,2472.32832086795,higher
capacity,0.85,ingress-cpu-us,0.25,jbsq,threshold,control_cpu_mean,10,-4.005075580408,-4.0374378022004995,-3.976180934131,lower
capacity,0.85,ingress-cpu-us,0.25,jbsq,threshold,p999_us,10,2449.5476650749997,2443.1771736460005,2456.0117576457,higher
capacity,0.85,ingress-cpu-us,0.25,jbsq,threshold,p99_us,10,2439.407678785,2429.8781824131997,2447.72587448425,higher
capacity,0.85,ingress-cpu-us,0.25,jbsq,threshold,slo_miss_rate,10,0.0,0.0,0.0,uncertain
capacity,0.85,ingress-cpu-us,0.25,jsw,jbsq,class0_p99_us,10,-2465.222263603,-2471.6792489951254,-2459.4402850422002,lower
capacity,0.85,ingress-cpu-us,0.25,jsw,jbsq,control_cpu_mean,10,0.398400000004,0.398400000004,0.398400000004,higher
capacity,0.85,ingress-cpu-us,0.25,jsw,jbsq,p999_us,10,-2449.01631072,-2455.811565074875,-2442.16401254365,lower
capacity,0.85,ingress-cpu-us,0.25,jsw,jbsq,p99_us,10,-2438.712910561,-2447.1157415314256,-2429.017536530825,lower
capacity,0.85,ingress-cpu-us,0.25,jsw,jbsq,slo_miss_rate,10,0.0,0.0,0.0,uncertain
capacity,0.85,ingress-cpu-us,0.25,jsw,qbr,class0_p99_us,10,0.5033347959999901,0.0,1.0071522639999784,uncertain
capacity,0.85,ingress-cpu-us,0.25,jsw,qbr,control_cpu_mean,10,-1.903389082575,-1.908972204031175,-1.8987669398,lower
capacity,0.85,ingress-cpu-us,0.25,jsw,qbr,p999_us,10,0.5685604580000018,-0.35475389055001527,1.4335110440499865,uncertain
capacity,0.85,ingress-cpu-us,0.25,jsw,qbr,p99_us,10,0.1703947590000098,-0.38569931000001817,0.7251934390000543,uncertain
capacity,0.85,ingress-cpu-us,0.25,jsw,qbr,slo_miss_rate,10,0.0,0.0,0.0,uncertain
capacity,0.85,ingress-cpu-us,0.25,jsw,steal,class0_p99_us,10,1.7041306969999597,1.0605679839999538,2.3335494353499335,higher
capacity,0.85,ingress-cpu-us,0.25,jsw,steal,control_cpu_mean,10,-5.8927252840460005,-5.9282554825539995,-5.859669045212001,lower
capacity,0.85,ingress-cpu-us,0.25,jsw,steal,p999_us,10,1.8479368629999953,0.5654005659750073,3.15114250624999,higher
capacity,0.85,ingress-cpu-us,0.25,jsw,steal,p99_us,10,1.0220640899999807,0.5025397335749812,1.5330815686499721,higher
capacity,0.85,ingress-cpu-us,0.25,jsw,steal,slo_miss_rate,10,0.0,0.0,0.0,uncertain
capacity,0.85,ingress-cpu-us,0.25,jsw,threshold,class0_p99_us,10,0.9947114389999797,0.16202537889999521,1.8051574789000155,higher
capacity,0.85,ingress-cpu-us,0.25,jsw,threshold,control_cpu_mean,10,-3.6066755804040005,-3.639037802196501,-3.577780934127001,lower
capacity,0.85,ingress-cpu-us,0.25,jsw,threshold,p999_us,10,0.531354354999985,-0.5303548320000118,1.6209162109999624,uncertain
capacity,0.85,ingress-cpu-us,0.25,jsw,threshold,p99_us,10,0.6947682239999949,0.17410949699999492,1.2250689660000034,higher
capacity,0.85,ingress-cpu-us,0.25,jsw,threshold,slo_miss_rate,10,0.0,0.0,0.0,uncertain
capacity,0.85,ingress-cpu-us,0.25,qbr,jbsq,class0_p99_us,10,-2465.725598399,-2472.0194823591755,-2460.03943275375,lower
capacity,0.85,ingress-cpu-us,0.25,qbr,jbsq,control_cpu_mean,10,2.301789082579,2.297166939804,2.307372204035175,higher
capacity,0.85,ingress-cpu-us,0.25,qbr,jbsq,p999_us,10,-2449.584871178,-2456.645408566025,-2442.6838571456,lower
capacity,0.85,ingress-cpu-us,0.25,qbr,jbsq,p99_us,10,-2438.8833053200005,-2447.3024405120505,-2429.261586448,lower
capacity,0.85,ingress-cpu-us,0.25,qbr,jbsq,slo_miss_rate,10,0.0,0.0,0.0,uncertain
capacity,0.85,ingress-cpu-us,0.25,qbr,jsw,class0_p99_us,10,-0.5033347959999901,-1.0071522639999784,0.0,uncertain
capacity,0.85,ingress-cpu-us,0.25,qbr,jsw,control_cpu_mean,10,1.903389082575,1.8987669398,1.908972204031175,higher
capacity,0.85,ingress-cpu-us,0.25,qbr,jsw,p999_us,10,-0.5685604580000018,-1.4335110440499876,0.35475389055001494,uncertain
capacity,0.85,ingress-cpu-us,0.25,qbr,jsw,p99_us,10,-0.1703947590000098,-0.7251934390000543,0.38569931000001817,uncertain
capacity,0.85,ingress-cpu-us,0.25,qbr,jsw,slo_miss_rate,10,0.0,0.0,0.0,uncertain
capacity,0.85,ingress-cpu-us,0.25,qbr,steal,class0_p99_us,10,1.2007959009999696,0.6801266582749969,1.6814136011999494,higher
capacity,0.85,ingress-cpu-us,0.25,qbr,steal,control_cpu_mean,10,-3.989336201471,-4.025780335253751,-3.9552369500224493,lower
capacity,0.85,ingress-cpu-us,0.25,qbr,steal,p999_us,10,1.2793764049999936,-0.127453539249978,2.716964141549938,uncertain
capacity,0.85,ingress-cpu-us,0.25,qbr,steal,p99_us,10,0.851669330999971,0.328442546999986,1.3744283188499682,higher
capacity,0.85,ingress-cpu-us,0.25,qbr,steal,slo_miss_rate,10,0.0,0.0,0.0,uncertain
capacity,0.85,ingress-cpu-us,0.25,qbr,threshold,class0_p99_us,10,0.4913766429999896,-0.17668860099997802,1.155253387999983,uncertain
capacity,0.85,ingress-cpu-us,0.25,qbr,threshold,control_cpu_mean,10,-1.703286497829,-1.7322902283544004,-1.6774467674142748,lower
capacity,0.85,ingress-cpu-us,0.25,qbr,threshold,p999_us,10,-0.03720610300001681,-0.768076936000034,0.6922781010000107,uncertain
capacity,0.85,ingress-cpu-us,0.25,qbr,threshold,p99_us,10,0.5243734649999852,0.0,1.0583889449999788,uncertain
capacity,0.85,ingress-cpu-us,0.25,qbr,threshold,slo_miss_rate,10,0.0,0.0,0.0,uncertain
capacity,0.85,ingress-cpu-us,0.25,steal,jbsq,class0_p99_us,10,-2466.9263942999996,-2473.380137725075,-2461.1413670310003,lower
capacity,0.85,ingress-cpu-us,0.25,steal,jbsq,control_cpu_mean,10,6.29112528405,6.258069045216,6.326655482557999,higher
capacity,0.85,ingress-cpu-us,0.25,steal,jbsq,p999_us,10,-2450.864247583,-2457.652650253225,-2444.2196097960255,lower
capacity,0.85,ingress-cpu-us,0.25,steal,jbsq,p99_us,10,-2439.734974651,-2448.0475732896,-2430.307139699575,lower
capacity,0.85,ingress-cpu-us,0.25,steal,jbsq,slo_miss_rate,10,0.0,0.0,0.0,uncertain
capacity,0.85,ingress-cpu-us,0.25,steal,jsw,class0_p99_us,10,-1.7041306969999597,-2.3335494353499335,-1.0605679839999538,lower
capacity,0.85,ingress-cpu-us,0.25,steal,jsw,control_cpu_mean,10,5.8927252840460005,5.859669045212001,5.9282554825539995,higher
capacity,0.85,ingress-cpu-us,0.25,steal,jsw,p999_us,10,-1.8479368629999953,-3.1511425062499905,-0.5654005659750075,lower
capacity,0.85,ingress-cpu-us,0.25,steal,jsw,p99_us,10,-1.0220640899999807,-1.5330815686499721,-0.5025397335749814,lower
capacity,0.85,ingress-cpu-us,0.25,steal,jsw,slo_miss_rate,10,0.0,0.0,0.0,uncertain
capacity,0.85,ingress-cpu-us,0.25,steal,qbr,class0_p99_us,10,-1.2007959009999696,-1.6814136011999494,-0.6801266582749971,lower
capacity,0.85,ingress-cpu-us,0.25,steal,qbr,control_cpu_mean,10,3.989336201471,3.9552369500224493,4.025780335253751,higher
capacity,0.85,ingress-cpu-us,0.25,steal,qbr,p999_us,10,-1.2793764049999936,-2.716964141549939,0.1274535392499773,uncertain
capacity,0.85,ingress-cpu-us,0.25,steal,qbr,p99_us,10,-0.851669330999971,-1.3744283188499686,-0.328442546999986,lower
capacity,0.85,ingress-cpu-us,0.25,steal,qbr,slo_miss_rate,10,0.0,0.0,0.0,uncertain
capacity,0.85,ingress-cpu-us,0.25,steal,threshold,class0_p99_us,10,-0.7094192579999798,-1.3903742199999898,-0.017682180124971893,lower
capacity,0.85,ingress-cpu-us,0.25,steal,threshold,control_cpu_mean,10,2.286049703642,2.2283119103953255,2.343218175312425,higher
capacity,0.85,ingress-cpu-us,0.25,steal,threshold,p999_us,10,-1.3165825080000104,-2.707555309775034,0.11982812275002755,uncertain
capacity,0.85,ingress-cpu-us,0.25,steal,threshold,p99_us,10,-0.32729586599998584,-0.8179125329999579,0.0,uncertain
capacity,0.85,ingress-cpu-us,0.25,steal,threshold,slo_miss_rate,10,0.0,0.0,0.0,uncertain
capacity,0.85,ingress-cpu-us,0.25,threshold,jbsq,class0_p99_us,10,-2466.216975042,-2472.32832086795,-2460.732610677575,lower
capacity,0.85,ingress-cpu-us,0.25,threshold,jbsq,control_cpu_mean,10,4.005075580408,3.976180934131,4.0374378022004995,higher
capacity,0.85,ingress-cpu-us,0.25,threshold,jbsq,p999_us,10,-2449.5476650749997,-2456.0117576457,-2443.1771736460005,lower
capacity,0.85,ingress-cpu-us,0.25,threshold,jbsq,p99_us,10,-2439.407678785,-2447.72587448425,-2429.8781824131997,lower
capacity,0.85,ingress-cpu-us,0.25,threshold,jbsq,slo_miss_rate,10,0.0,0.0,0.0,uncertain
capacity,0.85,ingress-cpu-us,0.25,threshold,jsw,class0_p99_us,10,-0.9947114389999797,-1.8051574789000158,-0.1620253788999955,lower
capacity,0.85,ingress-cpu-us,0.25,threshold,jsw,control_cpu_mean,10,3.6066755804040005,3.577780934127001,3.639037802196501,higher
capacity,0.85,ingress-cpu-us,0.25,threshold,jsw,p999_us,10,-0.531354354999985,-1.6209162109999624,0.5303548320000118,uncertain
capacity,0.85,ingress-cpu-us,0.25,threshold,jsw,p99_us,10,-0.6947682239999949,-1.2250689660000034,-0.17410949699999492,lower
capacity,0.85,ingress-cpu-us,0.25,threshold,jsw,slo_miss_rate,10,0.0,0.0,0.0,uncertain
capacity,0.85,ingress-cpu-us,0.25,threshold,qbr,class0_p99_us,10,-0.4913766429999896,-1.155253387999983,0.17668860099997802,uncertain
capacity,0.85,ingress-cpu-us,0.25,threshold,qbr,control_cpu_mean,10,1.703286497829,1.6774467674142748,1.7322902283544004,higher
capacity,0.85,ingress-cpu-us,0.25,threshold,qbr,p999_us,10,0.03720610300001681,-0.6922781010000107,0.768076936000034,uncertain
capacity,0.85,ingress-cpu-us,0.25,threshold,qbr,p99_us,10,-0.5243734649999852,-1.0583889449999788,0.0,uncertain
capacity,0.85,ingress-cpu-us,0.25,threshold,qbr,slo_miss_rate,10,0.0,0.0,0.0,uncertain
capacity,0.85,ingress-cpu-us,0.25,threshold,steal,class0_p99_us,10,0.7094192579999798,0.017682180124971865,1.3903742199999898,higher
capacity,0.85,ingress-cpu-us,0.25,threshold,steal,control_cpu_mean,10,-2.286049703642,-2.343218175312425,-2.2283119103953255,lower
capacity,0.85,ingress-cpu-us,0.25,threshold,steal,p999_us,10,1.3165825080000104,-0.11982812275002855,2.707555309775034,uncertain
capacity,0.85,ingress-cpu-us,0.25,threshold,steal,p99_us,10,0.32729586599998584,0.0,0.8179125329999579,uncertain
capacity,0.85,ingress-cpu-us,0.25,threshold,steal,slo_miss_rate,10,0.0,0.0,0.0,uncertain
capacity,0.85,max-batch,1,jbsq,jsw,class0_p99_us,10,-9.7445320232,-16.125565415822503,-3.949686710587503,lower
capacity,0.85,max-batch,1,jbsq,jsw,control_cpu_mean,10,-0.398400000004,-0.398400000004,-0.398400000004,lower
capacity,0.85,max-batch,1,jbsq,jsw,p999_us,10,118.64461003939998,111.02223306410498,126.45883199960998,higher
capacity,0.85,max-batch,1,jbsq,jsw,p99_us,10,-6.629217881299996,-7.7578070987175005,-5.333265840999997,lower
capacity,0.85,max-batch,1,jbsq,jsw,slo_miss_rate,10,-9.661255400369999,-10.48412230097825,-8.780209442620249,lower
capacity,0.85,max-batch,1,jbsq,qbr,class0_p99_us,10,-8.744486696300005,-14.920790359830004,-3.2327670772350046,lower
capacity,0.85,max-batch,1,jbsq,qbr,control_cpu_mean,10,-2.437994907428,-2.4490112945509503,-2.42774660983115,lower
capacity,0.85,max-batch,1,jbsq,qbr,p999_us,10,124.79395852579998,116.04750222553997,134.19794705125247,higher
capacity,0.85,max-batch,1,jbsq,qbr,p99_us,10,-6.924245965399999,-8.120948807922499,-5.7093526776425,lower
capacity,0.85,max-batch,1,jbsq,qbr,slo_miss_rate,10,-9.60897564758,-10.4561645784055,-8.761432378937748,lower
capacity,0.85,max-batch,1,jbsq,steal,class0_p99_us,10,-8.545825659600002,-15.297813306617506,-2.5717423540225037,lower
capacity,0.85,max-batch,1,jbsq,steal,control_cpu_mean,10,-4.05896797291,-4.09060208093525,-4.023612863328351,lower
capacity,0.85,max-batch,1,jbsq,steal,p999_us,10,119.66053980809997,111.365711834435,128.30379549150246,higher
capacity,0.85,max-batch,1,jbsq,steal,p99_us,10,-6.565131476199997,-7.905740256395,-5.19220279349,lower
capacity,0.85,max-batch,1,jbsq,steal,slo_miss_rate,10,-9.379690302519998,-10.2060508638765,-8.545662558651252,lower
capacity,0.85,max-batch,1,jbsq,threshold,class0_p99_us,10,-9.170374984600002,-16.034506856817508,-3.134335600365012,lower
capacity,0.85,max-batch,1,jbsq,threshold,control_cpu_mean,10,-4.53010988556,-4.560386677085826,-4.500936223387825,lower
capacity,0.85,max-batch,1,jbsq,threshold,p999_us,10,117.8801602341,107.95345220083999,127.649495434585,higher
capacity,0.85,max-batch,1,jbsq,threshold,p99_us,10,-6.2240029031999935,-7.406839297792494,-4.919479767172495,lower
capacity,0.85,max-batch,1,jbsq,threshold,slo_miss_rate,10,-9.5001057493,-10.367642193555001,-8.56715224538725,lower
capacity,0.85,max-batch,1,jsw,jbsq,class0_p99_us,10,9.7445320232,3.949686710587499,16.1255654158225,higher
capacity,0.85,max-batch,1,jsw,jbsq,control_cpu_mean,10,0.398400000004,0.398400000004,0.398400000004,higher
capacity,0.85,max-batch,1,jsw,jbsq,p999_us,10,-118.64461003939998,-126.45883199961,-111.02223306410498,lower
capacity,0.85,max-batch,1,jsw,jbsq,p99_us,10,6.629217881299996,5.333265840999997,7.7578070987175,higher
capacity,0.85,max-batch,1,jsw,jbsq,slo_miss_rate,10,9.661255400369999,8.780209442620249,10.48412230097825,higher
capacity,0.85,max-batch,1,jsw,qbr,class0_p99_us,10,1.0000453268999947,-0.3739334333450095,2.432776745079998,uncertain
capacity,0.85,max-batch,1,jsw,qbr,control_cpu_mean,10,-2.0395949074239996,-2.05061129454695,-2.02934660982715,lower
capacity,0.85,max-batch,1,jsw,qbr,p999_us,10,6.149348486400004,1.576095024597503,9.64528796904749,higher
capacity,0.85,max-batch,1,jsw,qbr,p99_us,10,-0.29502808410000225,-0.9974189122675016,0.35274937059499584,uncertain
capacity,0.85,max-batch,1,jsw,qbr,slo_miss_rate,10,0.05227975279000069,-0.12242218433224876,0.2333222176487504,uncertain
capacity,0.85,max-batch,1,jsw,steal,class0_p99_us,10,1.1987063635999973,-0.07024898779999518,2.597116810067489,uncertain
capacity,0.85,max-batch,1,jsw,steal,control_cpu_mean,10,-3.660567972906,-3.69220208093125,-3.625212863324351,lower
capacity,0.85,max-batch,1,jsw,steal,p999_us,10,1.0159297687000048,-4.343713766742483,6.555802335397495,uncertain
capacity,0.85,max-batch,1,jsw,steal,p99_us,10,0.06408640509999941,-0.4445073937424983,0.5335428499424952,uncertain
capacity,0.85,max-batch,1,jsw,steal,slo_miss_rate,10,0.2815650978500006,0.15445371600825178,0.3929489479800008,higher
capacity,0.85,max-batch,1,jsw,threshold,class0_p99_us,10,0.5741570385999978,-0.6599505204650065,1.7740727353499992,uncertain
capacity,0.85,max-batch,1,jsw,threshold,control_cpu_mean,10,-4.131709885556001,-4.161986677081825,-4.102536223383825,lower
capacity,0.85,max-batch,1,jsw,threshold,p999_us,10,-0.764449805299995,-8.301077308635,7.4511786632899915,uncertain
capacity,0.85,max-batch,1,jsw,threshold,p99_us,10,0.40521497810000257,0.1019636072000064,0.7212744420675016,higher
capacity,0.85,max-batch,1,jsw,threshold,slo_miss_rate,10,0.16114965107000032,-0.004734407999500093,0.31125930167550053,uncertain
capacity,0.85,max-batch,1,qbr,jbsq,class0_p99_us,10,8.744486696300005,3.2327670772350032,14.920790359829997,higher
capacity,0.85,max-batch,1,qbr,jbsq,control_cpu_mean,10,2.437994907428,2.42774660983115,2.4490112945509503,higher
capacity,0.85,max-batch,1,qbr,jbsq,p999_us,10,-124.79395852579998,-134.19794705125247,-116.04750222553999,lower
capacity,0.85,max-batch,1,qbr,jbsq,p99_us,10,6.924245965399999,5.7093526776425,8.120948807922497,higher
capacity,0.85,max-batch,1,qbr,jbsq,slo_miss_rate,10,9.60897564758,8.761432378937748,10.456164578405499,higher
capacity,0.85,max-batch,1,qbr,jsw,class0_p99_us,10,-1.0000453268999947,-2.432776745079999,0.37393343334500906,uncertain
capacity,0.85,max-batch,1,qbr,jsw,control_cpu_mean,10,2.0395949074239996,2.02934660982715,2.05061129454695,higher
capacity,0.85,max-batch,1,qbr,jsw,p999_us,10,-6.149348486400004,-9.645287969047493,-1.5760950245975045,lower
capacity,0.85,max-batch,1,qbr,jsw,p99_us,10,0.29502808410000225,-0.3527493705949959,0.9974189122675015,uncertain
capacity,0.85,max-batch,1,qbr,jsw,slo_miss_rate,10,-0.05227975279000069,-0.2333222176487504,0.12242218433224875,uncertain
capacity,0.85,max-batch,1,qbr,steal,class0_p99_us,10,0.19866103670000257,-1.0219130094249933,1.3847372125775008,uncertain
capacity,0.85,max-batch,1,qbr,steal,control_cpu_mean,10,-1.620973065482,-1.6593137227918249,-1.578634831835025,lower
capacity,0.85,max-batch,1,qbr,steal,p999_us,10,-5.133418717699999,-10.051034428087489,0.1270775392099989,uncertain
capacity,0.85,max-batch,1,qbr,steal,p99_us,10,0.35911448920000166,-0.4637848369125004,1.2152900949000043,uncertain
capacity,0.85,max-batch,1,qbr,steal,slo_miss_rate,10,0.22928534505999992,0.10662421610374843,0.37529925580175066,higher
capacity,0.85,max-batch,1,qbr,threshold,class0_p99_us,10,-0.425888288299997,-1.3722109903324993,0.5532594819950021,uncertain
capacity,0.85,max-batch,1,qbr,threshold,control_cpu_mean,10,-2.092114978132,-2.116478831183,-2.068385944573975,lower
capacity,0.85,max-batch,1,qbr,threshold,p999_us,10,-6.913798291699999,-15.461067623525013,2.590038018022498,uncertain
capacity,0.85,max-batch,1,qbr,threshold,p99_us,10,0.7002430622000049,0.09426347132750473,1.3817778940249987,higher
capacity,0.85,max-batch,1,qbr,threshold,slo_miss_rate,10,0.1088698982799996,-0.06829565814274903,0.28182358250249906,uncertain
capacity,0.85,max-batch,1,steal,jbsq,class0_p99_us,10,8.545825659600002,2.5717423540225024,15.297813306617506,higher
capacity,0.85,max-batch,1,steal,jbsq,control_cpu_mean,10,4.05896797291,4.023612863328351,4.09060208093525,higher
capacity,0.85,max-batch,1,steal,jbsq,p999_us,10,-119.66053980809997,-128.30379549150246,-111.36571183443502,lower
capacity,0.85,max-batch,1,steal,jbsq,p99_us,10,6.565131476199997,5.192202793489999,7.905740256395,higher
capacity,0.85,max-batch,1,steal,jbsq,slo_miss_rate,10,9.379690302519998,8.54566255865125,10.2060508638765,higher
capacity,0.85,max-batch,1,steal,jsw,class0_p99_us,10,-1.1987063635999973,-2.5971168100674893,0.07024898779999518,uncertain
capacity,0.85,max-batch,1,steal,jsw,control_cpu_mean,10,3.660567972906,3.625212863324351,3.69220208093125,higher
capacity,0.85,max-batch,1,steal,jsw,p999_us,10,-1.0159297687000048,-6.555802335397503,4.343713766742481,uncertain
capacity,0.85,max-batch,1,steal,jsw,p99_us,10,-0.06408640509999941,-0.5335428499424952,0.4445073937424982,uncertain
capacity,0.85,max-batch,1,steal,jsw,slo_miss_rate,10,-0.2815650978500006,-0.3929489479800008,-0.1544537160082518,lower
capacity,0.85,max-batch,1,steal,qbr,class0_p99_us,10,-0.19866103670000257,-1.384737212577501,1.0219130094249926,uncertain
capacity,0.85,max-batch,1,steal,qbr,control_cpu_mean,10,1.620973065482,1.578634831835025,1.6593137227918247,higher
capacity,0.85,max-batch,1,steal,qbr,p999_us,10,5.133418717699999,-0.12707753920999906,10.051034428087483,uncertain
capacity,0.85,max-batch,1,steal,qbr,p99_us,10,-0.35911448920000166,-1.2152900949000043,0.46378483691249983,uncertain
capacity,0.85,max-batch,1,steal,qbr,slo_miss_rate,10,-0.22928534505999992,-0.3752992558017508,-0.10662421610374864,lower
capacity,0.85,max-batch,1,steal,threshold,class0_p99_us,10,-0.6245493249999996,-1.5383086172775053,0.2995345590999989,uncertain
capacity,0.85,max-batch,1,steal,threshold,control_cpu_mean,10,-0.47114191264999994,-0.5321820787765249,-0.4135138676269751,lower
capacity,0.85,max-batch,1,steal,threshold,p999_us,10,-1.780379574,-9.144594342297507,5.631204992652502,uncertain
capacity,0.85,max-batch,1,steal,threshold,p99_us,10,0.34112857300000315,-0.15293929677749188,0.8548692103999997,uncertain
capacity,0.85,max-batch,1,steal,threshold,slo_miss_rate,10,-0.12041544678000031,-0.3062588841522506,0.05987295560074969,uncertain
capacity,0.85,max-batch,1,threshold,jbsq,class0_p99_us,10,9.170374984600002,3.1343356003650045,16.034506856817508,higher
capacity,0.85,max-batch,1,threshold,jbsq,control_cpu_mean,10,4.53010988556,4.500936223387825,4.560386677085826,higher
capacity,0.85,max-batch,1,threshold,jbsq,p999_us,10,-117.8801602341,-127.649495434585,-107.95345220083999,lower
capacity,0.85,max-batch,1,threshold,jbsq,p99_us,10,6.2240029031999935,4.919479767172494,7.4068392977924935,higher
capacity,0.85,max-batch,1,threshold,jbsq,slo_miss_rate,10,9.5001057493,8.56715224538725,10.367642193555,higher
capacity,0.85,max-batch,1,threshold,jsw,class0_p99_us,10,-0.5741570385999978,-1.7740727353499994,0.6599505204650059,uncertain
capacity,0.85,max-batch,1,threshold,jsw,control_cpu_mean,10,4.131709885556001,4.102536223383825,4.161986677081825,higher
capacity,0.85,max-batch,1,threshold,jsw,p999_us,10,0.764449805299995,-7.45117866329,8.301077308635,uncertain
capacity,0.85,max-batch,1,threshold,jsw,p99_us,10,-0.40521497810000257,-0.7212744420675017,-0.1019636072000064,lower
capacity,0.85,max-batch,1,threshold,jsw,slo_miss_rate,10,-0.16114965107000032,-0.3112593016755006,0.004734407999499949,uncertain
capacity,0.85,max-batch,1,threshold,qbr,class0_p99_us,10,0.425888288299997,-0.5532594819950036,1.3722109903324975,uncertain
capacity,0.85,max-batch,1,threshold,qbr,control_cpu_mean,10,2.092114978132,2.068385944573975,2.116478831183,higher
capacity,0.85,max-batch,1,threshold,qbr,p999_us,10,6.913798291699999,-2.5900380180224993,15.461067623525,uncertain
capacity,0.85,max-batch,1,threshold,qbr,p99_us,10,-0.7002430622000049,-1.381777894024999,-0.09426347132750536,lower
capacity,0.85,max-batch,1,threshold,qbr,slo_miss_rate,10,-0.1088698982799996,-0.28182358250249917,0.06829565814274902,uncertain
capacity,0.85,max-batch,1,threshold,steal,class0_p99_us,10,0.6245493249999996,-0.2995345590999989,1.5383086172775051,uncertain
capacity,0.85,max-batch,1,threshold,steal,control_cpu_mean,10,0.47114191264999994,0.413513867626975,0.5321820787765248,higher
capacity,0.85,max-batch,1,threshold,steal,p999_us,10,1.780379574,-5.631204992652504,9.144594342297506,uncertain
capacity,0.85,max-batch,1,threshold,steal,p99_us,10,-0.34112857300000315,-0.8548692103999997,0.15293929677749157,uncertain
capacity,0.85,max-batch,1,threshold,steal,slo_miss_rate,10,0.12041544678000031,-0.05987295560074984,0.3062588841522505,uncertain
capacity,0.85,max-batch,16,jbsq,jsw,class0_p99_us,10,-9.7445320232,-16.125565415822503,-3.949686710587503,lower
capacity,0.85,max-batch,16,jbsq,jsw,control_cpu_mean,10,-0.398400000004,-0.398400000004,-0.398400000004,lower
capacity,0.85,max-batch,16,jbsq,jsw,p999_us,10,118.64461003939998,111.02223306410498,126.45883199960998,higher
capacity,0.85,max-batch,16,jbsq,jsw,p99_us,10,-6.629217881299996,-7.7578070987175005,-5.333265840999997,lower
capacity,0.85,max-batch,16,jbsq,jsw,slo_miss_rate,10,-9.661255400369999,-10.48412230097825,-8.780209442620249,lower
capacity,0.85,max-batch,16,jbsq,qbr,class0_p99_us,10,-9.703328715300001,-16.409459893294994,-3.494529765987508,lower
capacity,0.85,max-batch,16,jbsq,qbr,control_cpu_mean,10,-2.4490999185230002,-2.46179553345985,-2.437261258927975,lower
capacity,0.85,max-batch,16,jbsq,qbr,p999_us,10,118.89108150940001,112.60919637599001,126.11598024804499,higher
capacity,0.85,max-batch,16,jbsq,qbr,p99_us,10,-6.354148281399998,-7.6029264610124985,-4.968487906794994,lower
capacity,0.85,max-batch,16,jbsq,qbr,slo_miss_rate,10,-9.590435253189998,-10.406168859063753,-8.729915364238497,lower
capacity,0.85,max-batch,16,jbsq,steal,class0_p99_us,10,-8.505470054800002,-14.991231487819999,-2.712910521045004,lower
capacity,0.85,max-batch,16,jbsq,steal,control_cpu_mean,10,-4.575553111746,-4.637314307559751,-4.509854047983325,lower
capacity,0.85,max-batch,16,jbsq,steal,p999_us,10,123.83170804559998,114.20089709083746,133.361340959365,higher
capacity,0.85,max-batch,16,jbsq,steal,p99_us,10,-6.0558352256999965,-7.110878083439998,-4.939893694297499,lower
capacity,0.85,max-batch,16,jbsq,steal,slo_miss_rate,10,-9.45699291967,-10.277641623069501,-8.552273046076252,lower
capacity,0.85,max-batch,16,jbsq,threshold,class0_p99_us,10,-8.536804159800003,-15.251827424867505,-2.4520129585850032,lower
capacity,0.85,max-batch,16,jbsq,threshold,control_cpu_mean,10,-4.612329326744,-4.64127714600385,-4.58473533741735,lower
capacity,0.85,max-batch,16,jbsq,threshold,p999_us,10,121.31710529909999,110.7938446441175,132.24670564734495,higher
capacity,0.85,max-batch,16,jbsq,threshold,p99_us,10,-6.408952358699994,-7.6862134967475,-5.0429022644725,lower
capacity,0.85,max-batch,16,jbsq,threshold,slo_miss_rate,10,-9.6152337508,-10.508905208656751,-8.710788703273247,lower
capacity,0.85,max-batch,16,jsw,jbsq,class0_p99_us,10,9.7445320232,3.949686710587499,16.1255654158225,higher
capacity,0.85,max-batch,16,jsw,jbsq,control_cpu_mean,10,0.398400000004,0.398400000004,0.398400000004,higher
capacity,0.85,max-batch,16,jsw,jbsq,p999_us,10,-118.64461003939998,-126.45883199961,-111.02223306410498,lower
capacity,0.85,max-batch,16,jsw,jbsq,p99_us,10,6.629217881299996,5.333265840999997,7.7578070987175,higher
capacity,0.85,max-batch,16,jsw,jbsq,slo_miss_rate,10,9.661255400369999,8.780209442620249,10.48412230097825,higher
capacity,0.85,max-batch,16,jsw,qbr,class0_p99_us,10,0.041203307899998265,-2.0163418352675007,1.6705591910849957,uncertain
capacity,0.85,max-batch,16,jsw,qbr,control_cpu_mean,10,-2.0506999185190002,-2.06339553345585,-2.038861258923975,lower
capacity,0.85,max-batch,16,jsw,qbr,p999_us,10,0.24647147000000585,-7.45794222297498,7.002595573500008,uncertain
capacity,0.85,max-batch,16,jsw,qbr,p99_us,10,0.2750695998999987,-0.3972251255050046,0.931201311437492,uncertain
capacity,0.85,max-batch,16,jsw,qbr,slo_miss_rate,10,0.07082014718000074,-0.12176852758999816,0.24280357527700025,uncertain
capacity,0.85,max-batch,16,jsw,steal,class0_p99_us,10,1.2390619683999986,0.37019491109499475,1.9627553615199986,higher
capacity,0.85,max-batch,16,jsw,steal,control_cpu_mean,10,-4.177153111742,-4.238914307555751,-4.111454047979325,lower
capacity,0.85,max-batch,16,jsw,steal,p999_us,10,5.1870980062,-0.8038493270774901,11.644872179667487,uncertain
capacity,0.85,max-batch,16,jsw,steal,p99_us,10,0.5733826555999997,-0.06783893159999935,1.177209396392498,uncertain
capacity,0.85,max-batch,16,jsw,steal,slo_miss_rate,10,0.2042624807000001,0.06456456765275023,0.3443414255372503,higher
capacity,0.85,max-batch,16,jsw,threshold,class0_p99_us,10,1.2077278633999982,-0.2529016048000045,2.5086236178699948,uncertain
capacity,0.85,max-batch,16,jsw,threshold,control_cpu_mean,10,-4.21392932674,-4.2428771459998496,-4.186335337413349,lower
capacity,0.85,max-batch,16,jsw,threshold,p999_us,10,2.672495259699997,-5.066549769935016,9.90363209904,uncertain
capacity,0.85,max-batch,16,jsw,threshold,p99_us,10,0.22026552260000187,-0.3046834374599962,0.749614753299997,uncertain
capacity,0.85,max-batch,16,jsw,threshold,slo_miss_rate,10,0.046021649570000545,-0.1064489123087488,0.20821858828625034,uncertain
capacity,0.85,max-batch,16,qbr,jbsq,class0_p99_us,10,9.703328715300001,3.494529765987506,16.40945989329498,higher
capacity,0.85,max-batch,16,qbr,jbsq,control_cpu_mean,10,2.4490999185230002,2.437261258927975,2.46179553345985,higher
capacity,0.85,max-batch,16,qbr,jbsq,p999_us,10,-118.89108150940001,-126.11598024804499,-112.60919637599001,lower
capacity,0.85,max-batch,16,qbr,jbsq,p99_us,10,6.354148281399998,4.968487906794994,7.6029264610124985,higher
capacity,0.85,max-batch,16,qbr,jbsq,slo_miss_rate,10,9.590435253189998,8.729915364238497,10.406168859063753,higher
capacity,0.85,max-batch,16,qbr,jsw,class0_p99_us,10,-0.041203307899998265,-1.670559191084996,2.0163418352675,uncertain
capacity,0.85,max-batch,16,qbr,jsw,control_cpu_mean,10,2.0506999185190002,2.038861258923975,2.06339553345585,higher
capacity,0.85,max-batch,16,qbr,jsw,p999_us,10,-0.24647147000000585,-7.002595573500008,7.457942222974974,uncertain
capacity,0.85,max-batch,16,qbr,jsw,p99_us,10,-0.2750695998999987,-0.9312013114374922,0.39722512550500444,uncertain
capacity,0.85,max-batch,16,qbr,jsw,slo_miss_rate,10,-0.07082014718000074,-0.24280357527700033,0.12176852758999801,uncertain
capacity,0.85,max-batch,16,qbr,steal,class0_p99_us,10,1.1978586605000003,-0.013769343100000265,2.5590887468874977,uncertain
capacity,0.85,max-batch,16,qbr,steal,control_cpu_mean,10,-2.126453193223,-2.194948658767275,-2.0517162119061503,lower
capacity,0.85,max-batch,16,qbr,steal,p999_us,10,4.940626536199995,-1.4484429936450196,10.656930144487491,uncertain
capacity,0.85,max-batch,16,qbr,steal,p99_us,10,0.298313055700001,-0.4834361017025026,1.0865188744824967,uncertain
capacity,0.85,max-batch,16,qbr,steal,slo_miss_rate,10,0.1334423335199994,-0.05230101245800055,0.3342766704269977,uncertain
capacity,0.85,max-batch,16,qbr,threshold,class0_p99_us,10,1.1665245555,0.0825320073449958,2.2979829001350005,higher
capacity,0.85,max-batch,16,qbr,threshold,control_cpu_mean,10,-2.1632294082210004,-2.1814990765043,-2.1457764246918494,lower
capacity,0.85,max-batch,16,qbr,threshold,p999_us,10,2.426023789699991,-6.8039716923175,11.52531533795246,uncertain
capacity,0.85,max-batch,16,qbr,threshold,p99_us,10,-0.05480407729999683,-0.7420333808374939,0.6418655100325039,uncertain
capacity,0.85,max-batch,16,qbr,threshold,slo_miss_rate,10,-0.024798497610000192,-0.2298638830257495,0.19097778254299905,uncertain
capacity,0.85,max-batch,16,steal,jbsq,class0_p99_us,10,8.505470054800002,2.7129105210450035,14.991231487819988,higher
capacity,0.85,max-batch,16,steal,jbsq,control_cpu_mean,10,4.575553111746,4.509854047983325,4.637314307559751,higher
capacity,0.85,max-batch,16,steal,jbsq,p999_us,10,-123.83170804559998,-133.361340959365,-114.20089709083747,lower
capacity,0.85,max-batch,16,steal,jbsq,p99_us,10,6.0558352256999965,4.939893694297498,7.110878083439996,higher
capacity,0.85,max-batch,16,steal,jbsq,slo_miss_rate,10,9.45699291967,8.552273046076252,10.277641623069501,higher
capacity,0.85,max-batch,16,steal,jsw,class0_p99_us,10,-1.2390619683999986,-1.9627553615199993,-0.3701949110949959,lower
capacity,0.85,max-batch,16,steal,jsw,control_cpu_mean,10,4.177153111742,4.111454047979325,4.238914307555751,higher
capacity,0.85,max-batch,16,steal,jsw,p999_us,10,-5.1870980062,-11.644872179667491,0.803849327077487,uncertain
capacity,0.85,max-batch,16,steal,jsw,p99_us,10,-0.5733826555999997,-1.1772093963924986,0.06783893159999935,uncertain
capacity,0.85,max-batch,16,steal,jsw,slo_miss_rate,10,-0.2042624807000001,-0.3443414255372504,-0.06456456765275027,lower
capacity,0.85,max-batch,16,steal,qbr,class0_p99_us,10,-1.1978586605000003,-2.559088746887499,0.013769343099999736,uncertain
capacity,0.85,max-batch,16,steal,qbr,control_cpu_mean,10,2.126453193223,2.0517162119061503,2.194948658767275,higher
capacity,0.85,max-batch,16,steal,qbr,p999_us,10,-4.940626536199995,-10.656930144487491,1.4484429936450067,uncertain
capacity,0.85,max-batch,16,steal,qbr,p99_us,10,-0.298313055700001,-1.0865188744824974,0.4834361017025022,uncertain
capacity,0.85,max-batch,16,steal,qbr,slo_miss_rate,10,-0.1334423335199994,-0.3342766704269979,0.05230101245800049,uncertain
capacity,0.85,max-batch,16,steal,threshold,class0_p99_us,10,-0.031334105000000535,-1.2062929832550047,1.0667177465624973,uncertain
capacity,0.85,max-batch,16,steal,threshold,control_cpu_mean,10,-0.036776214997999844,-0.12564842126332498,0.04388875752657523,uncertain
capacity,0.85,max-batch,16,steal,threshold,p999_us,10,-2.514602746500003,-12.391401908207506,5.536901491552485,uncertain
capacity,0.85,max-batch,16,steal,threshold,p99_us,10,-0.3531171329999978,-0.8254498909749988,0.09151962060000188,uncertain
capacity,0.85,max-batch,16,steal,threshold,slo_miss_rate,10,-0.1582408311299996,-0.36227907005174903,0.07385180035749991,uncertain
capacity,0.85,max-batch,16,threshold,jbsq,class0_p99_us,10,8.536804159800003,2.4520129585849997,15.251827424867505,higher
capacity,0.85,max-batch,16,threshold,jbsq,control_cpu_mean,10,4.612329326744,4.58473533741735,4.64127714600385,higher
capacity,0.85,max-batch,16,threshold,jbsq,p999_us,10,-121.31710529909999,-132.24670564734498,-110.7938446441175,lower
capacity,0.85,max-batch,16,threshold,jbsq,p99_us,10,6.408952358699994,5.0429022644725,7.6862134967474995,higher
capacity,0.85,max-batch,16,threshold,jbsq,slo_miss_rate,10,9.6152337508,8.710788703273247,10.50890520865675,higher
capacity,0.85,max-batch,16,threshold,jsw,class0_p99_us,10,-1.2077278633999982,-2.508623617870001,0.2529016048000045,uncertain
capacity,0.85,max-batch,16,threshold,jsw,control_cpu_mean,10,4.21392932674,4.186335337413349,4.2428771459998496,higher
capacity,0.85,max-batch,16,threshold,jsw,p999_us,10,-2.672495259699997,-9.903632099040001,5.066549769935014,uncertain
capacity,0.85,max-batch,16,threshold,jsw,p99_us,10,-0.22026552260000187,-0.749614753299997,0.30468343745999577,uncertain
capacity,0.85,max-batch,16,threshold,jsw,slo_miss_rate,10,-0.046021649570000545,-0.20821858828625053,0.10644891230874877,uncertain
capacity,0.85,max-batch,16,threshold,qbr,class0_p99_us,10,-1.1665245555,-2.297982900135001,-0.08253200734499586,lower
capacity,0.85,max-batch,16,threshold,qbr,control_cpu_mean,10,2.1632294082210004,2.1457764246918494,2.1814990765043,higher
capacity,0.85,max-batch,16,threshold,qbr,p999_us,10,-2.426023789699991,-11.525315337952472,6.803971692317496,uncertain
capacity,0.85,max-batch,16,threshold,qbr,p99_us,10,0.05480407729999683,-0.6418655100325049,0.7420333808374937,uncertain
capacity,0.85,max-batch,16,threshold,qbr,slo_miss_rate,10,0.024798497610000192,-0.19097778254299916,0.22986388302574948,uncertain
capacity,0.85,max-batch,16,threshold,steal,class0_p99_us,10,0.031334105000000535,-1.066717746562498,1.2062929832550047,uncertain
capacity,0.85,max-batch,16,threshold,steal,control_cpu_mean,10,0.036776214997999844,-0.04388875752657524,0.12564842126332484,uncertain
capacity,0.85,max-batch,16,threshold,steal,p999_us,10,2.514602746500003,-5.536901491552496,12.391401908207504,uncertain
capacity,0.85,max-batch,16,threshold,steal,p99_us,10,0.3531171329999978,-0.09151962060000188,0.8254498909749984,uncertain
capacity,0.85,max-batch,16,threshold,steal,slo_miss_rate,10,0.1582408311299996,-0.07385180035749994,0.3622790700517489,uncertain
capacity,0.85,max-batch,32,jbsq,jsw,class0_p99_us,10,-9.7445320232,-16.125565415822503,-3.949686710587503,lower
capacity,0.85,max-batch,32,jbsq,jsw,control_cpu_mean,10,-0.398400000004,-0.398400000004,-0.398400000004,lower
capacity,0.85,max-batch,32,jbsq,jsw,p999_us,10,118.64461003939998,111.02223306410498,126.45883199960998,higher
capacity,0.85,max-batch,32,jbsq,jsw,p99_us,10,-6.629217881299996,-7.7578070987175005,-5.333265840999997,lower
capacity,0.85,max-batch,32,jbsq,jsw,slo_miss_rate,10,-9.661255400369999,-10.48412230097825,-8.780209442620249,lower
capacity,0.85,max-batch,32,jbsq,qbr,class0_p99_us,10,-8.578041108399999,-15.5664638372,-2.731593845765,lower
capacity,0.85,max-batch,32,jbsq,qbr,control_cpu_mean,10,-2.467789393863,-2.482533502602,-2.453609319146525,lower
capacity,0.85,max-batch,32,jbsq,qbr,p999_us,10,119.11801326109999,108.8208172523425,129.45271943143248,higher
capacity,0.85,max-batch,32,jbsq,qbr,p99_us,10,-6.343371008199997,-7.806945663182498,-4.848633111637501,lower
capacity,0.85,max-batch,32,jbsq,qbr,slo_miss_rate,10,-9.61893497462,-10.440715276298999,-8.758185498642,lower
capacity,0.85,max-batch,32,jbsq,steal,class0_p99_us,10,-9.280684558200004,-15.239070888362503,-3.745426274037504,lower
capacity,0.85,max-batch,32,jbsq,steal,control_cpu_mean,10,-5.088755583582,-5.1601136670528,-5.006871869137,lower
capacity,0.85,max-batch,32,jbsq,steal,p999_us,10,122.10556638999999,112.02901852584749,133.28311729846004,higher
capacity,0.85,max-batch,32,jbsq,steal,p99_us,10,-6.076751874599995,-7.054857603842493,-4.985570885354993,lower
capacity,0.85,max-batch,32,jbsq,steal,slo_miss_rate,10,-9.5343362927,-10.418624748845753,-8.598375843804002,lower
capacity,0.85,max-batch,32,jbsq,threshold,class0_p99_us,10,-8.715472647900004,-15.282865501200003,-2.997147007560008,lower
capacity,0.85,max-batch,32,jbsq,threshold,control_cpu_mean,10,-4.724807338636,-4.753698618639775,-4.696079598912201,lower
capacity,0.85,max-batch,32,jbsq,threshold,p999_us,10,122.2611560681,112.93008506240247,130.9976967544825,higher
capacity,0.85,max-batch,32,jbsq,threshold,p99_us,10,-6.440678013799999,-7.667536698530011,-5.113559466592498,lower
capacity,0.85,max-batch,32,jbsq,threshold,slo_miss_rate,10,-9.52037278322,-10.362772464264001,-8.684700162550753,lower
capacity,0.85,max-batch,32,jsw,jbsq,class0_p99_us,10,9.7445320232,3.949686710587499,16.1255654158225,higher
capacity,0.85,max-batch,32,jsw,jbsq,control_cpu_mean,10,0.398400000004,0.398400000004,0.398400000004,higher
capacity,0.85,max-batch,32,jsw,jbsq,p999_us,10,-118.64461003939998,-126.45883199961,-111.02223306410498,lower
capacity,0.85,max-batch,32,jsw,jbsq,p99_us,10,6.629217881299996,5.333265840999997,7.7578070987175,higher
capacity,0.85,max-batch,32,jsw,jbsq,slo_miss_rate,10,9.661255400369999,8.780209442620249,10.48412230097825,higher
capacity,0.85,max-batch,32,jsw,qbr,class0_p99_us,10,1.1664909148000007,-0.2667225195474951,2.5529484928174977,uncertain
capacity,0.85,max-batch,32,jsw,qbr,control_cpu_mean,10,-2.069389393859,-2.084133502598,-2.0552093191425245,lower
capacity,0.85,max-batch,32,jsw,qbr,p999_us,10,0.47340322170000493,-8.914517745057495,10.954138235635007,uncertain
capacity,0.85,max-batch,32,jsw,qbr,p99_us,10,0.2858468730999988,-0.48921461925249643,1.061351552437496,uncertain
capacity,0.85,max-batch,32,jsw,qbr,slo_miss_rate,10,0.042320425750000126,-0.13077909152399966,0.21591469936199895,uncertain
capacity,0.85,max-batch,32,jsw,steal,class0_p99_us,10,0.46384746499999635,-0.9045921706000044,1.8089667378574896,uncertain
capacity,0.85,max-batch,32,jsw,steal,control_cpu_mean,10,-4.6903555835779995,-4.7617136670488005,-4.608471869133,lower
capacity,0.85,max-batch,32,jsw,steal,p999_us,10,3.4609563506000143,-3.45905236064748,11.429302282010005,uncertain
capacity,0.85,max-batch,32,jsw,steal,p99_us,10,0.5524660067000013,0.018836407800006328,1.2220505653299973,higher
capacity,0.85,max-batch,32,jsw,steal,slo_miss_rate,10,0.12691910766999992,0.01923655350575064,0.23460201100999942,higher
capacity,0.85,max-batch,32,jsw,threshold,class0_p99_us,10,1.0290593752999968,-0.476432459185005,2.597273421402496,uncertain
capacity,0.85,max-batch,32,jsw,threshold,control_cpu_mean,10,-4.326407338632,-4.355298618635776,-4.297679598908201,lower
capacity,0.85,max-batch,32,jsw,threshold,p999_us,10,3.6165460286999975,-3.319297262867497,10.877720144332496,uncertain
capacity,0.85,max-batch,32,jsw,threshold,p99_us,10,0.18853986749999763,-0.16105652654500296,0.4791726482224991,uncertain
capacity,0.85,max-batch,32,jsw,threshold,slo_miss_rate,10,0.1408826171500005,-0.003721350970998223,0.279692053684752,uncertain
capacity,0.85,max-batch,32,qbr,jbsq,class0_p99_us,10,8.578041108399999,2.731593845764999,15.5664638372,higher
capacity,0.85,max-batch,32,qbr,jbsq,control_cpu_mean,10,2.467789393863,2.453609319146525,2.482533502602,higher
capacity,0.85,max-batch,32,qbr,jbsq,p999_us,10,-119.11801326109999,-129.4527194314325,-108.8208172523425,lower
capacity,0.85,max-batch,32,qbr,jbsq,p99_us,10,6.343371008199997,4.848633111637499,7.806945663182496,higher
capacity,0.85,max-batch,32,qbr,jbsq,slo_miss_rate,10,9.61893497462,8.758185498642,10.440715276298999,higher
capacity,0.85,max-batch,32,qbr,jsw,class0_p99_us,10,-1.1664909148000007,-2.5529484928174986,0.2667225195474934,uncertain
capacity,0.85,max-batch,32,qbr,jsw,control_cpu_mean,10,2.069389393859,2.0552093191425245,2.084133502598,higher
capacity,0.85,max-batch,32,qbr,jsw,p999_us,10,-0.47340322170000493,-10.954138235635012,8.914517745057495,uncertain
capacity,0.85,max-batch,32,qbr,jsw,p99_us,10,-0.2858468730999988,-1.0613515524374961,0.4892146192524948,uncertain
capacity,0.85,max-batch,32,qbr,jsw,slo_miss_rate,10,-0.042320425750000126,-0.21591469936199906,0.1307790915239996,uncertain
capacity,0.85,max-batch,32,qbr,steal,class0_p99_us,10,-0.7026434498000043,-1.8761227085375005,0.8362227636424954,uncertain
capacity,0.85,max-batch,32,qbr,steal,control_cpu_mean,10,-2.6209661897189998,-2.70279492532305,-2.5315060730655,lower
capacity,0.85,max-batch,32,qbr,steal,p999_us,10,2.9875531289000095,-8.157695966762507,13.765237901600017,uncertain
capacity,0.85,max-batch,32,qbr,steal,p99_us,10,0.26661913360000256,-0.609942688815002,1.2112702159700002,uncertain
capacity,0.85,max-batch,32,qbr,steal,slo_miss_rate,10,0.08459868191999981,-0.06502485704474897,0.24313670845549948,uncertain
capacity,0.85,max-batch,32,qbr,threshold,class0_p99_us,10,-0.13743153950000392,-1.5109241219625031,1.1719551808224904,uncertain
capacity,0.85,max-batch,32,qbr,threshold,control_cpu_mean,10,-2.2570179447729997,-2.2733757340423746,-2.2402539040365754,lower
capacity,0.85,max-batch,32,qbr,threshold,p999_us,10,3.1431428069999923,-7.4362776921575,12.634730608429994,uncertain
capacity,0.85,max-batch,32,qbr,threshold,p99_us,10,-0.09730700560000116,-0.8188337331225026,0.6966260072674978,uncertain
capacity,0.85,max-batch,32,qbr,threshold,slo_miss_rate,10,0.09856219140000039,-0.07679468803224948,0.26560642257675005,uncertain
capacity,0.85,max-batch,32,steal,jbsq,class0_p99_us,10,9.280684558200004,3.745426274037502,15.2390708883625,higher
capacity,0.85,max-batch,32,steal,jbsq,control_cpu_mean,10,5.088755583582,5.006871869137,5.1601136670528,higher
capacity,0.85,max-batch,32,steal,jbsq,p999_us,10,-122.10556638999999,-133.28311729846004,-112.0290185258475,lower
capacity,0.85,max-batch,32,steal,jbsq,p99_us,10,6.076751874599995,4.985570885354992,7.054857603842493,higher
capacity,0.85,max-batch,32,steal,jbsq,slo_miss_rate,10,9.5343362927,8.598375843804,10.418624748845753,higher
capacity,0.85,max-batch,32,steal,jsw,class0_p99_us,10,-0.46384746499999635,-1.8089667378574903,0.9045921706000044,uncertain
capacity,0.85,max-batch,32,steal,jsw,control_cpu_mean,10,4.6903555835779995,4.608471869133,4.7617136670488005,higher
capacity,0.85,max-batch,32,steal,jsw,p999_us,10,-3.4609563506000143,-11.429302282010008,3.459052360647479,uncertain
capacity,0.85,max-batch,32,steal,jsw,p99_us,10,-0.5524660067000013,-1.222050565329998,-0.018836407800006328,lower
capacity,0.85,max-batch,32,steal,jsw,slo_miss_rate,10,-0.12691910766999992,-0.23460201100999942,-0.019236553505750643,lower
capacity,0.85,max-batch,32,steal,qbr,class0_p99_us,10,0.7026434498000043,-0.836222763642496,1.8761227085374996,uncertain
capacity,0.85,max-batch,32,steal,qbr,control_cpu_mean,10,2.6209661897189998,2.5315060730655,2.70279492532305,higher
capacity,0.85,max-batch,32,steal,qbr,p999_us,10,-2.9875531289000095,-13.765237901600017,8.157695966762503,uncertain
capacity,0.85,max-batch,32,steal,qbr,p99_us,10,-0.26661913360000256,-1.2112702159700006,0.6099426888150015,uncertain
capacity,0.85,max-batch,32,steal,qbr,slo_miss_rate,10,-0.08459868191999981,-0.24313670845549967,0.06502485704474893,uncertain
capacity,0.85,max-batch,32,steal,threshold,class0_p99_us,10,0.5652119103000004,-0.5387519999725038,1.6424504092075065,uncertain
capacity,0.85,max-batch,32,steal,threshold,control_cpu_mean,10,0.3639482449460002,0.2623487744894501,0.45665443958932495,higher
capacity,0.85,max-batch,32,steal,threshold,p999_us,10,0.1555896780999831,-9.376788665165023,10.189774356462479,uncertain
capacity,0.85,max-batch,32,steal,threshold,p99_us,10,-0.3639261392000037,-0.9826333291475011,0.18750501856499643,uncertain
capacity,0.85,max-batch,32,steal,threshold,slo_miss_rate,10,0.01396350948000058,-0.16300421063074924,0.2085650969120007,uncertain
capacity,0.85,max-batch,32,threshold,jbsq,class0_p99_us,10,8.715472647900004,2.997147007560003,15.282865501200003,higher
capacity,0.85,max-batch,32,threshold,jbsq,control_cpu_mean,10,4.724807338636,4.696079598912201,4.753698618639775,higher
capacity,0.85,max-batch,32,threshold,jbsq,p999_us,10,-122.2611560681,-130.9976967544825,-112.93008506240248,lower
capacity,0.85,max-batch,32,threshold,jbsq,p99_us,10,6.440678013799999,5.113559466592498,7.66753669853001,higher
capacity,0.85,max-batch,32,threshold,jbsq,slo_miss_rate,10,9.52037278322,8.684700162550751,10.362772464264001,higher
capacity,0.85,max-batch,32,threshold,jsw,class0_p99_us,10,-1.0290593752999968,-2.5972734214024964,0.4764324591850032,uncertain
capacity,0.85,max-batch,32,threshold,jsw,control_cpu_mean,10,4.326407338632,4.297679598908201,4.355298618635776,higher
capacity,0.85,max-batch,32,threshold,jsw,p999_us,10,-3.6165460286999975,-10.877720144332502,3.319297262867479,uncertain
capacity,0.85,max-batch,32,threshold,jsw,p99_us,10,-0.18853986749999763,-0.4791726482224992,0.16105652654500266,uncertain
capacity,0.85,max-batch,32,threshold,jsw,slo_miss_rate,10,-0.1408826171500005,-0.2796920536847521,0.0037213509709981465,uncertain
capacity,0.85,max-batch,32,threshold,qbr,class0_p99_us,10,0.13743153950000392,-1.1719551808224924,1.5109241219625014,uncertain
capacity,0.85,max-batch,32,threshold,qbr,control_cpu_mean,10,2.2570179447729997,2.2402539040365754,2.2733757340423746,higher
capacity,0.85,max-batch,32,threshold,qbr,p999_us,10,-3.1431428069999923,-12.634730608429999,7.436277692157482,uncertain
capacity,0.85,max-batch,32,threshold,qbr,p99_us,10,0.09730700560000116,-0.6966260072674999,0.8188337331225016,uncertain
capacity,0.85,max-batch,32,threshold,qbr,slo_miss_rate,10,-0.09856219140000039,-0.2656064225767501,0.0767946880322493,uncertain
capacity,0.85,max-batch,32,threshold,steal,class0_p99_us,10,-0.5652119103000004,-1.6424504092075078,0.5387519999725034,uncertain
capacity,0.85,max-batch,32,threshold,steal,control_cpu_mean,10,-0.3639482449460002,-0.45665443958932506,-0.2623487744894503,lower
capacity,0.85,max-batch,32,threshold,steal,p999_us,10,-0.1555896780999831,-10.189774356462484,9.376788665165021,uncertain
capacity,0.85,max-batch,32,threshold,steal,p99_us,10,0.3639261392000037,-0.18750501856499682,0.9826333291475009,uncertain
capacity,0.85,max-batch,32,threshold,steal,slo_miss_rate,10,-0.01396350948000058,-0.20856509691200076,0.16300421063074919,uncertain
capacity,0.85,max-batch,4,jbsq,jsw,class0_p99_us,10,-9.7445320232,-16.125565415822503,-3.949686710587503,lower
capacity,0.85,max-batch,4,jbsq,jsw,control_cpu_mean,10,-0.398400000004,-0.398400000004,-0.398400000004,lower
capacity,0.85,max-batch,4,jbsq,jsw,p999_us,10,118.64461003939998,111.02223306410498,126.45883199960998,higher
capacity,0.85,max-batch,4,jbsq,jsw,p99_us,10,-6.629217881299996,-7.7578070987175005,-5.333265840999997,lower
capacity,0.85,max-batch,4,jbsq,jsw,slo_miss_rate,10,-9.661255400369999,-10.48412230097825,-8.780209442620249,lower
capacity,0.85,max-batch,4,jbsq,qbr,class0_p99_us,10,-8.2462593798,-14.563160170439994,-2.396745021030009,lower
capacity,0.85,max-batch,4,jbsq,qbr,control_cpu_mean,10,-2.436656321346,-2.45082250476185,-2.4233999044154504,lower
capacity,0.85,max-batch,4,jbsq,qbr,p999_us,10,116.56653706259999,107.80803368546002,126.12431319913746,higher
capacity,0.85,max-batch,4,jbsq,qbr,p99_us,10,-6.442312978199999,-7.9443547703425015,-4.792551986477501,lower
capacity,0.85,max-batch,4,jbsq,qbr,slo_miss_rate,10,-9.53239052598,-10.386946411945997,-8.602261752422748,lower
capacity,0.85,max-batch,4,jbsq,steal,class0_p99_us,10,-8.289122699100002,-14.920574479857507,-2.527303982852501,lower
capacity,0.85,max-batch,4,jbsq,steal,control_cpu_mean,10,-4.181361891109001,-4.224104280982275,-4.13404416177855,lower
capacity,0.85,max-batch,4,jbsq,steal,p999_us,10,119.466653731,107.35437600385747,130.32796594536998,higher
capacity,0.85,max-batch,4,jbsq,steal,p99_us,10,-6.0204134878999955,-7.3317512696649905,-4.880228362755003,lower
capacity,0.85,max-batch,4,jbsq,steal,slo_miss_rate,10,-9.34937275292,-10.178509757584502,-8.514583647418503,lower
capacity,0.85,max-batch,4,jbsq,threshold,class0_p99_us,10,-8.446123224,-15.29443975691,-2.3624740920950114,lower
capacity,0.85,max-batch,4,jbsq,threshold,control_cpu_mean,10,-4.527820820187,-4.559673805888549,-4.49823640925255,lower
capacity,0.85,max-batch,4,jbsq,threshold,p999_us,10,117.68363025379999,107.24321694199998,128.70538340055504,higher
capacity,0.85,max-batch,4,jbsq,threshold,p99_us,10,-6.438285617499991,-8.072652949647487,-4.885126422442493,lower
capacity,0.85,max-batch,4,jbsq,threshold,slo_miss_rate,10,-9.579524755060001,-10.439503616816749,-8.663084329330502,lower
capacity,0.85,max-batch,4,jsw,jbsq,class0_p99_us,10,9.7445320232,3.949686710587499,16.1255654158225,higher
capacity,0.85,max-batch,4,jsw,jbsq,control_cpu_mean,10,0.398400000004,0.398400000004,0.398400000004,higher
capacity,0.85,max-batch,4,jsw,jbsq,p999_us,10,-118.64461003939998,-126.45883199961,-111.02223306410498,lower
capacity,0.85,max-batch,4,jsw,jbsq,p99_us,10,6.629217881299996,5.333265840999997,7.7578070987175,higher
capacity,0.85,max-batch,4,jsw,jbsq,slo_miss_rate,10,9.661255400369999,8.780209442620249,10.48412230097825,higher
capacity,0.85,max-batch,4,jsw,qbr,class0_p99_us,10,1.4982726434,0.506511060647502,2.3778912051275034,higher
capacity,0.85,max-batch,4,jsw,qbr,control_cpu_mean,10,-2.0382563213419997,-2.05242250475785,-2.0249999044114504,lower
capacity,0.85,max-batch,4,jsw,qbr,p999_us,10,-2.07807297679999,-8.650814890099985,4.526566946600002,uncertain
capacity,0.85,max-batch,4,jsw,qbr,p99_us,10,0.18690490309999747,-0.44074835800249645,0.8092504821199938,uncertain
capacity,0.85,max-batch,4,jsw,qbr,slo_miss_rate,10,0.1288648743900006,0.013720132803001004,0.2573995390400008,higher
capacity,0.85,max-batch,4,jsw,steal,class0_p99_us,10,1.455409324099999,0.017456967897503468,2.8795974217499976,higher
capacity,0.85,max-batch,4,jsw,steal,control_cpu_mean,10,-3.782961891105,-3.8257042809782753,-3.73564416177455,lower
capacity,0.85,max-batch,4,jsw,steal,p999_us,10,0.822043691600004,-9.809317782897493,8.450562737067498,uncertain
capacity,0.85,max-batch,4,jsw,steal,p99_us,10,0.6088043934000013,-0.155128350362502,1.3420459534150027,uncertain
capacity,0.85,max-batch,4,jsw,steal,slo_miss_rate,10,0.3118826474500002,0.20622242393750065,0.4139447496710002,higher
capacity,0.85,max-batch,4,jsw,threshold,class0_p99_us,10,1.2984087991999984,-0.13791630773499983,2.6630565941374953,uncertain
capacity,0.85,max-batch,4,jsw,threshold,control_cpu_mean,10,-4.129420820182999,-4.161273805884551,-4.099836409248551,lower
capacity,0.85,max-batch,4,jsw,threshold,p999_us,10,-0.9609797856,-8.559134132557503,7.297258847775006,uncertain
capacity,0.85,max-batch,4,jsw,threshold,p99_us,10,0.1909322638000049,-0.5639429874399904,0.8533589745324947,uncertain
capacity,0.85,max-batch,4,jsw,threshold,slo_miss_rate,10,0.0817306453100003,-0.07710803243575017,0.24804109982000053,uncertain
capacity,0.85,max-batch,4,qbr,jbsq,class0_p99_us,10,8.2462593798,2.3967450210300036,14.563160170439991,higher
capacity,0.85,max-batch,4,qbr,jbsq,control_cpu_mean,10,2.436656321346,2.4233999044154504,2.45082250476185,higher
capacity,0.85,max-batch,4,qbr,jbsq,p999_us,10,-116.56653706259999,-126.12431319913746,-107.80803368546002,lower
capacity,0.85,max-batch,4,qbr,jbsq,p99_us,10,6.442312978199999,4.792551986477499,7.9443547703425015,higher
capacity,0.85,max-batch,4,qbr,jbsq,slo_miss_rate,10,9.53239052598,8.602261752422748,10.386946411945997,higher
capacity,0.85,max-batch,4,qbr,jsw,class0_p99_us,10,-1.4982726434,-2.377891205127504,-0.5065110606475022,lower
capacity,0.85,max-batch,4,qbr,jsw,control_cpu_mean,10,2.0382563213419997,2.0249999044114504,2.05242250475785,higher
capacity,0.85,max-batch,4,qbr,jsw,p999_us,10,2.07807297679999,-4.526566946600002,8.650814890099985,uncertain
capacity,0.85,max-batch,4,qbr,jsw,p99_us,10,-0.18690490309999747,-0.8092504821199942,0.44074835800249623,uncertain
capacity,0.85,max-batch,4,qbr,jsw,slo_miss_rate,10,-0.1288648743900006,-0.2573995390400008,-0.013720132803001082,lower
capacity,0.85,max-batch,4,qbr,steal,class0_p99_us,10,-0.04286331930000102,-1.2431589036350021,1.088715337642497,uncertain
capacity,0.85,max-batch,4,qbr,steal,control_cpu_mean,10,-1.7447055697629998,-1.7971044593488499,-1.6848944033846502,lower
capacity,0.85,max-batch,4,qbr,steal,p999_us,10,2.900116668399994,-4.635288134362498,10.192700939634983,uncertain
capacity,0.85,max-batch,4,qbr,steal,p99_us,10,0.4218994903000038,-0.44367688792249477,1.2591070380000047,uncertain
capacity,0.85,max-batch,4,qbr,steal,slo_miss_rate,10,0.18301777305999964,0.025874053636499996,0.31645842077249947,higher
capacity,0.85,max-batch,4,qbr,threshold,class0_p99_us,10,-0.1998638442000015,-1.2595131507175008,0.8344104769799968,uncertain
capacity,0.85,max-batch,4,qbr,threshold,control_cpu_mean,10,-2.091164498841,-2.111521648082,-2.070991605159325,lower
capacity,0.85,max-batch,4,qbr,threshold,p999_us,10,1.1170931911999902,-4.721961293965022,7.177392431830009,uncertain
capacity,0.85,max-batch,4,qbr,threshold,p99_us,10,0.004027360700007421,-0.6349294311274872,0.6895762916674986,uncertain
capacity,0.85,max-batch,4,qbr,threshold,slo_miss_rate,10,-0.04713422908000031,-0.1563620932670012,0.07076482320575007,uncertain
capacity,0.85,max-batch,4,steal,jbsq,class0_p99_us,10,8.289122699100002,2.5273039828525006,14.920574479857505,higher
capacity,0.85,max-batch,4,steal,jbsq,control_cpu_mean,10,4.181361891109001,4.13404416177855,4.224104280982275,higher
capacity,0.85,max-batch,4,steal,jbsq,p999_us,10,-119.466653731,-130.32796594537,-107.35437600385748,lower
capacity,0.85,max-batch,4,steal,jbsq,p99_us,10,6.0204134878999955,4.880228362755003,7.33175126966499,higher
capacity,0.85,max-batch,4,steal,jbsq,slo_miss_rate,10,9.34937275292,8.514583647418501,10.178509757584502,higher
capacity,0.85,max-batch,4,steal,jsw,class0_p99_us,10,-1.455409324099999,-2.879597421749998,-0.017456967897504557,lower
capacity,0.85,max-batch,4,steal,jsw,control_cpu_mean,10,3.782961891105,3.73564416177455,3.8257042809782753,higher
capacity,0.85,max-batch,4,steal,jsw,p999_us,10,-0.822043691600004,-8.4505627370675,9.809317782897493,uncertain
capacity,0.85,max-batch,4,steal,jsw,p99_us,10,-0.6088043934000013,-1.342045953415003,0.1551283503625004,uncertain
capacity,0.85,max-batch,4,steal,jsw,slo_miss_rate,10,-0.3118826474500002,-0.4139447496710002,-0.20622242393750068,lower
capacity,0.85,max-batch,4,steal,qbr,class0_p99_us,10,0.04286331930000102,-1.0887153376424974,1.2431589036350021,uncertain
capacity,0.85,max-batch,4,steal,qbr,control_cpu_mean,10,1.7447055697629998,1.6848944033846502,1.7971044593488499,higher
capacity,0.85,max-batch,4,steal,qbr,p999_us,10,-2.900116668399994,-10.192700939634994,4.6352881343624945,uncertain
capacity,0.85,max-batch,4,steal,qbr,p99_us,10,-0.4218994903000038,-1.2591070380000047,0.44367688792249454,uncertain
capacity,0.85,max-batch,4,steal,qbr,slo_miss_rate,10,-0.18301777305999964,-0.3164584207724996,-0.025874053636500128,lower
capacity,0.85,max-batch,4,steal,threshold,class0_p99_us,10,-0.15700052490000047,-1.080966498417498,0.9285379084799992,uncertain
capacity,0.85,max-batch,4,steal,threshold,control_cpu_mean,10,-0.3464589290780001,-0.4223252485774752,-0.2780085389204,lower
capacity,0.85,max-batch,4,steal,threshold,p999_us,10,-1.783023477200004,-11.07885311858251,9.299721566447488,uncertain
capacity,0.85,max-batch,4,steal,threshold,p99_us,10,-0.41787212959999637,-0.8789529768199998,0.11953206795250956,uncertain
capacity,0.85,max-batch,4,steal,threshold,slo_miss_rate,10,-0.23015200214,-0.37435379380274997,-0.08656412786899896,lower
capacity,0.85,max-batch,4,threshold,jbsq,class0_p99_us,10,8.446123224,2.3624740920950025,15.294439756909988,higher
capacity,0.85,max-batch,4,threshold,jbsq,control_cpu_mean,10,4.527820820187,4.4982364092525495,4.559673805888549,higher
capacity,0.85,max-batch,4,threshold,jbsq,p999_us,10,-117.68363025379999,-128.70538340055504,-107.24321694199998,lower
capacity,0.85,max-batch,4,threshold,jbsq,p99_us,10,6.438285617499991,4.8851264224424895,8.072652949647487,higher
capacity,0.85,max-batch,4,threshold,jbsq,slo_miss_rate,10,9.579524755060001,8.6630843293305,10.439503616816749,higher
capacity,0.85,max-batch,4,threshold,jsw,class0_p99_us,10,-1.2984087991999984,-2.6630565941374966,0.137916307734998,uncertain
capacity,0.85,max-batch,4,threshold,jsw,control_cpu_mean,10,4.129420820182999,4.09983640924855,4.161273805884551,higher
capacity,0.85,max-batch,4,threshold,jsw,p999_us,10,0.9609797856,-7.297258847775009,8.559134132557501,uncertain
capacity,0.85,max-batch,4,threshold,jsw,p99_us,10,-0.1909322638000049,-0.8533589745324948,0.5639429874399902,uncertain
capacity,0.85,max-batch,4,threshold,jsw,slo_miss_rate,10,-0.0817306453100003,-0.24804109982000053,0.07710803243575008,uncertain
capacity,0.85,max-batch,4,threshold,qbr,class0_p99_us,10,0.1998638442000015,-0.8344104769799977,1.2595131507175008,uncertain
capacity,0.85,max-batch,4,threshold,qbr,control_cpu_mean,10,2.091164498841,2.070991605159325,2.111521648082,higher
capacity,0.85,max-batch,4,threshold,qbr,p999_us,10,-1.1170931911999902,-7.177392431830009,4.72196129396501,uncertain
capacity,0.85,max-batch,4,threshold,qbr,p99_us,10,-0.004027360700007421,-0.6895762916674987,0.634929431127487,uncertain
capacity,0.85,max-batch,4,threshold,qbr,slo_miss_rate,10,0.04713422908000031,-0.07076482320575012,0.15636209326700112,uncertain
capacity,0.85,max-batch,4,threshold,steal,class0_p99_us,10,0.15700052490000047,-0.9285379084800003,1.0809664984174978,uncertain
capacity,0.85,max-batch,4,threshold,steal,control_cpu_mean,10,0.3464589290780001,0.2780085389204,0.42232524857747517,higher
capacity,0.85,max-batch,4,threshold,steal,p999_us,10,1.783023477200004,-9.299721566447493,11.078853118582508,uncertain
capacity,0.85,max-batch,4,threshold,steal,p99_us,10,0.41787212959999637,-0.1195320679525097,0.8789529768199997,uncertain
capacity,0.85,max-batch,4,threshold,steal,slo_miss_rate,10,0.23015200214,0.08656412786899895,0.37435379380274963,higher
capacity,0.85,max-batch,8,jbsq,jsw,class0_p99_us,10,-9.7445320232,-16.125565415822503,-3.949686710587503,lower
capacity,0.85,max-batch,8,jbsq,jsw,control_cpu_mean,10,-0.398400000004,-0.398400000004,-0.398400000004,lower
capacity,0.85,max-batch,8,jbsq,jsw,p999_us,10,118.64461003939998,111.02223306410498,126.45883199960998,higher
capacity,0.85,max-batch,8,jbsq,jsw,p99_us,10,-6.629217881299996,-7.7578070987175005,-5.333265840999997,lower
capacity,0.85,max-batch,8,jbsq,jsw,slo_miss_rate,10,-9.661255400369999,-10.48412230097825,-8.780209442620249,lower
capacity,0.85,max-batch,8,jbsq,qbr,class0_p99_us,10,-8.632948529300002,-15.044135511597498,-2.9898677904200013,lower
capacity,0.85,max-batch,8,jbsq,qbr,control_cpu_mean,10,-2.439526232381,-2.4520037849445244,-2.427947975526525,lower
capacity,0.85,max-batch,8,jbsq,qbr,p999_us,10,124.3946365392,115.3462370709125,134.2194860607,higher
capacity,0.85,max-batch,8,jbsq,qbr,p99_us,10,-6.634604966099997,-7.727608642534997,-5.525548753819999,lower
capacity,0.85,max-batch,8,jbsq,qbr,slo_miss_rate,10,-9.58517946095,-10.353884000746248,-8.793194755088251,lower
capacity,0.85,max-batch,8,jbsq,steal,class0_p99_us,10,-7.6262594925000045,-14.361931143920007,-1.5249366118450087,lower
capacity,0.85,max-batch,8,jbsq,steal,control_cpu_mean,10,-4.3073942826680005,-4.351464784654775,-4.25580602114825,lower
capacity,0.85,max-batch,8,jbsq,steal,p999_us,10,122.80725136360002,114.718879961065,132.2663129146225,higher
capacity,0.85,max-batch,8,jbsq,steal,p99_us,10,-6.201786805399996,-7.169391646409996,-5.132312634124997,lower
capacity,0.85,max-batch,8,jbsq,steal,slo_miss_rate,10,-9.488174242620001,-10.3712548849845,-8.583012061540002,lower
capacity,0.85,max-batch,8,jbsq,threshold,class0_p99_us,10,-8.9823653591,-15.516746599295,-3.277173696877501,lower
capacity,0.85,max-batch,8,jbsq,threshold,control_cpu_mean,10,-4.555661862003,-4.5880011398527,-4.526114697875475,lower
capacity,0.85,max-batch,8,jbsq,threshold,p999_us,10,120.47807963159998,110.85762748229997,129.7739984524225,higher
capacity,0.85,max-batch,8,jbsq,threshold,p99_us,10,-6.349157525499999,-7.729361019345,-4.854815086572506,lower
capacity,0.85,max-batch,8,jbsq,threshold,slo_miss_rate,10,-9.61639554853,-10.517864249940002,-8.64445598035225,lower
capacity,0.85,max-batch,8,jsw,jbsq,class0_p99_us,10,9.7445320232,3.949686710587499,16.1255654158225,higher
capacity,0.85,max-batch,8,jsw,jbsq,control_cpu_mean,10,0.398400000004,0.398400000004,0.398400000004,higher
capacity,0.85,max-batch,8,jsw,jbsq,p999_us,10,-118.64461003939998,-126.45883199961,-111.02223306410498,lower
capacity,0.85,max-batch,8,jsw,jbsq,p99_us,10,6.629217881299996,5.333265840999997,7.7578070987175,higher
capacity,0.85,max-batch,8,jsw,jbsq,slo_miss_rate,10,9.661255400369999,8.780209442620249,10.48412230097825,higher
capacity,0.85,max-batch,8,jsw,qbr,class0_p99_us,10,1.1115834938999982,-0.44024856988500094,2.8080815134949937,uncertain
capacity,0.85,max-batch,8,jsw,qbr,control_cpu_mean,10,-2.0411262323770005,-2.0536037849405244,-2.0295479755225245,lower
capacity,0.85,max-batch,8,jsw,qbr,p999_us,10,5.7500264998000095,1.2032213395500193,10.014612475429999,higher
capacity,0.85,max-batch,8,jsw,qbr,p99_us,10,-0.005387084800000252,-0.8364968395775042,0.752328922360011,uncertain
capacity,0.85,max-batch,8,jsw,qbr,slo_miss_rate,10,0.07607593942000028,-0.0937388279664995,0.2347922904224996,uncertain
capacity,0.85,max-batch,8,jsw,steal,class0_p99_us,10,2.1182725306999957,1.0480524806749967,3.2016763270749946,higher
capacity,0.85,max-batch,8,jsw,steal,control_cpu_mean,10,-3.9089942826639996,-3.953064784650775,-3.8574060211442505,lower
capacity,0.85,max-batch,8,jsw,steal,p999_us,10,4.162641324200012,-0.00979085480999017,8.419630609315002,uncertain
capacity,0.85,max-batch,8,jsw,steal,p99_us,10,0.42743107590000023,-0.1803617124325003,1.057958786442492,uncertain
capacity,0.85,max-batch,8,jsw,steal,slo_miss_rate,10,0.17308115774999994,0.06890395736449935,0.2808380612627498,higher
capacity,0.85,max-batch,8,jsw,threshold,class0_p99_us,10,0.7621666641000004,-0.5441895186025021,2.1347966399500002,uncertain
capacity,0.85,max-batch,8,jsw,threshold,control_cpu_mean,10,-4.157261861999001,-4.1896011398487,-4.127714697871476,lower
capacity,0.85,max-batch,8,jsw,threshold,p999_us,10,1.8334695922000037,-5.03978759208999,8.86863743119999,uncertain
capacity,0.85,max-batch,8,jsw,threshold,p99_us,10,0.2800603557999978,-0.3207365774749988,0.8555959389749977,uncertain
capacity,0.85,max-batch,8,jsw,threshold,slo_miss_rate,10,0.04485985184000035,-0.07490402384999928,0.1694120695770009,uncertain
capacity,0.85,max-batch,8,qbr,jbsq,class0_p99_us,10,8.632948529300002,2.989867790420001,15.044135511597496,higher
capacity,0.85,max-batch,8,qbr,jbsq,control_cpu_mean,10,2.439526232381,2.427947975526525,2.4520037849445244,higher
capacity,0.85,max-batch,8,qbr,jbsq,p999_us,10,-124.3946365392,-134.2194860607,-115.34623707091251,lower
capacity,0.85,max-batch,8,qbr,jbsq,p99_us,10,6.634604966099997,5.525548753819998,7.727608642534996,higher
capacity,0.85,max-batch,8,qbr,jbsq,slo_miss_rate,10,9.58517946095,8.793194755088251,10.353884000746248,higher
capacity,0.85,max-batch,8,qbr,jsw,class0_p99_us,10,-1.1115834938999982,-2.808081513494996,0.4402485698850009,uncertain
capacity,0.85,max-batch,8,qbr,jsw,control_cpu_mean,10,2.0411262323770005,2.0295479755225245,2.0536037849405244,higher
capacity,0.85,max-batch,8,qbr,jsw,p999_us,10,-5.7500264998000095,-10.014612475429999,-1.203221339550021,lower
capacity,0.85,max-batch,8,qbr,jsw,p99_us,10,0.005387084800000252,-0.752328922360011,0.8364968395775022,uncertain
capacity,0.85,max-batch,8,qbr,jsw,slo_miss_rate,10,-0.07607593942000028,-0.23479229042249977,0.09373882796649949,uncertain
capacity,0.85,max-batch,8,qbr,steal,class0_p99_us,10,1.0066890367999974,0.07828431820749705,1.946371850094994,higher
capacity,0.85,max-batch,8,qbr,steal,control_cpu_mean,10,-1.8678680502870002,-1.921169814070525,-1.8081695137931246,lower
capacity,0.85,max-batch,8,qbr,steal,p999_us,10,-1.5873851755999966,-6.0446576169374975,2.5345839449825,uncertain
capacity,0.85,max-batch,8,qbr,steal,p99_us,10,0.43281816070000045,-0.39870918013250056,1.4387671039625058,uncertain
capacity,0.85,max-batch,8,qbr,steal,slo_miss_rate,10,0.09700521832999964,-0.048952783521499565,0.25919382299674915,uncertain
capacity,0.85,max-batch,8,qbr,threshold,class0_p99_us,10,-0.34941682979999766,-1.1183825927349942,0.4782862164874982,uncertain
capacity,0.85,max-batch,8,qbr,threshold,control_cpu_mean,10,-2.1161356296219997,-2.137250874640625,-2.0974115789489,lower
capacity,0.85,max-batch,8,qbr,threshold,p999_us,10,-3.9165569076000053,-10.90431798272,3.30158232341997,uncertain
capacity,0.85,max-batch,8,qbr,threshold,p99_us,10,0.285447440599998,-0.5981962818300058,1.1532043697549987,uncertain
capacity,0.85,max-batch,8,qbr,threshold,slo_miss_rate,10,-0.03121608757999994,-0.25301279069699917,0.2163409311837502,uncertain
capacity,0.85,max-batch,8,steal,jbsq,class0_p99_us,10,7.6262594925000045,1.524936611845005,14.36193114392,higher
capacity,0.85,max-batch,8,steal,jbsq,control_cpu_mean,10,4.3073942826680005,4.25580602114825,4.351464784654775,higher
capacity,0.85,max-batch,8,steal,jbsq,p999_us,10,-122.80725136360002,-132.2663129146225,-114.718879961065,lower
capacity,0.85,max-batch,8,steal,jbsq,p99_us,10,6.201786805399996,5.132312634124994,7.169391646409995,higher
capacity,0.85,max-batch,8,steal,jbsq,slo_miss_rate,10,9.488174242620001,8.583012061540002,10.371254884984499,higher
capacity,0.85,max-batch,8,steal,jsw,class0_p99_us,10,-2.1182725306999957,-3.201676327074995,-1.048052480674997,lower
capacity,0.85,max-batch,8,steal,jsw,control_cpu_mean,10,3.9089942826639996,3.8574060211442505,3.953064784650775,higher
capacity,0.85,max-batch,8,steal,jsw,p999_us,10,-4.162641324200012,-8.419630609315005,0.009790854809989787,uncertain
capacity,0.85,max-batch,8,steal,jsw,p99_us,10,-0.42743107590000023,-1.0579587864424929,0.18036171243250027,uncertain
capacity,0.85,max-batch,8,steal,jsw,slo_miss_rate,10,-0.17308115774999994,-0.28083806126274985,-0.06890395736449935,lower
capacity,0.85,max-batch,8,steal,qbr,class0_p99_us,10,-1.0066890367999974,-1.946371850094995,-0.07828431820749768,lower
capacity,0.85,max-batch,8,steal,qbr,control_cpu_mean,10,1.8678680502870002,1.8081695137931246,1.921169814070525,higher
capacity,0.85,max-batch,8,steal,qbr,p999_us,10,1.5873851755999966,-2.534583944982501,6.044657616937497,uncertain
capacity,0.85,max-batch,8,steal,qbr,p99_us,10,-0.43281816070000045,-1.4387671039625058,0.39870918013250056,uncertain
capacity,0.85,max-batch,8,steal,qbr,slo_miss_rate,10,-0.09700521832999964,-0.25919382299674915,0.04895278352149946,uncertain
capacity,0.85,max-batch,8,steal,threshold,class0_p99_us,10,-1.3561058665999952,-2.058575072194989,-0.8121118655024991,lower
capacity,0.85,max-batch,8,steal,threshold,control_cpu_mean,10,-0.24826757933500007,-0.32697859814137514,-0.17751120950425014,lower
capacity,0.85,max-batch,8,steal,threshold,p999_us,10,-2.3291717320000087,-10.636244217077511,6.444483689599991,uncertain
capacity,0.85,max-batch,8,steal,threshold,p99_us,10,-0.14737072010000246,-0.8878774949424988,0.6602417388699938,uncertain
capacity,0.85,max-batch,8,steal,threshold,slo_miss_rate,10,-0.12822130590999958,-0.26673240709325075,0.01131875725125169,uncertain
capacity,0.85,max-batch,8,threshold,jbsq,class0_p99_us,10,8.9823653591,3.2771736968774996,15.51674659929499,higher
capacity,0.85,max-batch,8,threshold,jbsq,control_cpu_mean,10,4.555661862003,4.526114697875475,4.5880011398527,higher
capacity,0.85,max-batch,8,threshold,jbsq,p999_us,10,-120.47807963159998,-129.7739984524225,-110.85762748229997,lower
capacity,0.85,max-batch,8,threshold,jbsq,p99_us,10,6.349157525499999,4.854815086572506,7.729361019344999,higher
capacity,0.85,max-batch,8,threshold,jbsq,slo_miss_rate,10,9.61639554853,8.64445598035225,10.51786424994,higher
capacity,0.85,max-batch,8,threshold,jsw,class0_p99_us,10,-0.7621666641000004,-2.1347966399500002,0.5441895186025016,uncertain
capacity,0.85,max-batch,8,threshold,jsw,control_cpu_mean,10,4.157261861999001,4.127714697871476,4.1896011398487,higher
capacity,0.85,max-batch,8,threshold,jsw,p999_us,10,-1.8334695922000037,-8.86863743119999,5.0397875920899855,uncertain
capacity,0.85,max-batch,8,threshold,jsw,p99_us,10,-0.2800603557999978,-0.8555959389749986,0.3207365774749982,uncertain
capacity,0.85,max-batch,8,threshold,jsw,slo_miss_rate,10,-0.04485985184000035,-0.1694120695770009,0.07490402384999928,uncertain
capacity,0.85,max-batch,8,threshold,qbr,class0_p99_us,10,0.34941682979999766,-0.4782862164874995,1.118382592734994,uncertain
capacity,0.85,max-batch,8,threshold,qbr,control_cpu_mean,10,2.1161356296219997,2.0974115789489,2.137250874640625,higher
capacity,0.85,max-batch,8,threshold,qbr,p999_us,10,3.9165569076000053,-3.3015823234199844,10.904317982719995,uncertain
capacity,0.85,max-batch,8,threshold,qbr,p99_us,10,-0.285447440599998,-1.153204369754999,0.5981962818300058,uncertain
capacity,0.85,max-batch,8,threshold,qbr,slo_miss_rate,10,0.03121608757999994,-0.21634093118375033,0.25301279069699895,uncertain
capacity,0.85,max-batch,8,threshold,steal,class0_p99_us,10,1.3561058665999952,0.8121118655024989,2.058575072194987,higher
capacity,0.85,max-batch,8,threshold,steal,control_cpu_mean,10,0.24826757933500007,0.17751120950425012,0.3269785981413751,higher
capacity,0.85,max-batch,8,threshold,steal,p999_us,10,2.3291717320000087,-6.444483689599991,10.636244217077508,uncertain
capacity,0.85,max-batch,8,threshold,steal,p99_us,10,0.14737072010000246,-0.6602417388699946,0.8878774949424986,uncertain
capacity,0.85,max-batch,8,threshold,steal,slo_miss_rate,10,0.12822130590999958,-0.011318757251251739,0.26673240709325075,uncertain
capacity,0.85,network-us,1,jbsq,jsw,class0_p99_us,10,-12.6873044766,-16.958630275144994,-8.74185309908,lower
capacity,0.85,network-us,1,jbsq,jsw,control_cpu_mean,10,-0.398400000004,-0.398400000004,-0.398400000004,lower
capacity,0.85,network-us,1,jbsq,jsw,p999_us,10,113.22204094059998,105.0735745976875,122.05549085601247,higher
capacity,0.85,network-us,1,jbsq,jsw,p99_us,10,-9.1271515339,-10.389825665242501,-7.911239401717499,lower
capacity,0.85,network-us,1,jbsq,jsw,slo_miss_rate,10,-10.607769166232998,-11.593794380957075,-9.572786029387323,lower
capacity,0.85,network-us,1,jbsq,qbr,class0_p99_us,10,-12.574916683599998,-17.594452879507497,-7.964763332572504,lower
capacity,0.85,network-us,1,jbsq,qbr,control_cpu_mean,10,-3.616146550868001,-3.6498353491622004,-3.5827086455957504,lower
capacity,0.85,network-us,1,jbsq,qbr,p999_us,10,113.53269581089998,105.908923299035,121.16514186588499,higher
capacity,0.85,network-us,1,jbsq,qbr,p99_us,10,-8.8917378387,-10.239696997912496,-7.649590962400003,lower
capacity,0.85,network-us,1,jbsq,qbr,slo_miss_rate,10,-10.675112548902998,-11.614112980771424,-9.632159777975351,lower
capacity,0.85,network-us,1,jbsq,steal,class0_p99_us,10,-11.505615715599998,-15.471303592937494,-8.0309324431,lower
capacity,0.85,network-us,1,jbsq,steal,control_cpu_mean,10,-5.510845368884,-5.61761774765225,-5.3945353848472255,lower
capacity,0.85,network-us,1,jbsq,steal,p999_us,10,109.89862241439998,99.33806945028496,118.15631127864499,higher
capacity,0.85,network-us,1,jbsq,steal,p99_us,10,-8.371838220499995,-9.611589465132498,-7.164368204289992,lower
capacity,0.85,network-us,1,jbsq,steal,slo_miss_rate,10,-10.420977396622998,-11.37857026853275,-9.446093183144676,lower
capacity,0.85,network-us,1,jbsq,threshold,class0_p99_us,10,-12.186781329999997,-16.197270466964998,-8.38017676318,lower
capacity,0.85,network-us,1,jbsq,threshold,control_cpu_mean,10,-6.842834721388999,-6.910782541467176,-6.778764654324351,lower
capacity,0.85,network-us,1,jbsq,threshold,p999_us,10,113.0620267671,106.3840270365075,119.59588661647501,higher
capacity,0.85,network-us,1,jbsq,threshold,p99_us,10,-8.376703530700002,-9.383231790344999,-7.333645606640004,lower
capacity,0.85,network-us,1,jbsq,threshold,slo_miss_rate,10,-10.413245114682999,-11.388739230402024,-9.377490542643326,lower
capacity,0.85,network-us,1,jsw,jbsq,class0_p99_us,10,12.6873044766,8.741853099079998,16.95863027514499,higher
capacity,0.85,network-us,1,jsw,jbsq,control_cpu_mean,10,0.398400000004,0.398400000004,0.398400000004,higher
capacity,0.85,network-us,1,jsw,jbsq,p999_us,10,-113.22204094059998,-122.05549085601247,-105.0735745976875,lower
capacity,0.85,network-us,1,jsw,jbsq,p99_us,10,9.1271515339,7.9112394017174985,10.3898256652425,higher
capacity,0.85,network-us,1,jsw,jbsq,slo_miss_rate,10,10.607769166232998,9.572786029387323,11.593794380957075,higher
capacity,0.85,network-us,1,jsw,qbr,class0_p99_us,10,0.11238779300000204,-1.4978876567399941,1.6467815245700028,uncertain
capacity,0.85,network-us,1,jsw,qbr,control_cpu_mean,10,-3.2177465508640006,-3.2514353491582004,-3.1843086455917504,lower
capacity,0.85,network-us,1,jsw,qbr,p999_us,10,0.3106548703000044,-5.588247353852486,7.826972050264989,uncertain
capacity,0.85,network-us,1,jsw,qbr,p99_us,10,0.23541369520000047,-0.1313014802774957,0.6218659109125003,uncertain
capacity,0.85,network-us,1,jsw,qbr,slo_miss_rate,10,-0.06734338267000012,-0.2662352390839999,0.12456215713449992,uncertain
capacity,0.85,network-us,1,jsw,steal,class0_p99_us,10,1.1816887610000024,-0.6101233235149909,2.8644966824799996,uncertain
capacity,0.85,network-us,1,jsw,steal,control_cpu_mean,10,-5.112445368880001,-5.21921774764825,-4.9961353848432255,lower
capacity,0.85,network-us,1,jsw,steal,p999_us,10,-3.3234185261999984,-12.577804072437491,5.911758757107496,uncertain
capacity,0.85,network-us,1,jsw,steal,p99_us,10,0.7553133134000035,0.09182954841750239,1.3829715658625055,higher
capacity,0.85,network-us,1,jsw,steal,slo_miss_rate,10,0.18679176960999994,0.004090539071749585,0.3969868263879992,higher
capacity,0.85,network-us,1,jsw,threshold,class0_p99_us,10,0.5005231466000026,-0.6843515146999962,1.6752821911400002,uncertain
capacity,0.85,network-us,1,jsw,threshold,control_cpu_mean,10,-6.444434721384999,-6.512382541463174,-6.38036465432035,lower
capacity,0.85,network-us,1,jsw,threshold,p999_us,10,-0.16001417350000224,-6.047237359577504,5.322290835844999,uncertain
capacity,0.85,network-us,1,jsw,threshold,p99_us,10,0.7504480031999975,0.2370393752474939,1.3686990298499895,higher
capacity,0.85,network-us,1,jsw,threshold,slo_miss_rate,10,0.19452405154999935,-0.009926476982500617,0.39800392478899876,uncertain
capacity,0.85,network-us,1,qbr,jbsq,class0_p99_us,10,12.574916683599998,7.964763332572498,17.594452879507497,higher
capacity,0.85,network-us,1,qbr,jbsq,control_cpu_mean,10,3.616146550868001,3.5827086455957504,3.6498353491622004,higher
capacity,0.85,network-us,1,qbr,jbsq,p999_us,10,-113.53269581089998,-121.16514186588499,-105.908923299035,lower
capacity,0.85,network-us,1,qbr,jbsq,p99_us,10,8.8917378387,7.649590962400003,10.239696997912496,higher
capacity,0.85,network-us,1,qbr,jbsq,slo_miss_rate,10,10.675112548902998,9.632159777975351,11.614112980771424,higher
capacity,0.85,network-us,1,qbr,jsw,class0_p99_us,10,-0.11238779300000204,-1.6467815245700028,1.4978876567399941,uncertain
capacity,0.85,network-us,1,qbr,jsw,control_cpu_mean,10,3.2177465508640006,3.1843086455917504,3.2514353491582004,higher
capacity,0.85,network-us,1,qbr,jsw,p999_us,10,-0.3106548703000044,-7.826972050265006,5.588247353852485,uncertain
capacity,0.85,network-us,1,qbr,jsw,p99_us,10,-0.23541369520000047,-0.6218659109125003,0.1313014802774955,uncertain
capacity,0.85,network-us,1,qbr,jsw,slo_miss_rate,10,0.06734338267000012,-0.12456215713449993,0.2662352390839998,uncertain
capacity,0.85,network-us,1,qbr,steal,class0_p99_us,10,1.0693009680000003,-0.34470658050749453,2.574453137599999,uncertain
capacity,0.85,network-us,1,qbr,steal,control_cpu_mean,10,-1.8946988180159998,-2.024672986284475,-1.7522107037944505,lower
capacity,0.85,network-us,1,qbr,steal,p999_us,10,-3.6340733965000025,-9.873814238499989,2.6453229480824634,uncertain
capacity,0.85,network-us,1,qbr,steal,p99_us,10,0.5198996182000031,-0.1934675321599986,1.1674385537000007,uncertain
capacity,0.85,network-us,1,qbr,steal,slo_miss_rate,10,0.25413515228000005,-0.020756131866999625,0.5633818154894996,uncertain
capacity,0.85,network-us,1,qbr,threshold,class0_p99_us,10,0.3881353536000006,-1.2039479223675007,1.9298617317625013,uncertain
capacity,0.85,network-us,1,qbr,threshold,control_cpu_mean,10,-3.226688170521,-3.262689677105274,-3.1933564044857996,lower
capacity,0.85,network-us,1,qbr,threshold,p999_us,10,-0.4706690438000066,-6.510921544242502,5.862834901389983,uncertain
capacity,0.85,network-us,1,qbr,threshold,p99_us,10,0.515034307999997,-0.24196583231499785,1.3255284575099886,uncertain
capacity,0.85,network-us,1,qbr,threshold,slo_miss_rate,10,0.2618674342199995,0.09045955939374911,0.47729153205649966,higher
capacity,0.85,network-us,1,steal,jbsq,class0_p99_us,10,11.505615715599998,8.0309324431,15.471303592937488,higher
capacity,0.85,network-us,1,steal,jbsq,control_cpu_mean,10,5.510845368884,5.3945353848472255,5.61761774765225,higher
capacity,0.85,network-us,1,steal,jbsq,p999_us,10,-109.89862241439998,-118.15631127864499,-99.33806945028496,lower
capacity,0.85,network-us,1,steal,jbsq,p99_us,10,8.371838220499995,7.164368204289992,9.611589465132498,higher
capacity,0.85,network-us,1,steal,jbsq,slo_miss_rate,10,10.420977396622998,9.446093183144676,11.37857026853275,higher
capacity,0.85,network-us,1,steal,jsw,class0_p99_us,10,-1.1816887610000024,-2.8644966824799996,0.6101233235149892,uncertain
capacity,0.85,network-us,1,steal,jsw,control_cpu_mean,10,5.112445368880001,4.9961353848432255,5.21921774764825,higher
capacity,0.85,network-us,1,steal,jsw,p999_us,10,3.3234185261999984,-5.911758757107502,12.57780407243748,uncertain
capacity,0.85,network-us,1,steal,jsw,p99_us,10,-0.7553133134000035,-1.3829715658625055,-0.09182954841750272,lower
capacity,0.85,network-us,1,steal,jsw,slo_miss_rate,10,-0.18679176960999994,-0.39698682638799926,-0.0040905390717496815,lower
capacity,0.85,network-us,1,steal,qbr,class0_p99_us,10,-1.0693009680000003,-2.574453137600001,0.3447065805074944,uncertain
capacity,0.85,network-us,1,steal,qbr,control_cpu_mean,10,1.8946988180159998,1.75221070379445,2.024672986284475,higher
capacity,0.85,network-us,1,steal,qbr,p999_us,10,3.6340733965000025,-2.645322948082473,9.873814238499989,uncertain
capacity,0.85,network-us,1,steal,qbr,p99_us,10,-0.5198996182000031,-1.1674385537000007,0.1934675321599982,uncertain
capacity,0.85,network-us,1,steal,qbr,slo_miss_rate,10,-0.25413515228000005,-0.5633818154894997,0.020756131866999483,uncertain
capacity,0.85,network-us,1,steal,threshold,class0_p99_us,10,-0.6811656143999997,-2.3909503933774996,0.8539916255224983,uncertain
capacity,0.85,network-us,1,steal,threshold,control_cpu_mean,10,-1.3319893525049997,-1.5053138962557495,-1.171505175576725,lower
capacity,0.85,network-us,1,steal,threshold,p999_us,10,3.163404352699996,-6.950508712224999,14.389475231552487,uncertain
capacity,0.85,network-us,1,steal,threshold,p99_us,10,-0.004865310200005979,-0.7805219874950041,0.7744055925674972,uncertain
capacity,0.85,network-us,1,steal,threshold,slo_miss_rate,10,0.007732281939999419,-0.15112384041300075,0.15146639677924859,uncertain
capacity,0.85,network-us,1,threshold,jbsq,class0_p99_us,10,12.186781329999997,8.38017676318,16.197270466964998,higher
capacity,0.85,network-us,1,threshold,jbsq,control_cpu_mean,10,6.842834721388999,6.778764654324351,6.910782541467175,higher
capacity,0.85,network-us,1,threshold,jbsq,p999_us,10,-113.0620267671,-119.59588661647501,-106.3840270365075,lower
capacity,0.85,network-us,1,threshold,jbsq,p99_us,10,8.376703530700002,7.333645606640004,9.383231790344997,higher
capacity,0.85,network-us,1,threshold,jbsq,slo_miss_rate,10,10.413245114682999,9.377490542643324,11.388739230402024,higher
capacity,0.85,network-us,1,threshold,jsw,class0_p99_us,10,-0.5005231466000026,-1.6752821911400002,0.6843515146999962,uncertain
capacity,0.85,network-us,1,threshold,jsw,control_cpu_mean,10,6.444434721384999,6.38036465432035,6.512382541463174,higher
capacity,0.85,network-us,1,threshold,jsw,p999_us,10,0.16001417350000224,-5.322290835845002,6.047237359577503,uncertain
capacity,0.85,network-us,1,threshold,jsw,p99_us,10,-0.7504480031999975,-1.3686990298499895,-0.2370393752474943,lower
capacity,0.85,network-us,1,threshold,jsw,slo_miss_rate,10,-0.19452405154999935,-0.39800392478899893,0.009926476982500532,uncertain
capacity,0.85,network-us,1,threshold,qbr,class0_p99_us,10,-0.3881353536000006,-1.929861731762503,1.203947922367492,uncertain
capacity,0.85,network-us,1,threshold,qbr,control_cpu_mean,10,3.226688170521,3.1933564044857996,3.262689677105274,higher
capacity,0.85,network-us,1,threshold,qbr,p999_us,10,0.4706690438000066,-5.8628349013899905,6.510921544242502,uncertain
capacity,0.85,network-us,1,threshold,qbr,p99_us,10,-0.515034307999997,-1.3255284575099886,0.2419658323149976,uncertain
capacity,0.85,network-us,1,threshold,qbr,slo_miss_rate,10,-0.2618674342199995,-0.4772915320564997,-0.09045955939374915,lower
capacity,0.85,network-us,1,threshold,steal,class0_p99_us,10,0.6811656143999997,-0.8539916255224983,2.3909503933774983,uncertain
capacity,0.85,network-us,1,threshold,steal,control_cpu_mean,10,1.3319893525049997,1.171505175576725,1.5053138962557495,higher
capacity,0.85,network-us,1,threshold,steal,p999_us,10,-3.163404352699996,-14.389475231552499,6.950508712224997,uncertain
capacity,0.85,network-us,1,threshold,steal,p99_us,10,0.004865310200005979,-0.7744055925674974,0.7805219874950039,uncertain
capacity,0.85,network-us,1,threshold,steal,slo_miss_rate,10,-0.007732281939999419,-0.15146639677924859,0.15112384041300075,uncertain
capacity,0.85,network-us,12,jbsq,jsw,class0_p99_us,10,47.52105077719999,43.45965583492,51.14562397031998,higher
capacity,0.85,network-us,12,jbsq,jsw,control_cpu_mean,10,-0.398400000004,-0.398400000004,-0.398400000004,lower
capacity,0.85,network-us,12,jbsq,jsw,p999_us,10,136.661787622,124.79322546473752,147.61165329191752,higher
capacity,0.85,network-us,12,jbsq,jsw,p99_us,10,51.1869713616,49.28242511502501,53.11472217396499,higher
capacity,0.85,network-us,12,jbsq,jsw,slo_miss_rate,10,16.13516576378,14.958754230949252,17.29021625575275,higher
capacity,0.85,network-us,12,jbsq,qbr,class0_p99_us,10,48.30215518829999,44.200083250937496,52.24955740186249,higher
capacity,0.85,network-us,12,jbsq,qbr,control_cpu_mean,10,-2.0335004202699998,-2.0358242461979,-2.0313017077838,lower
capacity,0.85,network-us,12,jbsq,qbr,p999_us,10,137.313234535,126.659721119985,147.90701272160746,higher
capacity,0.85,network-us,12,jbsq,qbr,p99_us,10,51.179318902,49.18159841414501,53.276147288250016,higher
capacity,0.85,network-us,12,jbsq,qbr,slo_miss_rate,10,16.06375899414,14.844217958127,17.2625578391815,higher
capacity,0.85,network-us,12,jbsq,steal,class0_p99_us,10,47.64225147129999,43.41271680529499,51.84112900912999,higher
capacity,0.85,network-us,12,jbsq,steal,control_cpu_mean,10,-3.9543596981120004,-3.9795352732934997,-3.92657019658305,lower
capacity,0.85,network-us,12,jbsq,steal,p999_us,10,135.5228175108,125.90412095880001,145.34301071824498,higher
capacity,0.85,network-us,12,jbsq,steal,p99_us,10,51.23135992130001,48.970954174562515,53.28272172071752,higher
capacity,0.85,network-us,12,jbsq,steal,slo_miss_rate,10,15.258176488390003,13.987158846831504,16.508746324165255,higher
capacity,0.85,network-us,12,jbsq,threshold,class0_p99_us,10,48.69668763289999,44.5269672753675,52.510716755522495,higher
capacity,0.85,network-us,12,jbsq,threshold,control_cpu_mean,10,-3.3760862095250004,-3.3854459350085495,-3.3671351628751003,lower
capacity,0.85,network-us,12,jbsq,threshold,p999_us,10,140.29155646149997,132.39223107731746,149.51029617546746,higher
capacity,0.85,network-us,12,jbsq,threshold,p99_us,10,51.5330695527,49.48772535345751,53.4857427257275,higher
capacity,0.85,network-us,12,jbsq,threshold,slo_miss_rate,10,15.98525305601,14.803553576965003,17.110289576085002,higher
capacity,0.85,network-us,12,jsw,jbsq,class0_p99_us,10,-47.52105077719999,-51.14562397031999,-43.45965583492,lower
capacity,0.85,network-us,12,jsw,jbsq,control_cpu_mean,10,0.398400000004,0.398400000004,0.398400000004,higher
capacity,0.85,network-us,12,jsw,jbsq,p999_us,10,-136.661787622,-147.61165329191752,-124.79322546473752,lower
capacity,0.85,network-us,12,jsw,jbsq,p99_us,10,-51.1869713616,-53.11472217396499,-49.28242511502501,lower
capacity,0.85,network-us,12,jsw,jbsq,slo_miss_rate,10,-16.13516576378,-17.290216255752753,-14.958754230949252,lower
capacity,0.85,network-us,12,jsw,qbr,class0_p99_us,10,0.7811044110999973,-0.8245977544650099,2.271199462964998,uncertain
capacity,0.85,network-us,12,jsw,qbr,control_cpu_mean,10,-1.635100420266,-1.6374242461939,-1.6329017077797998,lower
capacity,0.85,network-us,12,jsw,qbr,p999_us,10,0.6514469130000009,-8.234237822049998,9.066219010199994,uncertain
capacity,0.85,network-us,12,jsw,qbr,p99_us,10,-0.0076524595999984514,-0.5700543861000057,0.5030537909000004,uncertain
capacity,0.85,network-us,12,jsw,qbr,slo_miss_rate,10,-0.0714067696400017,-0.1450195771580009,-0.00036009605125322385,lower
capacity,0.85,network-us,12,jsw,steal,class0_p99_us,10,0.12120069409999985,-1.784671621815004,2.010641835762506,uncertain
capacity,0.85,network-us,12,jsw,steal,control_cpu_mean,10,-3.5559596981080004,-3.5811352732895,-3.52817019657905,lower
capacity,0.85,network-us,12,jsw,steal,p999_us,10,-1.1389701112000012,-7.972589387442512,6.264593898589996,uncertain
capacity,0.85,network-us,12,jsw,steal,p99_us,10,0.044388559700001905,-0.8123196224500039,0.9145322333999957,uncertain
capacity,0.85,network-us,12,jsw,steal,slo_miss_rate,10,-0.8769892753899999,-1.0963165490349993,-0.6402968711102507,lower
capacity,0.85,network-us,12,jsw,threshold,class0_p99_us,10,1.1756368557,-0.5073400635249954,2.9779503805424974,uncertain
capacity,0.85,network-us,12,jsw,threshold,control_cpu_mean,10,-2.977686209521,-2.9870459350045495,-2.9687351628711003,lower
capacity,0.85,network-us,12,jsw,threshold,p999_us,10,3.6297688394999965,-1.8287090944375037,9.505001835310004,uncertain
capacity,0.85,network-us,12,jsw,threshold,p99_us,10,0.34609819110000045,-0.09995642103750119,0.8323899471174975,uncertain
capacity,0.85,network-us,12,jsw,threshold,slo_miss_rate,10,-0.1499127077700002,-0.2776254917534986,-0.011769142764002446,lower
capacity,0.85,network-us,12,qbr,jbsq,class0_p99_us,10,-48.30215518829999,-52.24955740186249,-44.2000832509375,lower
capacity,0.85,network-us,12,qbr,jbsq,control_cpu_mean,10,2.0335004202699998,2.0313017077838,2.0358242461979,higher
capacity,0.85,network-us,12,qbr,jbsq,p999_us,10,-137.313234535,-147.90701272160746,-126.65972111998501,lower
capacity,0.85,network-us,12,qbr,jbsq,p99_us,10,-51.179318902,-53.276147288250016,-49.18159841414501,lower
capacity,0.85,network-us,12,qbr,jbsq,slo_miss_rate,10,-16.06375899414,-17.2625578391815,-14.844217958127,lower
capacity,0.85,network-us,12,qbr,jsw,class0_p99_us,10,-0.7811044110999973,-2.2711994629649994,0.8245977544650083,uncertain
capacity,0.85,network-us,12,qbr,jsw,control_cpu_mean,10,1.635100420266,1.6329017077797998,1.6374242461939,higher
capacity,0.85,network-us,12,qbr,jsw,p999_us,10,-0.6514469130000009,-9.066219010199998,8.234237822049998,uncertain
capacity,0.85,network-us,12,qbr,jsw,p99_us,10,0.0076524595999984514,-0.5030537909000004,0.5700543861000057,uncertain
capacity,0.85,network-us,12,qbr,jsw,slo_miss_rate,10,0.0714067696400017,0.0003600960512532144,0.1450195771580009,higher
capacity,0.85,network-us,12,qbr,steal,class0_p99_us,10,-0.6599037169999974,-1.4749690511574955,0.10746659694750439,uncertain
capacity,0.85,network-us,12,qbr,steal,control_cpu_mean,10,-1.9208592778420002,-1.94711491832605,-1.8932338627444751,lower
capacity,0.85,network-us,12,qbr,steal,p999_us,10,-1.7904170242000021,-13.47355066848751,10.258939399047502,uncertain
capacity,0.85,network-us,12,qbr,steal,p99_us,10,0.05204101930000036,-0.6298797790274989,0.7535669705625069,uncertain
capacity,0.85,network-us,12,qbr,steal,slo_miss_rate,10,-0.8055825057499982,-1.0390671741419983,-0.5695589588299982,lower
capacity,0.85,network-us,12,qbr,threshold,class0_p99_us,10,0.3945324446000029,-0.6415210826325008,1.537941646445003,uncertain
capacity,0.85,network-us,12,qbr,threshold,control_cpu_mean,10,-1.342585789255,-1.350979654359325,-1.3341114474698998,lower
capacity,0.85,network-us,12,qbr,threshold,p999_us,10,2.9783219264999956,-4.158451121900015,9.277692412805,uncertain
capacity,0.85,network-us,12,qbr,threshold,p99_us,10,0.3537506506999989,-0.06317830147499442,0.7536237946250118,uncertain
capacity,0.85,network-us,12,qbr,threshold,slo_miss_rate,10,-0.07850593812999851,-0.21794935082249778,0.04616751533675107,uncertain
capacity,0.85,network-us,12,steal,jbsq,class0_p99_us,10,-47.64225147129999,-51.84112900912999,-43.412716805295,lower
capacity,0.85,network-us,12,steal,jbsq,control_cpu_mean,10,3.9543596981120004,3.92657019658305,3.9795352732934997,higher
capacity,0.85,network-us,12,steal,jbsq,p999_us,10,-135.5228175108,-145.34301071824498,-125.90412095880001,lower
capacity,0.85,network-us,12,steal,jbsq,p99_us,10,-51.23135992130001,-53.28272172071752,-48.970954174562515,lower
capacity,0.85,network-us,12,steal,jbsq,slo_miss_rate,10,-15.258176488390003,-16.50874632416526,-13.987158846831504,lower
capacity,0.85,network-us,12,steal,jsw,class0_p99_us,10,-0.12120069409999985,-2.0106418357625064,1.7846716218150007,uncertain
capacity,0.85,network-us,12,steal,jsw,control_cpu_mean,10,3.5559596981080004,3.52817019657905,3.5811352732895,higher
capacity,0.85,network-us,12,steal,jsw,p999_us,10,1.1389701112000012,-6.264593898589997,7.972589387442508,uncertain
capacity,0.85,network-us,12,steal,jsw,p99_us,10,-0.044388559700001905,-0.9145322333999957,0.8123196224500031,uncertain
capacity,0.85,network-us,12,steal,jsw,slo_miss_rate,10,0.8769892753899999,0.6402968711102504,1.0963165490349993,higher
capacity,0.85,network-us,12,steal,qbr,class0_p99_us,10,0.6599037169999974,-0.10746659694750463,1.4749690511574942,uncertain
capacity,0.85,network-us,12,steal,qbr,control_cpu_mean,10,1.9208592778420002,1.893233862744475,1.94711491832605,higher
capacity,0.85,network-us,12,steal,qbr,p999_us,10,1.7904170242000021,-10.258939399047506,13.473550668487507,uncertain
capacity,0.85,network-us,12,steal,qbr,p99_us,10,-0.05204101930000036,-0.7535669705625082,0.6298797790274988,uncertain
capacity,0.85,network-us,12,steal,qbr,slo_miss_rate,10,0.8055825057499982,0.5695589588299982,1.0390671741419983,higher
capacity,0.85,network-us,12,steal,threshold,class0_p99_us,10,1.0544361616000004,-0.25852024581750044,2.471846705817493,uncertain
capacity,0.85,network-us,12,steal,threshold,control_cpu_mean,10,0.578273488587,0.5437525162457503,0.61109929138565,higher
capacity,0.85,network-us,12,steal,threshold,p999_us,10,4.768738950699998,-3.508973766260009,11.788980501317496,uncertain
capacity,0.85,network-us,12,steal,threshold,p99_us,10,0.30170963139999857,-0.1904818116225013,0.790399809269998,uncertain
capacity,0.85,network-us,12,steal,threshold,slo_miss_rate,10,0.7270765676199996,0.5160621090424993,0.9483645987914996,higher
capacity,0.85,network-us,12,threshold,jbsq,class0_p99_us,10,-48.69668763289999,-52.5107167555225,-44.526967275367504,lower
capacity,0.85,network-us,12,threshold,jbsq,control_cpu_mean,10,3.3760862095250004,3.3671351628751003,3.3854459350085495,higher
capacity,0.85,network-us,12,threshold,jbsq,p999_us,10,-140.29155646149997,-149.51029617546746,-132.39223107731746,lower
capacity,0.85,network-us,12,threshold,jbsq,p99_us,10,-51.5330695527,-53.4857427257275,-49.48772535345751,lower
capacity,0.85,network-us,12,threshold,jbsq,slo_miss_rate,10,-15.98525305601,-17.110289576085005,-14.803553576965003,lower
capacity,0.85,network-us,12,threshold,jsw,class0_p99_us,10,-1.1756368557,-2.977950380542499,0.5073400635249949,uncertain
capacity,0.85,network-us,12,threshold,jsw,control_cpu_mean,10,2.977686209521,2.9687351628711003,2.9870459350045495,higher
capacity,0.85,network-us,12,threshold,jsw,p999_us,10,-3.6297688394999965,-9.505001835310004,1.8287090944375028,uncertain
capacity,0.85,network-us,12,threshold,jsw,p99_us,10,-0.34609819110000045,-0.8323899471174976,0.09995642103750006,uncertain
capacity,0.85,network-us,12,threshold,jsw,slo_miss_rate,10,0.1499127077700002,0.011769142764002413,0.2776254917534986,higher
capacity,0.85,network-us,12,threshold,qbr,class0_p99_us,10,-0.3945324446000029,-1.5379416464450042,0.6415210826325003,uncertain
capacity,0.85,network-us,12,threshold,qbr,control_cpu_mean,10,1.342585789255,1.3341114474698998,1.350979654359325,higher
capacity,0.85,network-us,12,threshold,qbr,p999_us,10,-2.9783219264999956,-9.277692412805001,4.158451121900015,uncertain
capacity,0.85,network-us,12,threshold,qbr,p99_us,10,-0.3537506506999989,-0.753623794625012,0.06317830147499438,uncertain
capacity,0.85,network-us,12,threshold,qbr,slo_miss_rate,10,0.07850593812999851,-0.04616751533675116,0.2179493508224976,uncertain
capacity,0.85,network-us,12,threshold,steal,class0_p99_us,10,-1.0544361616000004,-2.4718467058174953,0.25852024581749833,uncertain
capacity,0.85,network-us,12,threshold,steal,control_cpu_mean,10,-0.578273488587,-0.61109929138565,-0.5437525162457504,lower
capacity,0.85,network-us,12,threshold,steal,p999_us,10,-4.768738950699998,-11.788980501317507,3.5089737662599956,uncertain
capacity,0.85,network-us,12,threshold,steal,p99_us,10,-0.30170963139999857,-0.7903998092699981,0.19048181162250066,uncertain
capacity,0.85,network-us,12,threshold,steal,slo_miss_rate,10,-0.7270765676199996,-0.9483645987914997,-0.5160621090424997,lower
capacity,0.85,network-us,20,jbsq,jsw,class0_p99_us,10,3590.154242151,3523.3381923525326,3666.665805756467,higher
capacity,0.85,network-us,20,jbsq,jsw,control_cpu_mean,10,-0.398400000004,-0.398400000004,-0.398400000004,lower
capacity,0.85,network-us,20,jbsq,jsw,p999_us,10,3396.943601415,3322.9379063187275,3474.974006506612,higher
capacity,0.85,network-us,20,jbsq,jsw,p99_us,10,3514.7961704936997,3442.9946050643475,3593.185301504685,higher
capacity,0.85,network-us,20,jbsq,jsw,slo_miss_rate,10,15.315260442160001,15.063615378050502,15.541976548040001,higher
capacity,0.85,network-us,20,jbsq,qbr,class0_p99_us,10,3589.6188046298003,3522.99050159219,3666.0674140792,higher
capacity,0.85,network-us,20,jbsq,qbr,control_cpu_mean,10,-2.021567064206,-2.0232322518589005,-2.0198358541499752,lower
capacity,0.85,network-us,20,jbsq,qbr,p999_us,10,3397.697918933,3325.6024076667477,3471.04011793798,higher
capacity,0.85,network-us,20,jbsq,qbr,p99_us,10,3515.0035702299997,3443.777050706205,3592.9003377777126,higher
capacity,0.85,network-us,20,jbsq,qbr,slo_miss_rate,10,15.34665554324,15.089739576709503,15.57388036554875,higher
capacity,0.85,network-us,20,jbsq,steal,class0_p99_us,10,3590.3357814944998,3523.0807456340603,3667.1802795921526,higher
capacity,0.85,network-us,20,jbsq,steal,control_cpu_mean,10,-3.465424041013,-3.4784221670259257,-3.45105397886445,lower
capacity,0.85,network-us,20,jbsq,steal,p999_us,10,3402.5130988234,3329.7812029053075,3477.7665574755274,higher
capacity,0.85,network-us,20,jbsq,steal,p99_us,10,3514.6089269188,3442.844863335763,3592.8821260247973,higher
capacity,0.85,network-us,20,jbsq,steal,slo_miss_rate,10,15.343628885890002,15.086823601029502,15.578377065275001,higher
capacity,0.85,network-us,20,jbsq,threshold,class0_p99_us,10,3590.6672515322,3524.0909328916323,3666.5132658784123,higher
capacity,0.85,network-us,20,jbsq,threshold,control_cpu_mean,10,-2.918716668589,-2.922432294176,-2.9152749270662244,lower
capacity,0.85,network-us,20,jbsq,threshold,p999_us,10,3400.184883548,3324.917315238815,3480.139428284385,higher
capacity,0.85,network-us,20,jbsq,threshold,p99_us,10,3514.9893918944,3443.4528622370653,3592.7942055364424,higher
capacity,0.85,network-us,20,jbsq,threshold,slo_miss_rate,10,15.333013942190002,15.07551928606675,15.560723806955,higher
capacity,0.85,network-us,20,jsw,jbsq,class0_p99_us,10,-3590.154242151,-3666.665805756467,-3523.338192352533,lower
capacity,0.85,network-us,20,jsw,jbsq,control_cpu_mean,10,0.398400000004,0.398400000004,0.398400000004,higher
capacity,0.85,network-us,20,jsw,jbsq,p999_us,10,-3396.943601415,-3474.974006506612,-3322.937906318728,lower
capacity,0.85,network-us,20,jsw,jbsq,p99_us,10,-3514.7961704936997,-3593.185301504685,-3442.9946050643475,lower
capacity,0.85,network-us,20,jsw,jbsq,slo_miss_rate,10,-15.315260442160001,-15.541976548040001,-15.063615378050502,lower
capacity,0.85,network-us,20,jsw,qbr,class0_p99_us,10,-0.5354375212000008,-2.449541509215,1.462071255897503,uncertain
capacity,0.85,network-us,20,jsw,qbr,control_cpu_mean,10,-1.623167064202,-1.6248322518548999,-1.6214358541459748,lower
capacity,0.85,network-us,20,jsw,qbr,p999_us,10,0.7543175179999935,-10.651995367745021,11.752471758899997,uncertain
capacity,0.85,network-us,20,jsw,qbr,p99_us,10,0.2073997362999876,-0.6655673698875086,1.025254576009985,uncertain
capacity,0.85,network-us,20,jsw,qbr,slo_miss_rate,10,0.03139510107999954,-0.010019111334999857,0.06748445554624874,uncertain
capacity,0.85,network-us,20,jsw,steal,class0_p99_us,10,0.1815393434999976,-0.7669486873749982,1.3060093559400001,uncertain
capacity,0.85,network-us,20,jsw,steal,control_cpu_mean,10,-3.0670240410089997,-3.080022167021925,-3.0526539788604503,lower
capacity,0.85,network-us,20,jsw,steal,p999_us,10,5.569497408400002,-3.3183791936274982,14.6913069758,uncertain
capacity,0.85,network-us,20,jsw,steal,p99_us,10,-0.18724357490000898,-1.0434438764850043,0.7006089560399903,uncertain
capacity,0.85,network-us,20,jsw,steal,slo_miss_rate,10,0.028368443730001358,-0.016146359907997784,0.06548009330825118,uncertain
capacity,0.85,network-us,20,jsw,threshold,class0_p99_us,10,0.5130093811999956,-1.066671940302512,2.1111271241800043,uncertain
capacity,0.85,network-us,20,jsw,threshold,control_cpu_mean,10,-2.5203166685849996,-2.524032294172,-2.5168749270622244,lower
capacity,0.85,network-us,20,jsw,threshold,p999_us,10,3.2412821329999986,-2.60949092025248,9.658346627119993,uncertain
capacity,0.85,network-us,20,jsw,threshold,p99_us,10,0.19322140069999136,-0.6084117186475189,0.9226580914074921,uncertain
capacity,0.85,network-us,20,jsw,threshold,slo_miss_rate,10,0.01775350003000109,-0.009953809146501319,0.045848133598753886,uncertain
capacity,0.85,network-us,20,qbr,jbsq,class0_p99_us,10,-3589.6188046298003,-3666.0674140792,-3522.99050159219,lower
capacity,0.85,network-us,20,qbr,jbsq,control_cpu_mean,10,2.021567064206,2.0198358541499752,2.0232322518589005,higher
capacity,0.85,network-us,20,qbr,jbsq,p999_us,10,-3397.697918933,-3471.04011793798,-3325.6024076667477,lower
capacity,0.85,network-us,20,qbr,jbsq,p99_us,10,-3515.0035702299997,-3592.9003377777126,-3443.777050706205,lower
capacity,0.85,network-us,20,qbr,jbsq,slo_miss_rate,10,-15.34665554324,-15.57388036554875,-15.089739576709503,lower
capacity,0.85,network-us,20,qbr,jsw,class0_p99_us,10,0.5354375212000008,-1.4620712558975035,2.4495415092149995,uncertain
capacity,0.85,network-us,20,qbr,jsw,control_cpu_mean,10,1.623167064202,1.6214358541459748,1.6248322518548999,higher
capacity,0.85,network-us,20,qbr,jsw,p999_us,10,-0.7543175179999935,-11.752471758899997,10.651995367745021,uncertain
capacity,0.85,network-us,20,qbr,jsw,p99_us,10,-0.2073997362999876,-1.0252545760099852,0.665567369887508,uncertain
capacity,0.85,network-us,20,qbr,jsw,slo_miss_rate,10,-0.03139510107999954,-0.06748445554624877,0.01001911133499976,uncertain
capacity,0.85,network-us,20,qbr,steal,class0_p99_us,10,0.7169768646999983,-1.003429489065,2.5112801725349954,uncertain
capacity,0.85,network-us,20,qbr,steal,control_cpu_mean,10,-1.4438569768069998,-1.45722057706175,-1.4289804837833,lower
capacity,0.85,network-us,20,qbr,steal,p999_us,10,4.8151798904000085,-3.092782957110003,13.443947807045024,uncertain
capacity,0.85,network-us,20,qbr,steal,p99_us,10,-0.39464331119999657,-1.1801553058699856,0.25197173754501095,uncertain
capacity,0.85,network-us,20,qbr,steal,slo_miss_rate,10,-0.0030266573499981853,-0.030608806337249078,0.027886748571001957,uncertain
capacity,0.85,network-us,20,qbr,threshold,class0_p99_us,10,1.0484469023999963,-0.5446336403700028,2.7701741179699955,uncertain
capacity,0.85,network-us,20,qbr,threshold,control_cpu_mean,10,-0.897149604383,-0.9000897990776999,-0.8939051345847498,lower
capacity,0.85,network-us,20,qbr,threshold,p999_us,10,2.486964615000005,-8.170651666494997,13.35835102064249,uncertain
capacity,0.85,network-us,20,qbr,threshold,p99_us,10,-0.014178335599996216,-0.7601975778824882,0.7540170000325044,uncertain
capacity,0.85,network-us,20,qbr,threshold,slo_miss_rate,10,-0.013641601049998453,-0.04338482259549495,0.01552556140350333,uncertain
capacity,0.85,network-us,20,steal,jbsq,class0_p99_us,10,-3590.3357814944998,-3667.1802795921526,-3523.0807456340603,lower
capacity,0.85,network-us,20,steal,jbsq,control_cpu_mean,10,3.465424041013,3.45105397886445,3.478422167025925,higher
capacity,0.85,network-us,20,steal,jbsq,p999_us,10,-3402.5130988234,-3477.7665574755274,-3329.7812029053075,lower
capacity,0.85,network-us,20,steal,jbsq,p99_us,10,-3514.6089269188,-3592.8821260247973,-3442.844863335763,lower
capacity,0.85,network-us,20,steal,jbsq,slo_miss_rate,10,-15.343628885890002,-15.578377065275001,-15.086823601029504,lower
capacity,0.85,network-us,20,steal,jsw,class0_p99_us,10,-0.1815393434999976,-1.3060093559400008,0.766948687374998,uncertain
capacity,0.85,network-us,20,steal,jsw,control_cpu_mean,10,3.0670240410089997,3.0526539788604503,3.0800221670219248,higher
capacity,0.85,network-us,20,steal,jsw,p999_us,10,-5.569497408400002,-14.6913069758,3.318379193627498,uncertain
capacity,0.85,network-us,20,steal,jsw,p99_us,10,0.18724357490000898,-0.7006089560399904,1.0434438764850025,uncertain
capacity,0.85,network-us,20,steal,jsw,slo_miss_rate,10,-0.028368443730001358,-0.06548009330825119,0.016146359907997693,uncertain
capacity,0.85,network-us,20,steal,qbr,class0_p99_us,10,-0.7169768646999983,-2.511280172534997,1.0034294890649995,uncertain
capacity,0.85,network-us,20,steal,qbr,control_cpu_mean,10,1.4438569768069998,1.4289804837833,1.45722057706175,higher
capacity,0.85,network-us,20,steal,qbr,p999_us,10,-4.8151798904000085,-13.443947807045024,3.092782957110002,uncertain
capacity,0.85,network-us,20,steal,qbr,p99_us,10,0.39464331119999657,-0.25197173754501134,1.1801553058699847,uncertain
capacity,0.85,network-us,20,steal,qbr,slo_miss_rate,10,0.0030266573499981853,-0.027886748571001985,0.030608806337249078,uncertain
capacity,0.85,network-us,20,steal,threshold,class0_p99_us,10,0.331470037699998,-1.2017675679825028,1.6788026588774994,uncertain
capacity,0.85,network-us,20,steal,threshold,control_cpu_mean,10,0.546707372424,0.5307744740921749,0.5607932757510751,higher
capacity,0.85,network-us,20,steal,threshold,p999_us,10,-2.328215275400004,-12.58149909163751,8.849381571339977,uncertain
capacity,0.85,network-us,20,steal,threshold,p99_us,10,0.38046497560000037,-0.42789580892250795,1.1730052028399958,uncertain
capacity,0.85,network-us,20,steal,threshold,slo_miss_rate,10,-0.010614943700000268,-0.04653730159825156,0.026523846868752275,uncertain
capacity,0.85,network-us,20,threshold,jbsq,class0_p99_us,10,-3590.6672515322,-3666.5132658784123,-3524.0909328916323,lower
capacity,0.85,network-us,20,threshold,jbsq,control_cpu_mean,10,2.918716668589,2.9152749270662244,2.922432294176,higher
capacity,0.85,network-us,20,threshold,jbsq,p999_us,10,-3400.184883548,-3480.139428284385,-3324.917315238815,lower
capacity,0.85,network-us,20,threshold,jbsq,p99_us,10,-3514.9893918944,-3592.7942055364424,-3443.4528622370653,lower
capacity,0.85,network-us,20,threshold,jbsq,slo_miss_rate,10,-15.333013942190002,-15.560723806955,-15.07551928606675,lower
capacity,0.85,network-us,20,threshold,jsw,class0_p99_us,10,-0.5130093811999956,-2.1111271241800047,1.06667194030251,uncertain
capacity,0.85,network-us,20,threshold,jsw,control_cpu_mean,10,2.5203166685849996,2.5168749270622244,2.524032294172,higher
capacity,0.85,network-us,20,threshold,jsw,p999_us,10,-3.2412821329999986,-9.658346627119995,2.6094909202524708,uncertain
capacity,0.85,network-us,20,threshold,jsw,p99_us,10,-0.19322140069999136,-0.9226580914074924,0.6084117186475186,uncertain
capacity,0.85,network-us,20,threshold,jsw,slo_miss_rate,10,-0.01775350003000109,-0.04584813359875389,0.009953809146501291,uncertain
capacity,0.85,network-us,20,threshold,qbr,class0_p99_us,10,-1.0484469023999963,-2.7701741179699977,0.5446336403700014,uncertain
capacity,0.85,network-us,20,threshold,qbr,control_cpu_mean,10,0.897149604383,0.8939051345847498,0.9000897990776999,higher
capacity,0.85,network-us,20,threshold,qbr,p999_us,10,-2.486964615000005,-13.358351020642505,8.170651666494987,uncertain
capacity,0.85,network-us,20,threshold,qbr,p99_us,10,0.014178335599996216,-0.7540170000325049,0.7601975778824882,uncertain
capacity,0.85,network-us,20,threshold,qbr,slo_miss_rate,10,0.013641601049998453,-0.015525561403503335,0.04338482259549494,uncertain
capacity,0.85,network-us,20,threshold,steal,class0_p99_us,10,-0.331470037699998,-1.6788026588774996,1.2017675679825024,uncertain
capacity,0.85,network-us,20,threshold,steal,control_cpu_mean,10,-0.546707372424,-0.5607932757510751,-0.5307744740921749,lower
capacity,0.85,network-us,20,threshold,steal,p999_us,10,2.328215275400004,-8.849381571339993,12.58149909163751,uncertain
capacity,0.85,network-us,20,threshold,steal,p99_us,10,-0.38046497560000037,-1.173005202839996,0.42789580892250706,uncertain
capacity,0.85,network-us,20,threshold,steal,slo_miss_rate,10,0.010614943700000268,-0.02652384686875231,0.046537301598251486,uncertain
capacity,0.85,network-us,3.15,jbsq,jsw,class0_p99_us,10,-9.7445320232,-16.125565415822503,-3.949686710587503,lower
capacity,0.85,network-us,3.15,jbsq,jsw,control_cpu_mean,10,-0.398400000004,-0.398400000004,-0.398400000004,lower
capacity,0.85,network-us,3.15,jbsq,jsw,p999_us,10,118.64461003939998,111.02223306410498,126.45883199960998,higher
capacity,0.85,network-us,3.15,jbsq,jsw,p99_us,10,-6.629217881299996,-7.7578070987175005,-5.333265840999997,lower
capacity,0.85,network-us,3.15,jbsq,jsw,slo_miss_rate,10,-9.661255400369999,-10.48412230097825,-8.780209442620249,lower
capacity,0.85,network-us,3.15,jbsq,qbr,class0_p99_us,10,-8.578041108399999,-15.5664638372,-2.731593845765,lower
capacity,0.85,network-us,3.15,jbsq,qbr,control_cpu_mean,10,-2.467789393863,-2.482533502602,-2.453609319146525,lower
capacity,0.85,network-us,3.15,jbsq,qbr,p999_us,10,119.11801326109999,108.8208172523425,129.45271943143248,higher
capacity,0.85,network-us,3.15,jbsq,qbr,p99_us,10,-6.343371008199997,-7.806945663182498,-4.848633111637501,lower
capacity,0.85,network-us,3.15,jbsq,qbr,slo_miss_rate,10,-9.61893497462,-10.440715276298999,-8.758185498642,lower
capacity,0.85,network-us,3.15,jbsq,steal,class0_p99_us,10,-9.280684558200004,-15.239070888362503,-3.745426274037504,lower
capacity,0.85,network-us,3.15,jbsq,steal,control_cpu_mean,10,-5.088755583582,-5.1601136670528,-5.006871869137,lower
capacity,0.85,network-us,3.15,jbsq,steal,p999_us,10,122.10556638999999,112.02901852584749,133.28311729846004,higher
capacity,0.85,network-us,3.15,jbsq,steal,p99_us,10,-6.076751874599995,-7.054857603842493,-4.985570885354993,lower
capacity,0.85,network-us,3.15,jbsq,steal,slo_miss_rate,10,-9.5343362927,-10.418624748845753,-8.598375843804002,lower
capacity,0.85,network-us,3.15,jbsq,threshold,class0_p99_us,10,-8.715472647900004,-15.282865501200003,-2.997147007560008,lower
capacity,0.85,network-us,3.15,jbsq,threshold,control_cpu_mean,10,-4.724807338636,-4.753698618639775,-4.696079598912201,lower
capacity,0.85,network-us,3.15,jbsq,threshold,p999_us,10,122.2611560681,112.93008506240247,130.9976967544825,higher
capacity,0.85,network-us,3.15,jbsq,threshold,p99_us,10,-6.440678013799999,-7.667536698530011,-5.113559466592498,lower
capacity,0.85,network-us,3.15,jbsq,threshold,slo_miss_rate,10,-9.52037278322,-10.362772464264001,-8.684700162550753,lower
capacity,0.85,network-us,3.15,jsw,jbsq,class0_p99_us,10,9.7445320232,3.949686710587499,16.1255654158225,higher
capacity,0.85,network-us,3.15,jsw,jbsq,control_cpu_mean,10,0.398400000004,0.398400000004,0.398400000004,higher
capacity,0.85,network-us,3.15,jsw,jbsq,p999_us,10,-118.64461003939998,-126.45883199961,-111.02223306410498,lower
capacity,0.85,network-us,3.15,jsw,jbsq,p99_us,10,6.629217881299996,5.333265840999997,7.7578070987175,higher
capacity,0.85,network-us,3.15,jsw,jbsq,slo_miss_rate,10,9.661255400369999,8.780209442620249,10.48412230097825,higher
capacity,0.85,network-us,3.15,jsw,qbr,class0_p99_us,10,1.1664909148000007,-0.2667225195474951,2.5529484928174977,uncertain
capacity,0.85,network-us,3.15,jsw,qbr,control_cpu_mean,10,-2.069389393859,-2.084133502598,-2.0552093191425245,lower
capacity,0.85,network-us,3.15,jsw,qbr,p999_us,10,0.47340322170000493,-8.914517745057495,10.954138235635007,uncertain
capacity,0.85,network-us,3.15,jsw,qbr,p99_us,10,0.2858468730999988,-0.48921461925249643,1.061351552437496,uncertain
capacity,0.85,network-us,3.15,jsw,qbr,slo_miss_rate,10,0.042320425750000126,-0.13077909152399966,0.21591469936199895,uncertain
capacity,0.85,network-us,3.15,jsw,steal,class0_p99_us,10,0.46384746499999635,-0.9045921706000044,1.8089667378574896,uncertain
capacity,0.85,network-us,3.15,jsw,steal,control_cpu_mean,10,-4.6903555835779995,-4.7617136670488005,-4.608471869133,lower
capacity,0.85,network-us,3.15,jsw,steal,p999_us,10,3.4609563506000143,-3.45905236064748,11.429302282010005,uncertain
capacity,0.85,network-us,3.15,jsw,steal,p99_us,10,0.5524660067000013,0.018836407800006328,1.2220505653299973,higher
capacity,0.85,network-us,3.15,jsw,steal,slo_miss_rate,10,0.12691910766999992,0.01923655350575064,0.23460201100999942,higher
capacity,0.85,network-us,3.15,jsw,threshold,class0_p99_us,10,1.0290593752999968,-0.476432459185005,2.597273421402496,uncertain
capacity,0.85,network-us,3.15,jsw,threshold,control_cpu_mean,10,-4.326407338632,-4.355298618635776,-4.297679598908201,lower
capacity,0.85,network-us,3.15,jsw,threshold,p999_us,10,3.6165460286999975,-3.319297262867497,10.877720144332496,uncertain
capacity,0.85,network-us,3.15,jsw,threshold,p99_us,10,0.18853986749999763,-0.16105652654500296,0.4791726482224991,uncertain
capacity,0.85,network-us,3.15,jsw,threshold,slo_miss_rate,10,0.1408826171500005,-0.003721350970998223,0.279692053684752,uncertain
capacity,0.85,network-us,3.15,qbr,jbsq,class0_p99_us,10,8.578041108399999,2.731593845764999,15.5664638372,higher
capacity,0.85,network-us,3.15,qbr,jbsq,control_cpu_mean,10,2.467789393863,2.453609319146525,2.482533502602,higher
capacity,0.85,network-us,3.15,qbr,jbsq,p999_us,10,-119.11801326109999,-129.4527194314325,-108.8208172523425,lower
capacity,0.85,network-us,3.15,qbr,jbsq,p99_us,10,6.343371008199997,4.848633111637499,7.806945663182496,higher
capacity,0.85,network-us,3.15,qbr,jbsq,slo_miss_rate,10,9.61893497462,8.758185498642,10.440715276298999,higher
capacity,0.85,network-us,3.15,qbr,jsw,class0_p99_us,10,-1.1664909148000007,-2.5529484928174986,0.2667225195474934,uncertain
capacity,0.85,network-us,3.15,qbr,jsw,control_cpu_mean,10,2.069389393859,2.0552093191425245,2.084133502598,higher
capacity,0.85,network-us,3.15,qbr,jsw,p999_us,10,-0.47340322170000493,-10.954138235635012,8.914517745057495,uncertain
capacity,0.85,network-us,3.15,qbr,jsw,p99_us,10,-0.2858468730999988,-1.0613515524374961,0.4892146192524948,uncertain
capacity,0.85,network-us,3.15,qbr,jsw,slo_miss_rate,10,-0.042320425750000126,-0.21591469936199906,0.1307790915239996,uncertain
capacity,0.85,network-us,3.15,qbr,steal,class0_p99_us,10,-0.7026434498000043,-1.8761227085375005,0.8362227636424954,uncertain
capacity,0.85,network-us,3.15,qbr,steal,control_cpu_mean,10,-2.6209661897189998,-2.70279492532305,-2.5315060730655,lower
capacity,0.85,network-us,3.15,qbr,steal,p999_us,10,2.9875531289000095,-8.157695966762507,13.765237901600017,uncertain
capacity,0.85,network-us,3.15,qbr,steal,p99_us,10,0.26661913360000256,-0.609942688815002,1.2112702159700002,uncertain
capacity,0.85,network-us,3.15,qbr,steal,slo_miss_rate,10,0.08459868191999981,-0.06502485704474897,0.24313670845549948,uncertain
capacity,0.85,network-us,3.15,qbr,threshold,class0_p99_us,10,-0.13743153950000392,-1.5109241219625031,1.1719551808224904,uncertain
capacity,0.85,network-us,3.15,qbr,threshold,control_cpu_mean,10,-2.2570179447729997,-2.2733757340423746,-2.2402539040365754,lower
capacity,0.85,network-us,3.15,qbr,threshold,p999_us,10,3.1431428069999923,-7.4362776921575,12.634730608429994,uncertain
capacity,0.85,network-us,3.15,qbr,threshold,p99_us,10,-0.09730700560000116,-0.8188337331225026,0.6966260072674978,uncertain
capacity,0.85,network-us,3.15,qbr,threshold,slo_miss_rate,10,0.09856219140000039,-0.07679468803224948,0.26560642257675005,uncertain
capacity,0.85,network-us,3.15,steal,jbsq,class0_p99_us,10,9.280684558200004,3.745426274037502,15.2390708883625,higher
capacity,0.85,network-us,3.15,steal,jbsq,control_cpu_mean,10,5.088755583582,5.006871869137,5.1601136670528,higher
capacity,0.85,network-us,3.15,steal,jbsq,p999_us,10,-122.10556638999999,-133.28311729846004,-112.0290185258475,lower
capacity,0.85,network-us,3.15,steal,jbsq,p99_us,10,6.076751874599995,4.985570885354992,7.054857603842493,higher
capacity,0.85,network-us,3.15,steal,jbsq,slo_miss_rate,10,9.5343362927,8.598375843804,10.418624748845753,higher
capacity,0.85,network-us,3.15,steal,jsw,class0_p99_us,10,-0.46384746499999635,-1.8089667378574903,0.9045921706000044,uncertain
capacity,0.85,network-us,3.15,steal,jsw,control_cpu_mean,10,4.6903555835779995,4.608471869133,4.7617136670488005,higher
capacity,0.85,network-us,3.15,steal,jsw,p999_us,10,-3.4609563506000143,-11.429302282010008,3.459052360647479,uncertain
capacity,0.85,network-us,3.15,steal,jsw,p99_us,10,-0.5524660067000013,-1.222050565329998,-0.018836407800006328,lower
capacity,0.85,network-us,3.15,steal,jsw,slo_miss_rate,10,-0.12691910766999992,-0.23460201100999942,-0.019236553505750643,lower
capacity,0.85,network-us,3.15,steal,qbr,class0_p99_us,10,0.7026434498000043,-0.836222763642496,1.8761227085374996,uncertain
capacity,0.85,network-us,3.15,steal,qbr,control_cpu_mean,10,2.6209661897189998,2.5315060730655,2.70279492532305,higher
capacity,0.85,network-us,3.15,steal,qbr,p999_us,10,-2.9875531289000095,-13.765237901600017,8.157695966762503,uncertain
capacity,0.85,network-us,3.15,steal,qbr,p99_us,10,-0.26661913360000256,-1.2112702159700006,0.6099426888150015,uncertain
capacity,0.85,network-us,3.15,steal,qbr,slo_miss_rate,10,-0.08459868191999981,-0.24313670845549967,0.06502485704474893,uncertain
capacity,0.85,network-us,3.15,steal,threshold,class0_p99_us,10,0.5652119103000004,-0.5387519999725038,1.6424504092075065,uncertain
capacity,0.85,network-us,3.15,steal,threshold,control_cpu_mean,10,0.3639482449460002,0.2623487744894501,0.45665443958932495,higher
capacity,0.85,network-us,3.15,steal,threshold,p999_us,10,0.1555896780999831,-9.376788665165023,10.189774356462479,uncertain
capacity,0.85,network-us,3.15,steal,threshold,p99_us,10,-0.3639261392000037,-0.9826333291475011,0.18750501856499643,uncertain
capacity,0.85,network-us,3.15,steal,threshold,slo_miss_rate,10,0.01396350948000058,-0.16300421063074924,0.2085650969120007,uncertain
capacity,0.85,network-us,3.15,threshold,jbsq,class0_p99_us,10,8.715472647900004,2.997147007560003,15.282865501200003,higher
capacity,0.85,network-us,3.15,threshold,jbsq,control_cpu_mean,10,4.724807338636,4.696079598912201,4.753698618639775,higher
capacity,0.85,network-us,3.15,threshold,jbsq,p999_us,10,-122.2611560681,-130.9976967544825,-112.93008506240248,lower
capacity,0.85,network-us,3.15,threshold,jbsq,p99_us,10,6.440678013799999,5.113559466592498,7.66753669853001,higher
capacity,0.85,network-us,3.15,threshold,jbsq,slo_miss_rate,10,9.52037278322,8.684700162550751,10.362772464264001,higher
capacity,0.85,network-us,3.15,threshold,jsw,class0_p99_us,10,-1.0290593752999968,-2.5972734214024964,0.4764324591850032,uncertain
capacity,0.85,network-us,3.15,threshold,jsw,control_cpu_mean,10,4.326407338632,4.297679598908201,4.355298618635776,higher
capacity,0.85,network-us,3.15,threshold,jsw,p999_us,10,-3.6165460286999975,-10.877720144332502,3.319297262867479,uncertain
capacity,0.85,network-us,3.15,threshold,jsw,p99_us,10,-0.18853986749999763,-0.4791726482224992,0.16105652654500266,uncertain
capacity,0.85,network-us,3.15,threshold,jsw,slo_miss_rate,10,-0.1408826171500005,-0.2796920536847521,0.0037213509709981465,uncertain
capacity,0.85,network-us,3.15,threshold,qbr,class0_p99_us,10,0.13743153950000392,-1.1719551808224924,1.5109241219625014,uncertain
capacity,0.85,network-us,3.15,threshold,qbr,control_cpu_mean,10,2.2570179447729997,2.2402539040365754,2.2733757340423746,higher
capacity,0.85,network-us,3.15,threshold,qbr,p999_us,10,-3.1431428069999923,-12.634730608429999,7.436277692157482,uncertain
capacity,0.85,network-us,3.15,threshold,qbr,p99_us,10,0.09730700560000116,-0.6966260072674999,0.8188337331225016,uncertain
capacity,0.85,network-us,3.15,threshold,qbr,slo_miss_rate,10,-0.09856219140000039,-0.2656064225767501,0.0767946880322493,uncertain
capacity,0.85,network-us,3.15,threshold,steal,class0_p99_us,10,-0.5652119103000004,-1.6424504092075078,0.5387519999725034,uncertain
capacity,0.85,network-us,3.15,threshold,steal,control_cpu_mean,10,-0.3639482449460002,-0.45665443958932506,-0.2623487744894503,lower
capacity,0.85,network-us,3.15,threshold,steal,p999_us,10,-0.1555896780999831,-10.189774356462484,9.376788665165021,uncertain
capacity,0.85,network-us,3.15,threshold,steal,p99_us,10,0.3639261392000037,-0.18750501856499682,0.9826333291475009,uncertain
capacity,0.85,network-us,3.15,threshold,steal,slo_miss_rate,10,-0.01396350948000058,-0.20856509691200076,0.16300421063074919,uncertain
capacity,0.85,network-us,6,jbsq,jsw,class0_p99_us,10,-2.0529818801000004,-7.301739254815004,2.7367903610249997,uncertain
capacity,0.85,network-us,6,jbsq,jsw,control_cpu_mean,10,-0.398400000004,-0.398400000004,-0.398400000004,lower
capacity,0.85,network-us,6,jbsq,jsw,p999_us,10,112.0027774772,103.47254964191748,120.17355965318248,higher
capacity,0.85,network-us,6,jbsq,jsw,p99_us,10,-3.0958687222999997,-4.531676086267499,-1.700855837687496,lower
capacity,0.85,network-us,6,jbsq,jsw,slo_miss_rate,10,-7.771528460789999,-8.398887911350752,-7.044191657868751,lower
capacity,0.85,network-us,6,jbsq,qbr,class0_p99_us,10,-2.8617663984000004,-8.0333093207975,1.719339040464996,uncertain
capacity,0.85,network-us,6,jbsq,qbr,control_cpu_mean,10,-2.101698547856,-2.1074125116503493,-2.0966434340304,lower
capacity,0.85,network-us,6,jbsq,qbr,p999_us,10,111.102224645,102.89350899778749,120.28728131504496,higher
capacity,0.85,network-us,6,jbsq,qbr,p99_us,10,-2.9474384007,-4.569685358694997,-1.4496241529724996,lower
capacity,0.85,network-us,6,jbsq,qbr,slo_miss_rate,10,-7.557184825589999,-8.158150020080498,-6.859280012519998,lower
capacity,0.85,network-us,6,jbsq,steal,class0_p99_us,10,-1.170102919200005,-6.755698143832506,3.694421863577491,uncertain
capacity,0.85,network-us,6,jbsq,steal,control_cpu_mean,10,-4.1725202418339995,-4.207243803130201,-4.137851715879,lower
capacity,0.85,network-us,6,jbsq,steal,p999_us,10,111.5983530924,102.1582618845175,121.22202085995247,higher
capacity,0.85,network-us,6,jbsq,steal,p99_us,10,-2.7128096614000015,-4.528410877590003,-0.96901077788,lower
capacity,0.85,network-us,6,jbsq,steal,slo_miss_rate,10,-7.81828525336,-8.4525873805245,-7.1368990869885005,lower
capacity,0.85,network-us,6,jbsq,threshold,class0_p99_us,10,-1.454035862800005,-7.224364614117503,3.7958084412999953,uncertain
capacity,0.85,network-us,6,jbsq,threshold,control_cpu_mean,10,-4.012360837626,-4.03234875395315,-3.9937472247373504,lower
capacity,0.85,network-us,6,jbsq,threshold,p999_us,10,114.85010982499998,105.7801400778525,123.36952541931247,higher
capacity,0.85,network-us,6,jbsq,threshold,p99_us,10,-2.8810226278000015,-4.772607352125,-1.1450437889975043,lower
capacity,0.85,network-us,6,jbsq,threshold,slo_miss_rate,10,-7.882427709300001,-8.53326576604575,-7.204085900020999,lower
capacity,0.85,network-us,6,jsw,jbsq,class0_p99_us,10,2.0529818801000004,-2.7367903610250006,7.301739254815002,uncertain
capacity,0.85,network-us,6,jsw,jbsq,control_cpu_mean,10,0.398400000004,0.398400000004,0.398400000004,higher
capacity,0.85,network-us,6,jsw,jbsq,p999_us,10,-112.0027774772,-120.1735596531825,-103.47254964191748,lower
capacity,0.85,network-us,6,jsw,jbsq,p99_us,10,3.0958687222999997,1.7008558376874956,4.531676086267499,higher
capacity,0.85,network-us,6,jsw,jbsq,slo_miss_rate,10,7.771528460789999,7.044191657868749,8.398887911350752,higher
capacity,0.85,network-us,6,jsw,qbr,class0_p99_us,10,-0.8087845182999999,-1.7860492734125022,0.13603964822249712,uncertain
capacity,0.85,network-us,6,jsw,qbr,control_cpu_mean,10,-1.7032985478519997,-1.70901251164635,-1.6982434340264,lower
capacity,0.85,network-us,6,jsw,qbr,p999_us,10,-0.9005528321999918,-8.914791920279987,7.230242058062498,uncertain
capacity,0.85,network-us,6,jsw,qbr,p99_us,10,0.14843032160000008,-0.4005065011725008,0.7257767351475028,uncertain
capacity,0.85,network-us,6,jsw,qbr,slo_miss_rate,10,0.21434363520000108,-0.04189906522024848,0.48552010536074985,uncertain
capacity,0.85,network-us,6,jsw,steal,class0_p99_us,10,0.8828789608999955,0.011829417169992525,1.7391839360574937,higher
capacity,0.85,network-us,6,jsw,steal,control_cpu_mean,10,-3.7741202418300004,-3.8088438031262006,-3.739451715875,lower
capacity,0.85,network-us,6,jsw,steal,p999_us,10,-0.4044243847999951,-10.485105902057485,8.716631133249985,uncertain
capacity,0.85,network-us,6,jsw,steal,p99_us,10,0.38305906089999836,-0.24748008760000068,1.1944944845824976,uncertain
capacity,0.85,network-us,6,jsw,steal,slo_miss_rate,10,-0.046756792570000205,-0.2697668637729996,0.20062643457224985,uncertain
capacity,0.85,network-us,6,jsw,threshold,class0_p99_us,10,0.5989460172999955,-0.503921859924998,1.701812193399995,uncertain
capacity,0.85,network-us,6,jsw,threshold,control_cpu_mean,10,-3.613960837622,-3.633948753949151,-3.59534722473335,lower
capacity,0.85,network-us,6,jsw,threshold,p999_us,10,2.8473323477999997,-4.692793896744999,10.691483654679994,uncertain
capacity,0.85,network-us,6,jsw,threshold,p99_us,10,0.21484609449999822,-0.4741579787500064,0.9301250206575085,uncertain
capacity,0.85,network-us,6,jsw,threshold,slo_miss_rate,10,-0.11089924851000021,-0.3389585396575011,0.1531967374709997,uncertain
capacity,0.85,network-us,6,qbr,jbsq,class0_p99_us,10,2.8617663984000004,-1.719339040465002,8.033309320797498,uncertain
capacity,0.85,network-us,6,qbr,jbsq,control_cpu_mean,10,2.101698547856,2.0966434340304,2.1074125116503493,higher
capacity,0.85,network-us,6,qbr,jbsq,p999_us,10,-111.102224645,-120.28728131504498,-102.89350899778749,lower
capacity,0.85,network-us,6,qbr,jbsq,p99_us,10,2.9474384007,1.4496241529724978,4.569685358694996,higher
capacity,0.85,network-us,6,qbr,jbsq,slo_miss_rate,10,7.557184825589999,6.859280012519998,8.158150020080498,higher
capacity,0.85,network-us,6,qbr,jsw,class0_p99_us,10,0.8087845182999999,-0.1360396482224994,1.786049273412502,uncertain
capacity,0.85,network-us,6,qbr,jsw,control_cpu_mean,10,1.7032985478519997,1.6982434340264,1.70901251164635,higher
capacity,0.85,network-us,6,qbr,jsw,p999_us,10,0.9005528321999918,-7.2302420580625055,8.91479192027998,uncertain
capacity,0.85,network-us,6,qbr,jsw,p99_us,10,-0.14843032160000008,-0.725776735147503,0.40050650117250075,uncertain
capacity,0.85,network-us,6,qbr,jsw,slo_miss_rate,10,-0.21434363520000108,-0.48552010536075,0.04189906522024828,uncertain
capacity,0.85,network-us,6,qbr,steal,class0_p99_us,10,1.6916634791999954,0.7143170369874937,2.796071936899999,higher
capacity,0.85,network-us,6,qbr,steal,control_cpu_mean,10,-2.070821693978,-2.10810427534875,-2.034635770070525,lower
capacity,0.85,network-us,6,qbr,steal,p999_us,10,0.49612844739999673,-5.6283307409950005,7.8871399910825035,uncertain
capacity,0.85,network-us,6,qbr,steal,p99_us,10,0.2346287392999983,-0.43635006320750036,0.9526766307650005,uncertain
capacity,0.85,network-us,6,qbr,steal,slo_miss_rate,10,-0.2611004277700013,-0.3935499552025004,-0.10698225540175253,lower
capacity,0.85,network-us,6,qbr,threshold,class0_p99_us,10,1.4077305355999954,0.36838107949998855,2.6093218601949926,higher
capacity,0.85,network-us,6,qbr,threshold,control_cpu_mean,10,-1.9106622897699999,-1.9276614388890247,-1.8954912429795998,lower
capacity,0.85,network-us,6,qbr,threshold,p999_us,10,3.7478851799999915,-3.758953054710007,11.152103074989986,uncertain
capacity,0.85,network-us,6,qbr,threshold,p99_us,10,0.06641577289999816,-0.45425651209000445,0.5741709306549958,uncertain
capacity,0.85,network-us,6,qbr,threshold,slo_miss_rate,10,-0.3252428837100013,-0.6088892617867511,-0.07369026707200178,lower
capacity,0.85,network-us,6,steal,jbsq,class0_p99_us,10,1.170102919200005,-3.6944218635774972,6.755698143832504,uncertain
capacity,0.85,network-us,6,steal,jbsq,control_cpu_mean,10,4.1725202418339995,4.137851715879,4.207243803130201,higher
capacity,0.85,network-us,6,steal,jbsq,p999_us,10,-111.5983530924,-121.22202085995248,-102.1582618845175,lower
capacity,0.85,network-us,6,steal,jbsq,p99_us,10,2.7128096614000015,0.9690107778799999,4.528410877590003,higher
capacity,0.85,network-us,6,steal,jbsq,slo_miss_rate,10,7.81828525336,7.1368990869885,8.4525873805245,higher
capacity,0.85,network-us,6,steal,jsw,class0_p99_us,10,-0.8828789608999955,-1.7391839360574937,-0.011829417169992558,lower
capacity,0.85,network-us,6,steal,jsw,control_cpu_mean,10,3.7741202418300004,3.739451715875,3.8088438031262006,higher
capacity,0.85,network-us,6,steal,jsw,p999_us,10,0.4044243847999951,-8.716631133249994,10.485105902057484,uncertain
capacity,0.85,network-us,6,steal,jsw,p99_us,10,-0.38305906089999836,-1.1944944845824976,0.2474800876,uncertain
capacity,0.85,network-us,6,steal,jsw,slo_miss_rate,10,0.046756792570000205,-0.20062643457225002,0.2697668637729995,uncertain
capacity,0.85,network-us,6,steal,qbr,class0_p99_us,10,-1.6916634791999954,-2.796071936899999,-0.7143170369874939,lower
capacity,0.85,network-us,6,steal,qbr,control_cpu_mean,10,2.070821693978,2.034635770070525,2.10810427534875,higher
capacity,0.85,network-us,6,steal,qbr,p999_us,10,-0.49612844739999673,-7.887139991082504,5.628330740994998,uncertain
capacity,0.85,network-us,6,steal,qbr,p99_us,10,-0.2346287392999983,-0.9526766307650012,0.43635006320750036,uncertain
capacity,0.85,network-us,6,steal,qbr,slo_miss_rate,10,0.2611004277700013,0.10698225540175253,0.3935499552025004,higher
capacity,0.85,network-us,6,steal,threshold,class0_p99_us,10,-0.2839329436,-1.5281569074400037,1.0791057758624993,uncertain
capacity,0.85,network-us,6,steal,threshold,control_cpu_mean,10,0.16015940420800004,0.10810553203107509,0.21068262588222506,higher
capacity,0.85,network-us,6,steal,threshold,p999_us,10,3.2517567325999948,-8.218257211462493,14.408619646962487,uncertain
capacity,0.85,network-us,6,steal,threshold,p99_us,10,-0.16821296640000014,-1.1734043965275056,0.7861090175574948,uncertain
capacity,0.85,network-us,6,steal,threshold,slo_miss_rate,10,-0.06414245594000001,-0.3306726605085002,0.1754670713299994,uncertain
capacity,0.85,network-us,6,threshold,jbsq,class0_p99_us,10,1.454035862800005,-3.7958084412999953,7.224364614117501,uncertain
capacity,0.85,network-us,6,threshold,jbsq,control_cpu_mean,10,4.012360837626,3.9937472247373504,4.03234875395315,higher
capacity,0.85,network-us,6,threshold,jbsq,p999_us,10,-114.85010982499998,-123.36952541931248,-105.78014007785251,lower
capacity,0.85,network-us,6,threshold,jbsq,p99_us,10,2.8810226278000015,1.1450437889975034,4.7726073521249965,higher
capacity,0.85,network-us,6,threshold,jbsq,slo_miss_rate,10,7.882427709300001,7.204085900020999,8.53326576604575,higher
capacity,0.85,network-us,6,threshold,jsw,class0_p99_us,10,-0.5989460172999955,-1.701812193399995,0.5039218599249976,uncertain
capacity,0.85,network-us,6,threshold,jsw,control_cpu_mean,10,3.613960837622,3.59534722473335,3.633948753949151,higher
capacity,0.85,network-us,6,threshold,jsw,p999_us,10,-2.8473323477999997,-10.691483654679994,4.692793896744995,uncertain
capacity,0.85,network-us,6,threshold,jsw,p99_us,10,-0.21484609449999822,-0.9301250206575086,0.4741579787500061,uncertain
capacity,0.85,network-us,6,threshold,jsw,slo_miss_rate,10,0.11089924851000021,-0.1531967374710001,0.338958539657501,uncertain
capacity,0.85,network-us,6,threshold,qbr,class0_p99_us,10,-1.4077305355999954,-2.6093218601949943,-0.36838107949998855,lower
capacity,0.85,network-us,6,threshold,qbr,control_cpu_mean,10,1.9106622897699999,1.8954912429795998,1.9276614388890247,higher
capacity,0.85,network-us,6,threshold,qbr,p999_us,10,-3.7478851799999915,-11.152103074989988,3.758953054710006,uncertain
capacity,0.85,network-us,6,threshold,qbr,p99_us,10,-0.06641577289999816,-0.574170930654996,0.4542565120900036,uncertain
capacity,0.85,network-us,6,threshold,qbr,slo_miss_rate,10,0.3252428837100013,0.07369026707200177,0.6088892617867511,higher
capacity,0.85,network-us,6,threshold,steal,class0_p99_us,10,0.2839329436,-1.0791057758625011,1.528156907440002,uncertain
capacity,0.85,network-us,6,threshold,steal,control_cpu_mean,10,-0.16015940420800004,-0.21068262588222508,-0.10810553203107513,lower
capacity,0.85,network-us,6,threshold,steal,p999_us,10,-3.2517567325999948,-14.408619646962489,8.218257211462491,uncertain
capacity,0.85,network-us,6,threshold,steal,p99_us,10,0.16821296640000014,-0.7861090175574953,1.1734043965275054,uncertain
capacity,0.85,network-us,6,threshold,steal,slo_miss_rate,10,0.06414245594000001,-0.1754670713299994,0.3306726605085002,uncertain
capacity,0.85,report-us,20,jbsq,jsw,class0_p99_us,10,-9.7445320232,-16.125565415822503,-3.949686710587503,lower
capacity,0.85,report-us,20,jbsq,jsw,control_cpu_mean,10,-0.398400000004,-0.398400000004,-0.398400000004,lower
capacity,0.85,report-us,20,jbsq,jsw,p999_us,10,118.64461003939998,111.02223306410498,126.45883199960998,higher
capacity,0.85,report-us,20,jbsq,jsw,p99_us,10,-6.629217881299996,-7.7578070987175005,-5.333265840999997,lower
capacity,0.85,report-us,20,jbsq,jsw,slo_miss_rate,10,-9.661255400369999,-10.48412230097825,-8.780209442620249,lower
capacity,0.85,report-us,20,jbsq,qbr,class0_p99_us,10,-8.578041108399999,-15.5664638372,-2.731593845765,lower
capacity,0.85,report-us,20,jbsq,qbr,control_cpu_mean,10,-2.467789393863,-2.482533502602,-2.453609319146525,lower
capacity,0.85,report-us,20,jbsq,qbr,p999_us,10,119.11801326109999,108.8208172523425,129.45271943143248,higher
capacity,0.85,report-us,20,jbsq,qbr,p99_us,10,-6.343371008199997,-7.806945663182498,-4.848633111637501,lower
capacity,0.85,report-us,20,jbsq,qbr,slo_miss_rate,10,-9.61893497462,-10.440715276298999,-8.758185498642,lower
capacity,0.85,report-us,20,jbsq,steal,class0_p99_us,10,-9.280684558200004,-15.239070888362503,-3.745426274037504,lower
capacity,0.85,report-us,20,jbsq,steal,control_cpu_mean,10,-5.088755583582,-5.1601136670528,-5.006871869137,lower
capacity,0.85,report-us,20,jbsq,steal,p999_us,10,122.10556638999999,112.02901852584749,133.28311729846004,higher
capacity,0.85,report-us,20,jbsq,steal,p99_us,10,-6.076751874599995,-7.054857603842493,-4.985570885354993,lower
capacity,0.85,report-us,20,jbsq,steal,slo_miss_rate,10,-9.5343362927,-10.418624748845753,-8.598375843804002,lower
capacity,0.85,report-us,20,jbsq,threshold,class0_p99_us,10,-8.715472647900004,-15.282865501200003,-2.997147007560008,lower
capacity,0.85,report-us,20,jbsq,threshold,control_cpu_mean,10,-4.724807338636,-4.753698618639775,-4.696079598912201,lower
capacity,0.85,report-us,20,jbsq,threshold,p999_us,10,122.2611560681,112.93008506240247,130.9976967544825,higher
capacity,0.85,report-us,20,jbsq,threshold,p99_us,10,-6.440678013799999,-7.667536698530011,-5.113559466592498,lower
capacity,0.85,report-us,20,jbsq,threshold,slo_miss_rate,10,-9.52037278322,-10.362772464264001,-8.684700162550753,lower
capacity,0.85,report-us,20,jsw,jbsq,class0_p99_us,10,9.7445320232,3.949686710587499,16.1255654158225,higher
capacity,0.85,report-us,20,jsw,jbsq,control_cpu_mean,10,0.398400000004,0.398400000004,0.398400000004,higher
capacity,0.85,report-us,20,jsw,jbsq,p999_us,10,-118.64461003939998,-126.45883199961,-111.02223306410498,lower
capacity,0.85,report-us,20,jsw,jbsq,p99_us,10,6.629217881299996,5.333265840999997,7.7578070987175,higher
capacity,0.85,report-us,20,jsw,jbsq,slo_miss_rate,10,9.661255400369999,8.780209442620249,10.48412230097825,higher
capacity,0.85,report-us,20,jsw,qbr,class0_p99_us,10,1.1664909148000007,-0.2667225195474951,2.5529484928174977,uncertain
capacity,0.85,report-us,20,jsw,qbr,control_cpu_mean,10,-2.069389393859,-2.084133502598,-2.0552093191425245,lower
capacity,0.85,report-us,20,jsw,qbr,p999_us,10,0.47340322170000493,-8.914517745057495,10.954138235635007,uncertain
capacity,0.85,report-us,20,jsw,qbr,p99_us,10,0.2858468730999988,-0.48921461925249643,1.061351552437496,uncertain
capacity,0.85,report-us,20,jsw,qbr,slo_miss_rate,10,0.042320425750000126,-0.13077909152399966,0.21591469936199895,uncertain
capacity,0.85,report-us,20,jsw,steal,class0_p99_us,10,0.46384746499999635,-0.9045921706000044,1.8089667378574896,uncertain
capacity,0.85,report-us,20,jsw,steal,control_cpu_mean,10,-4.6903555835779995,-4.7617136670488005,-4.608471869133,lower
capacity,0.85,report-us,20,jsw,steal,p999_us,10,3.4609563506000143,-3.45905236064748,11.429302282010005,uncertain
capacity,0.85,report-us,20,jsw,steal,p99_us,10,0.5524660067000013,0.018836407800006328,1.2220505653299973,higher
capacity,0.85,report-us,20,jsw,steal,slo_miss_rate,10,0.12691910766999992,0.01923655350575064,0.23460201100999942,higher
capacity,0.85,report-us,20,jsw,threshold,class0_p99_us,10,1.0290593752999968,-0.476432459185005,2.597273421402496,uncertain
capacity,0.85,report-us,20,jsw,threshold,control_cpu_mean,10,-4.326407338632,-4.355298618635776,-4.297679598908201,lower
capacity,0.85,report-us,20,jsw,threshold,p999_us,10,3.6165460286999975,-3.319297262867497,10.877720144332496,uncertain
capacity,0.85,report-us,20,jsw,threshold,p99_us,10,0.18853986749999763,-0.16105652654500296,0.4791726482224991,uncertain
capacity,0.85,report-us,20,jsw,threshold,slo_miss_rate,10,0.1408826171500005,-0.003721350970998223,0.279692053684752,uncertain
capacity,0.85,report-us,20,qbr,jbsq,class0_p99_us,10,8.578041108399999,2.731593845764999,15.5664638372,higher
capacity,0.85,report-us,20,qbr,jbsq,control_cpu_mean,10,2.467789393863,2.453609319146525,2.482533502602,higher
capacity,0.85,report-us,20,qbr,jbsq,p999_us,10,-119.11801326109999,-129.4527194314325,-108.8208172523425,lower
capacity,0.85,report-us,20,qbr,jbsq,p99_us,10,6.343371008199997,4.848633111637499,7.806945663182496,higher
capacity,0.85,report-us,20,qbr,jbsq,slo_miss_rate,10,9.61893497462,8.758185498642,10.440715276298999,higher
capacity,0.85,report-us,20,qbr,jsw,class0_p99_us,10,-1.1664909148000007,-2.5529484928174986,0.2667225195474934,uncertain
capacity,0.85,report-us,20,qbr,jsw,control_cpu_mean,10,2.069389393859,2.0552093191425245,2.084133502598,higher
capacity,0.85,report-us,20,qbr,jsw,p999_us,10,-0.47340322170000493,-10.954138235635012,8.914517745057495,uncertain
capacity,0.85,report-us,20,qbr,jsw,p99_us,10,-0.2858468730999988,-1.0613515524374961,0.4892146192524948,uncertain
capacity,0.85,report-us,20,qbr,jsw,slo_miss_rate,10,-0.042320425750000126,-0.21591469936199906,0.1307790915239996,uncertain
capacity,0.85,report-us,20,qbr,steal,class0_p99_us,10,-0.7026434498000043,-1.8761227085375005,0.8362227636424954,uncertain
capacity,0.85,report-us,20,qbr,steal,control_cpu_mean,10,-2.6209661897189998,-2.70279492532305,-2.5315060730655,lower
capacity,0.85,report-us,20,qbr,steal,p999_us,10,2.9875531289000095,-8.157695966762507,13.765237901600017,uncertain
capacity,0.85,report-us,20,qbr,steal,p99_us,10,0.26661913360000256,-0.609942688815002,1.2112702159700002,uncertain
capacity,0.85,report-us,20,qbr,steal,slo_miss_rate,10,0.08459868191999981,-0.06502485704474897,0.24313670845549948,uncertain
capacity,0.85,report-us,20,qbr,threshold,class0_p99_us,10,-0.13743153950000392,-1.5109241219625031,1.1719551808224904,uncertain
capacity,0.85,report-us,20,qbr,threshold,control_cpu_mean,10,-2.2570179447729997,-2.2733757340423746,-2.2402539040365754,lower
capacity,0.85,report-us,20,qbr,threshold,p999_us,10,3.1431428069999923,-7.4362776921575,12.634730608429994,uncertain
capacity,0.85,report-us,20,qbr,threshold,p99_us,10,-0.09730700560000116,-0.8188337331225026,0.6966260072674978,uncertain
capacity,0.85,report-us,20,qbr,threshold,slo_miss_rate,10,0.09856219140000039,-0.07679468803224948,0.26560642257675005,uncertain
capacity,0.85,report-us,20,steal,jbsq,class0_p99_us,10,9.280684558200004,3.745426274037502,15.2390708883625,higher
capacity,0.85,report-us,20,steal,jbsq,control_cpu_mean,10,5.088755583582,5.006871869137,5.1601136670528,higher
capacity,0.85,report-us,20,steal,jbsq,p999_us,10,-122.10556638999999,-133.28311729846004,-112.0290185258475,lower
capacity,0.85,report-us,20,steal,jbsq,p99_us,10,6.076751874599995,4.985570885354992,7.054857603842493,higher
capacity,0.85,report-us,20,steal,jbsq,slo_miss_rate,10,9.5343362927,8.598375843804,10.418624748845753,higher
capacity,0.85,report-us,20,steal,jsw,class0_p99_us,10,-0.46384746499999635,-1.8089667378574903,0.9045921706000044,uncertain
capacity,0.85,report-us,20,steal,jsw,control_cpu_mean,10,4.6903555835779995,4.608471869133,4.7617136670488005,higher
capacity,0.85,report-us,20,steal,jsw,p999_us,10,-3.4609563506000143,-11.429302282010008,3.459052360647479,uncertain
capacity,0.85,report-us,20,steal,jsw,p99_us,10,-0.5524660067000013,-1.222050565329998,-0.018836407800006328,lower
capacity,0.85,report-us,20,steal,jsw,slo_miss_rate,10,-0.12691910766999992,-0.23460201100999942,-0.019236553505750643,lower
capacity,0.85,report-us,20,steal,qbr,class0_p99_us,10,0.7026434498000043,-0.836222763642496,1.8761227085374996,uncertain
capacity,0.85,report-us,20,steal,qbr,control_cpu_mean,10,2.6209661897189998,2.5315060730655,2.70279492532305,higher
capacity,0.85,report-us,20,steal,qbr,p999_us,10,-2.9875531289000095,-13.765237901600017,8.157695966762503,uncertain
capacity,0.85,report-us,20,steal,qbr,p99_us,10,-0.26661913360000256,-1.2112702159700006,0.6099426888150015,uncertain
capacity,0.85,report-us,20,steal,qbr,slo_miss_rate,10,-0.08459868191999981,-0.24313670845549967,0.06502485704474893,uncertain
capacity,0.85,report-us,20,steal,threshold,class0_p99_us,10,0.5652119103000004,-0.5387519999725038,1.6424504092075065,uncertain
capacity,0.85,report-us,20,steal,threshold,control_cpu_mean,10,0.3639482449460002,0.2623487744894501,0.45665443958932495,higher
capacity,0.85,report-us,20,steal,threshold,p999_us,10,0.1555896780999831,-9.376788665165023,10.189774356462479,uncertain
capacity,0.85,report-us,20,steal,threshold,p99_us,10,-0.3639261392000037,-0.9826333291475011,0.18750501856499643,uncertain
capacity,0.85,report-us,20,steal,threshold,slo_miss_rate,10,0.01396350948000058,-0.16300421063074924,0.2085650969120007,uncertain
capacity,0.85,report-us,20,threshold,jbsq,class0_p99_us,10,8.715472647900004,2.997147007560003,15.282865501200003,higher
capacity,0.85,report-us,20,threshold,jbsq,control_cpu_mean,10,4.724807338636,4.696079598912201,4.753698618639775,higher
capacity,0.85,report-us,20,threshold,jbsq,p999_us,10,-122.2611560681,-130.9976967544825,-112.93008506240248,lower
capacity,0.85,report-us,20,threshold,jbsq,p99_us,10,6.440678013799999,5.113559466592498,7.66753669853001,higher
capacity,0.85,report-us,20,threshold,jbsq,slo_miss_rate,10,9.52037278322,8.684700162550751,10.362772464264001,higher
capacity,0.85,report-us,20,threshold,jsw,class0_p99_us,10,-1.0290593752999968,-2.5972734214024964,0.4764324591850032,uncertain
capacity,0.85,report-us,20,threshold,jsw,control_cpu_mean,10,4.326407338632,4.297679598908201,4.355298618635776,higher
capacity,0.85,report-us,20,threshold,jsw,p999_us,10,-3.6165460286999975,-10.877720144332502,3.319297262867479,uncertain
capacity,0.85,report-us,20,threshold,jsw,p99_us,10,-0.18853986749999763,-0.4791726482224992,0.16105652654500266,uncertain
capacity,0.85,report-us,20,threshold,jsw,slo_miss_rate,10,-0.1408826171500005,-0.2796920536847521,0.0037213509709981465,uncertain
capacity,0.85,report-us,20,threshold,qbr,class0_p99_us,10,0.13743153950000392,-1.1719551808224924,1.5109241219625014,uncertain
capacity,0.85,report-us,20,threshold,qbr,control_cpu_mean,10,2.2570179447729997,2.2402539040365754,2.2733757340423746,higher
capacity,0.85,report-us,20,threshold,qbr,p999_us,10,-3.1431428069999923,-12.634730608429999,7.436277692157482,uncertain
capacity,0.85,report-us,20,threshold,qbr,p99_us,10,0.09730700560000116,-0.6966260072674999,0.8188337331225016,uncertain
capacity,0.85,report-us,20,threshold,qbr,slo_miss_rate,10,-0.09856219140000039,-0.2656064225767501,0.0767946880322493,uncertain
capacity,0.85,report-us,20,threshold,steal,class0_p99_us,10,-0.5652119103000004,-1.6424504092075078,0.5387519999725034,uncertain
capacity,0.85,report-us,20,threshold,steal,control_cpu_mean,10,-0.3639482449460002,-0.45665443958932506,-0.2623487744894503,lower
capacity,0.85,report-us,20,threshold,steal,p999_us,10,-0.1555896780999831,-10.189774356462484,9.376788665165021,uncertain
capacity,0.85,report-us,20,threshold,steal,p99_us,10,0.3639261392000037,-0.18750501856499682,0.9826333291475009,uncertain
capacity,0.85,report-us,20,threshold,steal,slo_miss_rate,10,-0.01396350948000058,-0.20856509691200076,0.16300421063074919,uncertain
capacity,0.85,report-us,5,jbsq,jsw,class0_p99_us,10,-8.594160579300002,-14.5162962331425,-3.4318739178775,lower
capacity,0.85,report-us,5,jbsq,jsw,control_cpu_mean,10,-1.5748000000100002,-1.5748000000100002,-1.5748000000100002,lower
capacity,0.85,report-us,5,jbsq,jsw,p999_us,10,127.18902395109998,117.97698202865752,137.58494887673496,higher
capacity,0.85,report-us,5,jbsq,jsw,p99_us,10,-6.261972699699996,-7.5116771814974985,-4.9430680494074934,lower
capacity,0.85,report-us,5,jbsq,jsw,slo_miss_rate,10,-9.528767668879999,-10.438050568914248,-8.56338554380725,lower
capacity,0.85,report-us,5,jbsq,qbr,class0_p99_us,10,-8.7673708196,-15.298325097127497,-2.8960393619825076,lower
capacity,0.85,report-us,5,jbsq,qbr,control_cpu_mean,10,-5.199437785221,-5.210552505134674,-5.19046105813275,lower
capacity,0.85,report-us,5,jbsq,qbr,p999_us,10,128.04662300089998,117.035315781095,138.63320338222746,higher
capacity,0.85,report-us,5,jbsq,qbr,p99_us,10,-5.584834910399991,-6.896037763482485,-4.2439148554549995,lower
capacity,0.85,report-us,5,jbsq,qbr,slo_miss_rate,10,-9.451834125760001,-10.34192400667325,-8.512761880582254,lower
capacity,0.85,report-us,5,jbsq,steal,class0_p99_us,10,-9.1399293033,-16.122058890300003,-2.9477340302925135,lower
capacity,0.85,report-us,5,jbsq,steal,control_cpu_mean,10,-7.898777574826001,-7.967175623324199,-7.829025626414576,lower
capacity,0.85,report-us,5,jbsq,steal,p999_us,10,124.7726839671,116.67689566928499,133.91599405972997,higher
capacity,0.85,report-us,5,jbsq,steal,p99_us,10,-6.168537007699991,-7.336211676844995,-4.991876590097493,lower
capacity,0.85,report-us,5,jbsq,steal,slo_miss_rate,10,-9.518064301799999,-10.345380560499247,-8.667762595296,lower
capacity,0.85,report-us,5,jbsq,threshold,class0_p99_us,10,-9.594309616700006,-16.085060886775008,-3.871367622560004,lower
capacity,0.85,report-us,5,jbsq,threshold,control_cpu_mean,10,-7.5834411727380004,-7.615417458598749,-7.554859270420273,lower
capacity,0.85,report-us,5,jbsq,threshold,p999_us,10,125.76312122099998,114.24865925098752,138.67471919851997,higher
capacity,0.85,report-us,5,jbsq,threshold,p99_us,10,-5.897223727599993,-7.155239372479992,-4.593955441179995,lower
capacity,0.85,report-us,5,jbsq,threshold,slo_miss_rate,10,-9.60531306964,-10.454759923532999,-8.681851539330001,lower
capacity,0.85,report-us,5,jsw,jbsq,class0_p99_us,10,8.594160579300002,3.4318739178774993,14.516296233142493,higher
capacity,0.85,report-us,5,jsw,jbsq,control_cpu_mean,10,1.5748000000100002,1.5748000000100002,1.5748000000100002,higher
capacity,0.85,report-us,5,jsw,jbsq,p999_us,10,-127.18902395109998,-137.58494887673496,-117.97698202865753,lower
capacity,0.85,report-us,5,jsw,jbsq,p99_us,10,6.261972699699996,4.9430680494074934,7.511677181497498,higher
capacity,0.85,report-us,5,jsw,jbsq,slo_miss_rate,10,9.528767668879999,8.56338554380725,10.438050568914248,higher
capacity,0.85,report-us,5,jsw,qbr,class0_p99_us,10,-0.17321024029999849,-1.207099758344999,0.9064296275000016,uncertain
capacity,0.85,report-us,5,jsw,qbr,control_cpu_mean,10,-3.624637785211,-3.6357525051246746,-3.61566105812275,lower
capacity,0.85,report-us,5,jsw,qbr,p999_us,10,0.8575990498000067,-6.300601476282489,8.135906584932489,uncertain
capacity,0.85,report-us,5,jsw,qbr,p99_us,10,0.677137789300005,-0.0005724448649960216,1.4517935930650059,uncertain
capacity,0.85,report-us,5,jsw,qbr,slo_miss_rate,10,0.07693354311999938,-0.07714600087750126,0.2266483755644998,uncertain
capacity,0.85,report-us,5,jsw,steal,class0_p99_us,10,-0.5457687239999984,-2.051887400332498,0.7343127599699995,uncertain
capacity,0.85,report-us,5,jsw,steal,control_cpu_mean,10,-6.323977574816,-6.3923756233142,-6.254225626404576,lower
capacity,0.85,report-us,5,jsw,steal,p999_us,10,-2.4163399840000013,-5.524477464400022,1.1620166899175044,uncertain
capacity,0.85,report-us,5,jsw,steal,p99_us,10,0.0934356920000056,-0.3621573643000005,0.5034831582425061,uncertain
capacity,0.85,report-us,5,jsw,steal,slo_miss_rate,10,0.010703367080000525,-0.16613830442624947,0.1800870000242502,uncertain
capacity,0.85,report-us,5,jsw,threshold,class0_p99_us,10,-1.0001490374000028,-1.8734431126575082,-0.11126082037250323,lower
capacity,0.85,report-us,5,jsw,threshold,control_cpu_mean,10,-6.008641172728,-6.040617458588749,-5.980059270410274,lower
capacity,0.85,report-us,5,jsw,threshold,p999_us,10,-1.4259027300999947,-9.533323251079992,6.70647833249002,uncertain
capacity,0.85,report-us,5,jsw,threshold,p99_us,10,0.3647489721000028,-0.23871903979249823,1.0037057608375093,uncertain
capacity,0.85,report-us,5,jsw,threshold,slo_miss_rate,10,-0.07654540075999998,-0.2702558825210006,0.10421758266275012,uncertain
capacity,0.85,report-us,5,qbr,jbsq,class0_p99_us,10,8.7673708196,2.8960393619825004,15.298325097127497,higher
capacity,0.85,report-us,5,qbr,jbsq,control_cpu_mean,10,5.199437785221,5.19046105813275,5.210552505134674,higher
capacity,0.85,report-us,5,qbr,jbsq,p999_us,10,-128.04662300089998,-138.63320338222746,-117.035315781095,lower
capacity,0.85,report-us,5,qbr,jbsq,p99_us,10,5.584834910399991,4.2439148554549995,6.896037763482482,higher
capacity,0.85,report-us,5,qbr,jbsq,slo_miss_rate,10,9.451834125760001,8.512761880582252,10.34192400667325,higher
capacity,0.85,report-us,5,qbr,jsw,class0_p99_us,10,0.17321024029999849,-0.9064296275000024,1.207099758344998,uncertain
capacity,0.85,report-us,5,qbr,jsw,control_cpu_mean,10,3.624637785211,3.61566105812275,3.6357525051246746,higher
capacity,0.85,report-us,5,qbr,jsw,p999_us,10,-0.8575990498000067,-8.1359065849325,6.300601476282489,uncertain
capacity,0.85,report-us,5,qbr,jsw,p99_us,10,-0.677137789300005,-1.4517935930650059,0.0005724448649945101,uncertain
capacity,0.85,report-us,5,qbr,jsw,slo_miss_rate,10,-0.07693354311999938,-0.22664837556449988,0.07714600087750124,uncertain
capacity,0.85,report-us,5,qbr,steal,class0_p99_us,10,-0.37255848369999994,-1.738163838109998,0.8575075388974993,uncertain
capacity,0.85,report-us,5,qbr,steal,control_cpu_mean,10,-2.699339789605,-2.7726326675727493,-2.62235362930525,lower
capacity,0.85,report-us,5,qbr,steal,p999_us,10,-3.2739390338000076,-12.190796261444998,4.765060603252485,uncertain
capacity,0.85,report-us,5,qbr,steal,p99_us,10,-0.5837020972999994,-1.032439695485001,-0.18147275924749717,lower
capacity,0.85,report-us,5,qbr,steal,slo_miss_rate,10,-0.06623017603999888,-0.28735873349724944,0.15559445363875063,uncertain
capacity,0.85,report-us,5,qbr,threshold,class0_p99_us,10,-0.8269387971000043,-1.705641823072506,0.11471102013749768,uncertain
capacity,0.85,report-us,5,qbr,threshold,control_cpu_mean,10,-2.384003387517,-2.4076732277122503,-2.3608419216296994,lower
capacity,0.85,report-us,5,qbr,threshold,p999_us,10,-2.2835017799000012,-10.778950035127503,7.138308355687494,uncertain
capacity,0.85,report-us,5,qbr,threshold,p99_us,10,-0.3123888172000022,-0.9122133033350033,0.2359593529574982,uncertain
capacity,0.85,report-us,5,qbr,threshold,slo_miss_rate,10,-0.15347894387999939,-0.33734575650049964,0.04572905561075013,uncertain
capacity,0.85,report-us,5,steal,jbsq,class0_p99_us,10,9.1399293033,2.9477340302925046,16.122058890300003,higher
capacity,0.85,report-us,5,steal,jbsq,control_cpu_mean,10,7.898777574826001,7.829025626414575,7.967175623324199,higher
capacity,0.85,report-us,5,steal,jbsq,p999_us,10,-124.7726839671,-133.91599405972997,-116.67689566928499,lower
capacity,0.85,report-us,5,steal,jbsq,p99_us,10,6.168537007699991,4.99187659009749,7.336211676844994,higher
capacity,0.85,report-us,5,steal,jbsq,slo_miss_rate,10,9.518064301799999,8.667762595296,10.345380560499247,higher
capacity,0.85,report-us,5,steal,jsw,class0_p99_us,10,0.5457687239999984,-0.7343127599699999,2.051887400332497,uncertain
capacity,0.85,report-us,5,steal,jsw,control_cpu_mean,10,6.323977574816,6.254225626404576,6.3923756233142,higher
capacity,0.85,report-us,5,steal,jsw,p999_us,10,2.4163399840000013,-1.1620166899175057,5.524477464400021,uncertain
capacity,0.85,report-us,5,steal,jsw,p99_us,10,-0.0934356920000056,-0.5034831582425061,0.3621573643000005,uncertain
capacity,0.85,report-us,5,steal,jsw,slo_miss_rate,10,-0.010703367080000525,-0.18008700002425032,0.16613830442624944,uncertain
capacity,0.85,report-us,5,steal,qbr,class0_p99_us,10,0.37255848369999994,-0.8575075388975002,1.738163838109998,uncertain
capacity,0.85,report-us,5,steal,qbr,control_cpu_mean,10,2.699339789605,2.62235362930525,2.7726326675727493,higher
capacity,0.85,report-us,5,steal,qbr,p999_us,10,3.2739390338000076,-4.765060603252487,12.190796261444993,uncertain
capacity,0.85,report-us,5,steal,qbr,p99_us,10,0.5837020972999994,0.18147275924749715,1.0324396954850004,higher
capacity,0.85,report-us,5,steal,qbr,slo_miss_rate,10,0.06623017603999888,-0.1555944536387508,0.28735873349724944,uncertain
capacity,0.85,report-us,5,steal,threshold,class0_p99_us,10,-0.45438031340000434,-1.396292236620005,0.6132640928124933,uncertain
capacity,0.85,report-us,5,steal,threshold,control_cpu_mean,10,0.3153364020880002,0.21655639510739985,0.4070694461780755,higher
capacity,0.85,report-us,5,steal,threshold,p999_us,10,0.9904372539000065,-6.766592101409989,8.853944475670001,uncertain
capacity,0.85,report-us,5,steal,threshold,p99_us,10,0.2713132800999972,-0.23411165813499704,0.736402006417494,uncertain
capacity,0.85,report-us,5,steal,threshold,slo_miss_rate,10,-0.08724876784000052,-0.22505328042000006,0.06450594661349955,uncertain
capacity,0.85,report-us,5,threshold,jbsq,class0_p99_us,10,9.594309616700006,3.8713676225600038,16.085060886775,higher
capacity,0.85,report-us,5,threshold,jbsq,control_cpu_mean,10,7.5834411727380004,7.554859270420273,7.615417458598749,higher
capacity,0.85,report-us,5,threshold,jbsq,p999_us,10,-125.76312122099998,-138.67471919852,-114.24865925098752,lower
capacity,0.85,report-us,5,threshold,jbsq,p99_us,10,5.897223727599993,4.593955441179995,7.15523937247999,higher
capacity,0.85,report-us,5,threshold,jbsq,slo_miss_rate,10,9.60531306964,8.681851539330001,10.454759923532999,higher
capacity,0.85,report-us,5,threshold,jsw,class0_p99_us,10,1.0001490374000028,0.11126082037250316,1.8734431126575073,higher
capacity,0.85,report-us,5,threshold,jsw,control_cpu_mean,10,6.008641172728,5.980059270410274,6.040617458588749,higher
capacity,0.85,report-us,5,threshold,jsw,p999_us,10,1.4259027300999947,-6.706478332490022,9.533323251079983,uncertain
capacity,0.85,report-us,5,threshold,jsw,p99_us,10,-0.3647489721000028,-1.0037057608375102,0.23871903979249817,uncertain
capacity,0.85,report-us,5,threshold,jsw,slo_miss_rate,10,0.07654540075999998,-0.10421758266275018,0.2702558825210005,uncertain
capacity,0.85,report-us,5,threshold,qbr,class0_p99_us,10,0.8269387971000043,-0.11471102013749784,1.705641823072506,uncertain
capacity,0.85,report-us,5,threshold,qbr,control_cpu_mean,10,2.384003387517,2.3608419216296994,2.4076732277122503,higher
capacity,0.85,report-us,5,threshold,qbr,p999_us,10,2.2835017799000012,-7.138308355687498,10.778950035127503,uncertain
capacity,0.85,report-us,5,threshold,qbr,p99_us,10,0.3123888172000022,-0.23595935295749854,0.9122133033350014,uncertain
capacity,0.85,report-us,5,threshold,qbr,slo_miss_rate,10,0.15347894387999939,-0.0457290556107502,0.3373457565004994,uncertain
capacity,0.85,report-us,5,threshold,steal,class0_p99_us,10,0.45438031340000434,-0.6132640928124946,1.396292236620005,uncertain
capacity,0.85,report-us,5,threshold,steal,control_cpu_mean,10,-0.3153364020880002,-0.40706944617807556,-0.2165563951073999,lower
capacity,0.85,report-us,5,threshold,steal,p999_us,10,-0.9904372539000065,-8.853944475670003,6.766592101409982,uncertain
capacity,0.85,report-us,5,threshold,steal,p99_us,10,-0.2713132800999972,-0.736402006417494,0.23411165813499624,uncertain
capacity,0.85,report-us,5,threshold,steal,slo_miss_rate,10,0.08724876784000052,-0.06450594661349966,0.22505328042000006,uncertain
capacity,0.85,report-us,80,jbsq,jsw,class0_p99_us,10,-18.424836510599995,-25.698823108897496,-12.629829303790006,lower
capacity,0.85,report-us,80,jbsq,jsw,control_cpu_mean,10,-0.09990000000090002,-0.09990000000090002,-0.09990000000090002,lower
capacity,0.85,report-us,80,jbsq,jsw,p999_us,10,92.66057725889998,79.90102238345247,105.90719772769249,higher
capacity,0.85,report-us,80,jbsq,jsw,p99_us,10,-16.79996700329999,-18.101569346295,-15.53501851741249,lower
capacity,0.85,report-us,80,jbsq,jsw,slo_miss_rate,10,-18.22495979912,-19.13049779726,-17.242129636076502,lower
capacity,0.85,report-us,80,jbsq,qbr,class0_p99_us,10,-18.6436349922,-24.176380150024997,-13.6405455514675,lower
capacity,0.85,report-us,80,jbsq,qbr,control_cpu_mean,10,-3.8324607493499996,-3.8588063278907994,-3.80738309960525,lower
capacity,0.85,report-us,80,jbsq,qbr,p999_us,10,90.0647731173,79.72957566776748,99.64304072758499,higher
capacity,0.85,report-us,80,jbsq,qbr,p99_us,10,-16.737044443399988,-17.615823274872486,-15.663460707369994,lower
capacity,0.85,report-us,80,jbsq,qbr,slo_miss_rate,10,-18.524076447890003,-19.494860363111503,-17.4644983726405,lower
capacity,0.85,report-us,80,jbsq,steal,class0_p99_us,10,-18.549274446299997,-25.111999448572497,-12.645377691977503,lower
capacity,0.85,report-us,80,jbsq,steal,control_cpu_mean,10,-2.1175942890519996,-2.1739909083649995,-2.06681906677025,lower
capacity,0.85,report-us,80,jbsq,steal,p999_us,10,93.1116888325,83.64670323020249,103.51525068161749,higher
capacity,0.85,report-us,80,jbsq,steal,p99_us,10,-16.710567856399997,-18.092358468272504,-15.19036329869,lower
capacity,0.85,report-us,80,jbsq,steal,slo_miss_rate,10,-17.99182074297,-18.87099833773125,-17.067079783494748,lower
capacity,0.85,report-us,80,jbsq,threshold,class0_p99_us,10,-19.381397157299997,-26.377374947582503,-13.042516748807495,lower
capacity,0.85,report-us,80,jbsq,threshold,control_cpu_mean,10,-4.687922762933,-4.71246323033925,-4.665873617046925,lower
capacity,0.85,report-us,80,jbsq,threshold,p999_us,10,96.6330293863,84.05117968583998,109.24782576308499,higher
capacity,0.85,report-us,80,jbsq,threshold,p99_us,10,-16.929643656599996,-17.845587560564994,-16.012013519494992,lower
capacity,0.85,report-us,80,jbsq,threshold,slo_miss_rate,10,-18.65629364118,-19.617067608682248,-17.63508490760625,lower
capacity,0.85,report-us,80,jsw,jbsq,class0_p99_us,10,18.424836510599995,12.629829303789998,25.698823108897482,higher
capacity,0.85,report-us,80,jsw,jbsq,control_cpu_mean,10,0.09990000000090002,0.09990000000090002,0.09990000000090002,higher
capacity,0.85,report-us,80,jsw,jbsq,p999_us,10,-92.66057725889998,-105.9071977276925,-79.90102238345249,lower
capacity,0.85,report-us,80,jsw,jbsq,p99_us,10,16.79996700329999,15.53501851741249,18.101569346295,higher
capacity,0.85,report-us,80,jsw,jbsq,slo_miss_rate,10,18.22495979912,17.242129636076502,19.13049779726,higher
capacity,0.85,report-us,80,jsw,qbr,class0_p99_us,10,-0.21879848159999823,-1.9758058943724972,2.1126850125624967,uncertain
capacity,0.85,report-us,80,jsw,qbr,control_cpu_mean,10,-3.7325607493491,-3.7589063278898998,-3.7074830996043504,lower
capacity,0.85,report-us,80,jsw,qbr,p999_us,10,-2.59580414159999,-11.021524748019987,8.1014143381,uncertain
capacity,0.85,report-us,80,jsw,qbr,p99_us,10,0.06292255990000228,-0.7533268253449955,0.8808000545300034,uncertain
capacity,0.85,report-us,80,jsw,qbr,slo_miss_rate,10,-0.29911664876999977,-0.45710300777674834,-0.16341284452325092,lower
capacity,0.85,report-us,80,jsw,steal,class0_p99_us,10,-0.12443793569999997,-1.9638220805800002,1.4170559008649974,uncertain
capacity,0.85,report-us,80,jsw,steal,control_cpu_mean,10,-2.0176942890510996,-2.0740909083641,-1.96691906676935,lower
capacity,0.85,report-us,80,jsw,steal,p999_us,10,0.45111157360000786,-7.667813474449989,7.922302411897499,uncertain
capacity,0.85,report-us,80,jsw,steal,p99_us,10,0.08939914689999284,-0.5797306298375015,0.6947898485624925,uncertain
capacity,0.85,report-us,80,jsw,steal,slo_miss_rate,10,0.23313905615000124,0.03134905157700105,0.4239558230627515,higher
capacity,0.85,report-us,80,jsw,threshold,class0_p99_us,10,-0.9565606466999981,-2.462946393217497,0.6008347067849973,uncertain
capacity,0.85,report-us,80,jsw,threshold,control_cpu_mean,10,-4.5880227629321,-4.61256323033835,-4.565973617046025,lower
capacity,0.85,report-us,80,jsw,threshold,p999_us,10,3.9724521274000097,-3.2113134069099916,11.77468865989,uncertain
capacity,0.85,report-us,80,jsw,threshold,p99_us,10,-0.12967665330000386,-0.822056696015004,0.49434820288000153,uncertain
capacity,0.85,report-us,80,jsw,threshold,slo_miss_rate,10,-0.43133384206000047,-0.6444537991827505,-0.2409100461902512,lower
capacity,0.85,report-us,80,qbr,jbsq,class0_p99_us,10,18.6436349922,13.640545551467499,24.17638015002499,higher
capacity,0.85,report-us,80,qbr,jbsq,control_cpu_mean,10,3.8324607493499996,3.80738309960525,3.8588063278907994,higher
capacity,0.85,report-us,80,qbr,jbsq,p999_us,10,-90.0647731173,-99.643040727585,-79.72957566776749,lower
capacity,0.85,report-us,80,qbr,jbsq,p99_us,10,16.737044443399988,15.663460707369994,17.615823274872486,higher
capacity,0.85,report-us,80,qbr,jbsq,slo_miss_rate,10,18.524076447890003,17.4644983726405,19.494860363111503,higher
capacity,0.85,report-us,80,qbr,jsw,class0_p99_us,10,0.21879848159999823,-2.112685012562499,1.975805894372497,uncertain
capacity,0.85,report-us,80,qbr,jsw,control_cpu_mean,10,3.7325607493491,3.7074830996043504,3.7589063278898998,higher
capacity,0.85,report-us,80,qbr,jsw,p999_us,10,2.59580414159999,-8.1014143381,11.021524748019987,uncertain
capacity,0.85,report-us,80,qbr,jsw,p99_us,10,-0.06292255990000228,-0.8808000545300038,0.7533268253449951,uncertain
capacity,0.85,report-us,80,qbr,jsw,slo_miss_rate,10,0.29911664876999977,0.1634128445232508,0.4571030077767481,higher
capacity,0.85,report-us,80,qbr,steal,class0_p99_us,10,0.09436054589999827,-1.4759526065149995,1.5422897824224902,uncertain
capacity,0.85,report-us,80,qbr,steal,control_cpu_mean,10,1.7148664602980002,1.682005913127,1.74416611026725,higher
capacity,0.85,report-us,80,qbr,steal,p999_us,10,3.046915715199998,-6.022291900627494,10.616109124529984,uncertain
capacity,0.85,report-us,80,qbr,steal,p99_us,10,0.02647658699999056,-0.7881282607150156,0.9476430468774919,uncertain
capacity,0.85,report-us,80,qbr,steal,slo_miss_rate,10,0.5322557049200011,0.32655107745850015,0.7160598778460008,higher
capacity,0.85,report-us,80,qbr,threshold,class0_p99_us,10,-0.7377621650999998,-2.5946235328824976,0.9915272436100018,uncertain
capacity,0.85,report-us,80,qbr,threshold,control_cpu_mean,10,-0.855462013583,-0.8810005550096,-0.8298939151452749,lower
capacity,0.85,report-us,80,qbr,threshold,p999_us,10,6.568256269,-1.7368804917549994,14.775307690697492,uncertain
capacity,0.85,report-us,80,qbr,threshold,p99_us,10,-0.19259921320000614,-0.7834252466650001,0.42378314355249436,uncertain
capacity,0.85,report-us,80,qbr,threshold,slo_miss_rate,10,-0.1322171932900007,-0.29064967128700103,0.02363085732749923,uncertain
capacity,0.85,report-us,80,steal,jbsq,class0_p99_us,10,18.549274446299997,12.645377691977497,25.111999448572494,higher
capacity,0.85,report-us,80,steal,jbsq,control_cpu_mean,10,2.1175942890519996,2.06681906677025,2.1739909083649995,higher
capacity,0.85,report-us,80,steal,jbsq,p999_us,10,-93.1116888325,-103.51525068161749,-83.64670323020249,lower
capacity,0.85,report-us,80,steal,jbsq,p99_us,10,16.710567856399997,15.19036329869,18.0923584682725,higher
capacity,0.85,report-us,80,steal,jbsq,slo_miss_rate,10,17.99182074297,17.067079783494748,18.87099833773125,higher
capacity,0.85,report-us,80,steal,jsw,class0_p99_us,10,0.12443793569999997,-1.4170559008649988,1.9638220805800002,uncertain
capacity,0.85,report-us,80,steal,jsw,control_cpu_mean,10,2.0176942890510996,1.96691906676935,2.0740909083641,higher
capacity,0.85,report-us,80,steal,jsw,p999_us,10,-0.45111157360000786,-7.922302411897503,7.667813474449978,uncertain
capacity,0.85,report-us,80,steal,jsw,p99_us,10,-0.08939914689999284,-0.6947898485624925,0.5797306298375006,uncertain
capacity,0.85,report-us,80,steal,jsw,slo_miss_rate,10,-0.23313905615000124,-0.42395582306275154,-0.031349051577001144,lower
capacity,0.85,report-us,80,steal,qbr,class0_p99_us,10,-0.09436054589999827,-1.5422897824224928,1.4759526065149986,uncertain
capacity,0.85,report-us,80,steal,qbr,control_cpu_mean,10,-1.7148664602980002,-1.74416611026725,-1.6820059131270002,lower
capacity,0.85,report-us,80,steal,qbr,p999_us,10,-3.046915715199998,-10.616109124529991,6.022291900627489,uncertain
capacity,0.85,report-us,80,steal,qbr,p99_us,10,-0.02647658699999056,-0.9476430468774929,0.7881282607150149,uncertain
capacity,0.85,report-us,80,steal,qbr,slo_miss_rate,10,-0.5322557049200011,-0.7160598778460009,-0.32655107745850037,lower
capacity,0.85,report-us,80,steal,threshold,class0_p99_us,10,-0.8321227109999981,-2.5448685535900006,1.0557316254825084,uncertain
capacity,0.85,report-us,80,steal,threshold,control_cpu_mean,10,-2.5703284738809997,-2.6177639560551746,-2.51823418220225,lower
capacity,0.85,report-us,80,steal,threshold,p999_us,10,3.5213405538000018,-3.158682031710001,9.548680911192507,uncertain
capacity,0.85,report-us,80,steal,threshold,p99_us,10,-0.2190758001999967,-1.2287371995624963,0.8515551524999951,uncertain
capacity,0.85,report-us,80,steal,threshold,slo_miss_rate,10,-0.6644728982100018,-0.8281311720235016,-0.48808738216025094,lower
capacity,0.85,report-us,80,threshold,jbsq,class0_p99_us,10,19.381397157299997,13.042516748807493,26.3773749475825,higher
capacity,0.85,report-us,80,threshold,jbsq,control_cpu_mean,10,4.687922762933,4.665873617046925,4.71246323033925,higher
capacity,0.85,report-us,80,threshold,jbsq,p999_us,10,-96.6330293863,-109.24782576308499,-84.05117968583998,lower
capacity,0.85,report-us,80,threshold,jbsq,p99_us,10,16.929643656599996,16.012013519494992,17.845587560564994,higher
capacity,0.85,report-us,80,threshold,jbsq,slo_miss_rate,10,18.65629364118,17.63508490760625,19.617067608682248,higher
capacity,0.85,report-us,80,threshold,jsw,class0_p99_us,10,0.9565606466999981,-0.6008347067849981,2.462946393217497,uncertain
capacity,0.85,report-us,80,threshold,jsw,control_cpu_mean,10,4.5880227629321,4.565973617046025,4.61256323033835,higher
capacity,0.85,report-us,80,threshold,jsw,p999_us,10,-3.9724521274000097,-11.774688659890007,3.2113134069099862,uncertain
capacity,0.85,report-us,80,threshold,jsw,p99_us,10,0.12967665330000386,-0.49434820288000225,0.8220566960150035,uncertain
capacity,0.85,report-us,80,threshold,jsw,slo_miss_rate,10,0.43133384206000047,0.24091004619025116,0.6444537991827505,higher
capacity,0.85,report-us,80,threshold,qbr,class0_p99_us,10,0.7377621650999998,-0.9915272436100023,2.594623532882497,uncertain
capacity,0.85,report-us,80,threshold,qbr,control_cpu_mean,10,0.855462013583,0.8298939151452749,0.8810005550096,higher
capacity,0.85,report-us,80,threshold,qbr,p999_us,10,-6.568256269,-14.7753076906975,1.7368804917549994,uncertain
capacity,0.85,report-us,80,threshold,qbr,p99_us,10,0.19259921320000614,-0.42378314355249447,0.783425246665,uncertain
capacity,0.85,report-us,80,threshold,qbr,slo_miss_rate,10,0.1322171932900007,-0.02363085732749927,0.290649671287001,uncertain
capacity,0.85,report-us,80,threshold,steal,class0_p99_us,10,0.8321227109999981,-1.0557316254825087,2.5448685535899997,uncertain
capacity,0.85,report-us,80,threshold,steal,control_cpu_mean,10,2.5703284738809997,2.51823418220225,2.6177639560551746,higher
capacity,0.85,report-us,80,threshold,steal,p999_us,10,-3.5213405538000018,-9.548680911192507,3.1586820317099975,uncertain
capacity,0.85,report-us,80,threshold,steal,p99_us,10,0.2190758001999967,-0.8515551524999964,1.2287371995624958,uncertain
capacity,0.85,report-us,80,threshold,steal,slo_miss_rate,10,0.6644728982100018,0.48808738216025077,0.8281311720235015,higher
stall,0.85,ablation,stall,fixed_batch,jsw,class0_p99_us,10,0.09784386723999958,-0.4444302140322498,0.7129222494817492,uncertain
stall,0.85,ablation,stall,fixed_batch,jsw,control_cpu_mean,10,3.4418850424670007,3.4128855534312508,3.4701455661284006,higher
stall,0.85,ablation,stall,fixed_batch,jsw,p999_us,10,-2.6208545267999908,-4.582748930304981,-0.4611712055649939,lower
stall,0.85,ablation,stall,fixed_batch,jsw,p99_us,10,-2.4510685949999953,-3.1054304807675037,-1.7462492371874905,lower
stall,0.85,ablation,stall,fixed_batch,jsw,slo_miss_rate,10,0.026277468120000057,-0.052615200116349986,0.10790416831992512,uncertain
stall,0.85,ablation,stall,fixed_batch,qbr,class0_p99_us,10,0.42141564534000153,-0.15678692681699913,1.0200541362660027,uncertain
stall,0.85,ablation,stall,fixed_batch,qbr,control_cpu_mean,10,1.5468493804160004,1.5210577142444752,1.5724553297160249,higher
stall,0.85,ablation,stall,fixed_batch,qbr,p999_us,10,-2.290071032399999,-6.624693156924993,1.9748063426124955,uncertain
stall,0.85,ablation,stall,fixed_batch,qbr,p99_us,10,-0.16877218169999822,-0.6034521058849965,0.3237704919475059,uncertain
stall,0.85,ablation,stall,fixed_batch,qbr,slo_miss_rate,10,0.04980014532000009,-0.03335715201099994,0.13189525544232497,uncertain
stall,0.85,ablation,stall,jbsq_depth1,jsw,class0_p99_us,10,1798.42296462409,1718.8293877901601,1880.7836314159338,higher
stall,0.85,ablation,stall,jbsq_depth1,jsw,control_cpu_mean,10,-0.398400000004,-0.398400000004,-0.398400000004,lower
stall,0.85,ablation,stall,jbsq_depth1,jsw,p999_us,10,1669.9702905218,1586.7498496963124,1754.3797500135747,higher
stall,0.85,ablation,stall,jbsq_depth1,jsw,p99_us,10,1695.8156616724998,1609.3300558185174,1780.66630507219,higher
stall,0.85,ablation,stall,jbsq_depth1,jsw,slo_miss_rate,10,98.216742253226,98.08398770679183,98.35065789924538,higher
stall,0.85,ablation,stall,jbsq_depth1,qbr,class0_p99_us,10,1798.74653640219,1718.7053248281402,1881.4990784623303,higher
stall,0.85,ablation,stall,jbsq_depth1,qbr,control_cpu_mean,10,-2.293435662055,-2.3002870730982496,-2.2865115448025,lower
stall,0.85,ablation,stall,jbsq_depth1,qbr,p999_us,10,1670.3010740161997,1585.677614806825,1755.9675835599774,higher
stall,0.85,ablation,stall,jbsq_depth1,qbr,p99_us,10,1698.0979580857997,1611.4262681060375,1782.6921901687351,higher
stall,0.85,ablation,stall,jbsq_depth1,qbr,slo_miss_rate,10,98.240264930426,98.14586528355498,98.32954061585855,higher
stall,0.85,ablation,stall,jbsq_depth2,jsw,class0_p99_us,10,-7.136632313010002,-7.608079829190499,-6.631394072489502,lower
stall,0.85,ablation,stall,jbsq_depth2,jsw,control_cpu_mean,10,-0.398400000004,-0.398400000004,-0.398400000004,lower
stall,0.85,ablation,stall,jbsq_depth2,jsw,p999_us,10,-5.8225291033999955,-9.322540060342506,-2.456473815197506,lower
stall,0.85,ablation,stall,jbsq_depth2,jsw,p99_us,10,-5.664966840300002,-6.146588176487499,-5.0904120897025,lower
stall,0.85,ablation,stall,jbsq_depth2,jsw,slo_miss_rate,10,-0.606772727256,-0.6933930778638,-0.5160750257150001,lower
stall,0.85,ablation,stall,jbsq_depth2,qbr,class0_p99_us,10,-6.813060534909999,-7.400749137978,-5.996451915081499,lower
stall,0.85,ablation,stall,jbsq_depth2,qbr,control_cpu_mean,10,-2.293435662055,-2.3002870730982496,-2.2865115448025,lower
stall,0.85,ablation,stall,jbsq_depth2,qbr,p999_us,10,-5.491745609000003,-10.538029951039997,-0.623974147035009,lower
stall,0.85,ablation,stall,jbsq_depth2,qbr,p99_us,10,-3.382670427000005,-3.8337609462100093,-2.9049209447575053,lower
stall,0.85,ablation,stall,jbsq_depth2,qbr,slo_miss_rate,10,-0.583250050056,-0.6389927507934998,-0.529294700757025,lower
stall,0.85,ablation,stall,jbsq_depth4,jsw,class0_p99_us,10,-7.136632313010002,-7.608079829190499,-6.631394072489502,lower
stall,0.85,ablation,stall,jbsq_depth4,jsw,control_cpu_mean,10,-0.398400000004,-0.398400000004,-0.398400000004,lower
stall,0.85,ablation,stall,jbsq_depth4,jsw,p999_us,10,-5.8225291033999955,-9.322540060342506,-2.456473815197506,lower
stall,0.85,ablation,stall,jbsq_depth4,jsw,p99_us,10,-5.664966840300002,-6.146588176487499,-5.0904120897025,lower
stall,0.85,ablation,stall,jbsq_depth4,jsw,slo_miss_rate,10,-0.606772727256,-0.6933930778638,-0.5160750257150001,lower
stall,0.85,ablation,stall,jbsq_depth4,qbr,class0_p99_us,10,-6.813060534909999,-7.400749137978,-5.996451915081499,lower
stall,0.85,ablation,stall,jbsq_depth4,qbr,control_cpu_mean,10,-2.293435662055,-2.3002870730982496,-2.2865115448025,lower
stall,0.85,ablation,stall,jbsq_depth4,qbr,p999_us,10,-5.491745609000003,-10.538029951039997,-0.623974147035009,lower
stall,0.85,ablation,stall,jbsq_depth4,qbr,p99_us,10,-3.382670427000005,-3.8337609462100093,-2.9049209447575053,lower
stall,0.85,ablation,stall,jbsq_depth4,qbr,slo_miss_rate,10,-0.583250050056,-0.6389927507934998,-0.529294700757025,lower
stall,0.85,ablation,stall,jbsq_depth8,jsw,class0_p99_us,10,-7.136632313010002,-7.608079829190499,-6.631394072489502,lower
stall,0.85,ablation,stall,jbsq_depth8,jsw,control_cpu_mean,10,-0.398400000004,-0.398400000004,-0.398400000004,lower
stall,0.85,ablation,stall,jbsq_depth8,jsw,p999_us,10,-5.8225291033999955,-9.322540060342506,-2.456473815197506,lower
stall,0.85,ablation,stall,jbsq_depth8,jsw,p99_us,10,-5.664966840300002,-6.146588176487499,-5.0904120897025,lower
stall,0.85,ablation,stall,jbsq_depth8,jsw,slo_miss_rate,10,-0.606772727256,-0.6933930778638,-0.5160750257150001,lower
stall,0.85,ablation,stall,jbsq_depth8,qbr,class0_p99_us,10,-6.813060534909999,-7.400749137978,-5.996451915081499,lower
stall,0.85,ablation,stall,jbsq_depth8,qbr,control_cpu_mean,10,-2.293435662055,-2.3002870730982496,-2.2865115448025,lower
stall,0.85,ablation,stall,jbsq_depth8,qbr,p999_us,10,-5.491745609000003,-10.538029951039997,-0.623974147035009,lower
stall,0.85,ablation,stall,jbsq_depth8,qbr,p99_us,10,-3.382670427000005,-3.8337609462100093,-2.9049209447575053,lower
stall,0.85,ablation,stall,jbsq_depth8,qbr,slo_miss_rate,10,-0.583250050056,-0.6389927507934998,-0.529294700757025,lower
stall,0.85,ablation,stall,jsw,qbr,class0_p99_us,10,0.3235717781000019,-0.21576192369274846,0.8907350122085027,uncertain
stall,0.85,ablation,stall,jsw,qbr,control_cpu_mean,10,-1.895035662051,-1.90188707309425,-1.8881115447985,lower
stall,0.85,ablation,stall,jsw,qbr,p999_us,10,0.33078349439999216,-3.4574694072100134,4.298263250299994,uncertain
stall,0.85,ablation,stall,jsw,qbr,p99_us,10,2.282296413299997,1.4258011891949993,3.0974342217399915,higher
stall,0.85,ablation,stall,jsw,qbr,slo_miss_rate,10,0.023522677200000043,-0.03576823297417495,0.08553289272977496,uncertain
stall,0.85,ablation,stall,no_reserve,jsw,class0_p99_us,10,-0.3664726670600011,-0.8244038787485007,0.07896658021374915,uncertain
stall,0.85,ablation,stall,no_reserve,jsw,control_cpu_mean,10,1.8995369839019998,1.8927485352047497,1.90901720920275,higher
stall,0.85,ablation,stall,no_reserve,jsw,p999_us,10,-0.8993949333999922,-3.4611427055899964,1.315380620790003,uncertain
stall,0.85,ablation,stall,no_reserve,jsw,p99_us,10,-2.1492609533999967,-2.828214839127499,-1.4388993191374915,lower
stall,0.85,ablation,stall,no_reserve,jsw,slo_miss_rate,10,-0.032718554324000046,-0.08944628730220004,0.02408121891669986,uncertain
stall,0.85,ablation,stall,no_reserve,qbr,class0_p99_us,10,-0.04290088895999915,-0.5396690732409993,0.529404750931001,uncertain
stall,0.85,ablation,stall,no_reserve,qbr,control_cpu_mean,10,0.004501321851000002,-0.0030839366995000722,0.014040915185499991,uncertain
stall,0.85,ablation,stall,no_reserve,qbr,p999_us,10,-0.568611439,-3.553933030487503,2.7533851717774955,uncertain
stall,0.85,ablation,stall,no_reserve,qbr,p99_us,10,0.13303545990000032,-0.2269015969825,0.5097128110674927,uncertain
stall,0.85,ablation,stall,no_reserve,qbr,slo_miss_rate,10,-0.009195877124000006,-0.06766498036495,0.053784531964024995,uncertain
stall,0.85,ablation,stall,qbr,jsw,class0_p99_us,10,-0.3235717781000019,-0.8907350122085034,0.21576192369274844,uncertain
stall,0.85,ablation,stall,qbr,jsw,control_cpu_mean,10,1.895035662051,1.8881115447985,1.90188707309425,higher
stall,0.85,ablation,stall,qbr,jsw,p999_us,10,-0.33078349439999216,-4.298263250299994,3.457469407210013,uncertain
stall,0.85,ablation,stall,qbr,jsw,p99_us,10,-2.282296413299997,-3.0974342217399924,-1.4258011891949993,lower
stall,0.85,ablation,stall,qbr,jsw,slo_miss_rate,10,-0.023522677200000043,-0.08553289272977502,0.03576823297417495,uncertain
stall,0.85,bandwidth-gbps,1,jbsq,jsw,class0_p99_us,10,2.39796924256,1.8630033708654996,2.909726382890001,higher
stall,0.85,bandwidth-gbps,1,jbsq,jsw,control_cpu_mean,10,-0.398400000004,-0.398400000004,-0.398400000004,lower
stall,0.85,bandwidth-gbps,1,jbsq,jsw,p999_us,10,-0.7002283455000111,-4.926631180780002,3.131472142897482,uncertain
stall,0.85,bandwidth-gbps,1,jbsq,jsw,p99_us,10,-2.4131968839000053,-3.0084926454649987,-1.715087068312508,lower
stall,0.85,bandwidth-gbps,1,jbsq,jsw,slo_miss_rate,10,-0.864032705277,-0.9800060057810001,-0.754643752020925,lower
stall,0.85,bandwidth-gbps,1,jbsq,qbr,class0_p99_us,10,1.7465549988099986,1.0257596301314995,2.46887544064,higher
stall,0.85,bandwidth-gbps,1,jbsq,qbr,control_cpu_mean,10,-2.2879130529530003,-2.29566899046625,-2.2806890339017,lower
stall,0.85,bandwidth-gbps,1,jbsq,qbr,p999_us,10,-0.009546126600002935,-3.5178453575700055,3.1457439061899986,uncertain
stall,0.85,bandwidth-gbps,1,jbsq,qbr,p99_us,10,0.25355241540000006,-0.13630495878750054,0.6824246730900022,uncertain
stall,0.85,bandwidth-gbps,1,jbsq,qbr,slo_miss_rate,10,-1.0189277495990001,-1.1444078927123251,-0.8823996688197999,lower
stall,0.85,bandwidth-gbps,1,jbsq,steal,class0_p99_us,10,-2.9185389176100025,-3.6968685820552514,-2.165941928862752,lower
stall,0.85,bandwidth-gbps,1,jbsq,steal,control_cpu_mean,10,-5.107178601837,-5.167436688819224,-5.046492816787423,lower
stall,0.85,bandwidth-gbps,1,jbsq,steal,p999_us,10,1.0348318916999972,-2.2967762325100023,4.221113397402503,uncertain
stall,0.85,bandwidth-gbps,1,jbsq,steal,p99_us,10,1.053781455799998,0.6469712926224913,1.4943347462200054,higher
stall,0.85,bandwidth-gbps,1,jbsq,steal,slo_miss_rate,10,-2.3174150213819997,-2.4708121656370503,-2.180315862923375,lower
stall,0.85,bandwidth-gbps,1,jbsq,threshold,class0_p99_us,10,-0.6277675303700014,-1.1897837744257522,-0.13250273635525014,lower
stall,0.85,bandwidth-gbps,1,jbsq,threshold,control_cpu_mean,10,-3.617242120273,-3.6397363786671,-3.5978727567127002,lower
stall,0.85,bandwidth-gbps,1,jbsq,threshold,p999_us,10,-0.746242840800005,-5.467666594854996,2.718212830672487,uncertain
stall,0.85,bandwidth-gbps,1,jbsq,threshold,p99_us,10,-0.1577114059999957,-0.5680958695950075,0.25345011294000747,uncertain
stall,0.85,bandwidth-gbps,1,jbsq,threshold,slo_miss_rate,10,-1.716820951671,-1.8327433144223,-1.5986515576091,lower
stall,0.85,bandwidth-gbps,1,jsw,jbsq,class0_p99_us,10,-2.39796924256,-2.909726382890001,-1.8630033708655003,lower
stall,0.85,bandwidth-gbps,1,jsw,jbsq,control_cpu_mean,10,0.398400000004,0.398400000004,0.398400000004,higher
stall,0.85,bandwidth-gbps,1,jsw,jbsq,p999_us,10,0.7002283455000111,-3.1314721428974823,4.92663118078,uncertain
stall,0.85,bandwidth-gbps,1,jsw,jbsq,p99_us,10,2.4131968839000053,1.7150870683125072,3.0084926454649987,higher
stall,0.85,bandwidth-gbps,1,jsw,jbsq,slo_miss_rate,10,0.864032705277,0.7546437520209249,0.9800060057810001,higher
stall,0.85,bandwidth-gbps,1,jsw,qbr,class0_p99_us,10,-0.6514142437500012,-1.141761540258501,-0.15629802288999883,lower
stall,0.85,bandwidth-gbps,1,jsw,qbr,control_cpu_mean,10,-1.889513052949,-1.8972689904622504,-1.8822890338976999,lower
stall,0.85,bandwidth-gbps,1,jsw,qbr,p999_us,10,0.6906822189000081,-0.7042051815249927,2.4178546749724963,uncertain
stall,0.85,bandwidth-gbps,1,jsw,qbr,p99_us,10,2.6667492993000055,1.989015941872512,3.302881020452502,higher
stall,0.85,bandwidth-gbps,1,jsw,qbr,slo_miss_rate,10,-0.15489504432200002,-0.27160822043890004,-0.050309451318150095,lower
stall,0.85,bandwidth-gbps,1,jsw,steal,class0_p99_us,10,-5.316508160170002,-6.044694064049002,-4.627088787332003,lower
stall,0.85,bandwidth-gbps,1,jsw,steal,control_cpu_mean,10,-4.708778601833001,-4.769036688815225,-4.648092816783425,lower
stall,0.85,bandwidth-gbps,1,jsw,steal,p999_us,10,1.7350602372000083,0.6893506549625162,2.9268279077349995,higher
stall,0.85,bandwidth-gbps,1,jsw,steal,p99_us,10,3.4669783397000034,2.756115602197507,4.141209333882504,higher
stall,0.85,bandwidth-gbps,1,jsw,steal,slo_miss_rate,10,-1.453382316105,-1.6233172172135255,-1.289235452195675,lower
stall,0.85,bandwidth-gbps,1,jsw,threshold,class0_p99_us,10,-3.0257367729300015,-3.6439378822205017,-2.397070768990001,lower
stall,0.85,bandwidth-gbps,1,jsw,threshold,control_cpu_mean,10,-3.218842120269,-3.2413363786631004,-3.1994727567087002,lower
stall,0.85,bandwidth-gbps,1,jsw,threshold,p999_us,10,-0.046014495299994,-2.375961535732496,2.096754343707495,uncertain
stall,0.85,bandwidth-gbps,1,jsw,threshold,p99_us,10,2.2554854779000095,1.4808455052450114,2.991195175285011,higher
stall,0.85,bandwidth-gbps,1,jsw,threshold,slo_miss_rate,10,-0.852788246394,-0.9406682267185,-0.7671459808177501,lower
stall,0.85,bandwidth-gbps,1,qbr,jbsq,class0_p99_us,10,-1.7465549988099986,-2.46887544064,-1.0257596301314997,lower
stall,0.85,bandwidth-gbps,1,qbr,jbsq,control_cpu_mean,10,2.2879130529530003,2.2806890339017,2.29566899046625,higher
stall,0.85,bandwidth-gbps,1,qbr,jbsq,p999_us,10,0.009546126600002935,-3.1457439061899986,3.5178453575700055,uncertain
stall,0.85,bandwidth-gbps,1,qbr,jbsq,p99_us,10,-0.25355241540000006,-0.6824246730900023,0.13630495878750054,uncertain
stall,0.85,bandwidth-gbps,1,qbr,jbsq,slo_miss_rate,10,1.0189277495990001,0.8823996688197999,1.1444078927123251,higher
stall,0.85,bandwidth-gbps,1,qbr,jsw,class0_p99_us,10,0.6514142437500012,0.15629802288999883,1.141761540258501,higher
stall,0.85,bandwidth-gbps,1,qbr,jsw,control_cpu_mean,10,1.889513052949,1.8822890338976999,1.8972689904622504,higher
stall,0.85,bandwidth-gbps,1,qbr,jsw,p999_us,10,-0.6906822189000081,-2.417854674972502,0.7042051815249918,uncertain
stall,0.85,bandwidth-gbps,1,qbr,jsw,p99_us,10,-2.6667492993000055,-3.3028810204525025,-1.989015941872513,lower
stall,0.85,bandwidth-gbps,1,qbr,jsw,slo_miss_rate,10,0.15489504432200002,0.05030945131815008,0.27160822043889987,higher
stall,0.85,bandwidth-gbps,1,qbr,steal,class0_p99_us,10,-4.665093916420001,-5.500593711915751,-3.786557527618502,lower
stall,0.85,bandwidth-gbps,1,qbr,steal,control_cpu_mean,10,-2.819265548884,-2.8835494313187997,-2.7540308200934,lower
stall,0.85,bandwidth-gbps,1,qbr,steal,p999_us,10,1.0443780183000002,-0.5262370748075098,2.519317130307501,uncertain
stall,0.85,bandwidth-gbps,1,qbr,steal,p99_us,10,0.8002290403999979,0.4131600846599914,1.1537298080850034,higher
stall,0.85,bandwidth-gbps,1,qbr,steal,slo_miss_rate,10,-1.298487271783,-1.4398972743628,-1.1593359209890999,lower
stall,0.85,bandwidth-gbps,1,qbr,threshold,class0_p99_us,10,-2.37432252918,-3.173645170825501,-1.5346978770599988,lower
stall,0.85,bandwidth-gbps,1,qbr,threshold,control_cpu_mean,10,-1.32932906732,-1.3469084683054997,-1.3135271413062748,lower
stall,0.85,bandwidth-gbps,1,qbr,threshold,p999_us,10,-0.7366967142000022,-2.9308040799500006,1.393931188934996,uncertain
stall,0.85,bandwidth-gbps,1,qbr,threshold,p99_us,10,-0.4112638213999958,-0.6091516747224949,-0.17497251345999462,lower
stall,0.85,bandwidth-gbps,1,qbr,threshold,slo_miss_rate,10,-0.6978932020719999,-0.8228840762407252,-0.5486129949841749,lower
stall,0.85,bandwidth-gbps,1,steal,jbsq,class0_p99_us,10,2.9185389176100025,2.165941928862752,3.6968685820552514,higher
stall,0.85,bandwidth-gbps,1,steal,jbsq,control_cpu_mean,10,5.107178601837,5.046492816787423,5.167436688819224,higher
stall,0.85,bandwidth-gbps,1,steal,jbsq,p999_us,10,-1.0348318916999972,-4.221113397402504,2.2967762325100023,uncertain
stall,0.85,bandwidth-gbps,1,steal,jbsq,p99_us,10,-1.053781455799998,-1.4943347462200056,-0.6469712926224913,lower
stall,0.85,bandwidth-gbps,1,steal,jbsq,slo_miss_rate,10,2.3174150213819997,2.180315862923375,2.4708121656370503,higher
stall,0.85,bandwidth-gbps,1,steal,jsw,class0_p99_us,10,5.316508160170002,4.627088787332003,6.0446940640490014,higher
stall,0.85,bandwidth-gbps,1,steal,jsw,control_cpu_mean,10,4.708778601833001,4.648092816783425,4.769036688815225,higher
stall,0.85,bandwidth-gbps,1,steal,jsw,p999_us,10,-1.7350602372000083,-2.9268279077349995,-0.6893506549625169,lower
stall,0.85,bandwidth-gbps,1,steal,jsw,p99_us,10,-3.4669783397000034,-4.141209333882504,-2.7561156021975073,lower
stall,0.85,bandwidth-gbps,1,steal,jsw,slo_miss_rate,10,1.453382316105,1.2892354521956746,1.6233172172135255,higher
stall,0.85,bandwidth-gbps,1,steal,qbr,class0_p99_us,10,4.665093916420001,3.786557527618501,5.500593711915751,higher
stall,0.85,bandwidth-gbps,1,steal,qbr,control_cpu_mean,10,2.819265548884,2.7540308200934,2.8835494313187997,higher
stall,0.85,bandwidth-gbps,1,steal,qbr,p999_us,10,-1.0443780183000002,-2.5193171303075026,0.5262370748075096,uncertain
stall,0.85,bandwidth-gbps,1,steal,qbr,p99_us,10,-0.8002290403999979,-1.1537298080850036,-0.41316008465999143,lower
stall,0.85,bandwidth-gbps,1,steal,qbr,slo_miss_rate,10,1.298487271783,1.1593359209890997,1.4398972743628,higher
stall,0.85,bandwidth-gbps,1,steal,threshold,class0_p99_us,10,2.290771387240001,1.7572570089700004,2.776716100407752,higher
stall,0.85,bandwidth-gbps,1,steal,threshold,control_cpu_mean,10,1.4899364815640002,1.4104688241706502,1.5638384136036498,higher
stall,0.85,bandwidth-gbps,1,steal,threshold,p999_us,10,-1.7810747325000023,-4.523025703219979,0.7634909239149864,uncertain
stall,0.85,bandwidth-gbps,1,steal,threshold,p99_us,10,-1.2114928617999936,-1.639512128199994,-0.7581765361924994,lower
stall,0.85,bandwidth-gbps,1,steal,threshold,slo_miss_rate,10,0.6005940697109999,0.4580575127091498,0.746024932527625,higher
stall,0.85,bandwidth-gbps,1,threshold,jbsq,class0_p99_us,10,0.6277675303700014,0.13250273635525012,1.189783774425752,higher
stall,0.85,bandwidth-gbps,1,threshold,jbsq,control_cpu_mean,10,3.617242120273,3.5978727567127002,3.6397363786671,higher
stall,0.85,bandwidth-gbps,1,threshold,jbsq,p999_us,10,0.746242840800005,-2.7182128306724875,5.467666594854996,uncertain
stall,0.85,bandwidth-gbps,1,threshold,jbsq,p99_us,10,0.1577114059999957,-0.25345011294000747,0.5680958695950074,uncertain
stall,0.85,bandwidth-gbps,1,threshold,jbsq,slo_miss_rate,10,1.716820951671,1.5986515576091,1.8327433144223,higher
stall,0.85,bandwidth-gbps,1,threshold,jsw,class0_p99_us,10,3.0257367729300015,2.397070768990001,3.643937882220501,higher
stall,0.85,bandwidth-gbps,1,threshold,jsw,control_cpu_mean,10,3.218842120269,3.1994727567087002,3.2413363786631004,higher
stall,0.85,bandwidth-gbps,1,threshold,jsw,p999_us,10,0.046014495299994,-2.0967543437075,2.3759615357324946,uncertain
stall,0.85,bandwidth-gbps,1,threshold,jsw,p99_us,10,-2.2554854779000095,-2.991195175285012,-1.4808455052450114,lower
stall,0.85,bandwidth-gbps,1,threshold,jsw,slo_miss_rate,10,0.852788246394,0.7671459808177501,0.9406682267184999,higher
stall,0.85,bandwidth-gbps,1,threshold,qbr,class0_p99_us,10,2.37432252918,1.5346978770599988,3.1736451708255,higher
stall,0.85,bandwidth-gbps,1,threshold,qbr,control_cpu_mean,10,1.32932906732,1.3135271413062748,1.3469084683054997,higher
stall,0.85,bandwidth-gbps,1,threshold,qbr,p999_us,10,0.7366967142000022,-1.3939311889349986,2.93080407995,uncertain
stall,0.85,bandwidth-gbps,1,threshold,qbr,p99_us,10,0.4112638213999958,0.17497251345999457,0.6091516747224949,higher
stall,0.85,bandwidth-gbps,1,threshold,qbr,slo_miss_rate,10,0.6978932020719999,0.5486129949841749,0.8228840762407251,higher
stall,0.85,bandwidth-gbps,1,threshold,steal,class0_p99_us,10,-2.290771387240001,-2.776716100407752,-1.7572570089700004,lower
stall,0.85,bandwidth-gbps,1,threshold,steal,control_cpu_mean,10,-1.4899364815640002,-1.56383841360365,-1.4104688241706502,lower
stall,0.85,bandwidth-gbps,1,threshold,steal,p999_us,10,1.7810747325000023,-0.7634909239149869,4.523025703219975,uncertain
stall,0.85,bandwidth-gbps,1,threshold,steal,p99_us,10,1.2114928617999936,0.7581765361924964,1.639512128199994,higher
stall,0.85,bandwidth-gbps,1,threshold,steal,slo_miss_rate,10,-0.6005940697109999,-0.746024932527625,-0.4580575127091499,lower
stall,0.85,bandwidth-gbps,10,jbsq,jsw,class0_p99_us,10,-6.178725551560001,-6.948656976244749,-5.500618919423504,lower
stall,0.85,bandwidth-gbps,10,jbsq,jsw,control_cpu_mean,10,-0.398400000004,-0.398400000004,-0.398400000004,lower
stall,0.85,bandwidth-gbps,10,jbsq,jsw,p999_us,10,-6.302018524800007,-9.494806562437518,-3.6620503432075004,lower
stall,0.85,bandwidth-gbps,10,jbsq,jsw,p99_us,10,-5.606605253199996,-6.321167115019996,-4.847586757937498,lower
stall,0.85,bandwidth-gbps,10,jbsq,jsw,slo_miss_rate,10,-0.5667214320249999,-0.657617320895375,-0.4761617637971001,lower
stall,0.85,bandwidth-gbps,10,jbsq,qbr,class0_p99_us,10,-6.001503807459999,-6.4383042331899984,-5.606073772570251,lower
stall,0.85,bandwidth-gbps,10,jbsq,qbr,control_cpu_mean,10,-2.2984238544039997,-2.308586644615,-2.2877823063896,lower
stall,0.85,bandwidth-gbps,10,jbsq,qbr,p999_us,10,-6.403280733100002,-9.606523726172494,-3.729630616410009,lower
stall,0.85,bandwidth-gbps,10,jbsq,qbr,p99_us,10,-2.8110730323999915,-3.3046094792549883,-2.3568998512749926,lower
stall,0.85,bandwidth-gbps,10,jbsq,qbr,slo_miss_rate,10,-0.5640741449150001,-0.655761452071475,-0.4756217796701502,lower
stall,0.85,bandwidth-gbps,10,jbsq,steal,class0_p99_us,10,-5.871900869079999,-6.6955899016597495,-5.1146299113795,lower
stall,0.85,bandwidth-gbps,10,jbsq,steal,control_cpu_mean,10,-6.375507154811,-6.443298457683274,-6.295023687544901,lower
stall,0.85,bandwidth-gbps,10,jbsq,steal,p999_us,10,-4.5933565503000064,-7.264116323970007,-2.1770696187375176,lower
stall,0.85,bandwidth-gbps,10,jbsq,steal,p99_us,10,-2.375414432699992,-2.8643475112199885,-1.8740295792499955,lower
stall,0.85,bandwidth-gbps,10,jbsq,steal,slo_miss_rate,10,-0.5140119848520001,-0.6012753728218498,-0.43787991228322515,lower
stall,0.85,bandwidth-gbps,10,jbsq,threshold,class0_p99_us,10,-6.671301080769998,-7.308072577500002,-6.03005790419375,lower
stall,0.85,bandwidth-gbps,10,jbsq,threshold,control_cpu_mean,10,-3.973390526928,-4.0051235682518,-3.9440642745240004,lower
stall,0.85,bandwidth-gbps,10,jbsq,threshold,p999_us,10,-6.5053702903999975,-8.730280313589997,-4.739377115045012,lower
stall,0.85,bandwidth-gbps,10,jbsq,threshold,p99_us,10,-2.771262793899987,-3.1428595016824885,-2.374557615987488,lower
stall,0.85,bandwidth-gbps,10,jbsq,threshold,slo_miss_rate,10,-0.6748965527380001,-0.75439812393425,-0.597764364491375,lower
stall,0.85,bandwidth-gbps,10,jsw,jbsq,class0_p99_us,10,6.178725551560001,5.500618919423503,6.948656976244749,higher
stall,0.85,bandwidth-gbps,10,jsw,jbsq,control_cpu_mean,10,0.398400000004,0.398400000004,0.398400000004,higher
stall,0.85,bandwidth-gbps,10,jsw,jbsq,p999_us,10,6.302018524800007,3.6620503432075,9.494806562437516,higher
stall,0.85,bandwidth-gbps,10,jsw,jbsq,p99_us,10,5.606605253199996,4.847586757937498,6.321167115019995,higher
stall,0.85,bandwidth-gbps,10,jsw,jbsq,slo_miss_rate,10,0.5667214320249999,0.47616176379709996,0.6576173208953748,higher
stall,0.85,bandwidth-gbps,10,jsw,qbr,class0_p99_us,10,0.17722174410000163,-0.4185947442889962,0.7569007984575011,uncertain
stall,0.85,bandwidth-gbps,10,jsw,qbr,control_cpu_mean,10,-1.9000238543999999,-1.910186644611,-1.8893823063855997,lower
stall,0.85,bandwidth-gbps,10,jsw,qbr,p999_us,10,-0.10126220829999397,-2.5107560154274986,1.8744592057875018,uncertain
stall,0.85,bandwidth-gbps,10,jsw,qbr,p99_us,10,2.795532220800004,1.9684604879125014,3.6751793963450003,higher
stall,0.85,bandwidth-gbps,10,jsw,qbr,slo_miss_rate,10,0.0026472871099999682,-0.07126077106152506,0.07498539329800001,uncertain
stall,0.85,bandwidth-gbps,10,jsw,steal,class0_p99_us,10,0.30682468248000133,-0.5465088041022468,1.1209259175164985,uncertain
stall,0.85,bandwidth-gbps,10,jsw,steal,control_cpu_mean,10,-5.977107154807,-6.044898457679275,-5.896623687540901,lower
stall,0.85,bandwidth-gbps,10,jsw,steal,p999_us,10,1.7086619745000007,-0.7986172547624968,4.010157235807499,uncertain
stall,0.85,bandwidth-gbps,10,jsw,steal,p99_us,10,3.2311908205000037,2.5622149448825096,3.930992033659998,higher
stall,0.85,bandwidth-gbps,10,jsw,steal,slo_miss_rate,10,0.05270944717299995,-0.058389776513600035,0.16427129345972488,uncertain
stall,0.85,bandwidth-gbps,10,jsw,threshold,class0_p99_us,10,-0.4925755292099986,-0.9804664302974994,-0.0454353887424965,lower
stall,0.85,bandwidth-gbps,10,jsw,threshold,control_cpu_mean,10,-3.574990526924,-3.6067235682478,-3.54566427452,lower
stall,0.85,bandwidth-gbps,10,jsw,threshold,p999_us,10,-0.20335176559999013,-2.204012655777494,1.8304128243149875,uncertain
stall,0.85,bandwidth-gbps,10,jsw,threshold,p99_us,10,2.8353424593000085,2.0373945717700046,3.592524315580008,higher
stall,0.85,bandwidth-gbps,10,jsw,threshold,slo_miss_rate,10,-0.1081751207130001,-0.17141302534624994,-0.04917802385095023,lower
stall,0.85,bandwidth-gbps,10,qbr,jbsq,class0_p99_us,10,6.001503807459999,5.606073772570251,6.4383042331899984,higher
stall,0.85,bandwidth-gbps,10,qbr,jbsq,control_cpu_mean,10,2.2984238544039997,2.2877823063896,2.308586644615,higher
stall,0.85,bandwidth-gbps,10,qbr,jbsq,p999_us,10,6.403280733100002,3.7296306164100064,9.606523726172492,higher
stall,0.85,bandwidth-gbps,10,qbr,jbsq,p99_us,10,2.8110730323999915,2.3568998512749926,3.304609479254988,higher
stall,0.85,bandwidth-gbps,10,qbr,jbsq,slo_miss_rate,10,0.5640741449150001,0.4756217796701501,0.655761452071475,higher
stall,0.85,bandwidth-gbps,10,qbr,jsw,class0_p99_us,10,-0.17722174410000163,-0.7569007984575015,0.41859474428899596,uncertain
stall,0.85,bandwidth-gbps,10,qbr,jsw,control_cpu_mean,10,1.9000238543999999,1.8893823063855997,1.910186644611,higher
stall,0.85,bandwidth-gbps,10,qbr,jsw,p999_us,10,0.10126220829999397,-1.874459205787502,2.5107560154274986,uncertain
stall,0.85,bandwidth-gbps,10,qbr,jsw,p99_us,10,-2.795532220800004,-3.675179396345001,-1.968460487912502,lower
stall,0.85,bandwidth-gbps,10,qbr,jsw,slo_miss_rate,10,-0.0026472871099999682,-0.07498539329800001,0.07126077106152502,uncertain
stall,0.85,bandwidth-gbps,10,qbr,steal,class0_p99_us,10,0.1296029383799997,-0.3996391130532503,0.6373684139967489,uncertain
stall,0.85,bandwidth-gbps,10,qbr,steal,control_cpu_mean,10,-4.077083300407,-4.14992686075425,-3.9927770667858495,lower
stall,0.85,bandwidth-gbps,10,qbr,steal,p999_us,10,1.8099241827999948,-0.1276551189149968,3.727791700267485,uncertain
stall,0.85,bandwidth-gbps,10,qbr,steal,p99_us,10,0.43565859969999965,-0.182629823360001,1.0607345637924939,uncertain
stall,0.85,bandwidth-gbps,10,qbr,steal,slo_miss_rate,10,0.05006216006299998,-0.03161187215402501,0.12811472228869994,uncertain
stall,0.85,bandwidth-gbps,10,qbr,threshold,class0_p99_us,10,-0.6697972733100002,-1.0687052605999998,-0.184890214065002,lower
stall,0.85,bandwidth-gbps,10,qbr,threshold,control_cpu_mean,10,-1.674966672524,-1.7027217491467501,-1.6505185895079253,lower
stall,0.85,bandwidth-gbps,10,qbr,threshold,p999_us,10,-0.10208955729999616,-2.1774872873175037,2.045597559797515,uncertain
stall,0.85,bandwidth-gbps,10,qbr,threshold,p99_us,10,0.039810238500004404,-0.4929371362399971,0.6070636886900062,uncertain
stall,0.85,bandwidth-gbps,10,qbr,threshold,slo_miss_rate,10,-0.11082240782300008,-0.16001506083412503,-0.04907454779282534,lower
stall,0.85,bandwidth-gbps,10,steal,jbsq,class0_p99_us,10,5.871900869079999,5.1146299113795,6.695589901659749,higher
stall,0.85,bandwidth-gbps,10,steal,jbsq,control_cpu_mean,10,6.375507154811,6.295023687544901,6.443298457683274,higher
stall,0.85,bandwidth-gbps,10,steal,jbsq,p999_us,10,4.5933565503000064,2.1770696187375154,7.264116323970007,higher
stall,0.85,bandwidth-gbps,10,steal,jbsq,p99_us,10,2.375414432699992,1.8740295792499952,2.8643475112199885,higher
stall,0.85,bandwidth-gbps,10,steal,jbsq,slo_miss_rate,10,0.5140119848520001,0.43787991228322504,0.6012753728218498,higher
stall,0.85,bandwidth-gbps,10,steal,jsw,class0_p99_us,10,-0.30682468248000133,-1.1209259175164998,0.5465088041022467,uncertain
stall,0.85,bandwidth-gbps,10,steal,jsw,control_cpu_mean,10,5.977107154807,5.896623687540901,6.044898457679275,higher
stall,0.85,bandwidth-gbps,10,steal,jsw,p999_us,10,-1.7086619745000007,-4.010157235807499,0.7986172547624956,uncertain
stall,0.85,bandwidth-gbps,10,steal,jsw,p99_us,10,-3.2311908205000037,-3.930992033659998,-2.562214944882511,lower
stall,0.85,bandwidth-gbps,10,steal,jsw,slo_miss_rate,10,-0.05270944717299995,-0.16427129345972488,0.058389776513600035,uncertain
stall,0.85,bandwidth-gbps,10,steal,qbr,class0_p99_us,10,-0.1296029383799997,-0.6373684139967496,0.3996391130532501,uncertain
stall,0.85,bandwidth-gbps,10,steal,qbr,control_cpu_mean,10,4.077083300407,3.992777066785849,4.14992686075425,higher
stall,0.85,bandwidth-gbps,10,steal,qbr,p999_us,10,-1.8099241827999948,-3.7277917002674856,0.12765511891499504,uncertain
stall,0.85,bandwidth-gbps,10,steal,qbr,p99_us,10,-0.43565859969999965,-1.060734563792494,0.1826298233600009,uncertain
stall,0.85,bandwidth-gbps,10,steal,qbr,slo_miss_rate,10,-0.05006216006299998,-0.12811472228869997,0.03161187215402489,uncertain
stall,0.85,bandwidth-gbps,10,steal,threshold,class0_p99_us,10,-0.7994002116899999,-1.4255350688714996,-0.19524321813300163,lower
stall,0.85,bandwidth-gbps,10,steal,threshold,control_cpu_mean,10,2.4021166278829993,2.2923751266047745,2.4963890529054993,higher
stall,0.85,bandwidth-gbps,10,steal,threshold,p999_us,10,-1.9120137400999908,-4.531110364872494,1.2155176364725007,uncertain
stall,0.85,bandwidth-gbps,10,steal,threshold,p99_us,10,-0.3958483611999952,-0.830886829314994,0.05494572453250094,uncertain
stall,0.85,bandwidth-gbps,10,steal,threshold,slo_miss_rate,10,-0.16088456788600006,-0.248661726429525,-0.07701873863817507,lower
stall,0.85,bandwidth-gbps,10,threshold,jbsq,class0_p99_us,10,6.671301080769998,6.03005790419375,7.308072577500002,higher
stall,0.85,bandwidth-gbps,10,threshold,jbsq,control_cpu_mean,10,3.973390526928,3.9440642745240004,4.0051235682518,higher
stall,0.85,bandwidth-gbps,10,threshold,jbsq,p999_us,10,6.5053702903999975,4.739377115045012,8.730280313589997,higher
stall,0.85,bandwidth-gbps,10,threshold,jbsq,p99_us,10,2.771262793899987,2.374557615987488,3.1428595016824885,higher
stall,0.85,bandwidth-gbps,10,threshold,jbsq,slo_miss_rate,10,0.6748965527380001,0.597764364491375,0.7543981239342499,higher
stall,0.85,bandwidth-gbps,10,threshold,jsw,class0_p99_us,10,0.4925755292099986,0.0454353887424965,0.9804664302974992,higher
stall,0.85,bandwidth-gbps,10,threshold,jsw,control_cpu_mean,10,3.574990526924,3.54566427452,3.6067235682478,higher
stall,0.85,bandwidth-gbps,10,threshold,jsw,p999_us,10,0.20335176559999013,-1.8304128243149878,2.204012655777494,uncertain
stall,0.85,bandwidth-gbps,10,threshold,jsw,p99_us,10,-2.8353424593000085,-3.592524315580009,-2.0373945717700055,lower
stall,0.85,bandwidth-gbps,10,threshold,jsw,slo_miss_rate,10,0.1081751207130001,0.049178023850950194,0.17141302534624994,higher
stall,0.85,bandwidth-gbps,10,threshold,qbr,class0_p99_us,10,0.6697972733100002,0.1848902140650018,1.0687052605999996,higher
stall,0.85,bandwidth-gbps,10,threshold,qbr,control_cpu_mean,10,1.674966672524,1.6505185895079253,1.7027217491467501,higher
stall,0.85,bandwidth-gbps,10,threshold,qbr,p999_us,10,0.10208955729999616,-2.0455975597975153,2.177487287317501,uncertain
stall,0.85,bandwidth-gbps,10,threshold,qbr,p99_us,10,-0.039810238500004404,-0.6070636886900063,0.492937136239997,uncertain
stall,0.85,bandwidth-gbps,10,threshold,qbr,slo_miss_rate,10,0.11082240782300008,0.04907454779282511,0.160015060834125,higher
stall,0.85,bandwidth-gbps,10,threshold,steal,class0_p99_us,10,0.7994002116899999,0.19524321813300144,1.4255350688714992,higher
stall,0.85,bandwidth-gbps,10,threshold,steal,control_cpu_mean,10,-2.4021166278829993,-2.4963890529054993,-2.292375126604775,lower
stall,0.85,bandwidth-gbps,10,threshold,steal,p999_us,10,1.9120137400999908,-1.2155176364725035,4.531110364872494,uncertain
stall,0.85,bandwidth-gbps,10,threshold,steal,p99_us,10,0.3958483611999952,-0.054945724532501,0.8308868293149939,uncertain
stall,0.85,bandwidth-gbps,10,threshold,steal,slo_miss_rate,10,0.16088456788600006,0.07701873863817507,0.24866172642952494,higher
stall,0.85,bandwidth-gbps,25,jbsq,jsw,class0_p99_us,10,-7.136632313010002,-7.608079829190499,-6.631394072489502,lower
stall,0.85,bandwidth-gbps,25,jbsq,jsw,control_cpu_mean,10,-0.398400000004,-0.398400000004,-0.398400000004,lower
stall,0.85,bandwidth-gbps,25,jbsq,jsw,p999_us,10,-5.8225291033999955,-9.322540060342506,-2.456473815197506,lower
stall,0.85,bandwidth-gbps,25,jbsq,jsw,p99_us,10,-5.664966840300002,-6.146588176487499,-5.0904120897025,lower
stall,0.85,bandwidth-gbps,25,jbsq,jsw,slo_miss_rate,10,-0.606772727256,-0.6933930778638,-0.5160750257150001,lower
stall,0.85,bandwidth-gbps,25,jbsq,qbr,class0_p99_us,10,-6.813060534909999,-7.400749137978,-5.996451915081499,lower
stall,0.85,bandwidth-gbps,25,jbsq,qbr,control_cpu_mean,10,-2.293435662055,-2.3002870730982496,-2.2865115448025,lower
stall,0.85,bandwidth-gbps,25,jbsq,qbr,p999_us,10,-5.491745609000003,-10.538029951039997,-0.623974147035009,lower
stall,0.85,bandwidth-gbps,25,jbsq,qbr,p99_us,10,-3.382670427000005,-3.8337609462100093,-2.9049209447575053,lower
stall,0.85,bandwidth-gbps,25,jbsq,qbr,slo_miss_rate,10,-0.583250050056,-0.6389927507934998,-0.529294700757025,lower
stall,0.85,bandwidth-gbps,25,jbsq,steal,class0_p99_us,10,-6.226930247300001,-6.63120370590575,-5.780273684206252,lower
stall,0.85,bandwidth-gbps,25,jbsq,steal,control_cpu_mean,10,-6.427100451018999,-6.5068083966443,-6.336030510900451,lower
stall,0.85,bandwidth-gbps,25,jbsq,steal,p999_us,10,-3.480955090300006,-7.922474334712507,0.2586283622499962,uncertain
stall,0.85,bandwidth-gbps,25,jbsq,steal,p99_us,10,-2.7251352281000036,-3.1360414846275013,-2.4201897294200023,lower
stall,0.85,bandwidth-gbps,25,jbsq,steal,slo_miss_rate,10,-0.4731372704440001,-0.5529663705381002,-0.3848179408895001,lower
stall,0.85,bandwidth-gbps,25,jbsq,threshold,class0_p99_us,10,-6.841355781330002,-7.502462975414253,-6.161209535150002,lower
stall,0.85,bandwidth-gbps,25,jbsq,threshold,control_cpu_mean,10,-3.963327210737,-3.9874996342945748,-3.9387250227510253,lower
stall,0.85,bandwidth-gbps,25,jbsq,threshold,p999_us,10,-2.673764858200002,-6.146085886897489,0.5613630133349923,uncertain
stall,0.85,bandwidth-gbps,25,jbsq,threshold,p99_us,10,-3.083184675200002,-3.5157547789525063,-2.61716371429,lower
stall,0.85,bandwidth-gbps,25,jbsq,threshold,slo_miss_rate,10,-0.5890457791920001,-0.6655318547342752,-0.5114510146454001,lower
stall,0.85,bandwidth-gbps,25,jsw,jbsq,class0_p99_us,10,7.136632313010002,6.631394072489502,7.608079829190499,higher
stall,0.85,bandwidth-gbps,25,jsw,jbsq,control_cpu_mean,10,0.398400000004,0.398400000004,0.398400000004,higher
stall,0.85,bandwidth-gbps,25,jsw,jbsq,p999_us,10,5.8225291033999955,2.456473815197503,9.322540060342504,higher
stall,0.85,bandwidth-gbps,25,jsw,jbsq,p99_us,10,5.664966840300002,5.0904120897025,6.146588176487499,higher
stall,0.85,bandwidth-gbps,25,jsw,jbsq,slo_miss_rate,10,0.606772727256,0.516075025715,0.6933930778638,higher
stall,0.85,bandwidth-gbps,25,jsw,qbr,class0_p99_us,10,0.3235717781000019,-0.21576192369274846,0.8907350122085027,uncertain
stall,0.85,bandwidth-gbps,25,jsw,qbr,control_cpu_mean,10,-1.895035662051,-1.90188707309425,-1.8881115447985,lower
stall,0.85,bandwidth-gbps,25,jsw,qbr,p999_us,10,0.33078349439999216,-3.4574694072100134,4.298263250299994,uncertain
stall,0.85,bandwidth-gbps,25,jsw,qbr,p99_us,10,2.282296413299997,1.4258011891949993,3.0974342217399915,higher
stall,0.85,bandwidth-gbps,25,jsw,qbr,slo_miss_rate,10,0.023522677200000043,-0.03576823297417495,0.08553289272977496,uncertain
stall,0.85,bandwidth-gbps,25,jsw,steal,class0_p99_us,10,0.909702065710001,0.5038933281735009,1.2290811789487521,higher
stall,0.85,bandwidth-gbps,25,jsw,steal,control_cpu_mean,10,-6.028700451015,-6.1084083966403,-5.93763051089645,lower
stall,0.85,bandwidth-gbps,25,jsw,steal,p999_us,10,2.341574013099989,0.04355230740748469,4.597230723202487,higher
stall,0.85,bandwidth-gbps,25,jsw,steal,p99_us,10,2.939831612199998,2.245833711329998,3.559667622907505,higher
stall,0.85,bandwidth-gbps,25,jsw,steal,slo_miss_rate,10,0.13363545681199995,0.0858690596182999,0.1760824484487,higher
stall,0.85,bandwidth-gbps,25,jsw,threshold,class0_p99_us,10,0.29527653168000045,-0.30570631801700043,0.8868817244070006,uncertain
stall,0.85,bandwidth-gbps,25,jsw,threshold,control_cpu_mean,10,-3.564927210733001,-3.5890996342905743,-3.5403250227470253,lower
stall,0.85,bandwidth-gbps,25,jsw,threshold,p999_us,10,3.148764245199993,1.3105818168999874,5.06323421219999,higher
stall,0.85,bandwidth-gbps,25,jsw,threshold,p99_us,10,2.5817821651000004,1.850762678159996,3.284152002067504,higher
stall,0.85,bandwidth-gbps,25,jsw,threshold,slo_miss_rate,10,0.017726948063999992,-0.05464770084795003,0.08935463317985003,uncertain
stall,0.85,bandwidth-gbps,25,qbr,jbsq,class0_p99_us,10,6.813060534909999,5.996451915081499,7.400749137978,higher
stall,0.85,bandwidth-gbps,25,qbr,jbsq,control_cpu_mean,10,2.293435662055,2.2865115448025,2.3002870730982496,higher
stall,0.85,bandwidth-gbps,25,qbr,jbsq,p999_us,10,5.491745609000003,0.6239741470350081,10.538029951039992,higher
stall,0.85,bandwidth-gbps,25,qbr,jbsq,p99_us,10,3.382670427000005,2.904920944757505,3.8337609462100093,higher
stall,0.85,bandwidth-gbps,25,qbr,jbsq,slo_miss_rate,10,0.583250050056,0.529294700757025,0.6389927507934997,higher
stall,0.85,bandwidth-gbps,25,qbr,jsw,class0_p99_us,10,-0.3235717781000019,-0.8907350122085034,0.21576192369274844,uncertain
stall,0.85,bandwidth-gbps,25,qbr,jsw,control_cpu_mean,10,1.895035662051,1.8881115447985,1.90188707309425,higher
stall,0.85,bandwidth-gbps,25,qbr,jsw,p999_us,10,-0.33078349439999216,-4.298263250299994,3.457469407210013,uncertain
stall,0.85,bandwidth-gbps,25,qbr,jsw,p99_us,10,-2.282296413299997,-3.0974342217399924,-1.4258011891949993,lower
stall,0.85,bandwidth-gbps,25,qbr,jsw,slo_miss_rate,10,-0.023522677200000043,-0.08553289272977502,0.03576823297417495,uncertain
stall,0.85,bandwidth-gbps,25,qbr,steal,class0_p99_us,10,0.5861302876099991,-0.024648144445000658,1.1667395377019993,uncertain
stall,0.85,bandwidth-gbps,25,qbr,steal,control_cpu_mean,10,-4.1336647889639995,-4.215548453786551,-4.03883847308635,lower
stall,0.85,bandwidth-gbps,25,qbr,steal,p999_us,10,2.0107905186999973,-1.6507481329850002,6.387469215342497,uncertain
stall,0.85,bandwidth-gbps,25,qbr,steal,p99_us,10,0.6575351989000012,0.16918552233500642,1.18501042202,higher
stall,0.85,bandwidth-gbps,25,qbr,steal,slo_miss_rate,10,0.11011277961199992,0.04607471212492495,0.17353801925192483,higher
stall,0.85,bandwidth-gbps,25,qbr,threshold,class0_p99_us,10,-0.02829524642000152,-0.5260160319952508,0.4800890497952476,uncertain
stall,0.85,bandwidth-gbps,25,qbr,threshold,control_cpu_mean,10,-1.6698915486819998,-1.690540254496525,-1.6481038510841497,lower
stall,0.85,bandwidth-gbps,25,qbr,threshold,p999_us,10,2.817980750800001,-0.7778641372999991,6.399965598527501,uncertain
stall,0.85,bandwidth-gbps,25,qbr,threshold,p99_us,10,0.2994857518000032,-0.07975056419249534,0.6752692655400044,uncertain
stall,0.85,bandwidth-gbps,25,qbr,threshold,slo_miss_rate,10,-0.005795729136000051,-0.06236060980300009,0.055424517159799895,uncertain
stall,0.85,bandwidth-gbps,25,steal,jbsq,class0_p99_us,10,6.226930247300001,5.780273684206251,6.63120370590575,higher
stall,0.85,bandwidth-gbps,25,steal,jbsq,control_cpu_mean,10,6.427100451018999,6.336030510900451,6.5068083966443,higher
stall,0.85,bandwidth-gbps,25,steal,jbsq,p999_us,10,3.480955090300006,-0.2586283622499982,7.922474334712502,uncertain
stall,0.85,bandwidth-gbps,25,steal,jbsq,p99_us,10,2.7251352281000036,2.4201897294200023,3.1360414846275013,higher
stall,0.85,bandwidth-gbps,25,steal,jbsq,slo_miss_rate,10,0.4731372704440001,0.38481794088950005,0.5529663705381,higher
stall,0.85,bandwidth-gbps,25,steal,jsw,class0_p99_us,10,-0.909702065710001,-1.2290811789487521,-0.5038933281735011,lower
stall,0.85,bandwidth-gbps,25,steal,jsw,control_cpu_mean,10,6.028700451015,5.93763051089645,6.1084083966403,higher
stall,0.85,bandwidth-gbps,25,steal,jsw,p999_us,10,-2.341574013099989,-4.597230723202489,-0.04355230740748522,lower
stall,0.85,bandwidth-gbps,25,steal,jsw,p99_us,10,-2.939831612199998,-3.5596676229075053,-2.245833711329998,lower
stall,0.85,bandwidth-gbps,25,steal,jsw,slo_miss_rate,10,-0.13363545681199995,-0.1760824484487,-0.08586905961829996,lower
stall,0.85,bandwidth-gbps,25,steal,qbr,class0_p99_us,10,-0.5861302876099991,-1.1667395377019998,0.024648144445000658,uncertain
stall,0.85,bandwidth-gbps,25,steal,qbr,control_cpu_mean,10,4.1336647889639995,4.03883847308635,4.21554845378655,higher
stall,0.85,bandwidth-gbps,25,steal,qbr,p999_us,10,-2.0107905186999973,-6.387469215342497,1.650748132985,uncertain
stall,0.85,bandwidth-gbps,25,steal,qbr,p99_us,10,-0.6575351989000012,-1.1850104220200002,-0.1691855223350065,lower
stall,0.85,bandwidth-gbps,25,steal,qbr,slo_miss_rate,10,-0.11011277961199992,-0.17353801925192486,-0.04607471212492495,lower
stall,0.85,bandwidth-gbps,25,steal,threshold,class0_p99_us,10,-0.6144255340300007,-1.0714754120882521,-0.17886964502100108,lower
stall,0.85,bandwidth-gbps,25,steal,threshold,control_cpu_mean,10,2.463773240282,2.350135161398376,2.5619053178402744,higher
stall,0.85,bandwidth-gbps,25,steal,threshold,p999_us,10,0.8071902321000038,-1.4812457375424928,2.9730236460300046,uncertain
stall,0.85,bandwidth-gbps,25,steal,threshold,p99_us,10,-0.35804944709999803,-0.7909314984075004,0.09573427644000775,uncertain
stall,0.85,bandwidth-gbps,25,steal,threshold,slo_miss_rate,10,-0.11590850874799999,-0.16379927489082496,-0.07108347050500001,lower
stall,0.85,bandwidth-gbps,25,threshold,jbsq,class0_p99_us,10,6.841355781330002,6.161209535150002,7.502462975414253,higher
stall,0.85,bandwidth-gbps,25,threshold,jbsq,control_cpu_mean,10,3.963327210737,3.9387250227510253,3.9874996342945748,higher
stall,0.85,bandwidth-gbps,25,threshold,jbsq,p999_us,10,2.673764858200002,-0.5613630133349929,6.146085886897489,uncertain
stall,0.85,bandwidth-gbps,25,threshold,jbsq,p99_us,10,3.083184675200002,2.61716371429,3.5157547789525063,higher
stall,0.85,bandwidth-gbps,25,threshold,jbsq,slo_miss_rate,10,0.5890457791920001,0.5114510146454001,0.6655318547342752,higher
stall,0.85,bandwidth-gbps,25,threshold,jsw,class0_p99_us,10,-0.29527653168000045,-0.8868817244070007,0.3057063180170003,uncertain
stall,0.85,bandwidth-gbps,25,threshold,jsw,control_cpu_mean,10,3.564927210733001,3.5403250227470253,3.5890996342905743,higher
stall,0.85,bandwidth-gbps,25,threshold,jsw,p999_us,10,-3.148764245199993,-5.06323421219999,-1.3105818168999888,lower
stall,0.85,bandwidth-gbps,25,threshold,jsw,p99_us,10,-2.5817821651000004,-3.2841520020675046,-1.8507626781599968,lower
stall,0.85,bandwidth-gbps,25,threshold,jsw,slo_miss_rate,10,-0.017726948063999992,-0.08935463317985004,0.05464770084795003,uncertain
stall,0.85,bandwidth-gbps,25,threshold,qbr,class0_p99_us,10,0.02829524642000152,-0.4800890497952479,0.5260160319952506,uncertain
stall,0.85,bandwidth-gbps,25,threshold,qbr,control_cpu_mean,10,1.6698915486819998,1.6481038510841497,1.690540254496525,higher
stall,0.85,bandwidth-gbps,25,threshold,qbr,p999_us,10,-2.817980750800001,-6.399965598527502,0.7778641372999991,uncertain
stall,0.85,bandwidth-gbps,25,threshold,qbr,p99_us,10,-0.2994857518000032,-0.6752692655400045,0.07975056419249525,uncertain
stall,0.85,bandwidth-gbps,25,threshold,qbr,slo_miss_rate,10,0.005795729136000051,-0.0554245171597999,0.06236060980300009,uncertain
stall,0.85,bandwidth-gbps,25,threshold,steal,class0_p99_us,10,0.6144255340300007,0.178869645021001,1.0714754120882521,higher
stall,0.85,bandwidth-gbps,25,threshold,steal,control_cpu_mean,10,-2.463773240282,-2.5619053178402744,-2.350135161398376,lower
stall,0.85,bandwidth-gbps,25,threshold,steal,p999_us,10,-0.8071902321000038,-2.973023646030009,1.4812457375424894,uncertain
stall,0.85,bandwidth-gbps,25,threshold,steal,p99_us,10,0.35804944709999803,-0.0957342764400078,0.7909314984075004,uncertain
stall,0.85,bandwidth-gbps,25,threshold,steal,slo_miss_rate,10,0.11590850874799999,0.07108347050499998,0.16379927489082488,higher
stall,0.85,decision-cpu-us,0,jbsq,jsw,class0_p99_us,10,-7.136632313010002,-7.608079829190499,-6.631394072489502,lower
stall,0.85,decision-cpu-us,0,jbsq,jsw,control_cpu_mean,10,-0.398400000004,-0.398400000004,-0.398400000004,lower
stall,0.85,decision-cpu-us,0,jbsq,jsw,p999_us,10,-5.8225291033999955,-9.322540060342506,-2.456473815197506,lower
stall,0.85,decision-cpu-us,0,jbsq,jsw,p99_us,10,-5.664966840300002,-6.146588176487499,-5.0904120897025,lower
stall,0.85,decision-cpu-us,0,jbsq,jsw,slo_miss_rate,10,-0.606772727256,-0.6933930778638,-0.5160750257150001,lower
stall,0.85,decision-cpu-us,0,jbsq,qbr,class0_p99_us,10,-6.546832522920002,-7.346140089959,-5.610484708978253,lower
stall,0.85,decision-cpu-us,0,jbsq,qbr,control_cpu_mean,10,-2.0564259442610004,-2.0608301644600497,-2.052865721759375,lower
stall,0.85,decision-cpu-us,0,jbsq,qbr,p999_us,10,-5.714018939800008,-9.381412059715007,-2.0128974898125307,lower
stall,0.85,decision-cpu-us,0,jbsq,qbr,p99_us,10,-3.0251109932000046,-3.4309229136350075,-2.667669650455,lower
stall,0.85,decision-cpu-us,0,jbsq,qbr,slo_miss_rate,10,-0.531977579593,-0.60311129095925,-0.45550876827650005,lower
stall,0.85,decision-cpu-us,0,jbsq,steal,class0_p99_us,10,-6.354453234850002,-6.701401655409002,-5.9559486856065025,lower
stall,0.85,decision-cpu-us,0,jbsq,steal,control_cpu_mean,10,-3.760061190745,-3.803331289136425,-3.712080528299425,lower
stall,0.85,decision-cpu-us,0,jbsq,steal,p999_us,10,-5.027548978099992,-8.653122130637486,-1.7099561763549962,lower
stall,0.85,decision-cpu-us,0,jbsq,steal,p99_us,10,-2.763341541,-3.1846380170900033,-2.384991237597496,lower
stall,0.85,decision-cpu-us,0,jbsq,steal,slo_miss_rate,10,-0.504203448232,-0.5969506701611249,-0.4105491454384501,lower
stall,0.85,decision-cpu-us,0,jbsq,threshold,class0_p99_us,10,-6.74096877625,-7.06508699685,-6.471809978624251,lower
stall,0.85,decision-cpu-us,0,jbsq,threshold,control_cpu_mean,10,-2.395220736597,-2.403918229342675,-2.385613203036375,lower
stall,0.85,decision-cpu-us,0,jbsq,threshold,p999_us,10,-5.479588717599995,-9.487724366307495,-1.5145482441999945,lower
stall,0.85,decision-cpu-us,0,jbsq,threshold,p99_us,10,-3.2705449455000037,-3.580166348325003,-2.9195459751049997,lower
stall,0.85,decision-cpu-us,0,jbsq,threshold,slo_miss_rate,10,-0.5784078287009999,-0.6896703904358249,-0.4779238141636251,lower
stall,0.85,decision-cpu-us,0,jsw,jbsq,class0_p99_us,10,7.136632313010002,6.631394072489502,7.608079829190499,higher
stall,0.85,decision-cpu-us,0,jsw,jbsq,control_cpu_mean,10,0.398400000004,0.398400000004,0.398400000004,higher
stall,0.85,decision-cpu-us,0,jsw,jbsq,p999_us,10,5.8225291033999955,2.456473815197503,9.322540060342504,higher
stall,0.85,decision-cpu-us,0,jsw,jbsq,p99_us,10,5.664966840300002,5.0904120897025,6.146588176487499,higher
stall,0.85,decision-cpu-us,0,jsw,jbsq,slo_miss_rate,10,0.606772727256,0.516075025715,0.6933930778638,higher
stall,0.85,decision-cpu-us,0,jsw,qbr,class0_p99_us,10,0.5897997900900009,-0.20871049110349946,1.3947939282085005,uncertain
stall,0.85,decision-cpu-us,0,jsw,qbr,control_cpu_mean,10,-1.658025944257,-1.66243016445605,-1.6544657217553749,lower
stall,0.85,decision-cpu-us,0,jsw,qbr,p999_us,10,0.10851016359998766,-2.483393420872507,2.6390224824099815,uncertain
stall,0.85,decision-cpu-us,0,jsw,qbr,p99_us,10,2.639855847099997,2.0210628292999897,3.2695247259350055,higher
stall,0.85,decision-cpu-us,0,jsw,qbr,slo_miss_rate,10,0.07479514766300002,-0.02280678862467495,0.18176603747472503,uncertain
stall,0.85,decision-cpu-us,0,jsw,steal,class0_p99_us,10,0.7821790781600001,0.35858254681274937,1.1741711732847493,higher
stall,0.85,decision-cpu-us,0,jsw,steal,control_cpu_mean,10,-3.3616611907410006,-3.4049312891324255,-3.313680528295425,lower
stall,0.85,decision-cpu-us,0,jsw,steal,p999_us,10,0.7949801253000033,-1.640940145625004,2.920219718142506,uncertain
stall,0.85,decision-cpu-us,0,jsw,steal,p99_us,10,2.9016252993000022,2.2029088715024945,3.5710346300275058,higher
stall,0.85,decision-cpu-us,0,jsw,steal,slo_miss_rate,10,0.10256927902399995,0.04022982093842497,0.17124743182252491,higher
stall,0.85,decision-cpu-us,0,jsw,threshold,class0_p99_us,10,0.3956635367600015,-0.11852140781774767,0.9210176472437502,uncertain
stall,0.85,decision-cpu-us,0,jsw,threshold,control_cpu_mean,10,-1.9968207365930002,-2.005518229338675,-1.987213203032375,lower
stall,0.85,decision-cpu-us,0,jsw,threshold,p999_us,10,0.3429403858000001,-2.898390747147509,3.454305143862499,uncertain
stall,0.85,decision-cpu-us,0,jsw,threshold,p99_us,10,2.3944218947999985,1.8248330441199978,2.969460563402502,higher
stall,0.85,decision-cpu-us,0,jsw,threshold,slo_miss_rate,10,0.028364898554999945,-0.041109707423450124,0.09819948729207495,uncertain
stall,0.85,decision-cpu-us,0,qbr,jbsq,class0_p99_us,10,6.546832522920002,5.610484708978252,7.3461400899589995,higher
stall,0.85,decision-cpu-us,0,qbr,jbsq,control_cpu_mean,10,2.0564259442610004,2.052865721759375,2.0608301644600497,higher
stall,0.85,decision-cpu-us,0,qbr,jbsq,p999_us,10,5.714018939800008,2.0128974898125294,9.381412059715005,higher
stall,0.85,decision-cpu-us,0,qbr,jbsq,p99_us,10,3.0251109932000046,2.6676696504549997,3.4309229136350075,higher
stall,0.85,decision-cpu-us,0,qbr,jbsq,slo_miss_rate,10,0.531977579593,0.45550876827650005,0.60311129095925,higher
stall,0.85,decision-cpu-us,0,qbr,jsw,class0_p99_us,10,-0.5897997900900009,-1.394793928208501,0.20871049110349935,uncertain
stall,0.85,decision-cpu-us,0,qbr,jsw,control_cpu_mean,10,1.658025944257,1.6544657217553749,1.66243016445605,higher
stall,0.85,decision-cpu-us,0,qbr,jsw,p999_us,10,-0.10851016359998766,-2.6390224824099815,2.483393420872506,uncertain
stall,0.85,decision-cpu-us,0,qbr,jsw,p99_us,10,-2.639855847099997,-3.2695247259350055,-2.02106282929999,lower
stall,0.85,decision-cpu-us,0,qbr,jsw,slo_miss_rate,10,-0.07479514766300002,-0.18176603747472506,0.022806788624674924,uncertain
stall,0.85,decision-cpu-us,0,qbr,steal,class0_p99_us,10,0.19237928806999918,-0.3975128828557505,0.7131925871352488,uncertain
stall,0.85,decision-cpu-us,0,qbr,steal,control_cpu_mean,10,-1.703635246484,-1.74391542592315,-1.658422412346825,lower
stall,0.85,decision-cpu-us,0,qbr,steal,p999_us,10,0.6864699617000156,-1.5840618875199872,3.078916551337512,uncertain
stall,0.85,decision-cpu-us,0,qbr,steal,p99_us,10,0.261769452200005,-0.17371312103250014,0.6202375812825096,uncertain
stall,0.85,decision-cpu-us,0,qbr,steal,slo_miss_rate,10,0.027774131360999953,-0.047506086953000064,0.09292197740059986,uncertain
stall,0.85,decision-cpu-us,0,qbr,threshold,class0_p99_us,10,-0.19413625332999943,-1.0314414463867494,0.5349211387542494,uncertain
stall,0.85,decision-cpu-us,0,qbr,threshold,control_cpu_mean,10,-0.338794792336,-0.34498012920680005,-0.3315196332086,lower
stall,0.85,decision-cpu-us,0,qbr,threshold,p999_us,10,0.2344302222000124,-3.6272768317999917,3.922734247955012,uncertain
stall,0.85,decision-cpu-us,0,qbr,threshold,p99_us,10,-0.24543395229999873,-0.6038078188000015,0.12976022858249966,uncertain
stall,0.85,decision-cpu-us,0,qbr,threshold,slo_miss_rate,10,-0.04643024910800007,-0.16330191717895004,0.05347501547872486,uncertain
stall,0.85,decision-cpu-us,0,steal,jbsq,class0_p99_us,10,6.354453234850002,5.9559486856065025,6.701401655409002,higher
stall,0.85,decision-cpu-us,0,steal,jbsq,control_cpu_mean,10,3.760061190745,3.712080528299425,3.803331289136425,higher
stall,0.85,decision-cpu-us,0,steal,jbsq,p999_us,10,5.027548978099992,1.709956176354995,8.653122130637485,higher
stall,0.85,decision-cpu-us,0,steal,jbsq,p99_us,10,2.763341541,2.384991237597496,3.1846380170900033,higher
stall,0.85,decision-cpu-us,0,steal,jbsq,slo_miss_rate,10,0.504203448232,0.41054914543844995,0.5969506701611249,higher
stall,0.85,decision-cpu-us,0,steal,jsw,class0_p99_us,10,-0.7821790781600001,-1.1741711732847495,-0.3585825468127497,lower
stall,0.85,decision-cpu-us,0,steal,jsw,control_cpu_mean,10,3.3616611907410006,3.313680528295425,3.4049312891324255,higher
stall,0.85,decision-cpu-us,0,steal,jsw,p999_us,10,-0.7949801253000033,-2.9202197181425062,1.640940145625004,uncertain
stall,0.85,decision-cpu-us,0,steal,jsw,p99_us,10,-2.9016252993000022,-3.571034630027507,-2.202908871502496,lower
stall,0.85,decision-cpu-us,0,steal,jsw,slo_miss_rate,10,-0.10256927902399995,-0.17124743182252494,-0.040229820938425,lower
stall,0.85,decision-cpu-us,0,steal,qbr,class0_p99_us,10,-0.19237928806999918,-0.7131925871352491,0.39751288285575004,uncertain
stall,0.85,decision-cpu-us,0,steal,qbr,control_cpu_mean,10,1.703635246484,1.658422412346825,1.74391542592315,higher
stall,0.85,decision-cpu-us,0,steal,qbr,p999_us,10,-0.6864699617000156,-3.078916551337514,1.5840618875199863,uncertain
stall,0.85,decision-cpu-us,0,steal,qbr,p99_us,10,-0.261769452200005,-0.6202375812825096,0.1737131210325001,uncertain
stall,0.85,decision-cpu-us,0,steal,qbr,slo_miss_rate,10,-0.027774131360999953,-0.09292197740059994,0.047506086953000064,uncertain
stall,0.85,decision-cpu-us,0,steal,threshold,class0_p99_us,10,-0.3865155413999986,-0.7613855248409989,0.008265321020001437,uncertain
stall,0.85,decision-cpu-us,0,steal,threshold,control_cpu_mean,10,1.3648404541480004,1.3253772054571502,1.399991710489875,higher
stall,0.85,decision-cpu-us,0,steal,threshold,p999_us,10,-0.4520397395000032,-2.8620731812424958,1.6904688982999971,uncertain
stall,0.85,decision-cpu-us,0,steal,threshold,p99_us,10,-0.5072034045000038,-0.7898696079150086,-0.24222826115000085,lower
stall,0.85,decision-cpu-us,0,steal,threshold,slo_miss_rate,10,-0.07420438046900002,-0.13070750239777496,-0.020515457797500074,lower
stall,0.85,decision-cpu-us,0,threshold,jbsq,class0_p99_us,10,6.74096877625,6.471809978624251,7.06508699685,higher
stall,0.85,decision-cpu-us,0,threshold,jbsq,control_cpu_mean,10,2.395220736597,2.385613203036375,2.403918229342675,higher
stall,0.85,decision-cpu-us,0,threshold,jbsq,p999_us,10,5.479588717599995,1.5145482441999945,9.487724366307493,higher
stall,0.85,decision-cpu-us,0,threshold,jbsq,p99_us,10,3.2705449455000037,2.9195459751049997,3.5801663483250024,higher
stall,0.85,decision-cpu-us,0,threshold,jbsq,slo_miss_rate,10,0.5784078287009999,0.47792381416362506,0.6896703904358249,higher
stall,0.85,decision-cpu-us,0,threshold,jsw,class0_p99_us,10,-0.3956635367600015,-0.9210176472437508,0.11852140781774735,uncertain
stall,0.85,decision-cpu-us,0,threshold,jsw,control_cpu_mean,10,1.9968207365930002,1.987213203032375,2.005518229338675,higher
stall,0.85,decision-cpu-us,0,threshold,jsw,p999_us,10,-0.3429403858000001,-3.454305143862499,2.8983907471475083,uncertain
stall,0.85,decision-cpu-us,0,threshold,jsw,p99_us,10,-2.3944218947999985,-2.969460563402502,-1.8248330441199978,lower
stall,0.85,decision-cpu-us,0,threshold,jsw,slo_miss_rate,10,-0.028364898554999945,-0.09819948729207499,0.041109707423450104,uncertain
stall,0.85,decision-cpu-us,0,threshold,qbr,class0_p99_us,10,0.19413625332999943,-0.5349211387542496,1.0314414463867487,uncertain
stall,0.85,decision-cpu-us,0,threshold,qbr,control_cpu_mean,10,0.338794792336,0.3315196332086,0.34498012920680005,higher
stall,0.85,decision-cpu-us,0,threshold,qbr,p999_us,10,-0.2344302222000124,-3.9227342479550122,3.6272768317999917,uncertain
stall,0.85,decision-cpu-us,0,threshold,qbr,p99_us,10,0.24543395229999873,-0.12976022858249997,0.6038078188000015,uncertain
stall,0.85,decision-cpu-us,0,threshold,qbr,slo_miss_rate,10,0.04643024910800007,-0.05347501547872491,0.16330191717895004,uncertain
stall,0.85,decision-cpu-us,0,threshold,steal,class0_p99_us,10,0.3865155413999986,-0.008265321020001437,0.7613855248409989,uncertain
stall,0.85,decision-cpu-us,0,threshold,steal,control_cpu_mean,10,-1.3648404541480004,-1.399991710489875,-1.3253772054571502,lower
stall,0.85,decision-cpu-us,0,threshold,steal,p999_us,10,0.4520397395000032,-1.6904688982999971,2.862073181242494,uncertain
stall,0.85,decision-cpu-us,0,threshold,steal,p99_us,10,0.5072034045000038,0.24222826115000082,0.7898696079150086,higher
stall,0.85,decision-cpu-us,0,threshold,steal,slo_miss_rate,10,0.07420438046900002,0.020515457797500056,0.13070750239777493,higher
stall,0.85,decision-cpu-us,0.25,jbsq,jsw,class0_p99_us,10,-7.136632313010002,-7.608079829190499,-6.631394072489502,lower
stall,0.85,decision-cpu-us,0.25,jbsq,jsw,control_cpu_mean,10,-0.398400000004,-0.398400000004,-0.398400000004,lower
stall,0.85,decision-cpu-us,0.25,jbsq,jsw,p999_us,10,-5.8225291033999955,-9.322540060342506,-2.456473815197506,lower
stall,0.85,decision-cpu-us,0.25,jbsq,jsw,p99_us,10,-5.664966840300002,-6.146588176487499,-5.0904120897025,lower
stall,0.85,decision-cpu-us,0.25,jbsq,jsw,slo_miss_rate,10,-0.606772727256,-0.6933930778638,-0.5160750257150001,lower
stall,0.85,decision-cpu-us,0.25,jbsq,qbr,class0_p99_us,10,-6.813060534909999,-7.400749137978,-5.996451915081499,lower
stall,0.85,decision-cpu-us,0.25,jbsq,qbr,control_cpu_mean,10,-2.293435662055,-2.3002870730982496,-2.2865115448025,lower
stall,0.85,decision-cpu-us,0.25,jbsq,qbr,p999_us,10,-5.491745609000003,-10.538029951039997,-0.623974147035009,lower
stall,0.85,decision-cpu-us,0.25,jbsq,qbr,p99_us,10,-3.382670427000005,-3.8337609462100093,-2.9049209447575053,lower
stall,0.85,decision-cpu-us,0.25,jbsq,qbr,slo_miss_rate,10,-0.583250050056,-0.6389927507934998,-0.529294700757025,lower
stall,0.85,decision-cpu-us,0.25,jbsq,steal,class0_p99_us,10,-6.226930247300001,-6.63120370590575,-5.780273684206252,lower
stall,0.85,decision-cpu-us,0.25,jbsq,steal,control_cpu_mean,10,-6.427100451018999,-6.5068083966443,-6.336030510900451,lower
stall,0.85,decision-cpu-us,0.25,jbsq,steal,p999_us,10,-3.480955090300006,-7.922474334712507,0.2586283622499962,uncertain
stall,0.85,decision-cpu-us,0.25,jbsq,steal,p99_us,10,-2.7251352281000036,-3.1360414846275013,-2.4201897294200023,lower
stall,0.85,decision-cpu-us,0.25,jbsq,steal,slo_miss_rate,10,-0.4731372704440001,-0.5529663705381002,-0.3848179408895001,lower
stall,0.85,decision-cpu-us,0.25,jbsq,threshold,class0_p99_us,10,-6.841355781330002,-7.502462975414253,-6.161209535150002,lower
stall,0.85,decision-cpu-us,0.25,jbsq,threshold,control_cpu_mean,10,-3.963327210737,-3.9874996342945748,-3.9387250227510253,lower
stall,0.85,decision-cpu-us,0.25,jbsq,threshold,p999_us,10,-2.673764858200002,-6.146085886897489,0.5613630133349923,uncertain
stall,0.85,decision-cpu-us,0.25,jbsq,threshold,p99_us,10,-3.083184675200002,-3.5157547789525063,-2.61716371429,lower
stall,0.85,decision-cpu-us,0.25,jbsq,threshold,slo_miss_rate,10,-0.5890457791920001,-0.6655318547342752,-0.5114510146454001,lower
stall,0.85,decision-cpu-us,0.25,jsw,jbsq,class0_p99_us,10,7.136632313010002,6.631394072489502,7.608079829190499,higher
stall,0.85,decision-cpu-us,0.25,jsw,jbsq,control_cpu_mean,10,0.398400000004,0.398400000004,0.398400000004,higher
stall,0.85,decision-cpu-us,0.25,jsw,jbsq,p999_us,10,5.8225291033999955,2.456473815197503,9.322540060342504,higher
stall,0.85,decision-cpu-us,0.25,jsw,jbsq,p99_us,10,5.664966840300002,5.0904120897025,6.146588176487499,higher
stall,0.85,decision-cpu-us,0.25,jsw,jbsq,slo_miss_rate,10,0.606772727256,0.516075025715,0.6933930778638,higher
stall,0.85,decision-cpu-us,0.25,jsw,qbr,class0_p99_us,10,0.3235717781000019,-0.21576192369274846,0.8907350122085027,uncertain
stall,0.85,decision-cpu-us,0.25,jsw,qbr,control_cpu_mean,10,-1.895035662051,-1.90188707309425,-1.8881115447985,lower
stall,0.85,decision-cpu-us,0.25,jsw,qbr,p999_us,10,0.33078349439999216,-3.4574694072100134,4.298263250299994,uncertain
stall,0.85,decision-cpu-us,0.25,jsw,qbr,p99_us,10,2.282296413299997,1.4258011891949993,3.0974342217399915,higher
stall,0.85,decision-cpu-us,0.25,jsw,qbr,slo_miss_rate,10,0.023522677200000043,-0.03576823297417495,0.08553289272977496,uncertain
stall,0.85,decision-cpu-us,0.25,jsw,steal,class0_p99_us,10,0.909702065710001,0.5038933281735009,1.2290811789487521,higher
stall,0.85,decision-cpu-us,0.25,jsw,steal,control_cpu_mean,10,-6.028700451015,-6.1084083966403,-5.93763051089645,lower
stall,0.85,decision-cpu-us,0.25,jsw,steal,p999_us,10,2.341574013099989,0.04355230740748469,4.597230723202487,higher
stall,0.85,decision-cpu-us,0.25,jsw,steal,p99_us,10,2.939831612199998,2.245833711329998,3.559667622907505,higher
stall,0.85,decision-cpu-us,0.25,jsw,steal,slo_miss_rate,10,0.13363545681199995,0.0858690596182999,0.1760824484487,higher
stall,0.85,decision-cpu-us,0.25,jsw,threshold,class0_p99_us,10,0.29527653168000045,-0.30570631801700043,0.8868817244070006,uncertain
stall,0.85,decision-cpu-us,0.25,jsw,threshold,control_cpu_mean,10,-3.564927210733001,-3.5890996342905743,-3.5403250227470253,lower
stall,0.85,decision-cpu-us,0.25,jsw,threshold,p999_us,10,3.148764245199993,1.3105818168999874,5.06323421219999,higher
stall,0.85,decision-cpu-us,0.25,jsw,threshold,p99_us,10,2.5817821651000004,1.850762678159996,3.284152002067504,higher
stall,0.85,decision-cpu-us,0.25,jsw,threshold,slo_miss_rate,10,0.017726948063999992,-0.05464770084795003,0.08935463317985003,uncertain
stall,0.85,decision-cpu-us,0.25,qbr,jbsq,class0_p99_us,10,6.813060534909999,5.996451915081499,7.400749137978,higher
stall,0.85,decision-cpu-us,0.25,qbr,jbsq,control_cpu_mean,10,2.293435662055,2.2865115448025,2.3002870730982496,higher
stall,0.85,decision-cpu-us,0.25,qbr,jbsq,p999_us,10,5.491745609000003,0.6239741470350081,10.538029951039992,higher
stall,0.85,decision-cpu-us,0.25,qbr,jbsq,p99_us,10,3.382670427000005,2.904920944757505,3.8337609462100093,higher
stall,0.85,decision-cpu-us,0.25,qbr,jbsq,slo_miss_rate,10,0.583250050056,0.529294700757025,0.6389927507934997,higher
stall,0.85,decision-cpu-us,0.25,qbr,jsw,class0_p99_us,10,-0.3235717781000019,-0.8907350122085034,0.21576192369274844,uncertain
stall,0.85,decision-cpu-us,0.25,qbr,jsw,control_cpu_mean,10,1.895035662051,1.8881115447985,1.90188707309425,higher
stall,0.85,decision-cpu-us,0.25,qbr,jsw,p999_us,10,-0.33078349439999216,-4.298263250299994,3.457469407210013,uncertain
stall,0.85,decision-cpu-us,0.25,qbr,jsw,p99_us,10,-2.282296413299997,-3.0974342217399924,-1.4258011891949993,lower
stall,0.85,decision-cpu-us,0.25,qbr,jsw,slo_miss_rate,10,-0.023522677200000043,-0.08553289272977502,0.03576823297417495,uncertain
stall,0.85,decision-cpu-us,0.25,qbr,steal,class0_p99_us,10,0.5861302876099991,-0.024648144445000658,1.1667395377019993,uncertain
stall,0.85,decision-cpu-us,0.25,qbr,steal,control_cpu_mean,10,-4.1336647889639995,-4.215548453786551,-4.03883847308635,lower
stall,0.85,decision-cpu-us,0.25,qbr,steal,p999_us,10,2.0107905186999973,-1.6507481329850002,6.387469215342497,uncertain
stall,0.85,decision-cpu-us,0.25,qbr,steal,p99_us,10,0.6575351989000012,0.16918552233500642,1.18501042202,higher
stall,0.85,decision-cpu-us,0.25,qbr,steal,slo_miss_rate,10,0.11011277961199992,0.04607471212492495,0.17353801925192483,higher
stall,0.85,decision-cpu-us,0.25,qbr,threshold,class0_p99_us,10,-0.02829524642000152,-0.5260160319952508,0.4800890497952476,uncertain
stall,0.85,decision-cpu-us,0.25,qbr,threshold,control_cpu_mean,10,-1.6698915486819998,-1.690540254496525,-1.6481038510841497,lower
stall,0.85,decision-cpu-us,0.25,qbr,threshold,p999_us,10,2.817980750800001,-0.7778641372999991,6.399965598527501,uncertain
stall,0.85,decision-cpu-us,0.25,qbr,threshold,p99_us,10,0.2994857518000032,-0.07975056419249534,0.6752692655400044,uncertain
stall,0.85,decision-cpu-us,0.25,qbr,threshold,slo_miss_rate,10,-0.005795729136000051,-0.06236060980300009,0.055424517159799895,uncertain
stall,0.85,decision-cpu-us,0.25,steal,jbsq,class0_p99_us,10,6.226930247300001,5.780273684206251,6.63120370590575,higher
stall,0.85,decision-cpu-us,0.25,steal,jbsq,control_cpu_mean,10,6.427100451018999,6.336030510900451,6.5068083966443,higher
stall,0.85,decision-cpu-us,0.25,steal,jbsq,p999_us,10,3.480955090300006,-0.2586283622499982,7.922474334712502,uncertain
stall,0.85,decision-cpu-us,0.25,steal,jbsq,p99_us,10,2.7251352281000036,2.4201897294200023,3.1360414846275013,higher
stall,0.85,decision-cpu-us,0.25,steal,jbsq,slo_miss_rate,10,0.4731372704440001,0.38481794088950005,0.5529663705381,higher
stall,0.85,decision-cpu-us,0.25,steal,jsw,class0_p99_us,10,-0.909702065710001,-1.2290811789487521,-0.5038933281735011,lower
stall,0.85,decision-cpu-us,0.25,steal,jsw,control_cpu_mean,10,6.028700451015,5.93763051089645,6.1084083966403,higher
stall,0.85,decision-cpu-us,0.25,steal,jsw,p999_us,10,-2.341574013099989,-4.597230723202489,-0.04355230740748522,lower
stall,0.85,decision-cpu-us,0.25,steal,jsw,p99_us,10,-2.939831612199998,-3.5596676229075053,-2.245833711329998,lower
stall,0.85,decision-cpu-us,0.25,steal,jsw,slo_miss_rate,10,-0.13363545681199995,-0.1760824484487,-0.08586905961829996,lower
stall,0.85,decision-cpu-us,0.25,steal,qbr,class0_p99_us,10,-0.5861302876099991,-1.1667395377019998,0.024648144445000658,uncertain
stall,0.85,decision-cpu-us,0.25,steal,qbr,control_cpu_mean,10,4.1336647889639995,4.03883847308635,4.21554845378655,higher
stall,0.85,decision-cpu-us,0.25,steal,qbr,p999_us,10,-2.0107905186999973,-6.387469215342497,1.650748132985,uncertain
stall,0.85,decision-cpu-us,0.25,steal,qbr,p99_us,10,-0.6575351989000012,-1.1850104220200002,-0.1691855223350065,lower
stall,0.85,decision-cpu-us,0.25,steal,qbr,slo_miss_rate,10,-0.11011277961199992,-0.17353801925192486,-0.04607471212492495,lower
stall,0.85,decision-cpu-us,0.25,steal,threshold,class0_p99_us,10,-0.6144255340300007,-1.0714754120882521,-0.17886964502100108,lower
stall,0.85,decision-cpu-us,0.25,steal,threshold,control_cpu_mean,10,2.463773240282,2.350135161398376,2.5619053178402744,higher
stall,0.85,decision-cpu-us,0.25,steal,threshold,p999_us,10,0.8071902321000038,-1.4812457375424928,2.9730236460300046,uncertain
stall,0.85,decision-cpu-us,0.25,steal,threshold,p99_us,10,-0.35804944709999803,-0.7909314984075004,0.09573427644000775,uncertain
stall,0.85,decision-cpu-us,0.25,steal,threshold,slo_miss_rate,10,-0.11590850874799999,-0.16379927489082496,-0.07108347050500001,lower
stall,0.85,decision-cpu-us,0.25,threshold,jbsq,class0_p99_us,10,6.841355781330002,6.161209535150002,7.502462975414253,higher
stall,0.85,decision-cpu-us,0.25,threshold,jbsq,control_cpu_mean,10,3.963327210737,3.9387250227510253,3.9874996342945748,higher
stall,0.85,decision-cpu-us,0.25,threshold,jbsq,p999_us,10,2.673764858200002,-0.5613630133349929,6.146085886897489,uncertain
stall,0.85,decision-cpu-us,0.25,threshold,jbsq,p99_us,10,3.083184675200002,2.61716371429,3.5157547789525063,higher
stall,0.85,decision-cpu-us,0.25,threshold,jbsq,slo_miss_rate,10,0.5890457791920001,0.5114510146454001,0.6655318547342752,higher
stall,0.85,decision-cpu-us,0.25,threshold,jsw,class0_p99_us,10,-0.29527653168000045,-0.8868817244070007,0.3057063180170003,uncertain
stall,0.85,decision-cpu-us,0.25,threshold,jsw,control_cpu_mean,10,3.564927210733001,3.5403250227470253,3.5890996342905743,higher
stall,0.85,decision-cpu-us,0.25,threshold,jsw,p999_us,10,-3.148764245199993,-5.06323421219999,-1.3105818168999888,lower
stall,0.85,decision-cpu-us,0.25,threshold,jsw,p99_us,10,-2.5817821651000004,-3.2841520020675046,-1.8507626781599968,lower
stall,0.85,decision-cpu-us,0.25,threshold,jsw,slo_miss_rate,10,-0.017726948063999992,-0.08935463317985004,0.05464770084795003,uncertain
stall,0.85,decision-cpu-us,0.25,threshold,qbr,class0_p99_us,10,0.02829524642000152,-0.4800890497952479,0.5260160319952506,uncertain
stall,0.85,decision-cpu-us,0.25,threshold,qbr,control_cpu_mean,10,1.6698915486819998,1.6481038510841497,1.690540254496525,higher
stall,0.85,decision-cpu-us,0.25,threshold,qbr,p999_us,10,-2.817980750800001,-6.399965598527502,0.7778641372999991,uncertain
stall,0.85,decision-cpu-us,0.25,threshold,qbr,p99_us,10,-0.2994857518000032,-0.6752692655400045,0.07975056419249525,uncertain
stall,0.85,decision-cpu-us,0.25,threshold,qbr,slo_miss_rate,10,0.005795729136000051,-0.0554245171597999,0.06236060980300009,uncertain
stall,0.85,decision-cpu-us,0.25,threshold,steal,class0_p99_us,10,0.6144255340300007,0.178869645021001,1.0714754120882521,higher
stall,0.85,decision-cpu-us,0.25,threshold,steal,control_cpu_mean,10,-2.463773240282,-2.5619053178402744,-2.350135161398376,lower
stall,0.85,decision-cpu-us,0.25,threshold,steal,p999_us,10,-0.8071902321000038,-2.973023646030009,1.4812457375424894,uncertain
stall,0.85,decision-cpu-us,0.25,threshold,steal,p99_us,10,0.35804944709999803,-0.0957342764400078,0.7909314984075004,uncertain
stall,0.85,decision-cpu-us,0.25,threshold,steal,slo_miss_rate,10,0.11590850874799999,0.07108347050499998,0.16379927489082488,higher
stall,0.85,decision-cpu-us,1,jbsq,jsw,class0_p99_us,10,-7.136632313010002,-7.608079829190499,-6.631394072489502,lower
stall,0.85,decision-cpu-us,1,jbsq,jsw,control_cpu_mean,10,-0.398400000004,-0.398400000004,-0.398400000004,lower
stall,0.85,decision-cpu-us,1,jbsq,jsw,p999_us,10,-5.8225291033999955,-9.322540060342506,-2.456473815197506,lower
stall,0.85,decision-cpu-us,1,jbsq,jsw,p99_us,10,-5.664966840300002,-6.146588176487499,-5.0904120897025,lower
stall,0.85,decision-cpu-us,1,jbsq,jsw,slo_miss_rate,10,-0.606772727256,-0.6933930778638,-0.5160750257150001,lower
stall,0.85,decision-cpu-us,1,jbsq,qbr,class0_p99_us,10,-7.00464239426,-7.58852823631975,-6.408911210977501,lower
stall,0.85,decision-cpu-us,1,jbsq,qbr,control_cpu_mean,10,-2.660529032729,-2.682139196644475,-2.642242279152675,lower
stall,0.85,decision-cpu-us,1,jbsq,qbr,p999_us,10,-2.8405560843000104,-6.375296234000013,1.371335503682482,uncertain
stall,0.85,decision-cpu-us,1,jbsq,qbr,p99_us,10,-3.5171378215000004,-4.026377423104995,-2.9383900974149944,lower
stall,0.85,decision-cpu-us,1,jbsq,qbr,slo_miss_rate,10,-0.602381518313,-0.717008693462825,-0.491058655383875,lower
stall,0.85,decision-cpu-us,1,jbsq,steal,class0_p99_us,10,-6.577036840490001,-7.1561872366735,-5.916202606167252,lower
stall,0.85,decision-cpu-us,1,jbsq,steal,control_cpu_mean,10,-11.943962448639999,-12.074693813133248,-11.7777332368505,lower
stall,0.85,decision-cpu-us,1,jbsq,steal,p999_us,10,-0.6494675985000071,-3.565079681132498,2.0333332163074918,uncertain
stall,0.85,decision-cpu-us,1,jbsq,steal,p99_us,10,-2.744589395500003,-3.063153343485007,-2.437687096287507,lower
stall,0.85,decision-cpu-us,1,jbsq,steal,slo_miss_rate,10,-0.5394133955699999,-0.61152463389695,-0.46584285994540003,lower
stall,0.85,decision-cpu-us,1,jbsq,threshold,class0_p99_us,10,-7.28602878273,-7.691316760854,-6.909560763622752,lower
stall,0.85,decision-cpu-us,1,jbsq,threshold,control_cpu_mean,10,-8.732609937499,-8.848158372227276,-8.630208964987123,lower
stall,0.85,decision-cpu-us,1,jbsq,threshold,p999_us,10,-1.8372437070999978,-4.397213640107498,0.6932511960825034,uncertain
stall,0.85,decision-cpu-us,1,jbsq,threshold,p99_us,10,-3.232815359800006,-3.7318755803225088,-2.688865455370006,lower
stall,0.85,decision-cpu-us,1,jbsq,threshold,slo_miss_rate,10,-0.6270006889430001,-0.71467820253015,-0.5392389806053252,lower
stall,0.85,decision-cpu-us,1,jsw,jbsq,class0_p99_us,10,7.136632313010002,6.631394072489502,7.608079829190499,higher
stall,0.85,decision-cpu-us,1,jsw,jbsq,control_cpu_mean,10,0.398400000004,0.398400000004,0.398400000004,higher
stall,0.85,decision-cpu-us,1,jsw,jbsq,p999_us,10,5.8225291033999955,2.456473815197503,9.322540060342504,higher
stall,0.85,decision-cpu-us,1,jsw,jbsq,p99_us,10,5.664966840300002,5.0904120897025,6.146588176487499,higher
stall,0.85,decision-cpu-us,1,jsw,jbsq,slo_miss_rate,10,0.606772727256,0.516075025715,0.6933930778638,higher
stall,0.85,decision-cpu-us,1,jsw,qbr,class0_p99_us,10,0.13198991875000204,-0.3822908543344972,0.6198823846947518,uncertain
stall,0.85,decision-cpu-us,1,jsw,qbr,control_cpu_mean,10,-2.2621290327250003,-2.2837391966404748,-2.2438422791486743,lower
stall,0.85,decision-cpu-us,1,jsw,qbr,p999_us,10,2.9819730190999847,0.6323138836599858,5.448020441822476,higher
stall,0.85,decision-cpu-us,1,jsw,qbr,p99_us,10,2.1478290188000018,1.4834300101949989,2.912580393692513,higher
stall,0.85,decision-cpu-us,1,jsw,qbr,slo_miss_rate,10,0.00439120894299998,-0.08220328810135001,0.09673210967072496,uncertain
stall,0.85,decision-cpu-us,1,jsw,steal,class0_p99_us,10,0.5595954725200016,0.03216213705175101,1.0571602105500022,higher
stall,0.85,decision-cpu-us,1,jsw,steal,control_cpu_mean,10,-11.545562448636002,-11.676293813129249,-11.379333236846499,lower
stall,0.85,decision-cpu-us,1,jsw,steal,p999_us,10,5.173061504899988,2.751480259032501,7.717536622512491,higher
stall,0.85,decision-cpu-us,1,jsw,steal,p99_us,10,2.920377444799999,2.127435925899988,3.5826221417174993,higher
stall,0.85,decision-cpu-us,1,jsw,steal,slo_miss_rate,10,0.067359331686,7.263017134989975e-05,0.133434283326675,higher
stall,0.85,decision-cpu-us,1,jsw,threshold,class0_p99_us,10,-0.1493964697199992,-0.4842547198094997,0.20749802499900208,uncertain
stall,0.85,decision-cpu-us,1,jsw,threshold,control_cpu_mean,10,-8.334209937495,-8.449758372223275,-8.231808964983125,lower
stall,0.85,decision-cpu-us,1,jsw,threshold,p999_us,10,3.9852853962999975,2.0196144026324907,5.929800667499983,higher
stall,0.85,decision-cpu-us,1,jsw,threshold,p99_us,10,2.4321514804999964,1.6301500261424933,3.251998354777499,higher
stall,0.85,decision-cpu-us,1,jsw,threshold,slo_miss_rate,10,-0.020227961687000008,-0.06646479019902503,0.02650387173985005,uncertain
stall,0.85,decision-cpu-us,1,qbr,jbsq,class0_p99_us,10,7.00464239426,6.408911210977501,7.588528236319749,higher
stall,0.85,decision-cpu-us,1,qbr,jbsq,control_cpu_mean,10,2.660529032729,2.642242279152675,2.682139196644475,higher
stall,0.85,decision-cpu-us,1,qbr,jbsq,p999_us,10,2.8405560843000104,-1.3713355036824835,6.375296234000013,uncertain
stall,0.85,decision-cpu-us,1,qbr,jbsq,p99_us,10,3.5171378215000004,2.9383900974149944,4.026377423104994,higher
stall,0.85,decision-cpu-us,1,qbr,jbsq,slo_miss_rate,10,0.602381518313,0.49105865538387494,0.7170086934628249,higher
stall,0.85,decision-cpu-us,1,qbr,jsw,class0_p99_us,10,-0.13198991875000204,-0.6198823846947525,0.38229085433449717,uncertain
stall,0.85,decision-cpu-us,1,qbr,jsw,control_cpu_mean,10,2.2621290327250003,2.2438422791486743,2.2837391966404748,higher
stall,0.85,decision-cpu-us,1,qbr,jsw,p999_us,10,-2.9819730190999847,-5.448020441822477,-0.6323138836599889,lower
stall,0.85,decision-cpu-us,1,qbr,jsw,p99_us,10,-2.1478290188000018,-2.912580393692513,-1.483430010194999,lower
stall,0.85,decision-cpu-us,1,qbr,jsw,slo_miss_rate,10,-0.00439120894299998,-0.09673210967072503,0.08220328810134993,uncertain
stall,0.85,decision-cpu-us,1,qbr,steal,class0_p99_us,10,0.4276055537699996,-0.3031419448412497,1.1047085530639986,uncertain
stall,0.85,decision-cpu-us,1,qbr,steal,control_cpu_mean,10,-9.283433415911,-9.426154530503,-9.10353926293225,lower
stall,0.85,decision-cpu-us,1,qbr,steal,p999_us,10,2.191088485800003,-1.9930122254799922,6.176412457920005,uncertain
stall,0.85,decision-cpu-us,1,qbr,steal,p99_us,10,0.7725484259999973,0.20812547829499586,1.3909775712399979,higher
stall,0.85,decision-cpu-us,1,qbr,steal,slo_miss_rate,10,0.06296812274300004,-0.04726238248490007,0.16992347925747497,uncertain
stall,0.85,decision-cpu-us,1,qbr,threshold,class0_p99_us,10,-0.28138638847000125,-0.7641849330575011,0.15488521364349803,uncertain
stall,0.85,decision-cpu-us,1,qbr,threshold,control_cpu_mean,10,-6.07208090477,-6.167473208077,-5.986418137321549,lower
stall,0.85,decision-cpu-us,1,qbr,threshold,p999_us,10,1.0033123772000123,-1.1277820280049935,2.6776627628975187,uncertain
stall,0.85,decision-cpu-us,1,qbr,threshold,p99_us,10,0.28432246169999476,-0.07407950076000545,0.6638032548999974,uncertain
stall,0.85,decision-cpu-us,1,qbr,threshold,slo_miss_rate,10,-0.024619170629999985,-0.11100316569775001,0.05242389184147495,uncertain
stall,0.85,decision-cpu-us,1,steal,jbsq,class0_p99_us,10,6.577036840490001,5.916202606167251,7.1561872366734995,higher
stall,0.85,decision-cpu-us,1,steal,jbsq,control_cpu_mean,10,11.943962448639999,11.7777332368505,12.074693813133248,higher
stall,0.85,decision-cpu-us,1,steal,jbsq,p999_us,10,0.6494675985000071,-2.033333216307493,3.565079681132498,uncertain
stall,0.85,decision-cpu-us,1,steal,jbsq,p99_us,10,2.744589395500003,2.437687096287507,3.063153343485007,higher
stall,0.85,decision-cpu-us,1,steal,jbsq,slo_miss_rate,10,0.5394133955699999,0.46584285994540003,0.61152463389695,higher
stall,0.85,decision-cpu-us,1,steal,jsw,class0_p99_us,10,-0.5595954725200016,-1.0571602105500035,-0.03216213705175102,lower
stall,0.85,decision-cpu-us,1,steal,jsw,control_cpu_mean,10,11.545562448636002,11.379333236846499,11.676293813129249,higher
stall,0.85,decision-cpu-us,1,steal,jsw,p999_us,10,-5.173061504899988,-7.717536622512492,-2.751480259032503,lower
stall,0.85,decision-cpu-us,1,steal,jsw,p99_us,10,-2.920377444799999,-3.5826221417174997,-2.127435925899988,lower
stall,0.85,decision-cpu-us,1,steal,jsw,slo_miss_rate,10,-0.067359331686,-0.13343428332667506,-7.26301713499907e-05,lower
stall,0.85,decision-cpu-us,1,steal,qbr,class0_p99_us,10,-0.4276055537699996,-1.104708553063999,0.3031419448412495,uncertain
stall,0.85,decision-cpu-us,1,steal,qbr,control_cpu_mean,10,9.283433415911,9.10353926293225,9.426154530503,higher
stall,0.85,decision-cpu-us,1,steal,qbr,p999_us,10,-2.191088485800003,-6.176412457920005,1.9930122254799911,uncertain
stall,0.85,decision-cpu-us,1,steal,qbr,p99_us,10,-0.7725484259999973,-1.3909775712399979,-0.20812547829499595,lower
stall,0.85,decision-cpu-us,1,steal,qbr,slo_miss_rate,10,-0.06296812274300004,-0.16992347925747503,0.04726238248490007,uncertain
stall,0.85,decision-cpu-us,1,steal,threshold,class0_p99_us,10,-0.7089919422400008,-1.1351685705282495,-0.33805610962325067,lower
stall,0.85,decision-cpu-us,1,steal,threshold,control_cpu_mean,10,3.211352511141,2.944380095811675,3.4352492687644998,higher
stall,0.85,decision-cpu-us,1,steal,threshold,p999_us,10,-1.1877761085999907,-4.176526881122484,1.528498125910008,uncertain
stall,0.85,decision-cpu-us,1,steal,threshold,p99_us,10,-0.4882259643000026,-0.9977992106175079,0.004358284602495195,uncertain
stall,0.85,decision-cpu-us,1,steal,threshold,slo_miss_rate,10,-0.08758729337300002,-0.145486754030725,-0.03820689250720004,lower
stall,0.85,decision-cpu-us,1,threshold,jbsq,class0_p99_us,10,7.28602878273,6.909560763622752,7.691316760854,higher
stall,0.85,decision-cpu-us,1,threshold,jbsq,control_cpu_mean,10,8.732609937499,8.630208964987123,8.848158372227276,higher
stall,0.85,decision-cpu-us,1,threshold,jbsq,p999_us,10,1.8372437070999978,-0.6932511960825035,4.397213640107498,uncertain
stall,0.85,decision-cpu-us,1,threshold,jbsq,p99_us,10,3.232815359800006,2.688865455370006,3.7318755803225083,higher
stall,0.85,decision-cpu-us,1,threshold,jbsq,slo_miss_rate,10,0.6270006889430001,0.539238980605325,0.7146782025301499,higher
stall,0.85,decision-cpu-us,1,threshold,jsw,class0_p99_us,10,0.1493964697199992,-0.2074980249990021,0.48425471980949963,uncertain
stall,0.85,decision-cpu-us,1,threshold,jsw,control_cpu_mean,10,8.334209937495,8.231808964983125,8.449758372223275,higher
stall,0.85,decision-cpu-us,1,threshold,jsw,p999_us,10,-3.9852853962999975,-5.929800667499983,-2.0196144026324947,lower
stall,0.85,decision-cpu-us,1,threshold,jsw,p99_us,10,-2.4321514804999964,-3.2519983547774993,-1.6301500261424935,lower
stall,0.85,decision-cpu-us,1,threshold,jsw,slo_miss_rate,10,0.020227961687000008,-0.026503871739850055,0.06646479019902503,uncertain
stall,0.85,decision-cpu-us,1,threshold,qbr,class0_p99_us,10,0.28138638847000125,-0.15488521364349808,0.7641849330575007,uncertain
stall,0.85,decision-cpu-us,1,threshold,qbr,control_cpu_mean,10,6.07208090477,5.986418137321549,6.167473208077,higher
stall,0.85,decision-cpu-us,1,threshold,qbr,p999_us,10,-1.0033123772000123,-2.67766276289752,1.1277820280049897,uncertain
stall,0.85,decision-cpu-us,1,threshold,qbr,p99_us,10,-0.28432246169999476,-0.6638032548999974,0.07407950076000538,uncertain
stall,0.85,decision-cpu-us,1,threshold,qbr,slo_miss_rate,10,0.024619170629999985,-0.052423891841474966,0.11100316569775001,uncertain
stall,0.85,decision-cpu-us,1,threshold,steal,class0_p99_us,10,0.7089919422400008,0.33805610962325067,1.1351685705282493,higher
stall,0.85,decision-cpu-us,1,threshold,steal,control_cpu_mean,10,-3.211352511141,-3.4352492687644998,-2.9443800958116753,lower
stall,0.85,decision-cpu-us,1,threshold,steal,p999_us,10,1.1877761085999907,-1.5284981259100086,4.17652688112248,uncertain
stall,0.85,decision-cpu-us,1,threshold,steal,p99_us,10,0.4882259643000026,-0.004358284602500033,0.9977992106175074,uncertain
stall,0.85,decision-cpu-us,1,threshold,steal,slo_miss_rate,10,0.08758729337300002,0.03820689250720001,0.14548675403072497,higher
stall,0.85,decision-cpu-us,3,jbsq,jsw,class0_p99_us,10,-7.136632313010002,-7.608079829190499,-6.631394072489502,lower
stall,0.85,decision-cpu-us,3,jbsq,jsw,control_cpu_mean,10,-0.398400000004,-0.398400000004,-0.398400000004,lower
stall,0.85,decision-cpu-us,3,jbsq,jsw,p999_us,10,-5.8225291033999955,-9.322540060342506,-2.456473815197506,lower
stall,0.85,decision-cpu-us,3,jbsq,jsw,p99_us,10,-5.664966840300002,-6.146588176487499,-5.0904120897025,lower
stall,0.85,decision-cpu-us,3,jbsq,jsw,slo_miss_rate,10,-0.606772727256,-0.6933930778638,-0.5160750257150001,lower
stall,0.85,decision-cpu-us,3,jbsq,qbr,class0_p99_us,10,-6.834775247490002,-7.293510927459252,-6.387204491300503,lower
stall,0.85,decision-cpu-us,3,jbsq,qbr,control_cpu_mean,10,-2.526511302508,-2.557164345394,-2.4949129832824752,lower
stall,0.85,decision-cpu-us,3,jbsq,qbr,p999_us,10,-4.692851572900008,-7.271783666270013,-1.7244151268300072,lower
stall,0.85,decision-cpu-us,3,jbsq,qbr,p99_us,10,-3.7046774311000035,-4.065799274852502,-3.3274937234200044,lower
stall,0.85,decision-cpu-us,3,jbsq,qbr,slo_miss_rate,10,-0.5749609351599999,-0.6622643341294501,-0.49254726605285004,lower
stall,0.85,decision-cpu-us,3,jbsq,steal,class0_p99_us,10,-6.391396536410001,-6.735607305952751,-6.0189578621410025,lower
stall,0.85,decision-cpu-us,3,jbsq,steal,control_cpu_mean,10,-25.740438341169998,-26.03211633057,-25.43784340372625,lower
stall,0.85,decision-cpu-us,3,jbsq,steal,p999_us,10,-4.520255993099994,-7.075973796022488,-1.6225144365999995,lower
stall,0.85,decision-cpu-us,3,jbsq,steal,p99_us,10,-3.3276769126999994,-3.9326665720149943,-2.8123167253275025,lower
stall,0.85,decision-cpu-us,3,jbsq,steal,slo_miss_rate,10,-0.509141197571,-0.59310389224905,-0.43297927877682507,lower
stall,0.85,decision-cpu-us,3,jbsq,threshold,class0_p99_us,10,-7.315943457040001,-7.9244718399,-6.645470570913752,lower
stall,0.85,decision-cpu-us,3,jbsq,threshold,control_cpu_mean,10,-17.141269710830002,-17.3646564280115,-16.93992788949675,lower
stall,0.85,decision-cpu-us,3,jbsq,threshold,p999_us,10,-2.823497638200007,-6.266200036720009,0.6616459349174802,uncertain
stall,0.85,decision-cpu-us,3,jbsq,threshold,p99_us,10,-3.326563756400006,-3.7353489466275063,-2.9549099967500094,lower
stall,0.85,decision-cpu-us,3,jbsq,threshold,slo_miss_rate,10,-0.629883083443,-0.6985131826355501,-0.5637931345741751,lower
stall,0.85,decision-cpu-us,3,jsw,jbsq,class0_p99_us,10,7.136632313010002,6.631394072489502,7.608079829190499,higher
stall,0.85,decision-cpu-us,3,jsw,jbsq,control_cpu_mean,10,0.398400000004,0.398400000004,0.398400000004,higher
stall,0.85,decision-cpu-us,3,jsw,jbsq,p999_us,10,5.8225291033999955,2.456473815197503,9.322540060342504,higher
stall,0.85,decision-cpu-us,3,jsw,jbsq,p99_us,10,5.664966840300002,5.0904120897025,6.146588176487499,higher
stall,0.85,decision-cpu-us,3,jsw,jbsq,slo_miss_rate,10,0.606772727256,0.516075025715,0.6933930778638,higher
stall,0.85,decision-cpu-us,3,jsw,qbr,class0_p99_us,10,0.30185706552000013,-0.14866252085574988,0.7233712647777512,uncertain
stall,0.85,decision-cpu-us,3,jsw,qbr,control_cpu_mean,10,-2.128111302504,-2.1587643453899994,-2.0965129832784752,lower
stall,0.85,decision-cpu-us,3,jsw,qbr,p999_us,10,1.1296775304999869,-1.3706729625150171,3.5621539278274787,uncertain
stall,0.85,decision-cpu-us,3,jsw,qbr,p99_us,10,1.9602894091999985,1.2195855638399982,2.6593688899874914,higher
stall,0.85,decision-cpu-us,3,jsw,qbr,slo_miss_rate,10,0.031811792096000054,-0.015775369431374937,0.07935317937710004,uncertain
stall,0.85,decision-cpu-us,3,jsw,steal,class0_p99_us,10,0.7452357766000013,0.36500822149299994,1.2352127447132526,higher
stall,0.85,decision-cpu-us,3,jsw,steal,control_cpu_mean,10,-25.342038341165996,-25.633716330566,-25.03944340372225,lower
stall,0.85,decision-cpu-us,3,jsw,steal,p999_us,10,1.3022731103000011,-1.4279433900500005,4.151458386650001,uncertain
stall,0.85,decision-cpu-us,3,jsw,steal,p99_us,10,2.3372899276000028,1.379039424699997,3.2312193021625037,higher
stall,0.85,decision-cpu-us,3,jsw,steal,slo_miss_rate,10,0.09763152968500002,0.05756933616624998,0.14711553714917502,higher
stall,0.85,decision-cpu-us,3,jsw,threshold,class0_p99_us,10,-0.17931114402999954,-0.9005802291700001,0.5171092936652503,uncertain
stall,0.85,decision-cpu-us,3,jsw,threshold,control_cpu_mean,10,-16.742869710826,-16.966256428007497,-16.541527889492748,lower
stall,0.85,decision-cpu-us,3,jsw,threshold,p999_us,10,2.9990314651999883,-0.2541973740275027,6.411606634439981,uncertain
stall,0.85,decision-cpu-us,3,jsw,threshold,p99_us,10,2.3384030838999963,1.558002962972494,3.025516810899997,higher
stall,0.85,decision-cpu-us,3,jsw,threshold,slo_miss_rate,10,-0.023110356186999956,-0.11541178025152495,0.07691818630402503,uncertain
stall,0.85,decision-cpu-us,3,qbr,jbsq,class0_p99_us,10,6.834775247490002,6.387204491300503,7.293510927459252,higher
stall,0.85,decision-cpu-us,3,qbr,jbsq,control_cpu_mean,10,2.526511302508,2.4949129832824752,2.557164345394,higher
stall,0.85,decision-cpu-us,3,qbr,jbsq,p999_us,10,4.692851572900008,1.7244151268300043,7.271783666270013,higher
stall,0.85,decision-cpu-us,3,qbr,jbsq,p99_us,10,3.7046774311000035,3.3274937234200044,4.065799274852501,higher
stall,0.85,decision-cpu-us,3,qbr,jbsq,slo_miss_rate,10,0.5749609351599999,0.4925472660528499,0.6622643341294501,higher
stall,0.85,decision-cpu-us,3,qbr,jsw,class0_p99_us,10,-0.30185706552000013,-0.7233712647777513,0.14866252085574985,uncertain
stall,0.85,decision-cpu-us,3,qbr,jsw,control_cpu_mean,10,2.128111302504,2.0965129832784752,2.1587643453899994,higher
stall,0.85,decision-cpu-us,3,qbr,jsw,p999_us,10,-1.1296775304999869,-3.5621539278274796,1.370672962515016,uncertain
stall,0.85,decision-cpu-us,3,qbr,jsw,p99_us,10,-1.9602894091999985,-2.6593688899874928,-1.2195855638399982,lower
stall,0.85,decision-cpu-us,3,qbr,jsw,slo_miss_rate,10,-0.031811792096000054,-0.07935317937710007,0.015775369431374933,uncertain
stall,0.85,decision-cpu-us,3,qbr,steal,class0_p99_us,10,0.44337871108000115,0.05507609024200029,0.8301849286227525,higher
stall,0.85,decision-cpu-us,3,qbr,steal,control_cpu_mean,10,-23.213927038662,-23.5122306241166,-22.903080771638553,lower
stall,0.85,decision-cpu-us,3,qbr,steal,p999_us,10,0.17259557980001433,-3.0606526479924865,3.1971396775675087,uncertain
stall,0.85,decision-cpu-us,3,qbr,steal,p99_us,10,0.37700051840000415,-0.0780322600624914,0.7938369233000031,uncertain
stall,0.85,decision-cpu-us,3,qbr,steal,slo_miss_rate,10,0.06581973758899998,0.021596448649974974,0.10951357069244994,higher
stall,0.85,decision-cpu-us,3,qbr,threshold,class0_p99_us,10,-0.48116820954999967,-1.2295696036320007,0.24163607548375085,uncertain
stall,0.85,decision-cpu-us,3,qbr,threshold,control_cpu_mean,10,-14.614758408322,-14.828115759253723,-14.426136833877374,lower
stall,0.85,decision-cpu-us,3,qbr,threshold,p999_us,10,1.8693539347000012,-0.43408800878999865,4.2971023878175085,uncertain
stall,0.85,decision-cpu-us,3,qbr,threshold,p99_us,10,0.3781136746999977,-0.14740529644249678,0.906308504099988,uncertain
stall,0.85,decision-cpu-us,3,qbr,threshold,slo_miss_rate,10,-0.054922148282999995,-0.14342091394517495,0.04099725581099996,uncertain
stall,0.85,decision-cpu-us,3,steal,jbsq,class0_p99_us,10,6.391396536410001,6.0189578621410025,6.735607305952751,higher
stall,0.85,decision-cpu-us,3,steal,jbsq,control_cpu_mean,10,25.740438341169998,25.43784340372625,26.03211633057,higher
stall,0.85,decision-cpu-us,3,steal,jbsq,p999_us,10,4.520255993099994,1.6225144365999995,7.075973796022487,higher
stall,0.85,decision-cpu-us,3,steal,jbsq,p99_us,10,3.3276769126999994,2.812316725327502,3.9326665720149943,higher
stall,0.85,decision-cpu-us,3,steal,jbsq,slo_miss_rate,10,0.509141197571,0.43297927877682507,0.5931038922490499,higher
stall,0.85,decision-cpu-us,3,steal,jsw,class0_p99_us,10,-0.7452357766000013,-1.2352127447132526,-0.3650082214930002,lower
stall,0.85,decision-cpu-us,3,steal,jsw,control_cpu_mean,10,25.342038341165996,25.03944340372225,25.633716330566,higher
stall,0.85,decision-cpu-us,3,steal,jsw,p999_us,10,-1.3022731103000011,-4.151458386650002,1.427943390049999,uncertain
stall,0.85,decision-cpu-us,3,steal,jsw,p99_us,10,-2.3372899276000028,-3.231219302162504,-1.3790394246999973,lower
stall,0.85,decision-cpu-us,3,steal,jsw,slo_miss_rate,10,-0.09763152968500002,-0.14711553714917502,-0.05756933616625001,lower
stall,0.85,decision-cpu-us,3,steal,qbr,class0_p99_us,10,-0.44337871108000115,-0.8301849286227532,-0.05507609024200031,lower
stall,0.85,decision-cpu-us,3,steal,qbr,control_cpu_mean,10,23.213927038662,22.903080771638553,23.512230624116597,higher
stall,0.85,decision-cpu-us,3,steal,qbr,p999_us,10,-0.17259557980001433,-3.1971396775675105,3.060652647992475,uncertain
stall,0.85,decision-cpu-us,3,steal,qbr,p99_us,10,-0.37700051840000415,-0.7938369233000031,0.07803226006249137,uncertain
stall,0.85,decision-cpu-us,3,steal,qbr,slo_miss_rate,10,-0.06581973758899998,-0.10951357069244998,-0.021596448649974984,lower
stall,0.85,decision-cpu-us,3,steal,threshold,class0_p99_us,10,-0.9245469206300008,-1.4822867387585017,-0.33413945821300084,lower
stall,0.85,decision-cpu-us,3,steal,threshold,control_cpu_mean,10,8.59916863034,8.083044597143749,9.067592321164499,higher
stall,0.85,decision-cpu-us,3,steal,threshold,p999_us,10,1.696758354899987,-0.9575877067950134,4.707210587192482,uncertain
stall,0.85,decision-cpu-us,3,steal,threshold,p99_us,10,0.001113156299993534,-0.6084403188475136,0.701239911039995,uncertain
stall,0.85,decision-cpu-us,3,steal,threshold,slo_miss_rate,10,-0.120741885872,-0.19490592472142498,-0.029545665724100032,lower
stall,0.85,decision-cpu-us,3,threshold,jbsq,class0_p99_us,10,7.315943457040001,6.645470570913752,7.9244718399,higher
stall,0.85,decision-cpu-us,3,threshold,jbsq,control_cpu_mean,10,17.141269710830002,16.93992788949675,17.3646564280115,higher
stall,0.85,decision-cpu-us,3,threshold,jbsq,p999_us,10,2.823497638200007,-0.661645934917482,6.266200036720003,uncertain
stall,0.85,decision-cpu-us,3,threshold,jbsq,p99_us,10,3.326563756400006,2.9549099967500094,3.735348946627506,higher
stall,0.85,decision-cpu-us,3,threshold,jbsq,slo_miss_rate,10,0.629883083443,0.563793134574175,0.6985131826355501,higher
stall,0.85,decision-cpu-us,3,threshold,jsw,class0_p99_us,10,0.17931114402999954,-0.517109293665251,0.9005802291699999,uncertain
stall,0.85,decision-cpu-us,3,threshold,jsw,control_cpu_mean,10,16.742869710826,16.541527889492748,16.966256428007497,higher
stall,0.85,decision-cpu-us,3,threshold,jsw,p999_us,10,-2.9990314651999883,-6.411606634439983,0.25419737402750053,uncertain
stall,0.85,decision-cpu-us,3,threshold,jsw,p99_us,10,-2.3384030838999963,-3.025516810899997,-1.5580029629724943,lower
stall,0.85,decision-cpu-us,3,threshold,jsw,slo_miss_rate,10,0.023110356186999956,-0.0769181863040251,0.11541178025152483,uncertain
stall,0.85,decision-cpu-us,3,threshold,qbr,class0_p99_us,10,0.48116820954999967,-0.2416360754837509,1.2295696036320003,uncertain
stall,0.85,decision-cpu-us,3,threshold,qbr,control_cpu_mean,10,14.614758408322,14.426136833877374,14.828115759253723,higher
stall,0.85,decision-cpu-us,3,threshold,qbr,p999_us,10,-1.8693539347000012,-4.2971023878175085,0.4340880087899982,uncertain
stall,0.85,decision-cpu-us,3,threshold,qbr,p99_us,10,-0.3781136746999977,-0.906308504099988,0.14740529644249667,uncertain
stall,0.85,decision-cpu-us,3,threshold,qbr,slo_miss_rate,10,0.054922148282999995,-0.04099725581099999,0.14342091394517492,uncertain
stall,0.85,decision-cpu-us,3,threshold,steal,class0_p99_us,10,0.9245469206300008,0.33413945821300073,1.4822867387585008,higher
stall,0.85,decision-cpu-us,3,threshold,steal,control_cpu_mean,10,-8.59916863034,-9.067592321164499,-8.083044597143749,lower
stall,0.85,decision-cpu-us,3,threshold,steal,p999_us,10,-1.696758354899987,-4.707210587192486,0.957587706795009,uncertain
stall,0.85,decision-cpu-us,3,threshold,steal,p99_us,10,-0.001113156299993534,-0.7012399110399951,0.6084403188475087,uncertain
stall,0.85,decision-cpu-us,3,threshold,steal,slo_miss_rate,10,0.120741885872,0.02954566572410003,0.19490592472142496,higher
stall,0.85,hosts,16,jbsq,jsw,class0_p99_us,10,-7.136632313010002,-7.608079829190499,-6.631394072489502,lower
stall,0.85,hosts,16,jbsq,jsw,control_cpu_mean,10,-0.398400000004,-0.398400000004,-0.398400000004,lower
stall,0.85,hosts,16,jbsq,jsw,p999_us,10,-5.8225291033999955,-9.322540060342506,-2.456473815197506,lower
stall,0.85,hosts,16,jbsq,jsw,p99_us,10,-5.664966840300002,-6.146588176487499,-5.0904120897025,lower
stall,0.85,hosts,16,jbsq,jsw,slo_miss_rate,10,-0.606772727256,-0.6933930778638,-0.5160750257150001,lower
stall,0.85,hosts,16,jbsq,qbr,class0_p99_us,10,-6.813060534909999,-7.400749137978,-5.996451915081499,lower
stall,0.85,hosts,16,jbsq,qbr,control_cpu_mean,10,-2.293435662055,-2.3002870730982496,-2.2865115448025,lower
stall,0.85,hosts,16,jbsq,qbr,p999_us,10,-5.491745609000003,-10.538029951039997,-0.623974147035009,lower
stall,0.85,hosts,16,jbsq,qbr,p99_us,10,-3.382670427000005,-3.8337609462100093,-2.9049209447575053,lower
stall,0.85,hosts,16,jbsq,qbr,slo_miss_rate,10,-0.583250050056,-0.6389927507934998,-0.529294700757025,lower
stall,0.85,hosts,16,jbsq,steal,class0_p99_us,10,-6.226930247300001,-6.63120370590575,-5.780273684206252,lower
stall,0.85,hosts,16,jbsq,steal,control_cpu_mean,10,-6.427100451018999,-6.5068083966443,-6.336030510900451,lower
stall,0.85,hosts,16,jbsq,steal,p999_us,10,-3.480955090300006,-7.922474334712507,0.2586283622499962,uncertain
stall,0.85,hosts,16,jbsq,steal,p99_us,10,-2.7251352281000036,-3.1360414846275013,-2.4201897294200023,lower
stall,0.85,hosts,16,jbsq,steal,slo_miss_rate,10,-0.4731372704440001,-0.5529663705381002,-0.3848179408895001,lower
stall,0.85,hosts,16,jbsq,threshold,class0_p99_us,10,-6.841355781330002,-7.502462975414253,-6.161209535150002,lower
stall,0.85,hosts,16,jbsq,threshold,control_cpu_mean,10,-3.963327210737,-3.9874996342945748,-3.9387250227510253,lower
stall,0.85,hosts,16,jbsq,threshold,p999_us,10,-2.673764858200002,-6.146085886897489,0.5613630133349923,uncertain
stall,0.85,hosts,16,jbsq,threshold,p99_us,10,-3.083184675200002,-3.5157547789525063,-2.61716371429,lower
stall,0.85,hosts,16,jbsq,threshold,slo_miss_rate,10,-0.5890457791920001,-0.6655318547342752,-0.5114510146454001,lower
stall,0.85,hosts,16,jsw,jbsq,class0_p99_us,10,7.136632313010002,6.631394072489502,7.608079829190499,higher
stall,0.85,hosts,16,jsw,jbsq,control_cpu_mean,10,0.398400000004,0.398400000004,0.398400000004,higher
stall,0.85,hosts,16,jsw,jbsq,p999_us,10,5.8225291033999955,2.456473815197503,9.322540060342504,higher
stall,0.85,hosts,16,jsw,jbsq,p99_us,10,5.664966840300002,5.0904120897025,6.146588176487499,higher
stall,0.85,hosts,16,jsw,jbsq,slo_miss_rate,10,0.606772727256,0.516075025715,0.6933930778638,higher
stall,0.85,hosts,16,jsw,qbr,class0_p99_us,10,0.3235717781000019,-0.21576192369274846,0.8907350122085027,uncertain
stall,0.85,hosts,16,jsw,qbr,control_cpu_mean,10,-1.895035662051,-1.90188707309425,-1.8881115447985,lower
stall,0.85,hosts,16,jsw,qbr,p999_us,10,0.33078349439999216,-3.4574694072100134,4.298263250299994,uncertain
stall,0.85,hosts,16,jsw,qbr,p99_us,10,2.282296413299997,1.4258011891949993,3.0974342217399915,higher
stall,0.85,hosts,16,jsw,qbr,slo_miss_rate,10,0.023522677200000043,-0.03576823297417495,0.08553289272977496,uncertain
stall,0.85,hosts,16,jsw,steal,class0_p99_us,10,0.909702065710001,0.5038933281735009,1.2290811789487521,higher
stall,0.85,hosts,16,jsw,steal,control_cpu_mean,10,-6.028700451015,-6.1084083966403,-5.93763051089645,lower
stall,0.85,hosts,16,jsw,steal,p999_us,10,2.341574013099989,0.04355230740748469,4.597230723202487,higher
stall,0.85,hosts,16,jsw,steal,p99_us,10,2.939831612199998,2.245833711329998,3.559667622907505,higher
stall,0.85,hosts,16,jsw,steal,slo_miss_rate,10,0.13363545681199995,0.0858690596182999,0.1760824484487,higher
stall,0.85,hosts,16,jsw,threshold,class0_p99_us,10,0.29527653168000045,-0.30570631801700043,0.8868817244070006,uncertain
stall,0.85,hosts,16,jsw,threshold,control_cpu_mean,10,-3.564927210733001,-3.5890996342905743,-3.5403250227470253,lower
stall,0.85,hosts,16,jsw,threshold,p999_us,10,3.148764245199993,1.3105818168999874,5.06323421219999,higher
stall,0.85,hosts,16,jsw,threshold,p99_us,10,2.5817821651000004,1.850762678159996,3.284152002067504,higher
stall,0.85,hosts,16,jsw,threshold,slo_miss_rate,10,0.017726948063999992,-0.05464770084795003,0.08935463317985003,uncertain
stall,0.85,hosts,16,qbr,jbsq,class0_p99_us,10,6.813060534909999,5.996451915081499,7.400749137978,higher
stall,0.85,hosts,16,qbr,jbsq,control_cpu_mean,10,2.293435662055,2.2865115448025,2.3002870730982496,higher
stall,0.85,hosts,16,qbr,jbsq,p999_us,10,5.491745609000003,0.6239741470350081,10.538029951039992,higher
stall,0.85,hosts,16,qbr,jbsq,p99_us,10,3.382670427000005,2.904920944757505,3.8337609462100093,higher
stall,0.85,hosts,16,qbr,jbsq,slo_miss_rate,10,0.583250050056,0.529294700757025,0.6389927507934997,higher
stall,0.85,hosts,16,qbr,jsw,class0_p99_us,10,-0.3235717781000019,-0.8907350122085034,0.21576192369274844,uncertain
stall,0.85,hosts,16,qbr,jsw,control_cpu_mean,10,1.895035662051,1.8881115447985,1.90188707309425,higher
stall,0.85,hosts,16,qbr,jsw,p999_us,10,-0.33078349439999216,-4.298263250299994,3.457469407210013,uncertain
stall,0.85,hosts,16,qbr,jsw,p99_us,10,-2.282296413299997,-3.0974342217399924,-1.4258011891949993,lower
stall,0.85,hosts,16,qbr,jsw,slo_miss_rate,10,-0.023522677200000043,-0.08553289272977502,0.03576823297417495,uncertain
stall,0.85,hosts,16,qbr,steal,class0_p99_us,10,0.5861302876099991,-0.024648144445000658,1.1667395377019993,uncertain
stall,0.85,hosts,16,qbr,steal,control_cpu_mean,10,-4.1336647889639995,-4.215548453786551,-4.03883847308635,lower
stall,0.85,hosts,16,qbr,steal,p999_us,10,2.0107905186999973,-1.6507481329850002,6.387469215342497,uncertain
stall,0.85,hosts,16,qbr,steal,p99_us,10,0.6575351989000012,0.16918552233500642,1.18501042202,higher
stall,0.85,hosts,16,qbr,steal,slo_miss_rate,10,0.11011277961199992,0.04607471212492495,0.17353801925192483,higher
stall,0.85,hosts,16,qbr,threshold,class0_p99_us,10,-0.02829524642000152,-0.5260160319952508,0.4800890497952476,uncertain
stall,0.85,hosts,16,qbr,threshold,control_cpu_mean,10,-1.6698915486819998,-1.690540254496525,-1.6481038510841497,lower
stall,0.85,hosts,16,qbr,threshold,p999_us,10,2.817980750800001,-0.7778641372999991,6.399965598527501,uncertain
stall,0.85,hosts,16,qbr,threshold,p99_us,10,0.2994857518000032,-0.07975056419249534,0.6752692655400044,uncertain
stall,0.85,hosts,16,qbr,threshold,slo_miss_rate,10,-0.005795729136000051,-0.06236060980300009,0.055424517159799895,uncertain
stall,0.85,hosts,16,steal,jbsq,class0_p99_us,10,6.226930247300001,5.780273684206251,6.63120370590575,higher
stall,0.85,hosts,16,steal,jbsq,control_cpu_mean,10,6.427100451018999,6.336030510900451,6.5068083966443,higher
stall,0.85,hosts,16,steal,jbsq,p999_us,10,3.480955090300006,-0.2586283622499982,7.922474334712502,uncertain
stall,0.85,hosts,16,steal,jbsq,p99_us,10,2.7251352281000036,2.4201897294200023,3.1360414846275013,higher
stall,0.85,hosts,16,steal,jbsq,slo_miss_rate,10,0.4731372704440001,0.38481794088950005,0.5529663705381,higher
stall,0.85,hosts,16,steal,jsw,class0_p99_us,10,-0.909702065710001,-1.2290811789487521,-0.5038933281735011,lower
stall,0.85,hosts,16,steal,jsw,control_cpu_mean,10,6.028700451015,5.93763051089645,6.1084083966403,higher
stall,0.85,hosts,16,steal,jsw,p999_us,10,-2.341574013099989,-4.597230723202489,-0.04355230740748522,lower
stall,0.85,hosts,16,steal,jsw,p99_us,10,-2.939831612199998,-3.5596676229075053,-2.245833711329998,lower
stall,0.85,hosts,16,steal,jsw,slo_miss_rate,10,-0.13363545681199995,-0.1760824484487,-0.08586905961829996,lower
stall,0.85,hosts,16,steal,qbr,class0_p99_us,10,-0.5861302876099991,-1.1667395377019998,0.024648144445000658,uncertain
stall,0.85,hosts,16,steal,qbr,control_cpu_mean,10,4.1336647889639995,4.03883847308635,4.21554845378655,higher
stall,0.85,hosts,16,steal,qbr,p999_us,10,-2.0107905186999973,-6.387469215342497,1.650748132985,uncertain
stall,0.85,hosts,16,steal,qbr,p99_us,10,-0.6575351989000012,-1.1850104220200002,-0.1691855223350065,lower
stall,0.85,hosts,16,steal,qbr,slo_miss_rate,10,-0.11011277961199992,-0.17353801925192486,-0.04607471212492495,lower
stall,0.85,hosts,16,steal,threshold,class0_p99_us,10,-0.6144255340300007,-1.0714754120882521,-0.17886964502100108,lower
stall,0.85,hosts,16,steal,threshold,control_cpu_mean,10,2.463773240282,2.350135161398376,2.5619053178402744,higher
stall,0.85,hosts,16,steal,threshold,p999_us,10,0.8071902321000038,-1.4812457375424928,2.9730236460300046,uncertain
stall,0.85,hosts,16,steal,threshold,p99_us,10,-0.35804944709999803,-0.7909314984075004,0.09573427644000775,uncertain
stall,0.85,hosts,16,steal,threshold,slo_miss_rate,10,-0.11590850874799999,-0.16379927489082496,-0.07108347050500001,lower
stall,0.85,hosts,16,threshold,jbsq,class0_p99_us,10,6.841355781330002,6.161209535150002,7.502462975414253,higher
stall,0.85,hosts,16,threshold,jbsq,control_cpu_mean,10,3.963327210737,3.9387250227510253,3.9874996342945748,higher
stall,0.85,hosts,16,threshold,jbsq,p999_us,10,2.673764858200002,-0.5613630133349929,6.146085886897489,uncertain
stall,0.85,hosts,16,threshold,jbsq,p99_us,10,3.083184675200002,2.61716371429,3.5157547789525063,higher
stall,0.85,hosts,16,threshold,jbsq,slo_miss_rate,10,0.5890457791920001,0.5114510146454001,0.6655318547342752,higher
stall,0.85,hosts,16,threshold,jsw,class0_p99_us,10,-0.29527653168000045,-0.8868817244070007,0.3057063180170003,uncertain
stall,0.85,hosts,16,threshold,jsw,control_cpu_mean,10,3.564927210733001,3.5403250227470253,3.5890996342905743,higher
stall,0.85,hosts,16,threshold,jsw,p999_us,10,-3.148764245199993,-5.06323421219999,-1.3105818168999888,lower
stall,0.85,hosts,16,threshold,jsw,p99_us,10,-2.5817821651000004,-3.2841520020675046,-1.8507626781599968,lower
stall,0.85,hosts,16,threshold,jsw,slo_miss_rate,10,-0.017726948063999992,-0.08935463317985004,0.05464770084795003,uncertain
stall,0.85,hosts,16,threshold,qbr,class0_p99_us,10,0.02829524642000152,-0.4800890497952479,0.5260160319952506,uncertain
stall,0.85,hosts,16,threshold,qbr,control_cpu_mean,10,1.6698915486819998,1.6481038510841497,1.690540254496525,higher
stall,0.85,hosts,16,threshold,qbr,p999_us,10,-2.817980750800001,-6.399965598527502,0.7778641372999991,uncertain
stall,0.85,hosts,16,threshold,qbr,p99_us,10,-0.2994857518000032,-0.6752692655400045,0.07975056419249525,uncertain
stall,0.85,hosts,16,threshold,qbr,slo_miss_rate,10,0.005795729136000051,-0.0554245171597999,0.06236060980300009,uncertain
stall,0.85,hosts,16,threshold,steal,class0_p99_us,10,0.6144255340300007,0.178869645021001,1.0714754120882521,higher
stall,0.85,hosts,16,threshold,steal,control_cpu_mean,10,-2.463773240282,-2.5619053178402744,-2.350135161398376,lower
stall,0.85,hosts,16,threshold,steal,p999_us,10,-0.8071902321000038,-2.973023646030009,1.4812457375424894,uncertain
stall,0.85,hosts,16,threshold,steal,p99_us,10,0.35804944709999803,-0.0957342764400078,0.7909314984075004,uncertain
stall,0.85,hosts,16,threshold,steal,slo_miss_rate,10,0.11590850874799999,0.07108347050499998,0.16379927489082488,higher
stall,0.85,hosts,32,jbsq,jsw,class0_p99_us,10,-11.996436110709999,-12.1935526540105,-11.787390043522002,lower
stall,0.85,hosts,32,jbsq,jsw,control_cpu_mean,10,-0.39841250000399997,-0.39841250000399997,-0.39841250000399997,lower
stall,0.85,hosts,32,jbsq,jsw,p999_us,10,-7.407871915099986,-8.50898402248749,-6.466090953752486,lower
stall,0.85,hosts,32,jbsq,jsw,p99_us,10,-4.724246192400005,-5.053372001077509,-4.446122447807499,lower
stall,0.85,hosts,32,jbsq,jsw,slo_miss_rate,10,-0.352050395494,-0.3914878968428975,-0.31092331767976006,lower
stall,0.85,hosts,32,jbsq,qbr,class0_p99_us,10,-12.155355062660002,-12.40826258669025,-11.924490192102251,lower
stall,0.85,hosts,32,jbsq,qbr,control_cpu_mean,10,-2.2527774631120003,-2.257921835276975,-2.246609171233775,lower
stall,0.85,hosts,32,jbsq,qbr,p999_us,10,-6.085600487099993,-7.669443418982491,-4.679324589999988,lower
stall,0.85,hosts,32,jbsq,qbr,p99_us,10,-3.8727327445000013,-4.017867862600002,-3.723838631477501,lower
stall,0.85,hosts,32,jbsq,qbr,slo_miss_rate,10,-0.3555024550867999,-0.38944194041509994,-0.3193083519960974,lower
stall,0.85,hosts,32,jbsq,steal,class0_p99_us,10,-11.94005786661,-12.282169072734249,-11.608381820249999,lower
stall,0.85,hosts,32,jbsq,steal,control_cpu_mean,10,-6.838369636969,-6.89213840957095,-6.7780249654697755,lower
stall,0.85,hosts,32,jbsq,steal,p999_us,10,-4.099187264699992,-5.343119292682496,-2.9114234236049863,lower
stall,0.85,hosts,32,jbsq,steal,p99_us,10,-3.117580451500001,-3.28263464398,-2.9872839481700018,lower
stall,0.85,hosts,32,jbsq,steal,slo_miss_rate,10,-0.32485633143369996,-0.3524171621606724,-0.2962804069585175,lower
stall,0.85,hosts,32,jbsq,threshold,class0_p99_us,10,-12.942745567180001,-13.129100878692501,-12.759868214018748,lower
stall,0.85,hosts,32,jbsq,threshold,control_cpu_mean,10,-3.879657760701,-3.892516772584,-3.8689581488761253,lower
stall,0.85,hosts,32,jbsq,threshold,p999_us,10,-6.568735483599989,-7.249302692277494,-5.9427669711999895,lower
stall,0.85,hosts,32,jbsq,threshold,p99_us,10,-3.5039191746000027,-3.7408014692875002,-3.286676005422504,lower
stall,0.85,hosts,32,jbsq,threshold,slo_miss_rate,10,-0.4491304604335,-0.49196768477493746,-0.40248199872953244,lower
stall,0.85,hosts,32,jsw,jbsq,class0_p99_us,10,11.996436110709999,11.787390043522002,12.1935526540105,higher
stall,0.85,hosts,32,jsw,jbsq,control_cpu_mean,10,0.39841250000399997,0.39841250000399997,0.39841250000399997,higher
stall,0.85,hosts,32,jsw,jbsq,p999_us,10,7.407871915099986,6.466090953752486,8.508984022487489,higher
stall,0.85,hosts,32,jsw,jbsq,p99_us,10,4.724246192400005,4.446122447807499,5.053372001077509,higher
stall,0.85,hosts,32,jsw,jbsq,slo_miss_rate,10,0.352050395494,0.31092331767976006,0.3914878968428975,higher
stall,0.85,hosts,32,jsw,qbr,class0_p99_us,10,-0.15891895195000175,-0.4384187821240018,0.08537698639299723,uncertain
stall,0.85,hosts,32,jsw,qbr,control_cpu_mean,10,-1.8543649631079997,-1.8595093352729748,-1.848196671229775,lower
stall,0.85,hosts,32,jsw,qbr,p999_us,10,1.3222714279999934,-0.8643753583550084,3.2863111010949884,uncertain
stall,0.85,hosts,32,jsw,qbr,p99_us,10,0.8515134479000039,0.6290047065000035,1.110302153415009,higher
stall,0.85,hosts,32,jsw,qbr,slo_miss_rate,10,-0.003452059592799972,-0.03936692524734247,0.03136599000180002,uncertain
stall,0.85,hosts,32,jsw,steal,class0_p99_us,10,0.056378244099999364,-0.2553686961317532,0.34606951647875006,uncertain
stall,0.85,hosts,32,jsw,steal,control_cpu_mean,10,-6.439957136965001,-6.49372590956695,-6.379612465465775,lower
stall,0.85,hosts,32,jsw,steal,p999_us,10,3.308684650399994,1.9347246665549898,4.544377960117492,higher
stall,0.85,hosts,32,jsw,steal,p99_us,10,1.6066657409000045,1.3294092605725008,1.957732024407511,higher
stall,0.85,hosts,32,jsw,steal,slo_miss_rate,10,0.02719406406030004,-0.005092539312949949,0.05893405715794006,uncertain
stall,0.85,hosts,32,jsw,threshold,class0_p99_us,10,-0.9463094564700001,-1.1550075063722487,-0.71731976023025,lower
stall,0.85,hosts,32,jsw,threshold,control_cpu_mean,10,-3.481245260697,-3.4941042725799996,-3.4705456488721254,lower
stall,0.85,hosts,32,jsw,threshold,p999_us,10,0.8391364314999976,-0.4065312125799994,2.3301178406250047,uncertain
stall,0.85,hosts,32,jsw,threshold,p99_us,10,1.2203270178000025,0.9247918062675013,1.5342327835475027,higher
stall,0.85,hosts,32,jsw,threshold,slo_miss_rate,10,-0.0970800649395,-0.12072401015968753,-0.07431371004140003,lower
stall,0.85,hosts,32,qbr,jbsq,class0_p99_us,10,12.155355062660002,11.924490192102251,12.408262586690249,higher
stall,0.85,hosts,32,qbr,jbsq,control_cpu_mean,10,2.2527774631120003,2.246609171233775,2.257921835276975,higher
stall,0.85,hosts,32,qbr,jbsq,p999_us,10,6.085600487099993,4.679324589999988,7.669443418982487,higher
stall,0.85,hosts,32,qbr,jbsq,p99_us,10,3.8727327445000013,3.723838631477501,4.017867862600002,higher
stall,0.85,hosts,32,qbr,jbsq,slo_miss_rate,10,0.3555024550867999,0.3193083519960974,0.38944194041509994,higher
stall,0.85,hosts,32,qbr,jsw,class0_p99_us,10,0.15891895195000175,-0.0853769863929973,0.4384187821240016,uncertain
stall,0.85,hosts,32,qbr,jsw,control_cpu_mean,10,1.8543649631079997,1.848196671229775,1.8595093352729748,higher
stall,0.85,hosts,32,qbr,jsw,p999_us,10,-1.3222714279999934,-3.286311101094989,0.8643753583550056,uncertain
stall,0.85,hosts,32,qbr,jsw,p99_us,10,-0.8515134479000039,-1.110302153415009,-0.6290047065000036,lower
stall,0.85,hosts,32,qbr,jsw,slo_miss_rate,10,0.003452059592799972,-0.031365990001800036,0.03936692524734244,uncertain
stall,0.85,hosts,32,qbr,steal,class0_p99_us,10,0.2152971960500011,-0.011894255915246723,0.40438806417974976,uncertain
stall,0.85,hosts,32,qbr,steal,control_cpu_mean,10,-4.585592173857,-4.642167880903975,-4.5226706767045,lower
stall,0.85,hosts,32,qbr,steal,p999_us,10,1.9864132224000002,0.14427089174749,3.9318930991625085,higher
stall,0.85,hosts,32,qbr,steal,p99_us,10,0.7551522930000004,0.5340810864574987,0.9760724974775001,higher
stall,0.85,hosts,32,qbr,steal,slo_miss_rate,10,0.030646123653100005,-0.0016969381571000377,0.06035773694529003,uncertain
stall,0.85,hosts,32,qbr,threshold,class0_p99_us,10,-0.7873905045199983,-1.0434471509667478,-0.5054131242324997,lower
stall,0.85,hosts,32,qbr,threshold,control_cpu_mean,10,-1.626880297589,-1.6378163532434753,-1.618034469504575,lower
stall,0.85,hosts,32,qbr,threshold,p999_us,10,-0.48313499649999586,-1.7628832328574935,0.85101048601501,uncertain
stall,0.85,hosts,32,qbr,threshold,p99_us,10,0.3688135698999986,0.12895071018250462,0.5903042447999951,higher
stall,0.85,hosts,32,qbr,threshold,slo_miss_rate,10,-0.09362800534670003,-0.12722329768444757,-0.05850383714444252,lower
stall,0.85,hosts,32,steal,jbsq,class0_p99_us,10,11.94005786661,11.608381820249999,12.282169072734249,higher
stall,0.85,hosts,32,steal,jbsq,control_cpu_mean,10,6.838369636969,6.7780249654697755,6.89213840957095,higher
stall,0.85,hosts,32,steal,jbsq,p999_us,10,4.099187264699992,2.911423423604986,5.343119292682494,higher
stall,0.85,hosts,32,steal,jbsq,p99_us,10,3.117580451500001,2.9872839481700018,3.28263464398,higher
stall,0.85,hosts,32,steal,jbsq,slo_miss_rate,10,0.32485633143369996,0.29628040695851743,0.3524171621606724,higher
stall,0.85,hosts,32,steal,jsw,class0_p99_us,10,-0.056378244099999364,-0.34606951647875045,0.2553686961317529,uncertain
stall,0.85,hosts,32,steal,jsw,control_cpu_mean,10,6.439957136965001,6.379612465465775,6.49372590956695,higher
stall,0.85,hosts,32,steal,jsw,p999_us,10,-3.308684650399994,-4.544377960117492,-1.9347246665549906,lower
stall,0.85,hosts,32,steal,jsw,p99_us,10,-1.6066657409000045,-1.957732024407511,-1.3294092605725008,lower
stall,0.85,hosts,32,steal,jsw,slo_miss_rate,10,-0.02719406406030004,-0.05893405715794007,0.0050925393129498744,uncertain
stall,0.85,hosts,32,steal,qbr,class0_p99_us,10,-0.2152971960500011,-0.40438806417974993,0.011894255915246562,uncertain
stall,0.85,hosts,32,steal,qbr,control_cpu_mean,10,4.585592173857,4.5226706767045,4.642167880903975,higher
stall,0.85,hosts,32,steal,qbr,p999_us,10,-1.9864132224000002,-3.9318930991625085,-0.14427089174749563,lower
stall,0.85,hosts,32,steal,qbr,p99_us,10,-0.7551522930000004,-0.9760724974775001,-0.5340810864574987,lower
stall,0.85,hosts,32,steal,qbr,slo_miss_rate,10,-0.030646123653100005,-0.060357736945290036,0.0016969381571000377,uncertain
stall,0.85,hosts,32,steal,threshold,class0_p99_us,10,-1.0026877005699995,-1.30137085092075,-0.6895886724404994,lower
stall,0.85,hosts,32,steal,threshold,control_cpu_mean,10,2.958711876268,2.888042246975,3.0210669752268746,higher
stall,0.85,hosts,32,steal,threshold,p999_us,10,-2.469548218899996,-4.018106278332499,-0.8726709338499811,lower
stall,0.85,hosts,32,steal,threshold,p99_us,10,-0.38633872310000184,-0.5887210070000037,-0.20260337812750215,lower
stall,0.85,hosts,32,steal,threshold,slo_miss_rate,10,-0.12427412899980003,-0.1637487988318976,-0.08541209616593254,lower
stall,0.85,hosts,32,threshold,jbsq,class0_p99_us,10,12.942745567180001,12.759868214018748,13.129100878692501,higher
stall,0.85,hosts,32,threshold,jbsq,control_cpu_mean,10,3.879657760701,3.8689581488761253,3.892516772584,higher
stall,0.85,hosts,32,threshold,jbsq,p999_us,10,6.568735483599989,5.942766971199989,7.249302692277494,higher
stall,0.85,hosts,32,threshold,jbsq,p99_us,10,3.5039191746000027,3.2866760054225037,3.7408014692875,higher
stall,0.85,hosts,32,threshold,jbsq,slo_miss_rate,10,0.4491304604335,0.40248199872953244,0.49196768477493746,higher
stall,0.85,hosts,32,threshold,jsw,class0_p99_us,10,0.9463094564700001,0.7173197602302498,1.1550075063722487,higher
stall,0.85,hosts,32,threshold,jsw,control_cpu_mean,10,3.481245260697,3.4705456488721254,3.4941042725799996,higher
stall,0.85,hosts,32,threshold,jsw,p999_us,10,-0.8391364314999976,-2.3301178406250047,0.40653121257999936,uncertain
stall,0.85,hosts,32,threshold,jsw,p99_us,10,-1.2203270178000025,-1.5342327835475027,-0.9247918062675013,lower
stall,0.85,hosts,32,threshold,jsw,slo_miss_rate,10,0.0970800649395,0.0743137100414,0.12072401015968752,higher
stall,0.85,hosts,32,threshold,qbr,class0_p99_us,10,0.7873905045199983,0.5054131242324993,1.0434471509667476,higher
stall,0.85,hosts,32,threshold,qbr,control_cpu_mean,10,1.626880297589,1.618034469504575,1.6378163532434753,higher
stall,0.85,hosts,32,threshold,qbr,p999_us,10,0.48313499649999586,-0.85101048601501,1.7628832328574933,uncertain
stall,0.85,hosts,32,threshold,qbr,p99_us,10,-0.3688135698999986,-0.5903042447999951,-0.12895071018250465,lower
stall,0.85,hosts,32,threshold,qbr,slo_miss_rate,10,0.09362800534670003,0.058503837144442516,0.1272232976844475,higher
stall,0.85,hosts,32,threshold,steal,class0_p99_us,10,1.0026877005699995,0.689588672440499,1.30137085092075,higher
stall,0.85,hosts,32,threshold,steal,control_cpu_mean,10,-2.958711876268,-3.0210669752268746,-2.888042246975,lower
stall,0.85,hosts,32,threshold,steal,p999_us,10,2.469548218899996,0.8726709338499808,4.018106278332498,higher
stall,0.85,hosts,32,threshold,steal,p99_us,10,0.38633872310000184,0.20260337812750215,0.5887210070000037,higher
stall,0.85,hosts,32,threshold,steal,slo_miss_rate,10,0.12427412899980003,0.08541209616593252,0.16374879883189758,higher
stall,0.85,hosts,8,jbsq,jsw,class0_p99_us,10,-0.025729423490000868,-1.1999703253245027,1.000752667724999,uncertain
stall,0.85,hosts,8,jbsq,jsw,control_cpu_mean,10,-0.398400000004,-0.398400000004,-0.398400000004,lower
stall,0.85,hosts,8,jbsq,jsw,p999_us,10,-4.5344777261999925,-8.751406743604985,0.39551607882249634,uncertain
stall,0.85,hosts,8,jbsq,jsw,p99_us,10,-6.748803622300002,-7.866352566149996,-5.575787793000006,lower
stall,0.85,hosts,8,jbsq,jsw,slo_miss_rate,10,-1.5356298813809999,-1.7801455197648748,-1.328044906749375,lower
stall,0.85,hosts,8,jbsq,qbr,class0_p99_us,10,1.4019761224900016,0.10562463260350147,2.654244043295002,higher
stall,0.85,hosts,8,jbsq,qbr,control_cpu_mean,10,-2.441758356545,-2.4597168992750005,-2.4207081640056254,lower
stall,0.85,hosts,8,jbsq,qbr,p999_us,10,-5.774935732299997,-8.809901085400003,-2.849997260497491,lower
stall,0.85,hosts,8,jbsq,qbr,p99_us,10,-1.930691659200002,-2.8447621692625087,-1.0523137138049932,lower
stall,0.85,hosts,8,jbsq,qbr,slo_miss_rate,10,-1.4869070035220002,-1.65387873880315,-1.33186255761085,lower
stall,0.85,hosts,8,jbsq,steal,class0_p99_us,10,1.0781676796299997,-0.03407696277000198,2.176344743301749,uncertain
stall,0.85,hosts,8,jbsq,steal,control_cpu_mean,10,-5.684757605360999,-5.790781063062149,-5.588423262597676,lower
stall,0.85,hosts,8,jbsq,steal,p999_us,10,-4.285335781600002,-9.443796453645001,0.854464048052489,uncertain
stall,0.85,hosts,8,jbsq,steal,p99_us,10,-0.18148024600000098,-1.234347993299997,0.825085702155,uncertain
stall,0.85,hosts,8,jbsq,steal,slo_miss_rate,10,-1.451971779152,-1.70261461878005,-1.2199150015616749,lower
stall,0.85,hosts,8,jbsq,threshold,class0_p99_us,10,0.7176341462400011,-0.3066591701589983,1.6985094922215018,uncertain
stall,0.85,hosts,8,jbsq,threshold,control_cpu_mean,10,-4.253163577527,-4.309517236117876,-4.195600636131825,lower
stall,0.85,hosts,8,jbsq,threshold,p999_us,10,-2.2660820314000034,-6.607905728430003,1.8337783865799997,uncertain
stall,0.85,hosts,8,jbsq,threshold,p99_us,10,-1.8723397146999985,-2.6874811760000057,-1.1693684025050055,lower
stall,0.85,hosts,8,jbsq,threshold,slo_miss_rate,10,-1.580155369105,-1.7475772758994998,-1.4012369220016254,lower
stall,0.85,hosts,8,jsw,jbsq,class0_p99_us,10,0.025729423490000868,-1.000752667725,1.199970325324502,uncertain
stall,0.85,hosts,8,jsw,jbsq,control_cpu_mean,10,0.398400000004,0.398400000004,0.398400000004,higher
stall,0.85,hosts,8,jsw,jbsq,p999_us,10,4.5344777261999925,-0.3955160788225039,8.75140674360498,uncertain
stall,0.85,hosts,8,jsw,jbsq,p99_us,10,6.748803622300002,5.575787793000006,7.866352566149996,higher
stall,0.85,hosts,8,jsw,jbsq,slo_miss_rate,10,1.5356298813809999,1.328044906749375,1.7801455197648743,higher
stall,0.85,hosts,8,jsw,qbr,class0_p99_us,10,1.4277055459800025,0.341008669752003,2.2134798310117523,higher
stall,0.85,hosts,8,jsw,qbr,control_cpu_mean,10,-2.043358356541,-2.061316899271,-2.022308164001625,lower
stall,0.85,hosts,8,jsw,qbr,p999_us,10,-1.2404580061000048,-4.305769535432502,2.143764461684981,uncertain
stall,0.85,hosts,8,jsw,qbr,p99_us,10,4.8181119631,3.6890106719075,5.92692898141,higher
stall,0.85,hosts,8,jsw,qbr,slo_miss_rate,10,0.04872287785899987,-0.08295763052620005,0.1903945337895497,uncertain
stall,0.85,hosts,8,jsw,steal,class0_p99_us,10,1.1038971031200007,0.24821975566400165,1.9926971165192484,higher
stall,0.85,hosts,8,jsw,steal,control_cpu_mean,10,-5.286357605357,-5.392381063058149,-5.190023262593675,lower
stall,0.85,hosts,8,jsw,steal,p999_us,10,0.24914194459998953,-3.8339599570400122,4.819730595727482,uncertain
stall,0.85,hosts,8,jsw,steal,p99_us,10,6.567323376300001,5.645707128214999,7.641207935024997,higher
stall,0.85,hosts,8,jsw,steal,slo_miss_rate,10,0.08365810222899991,-0.08744486875747508,0.2413290851496248,uncertain
stall,0.85,hosts,8,jsw,threshold,class0_p99_us,10,0.743363569730002,-0.28267770098424905,1.8395292122462519,uncertain
stall,0.85,hosts,8,jsw,threshold,control_cpu_mean,10,-3.8547635775230007,-3.911117236113876,-3.7972006361278257,lower
stall,0.85,hosts,8,jsw,threshold,p999_us,10,2.268395694799989,-2.698200683755013,7.329886416657488,uncertain
stall,0.85,hosts,8,jsw,threshold,p99_us,10,4.876463907600003,3.796907591667502,5.725946222102503,higher
stall,0.85,hosts,8,jsw,threshold,slo_miss_rate,10,-0.04452548772400013,-0.18420723083497517,0.09862754079462481,uncertain
stall,0.85,hosts,8,qbr,jbsq,class0_p99_us,10,-1.4019761224900016,-2.654244043295002,-0.10562463260350258,lower
stall,0.85,hosts,8,qbr,jbsq,control_cpu_mean,10,2.441758356545,2.4207081640056254,2.4597168992750005,higher
stall,0.85,hosts,8,qbr,jbsq,p999_us,10,5.774935732299997,2.8499972604974877,8.809901085400003,higher
stall,0.85,hosts,8,qbr,jbsq,p99_us,10,1.930691659200002,1.052313713804993,2.8447621692625082,higher
stall,0.85,hosts,8,qbr,jbsq,slo_miss_rate,10,1.4869070035220002,1.3318625576108498,1.6538787388031497,higher
stall,0.85,hosts,8,qbr,jsw,class0_p99_us,10,-1.4277055459800025,-2.2134798310117523,-0.34100866975200395,lower
stall,0.85,hosts,8,qbr,jsw,control_cpu_mean,10,2.043358356541,2.022308164001625,2.061316899271,higher
stall,0.85,hosts,8,qbr,jsw,p999_us,10,1.2404580061000048,-2.143764461684984,4.305769535432501,uncertain
stall,0.85,hosts,8,qbr,jsw,p99_us,10,-4.8181119631,-5.92692898141,-3.689010671907501,lower
stall,0.85,hosts,8,qbr,jsw,slo_miss_rate,10,-0.04872287785899987,-0.19039453378954974,0.08295763052619999,uncertain
stall,0.85,hosts,8,qbr,steal,class0_p99_us,10,-0.3238084428600018,-1.2604994414392514,0.5609731100667472,uncertain
stall,0.85,hosts,8,qbr,steal,control_cpu_mean,10,-3.2429992488160004,-3.3670464760278,-3.1315270356973253,lower
stall,0.85,hosts,8,qbr,steal,p999_us,10,1.4895999506999942,-2.478361682904994,4.843021100249979,uncertain
stall,0.85,hosts,8,qbr,steal,p99_us,10,1.7492114132000012,0.6541474989375002,2.8440846558650086,higher
stall,0.85,hosts,8,qbr,steal,slo_miss_rate,10,0.034935224370000045,-0.11945747918082483,0.19232837778122502,uncertain
stall,0.85,hosts,8,qbr,threshold,class0_p99_us,10,-0.6843419762500005,-1.4816158887550013,0.113854202448499,uncertain
stall,0.85,hosts,8,qbr,threshold,control_cpu_mean,10,-1.8114052209820002,-1.8570107902956003,-1.7663792166596501,lower
stall,0.85,hosts,8,qbr,threshold,p999_us,10,3.5088537008999934,-1.2947135843575115,8.161961457667495,uncertain
stall,0.85,hosts,8,qbr,threshold,p99_us,10,0.05835194450000358,-0.6646808256849981,0.9214659454200013,uncertain
stall,0.85,hosts,8,qbr,threshold,slo_miss_rate,10,-0.09324836558300001,-0.2250473249385748,0.02314365805695006,uncertain
stall,0.85,hosts,8,steal,jbsq,class0_p99_us,10,-1.0781676796299997,-2.176344743301749,0.03407696277000198,uncertain
stall,0.85,hosts,8,steal,jbsq,control_cpu_mean,10,5.684757605360999,5.588423262597676,5.790781063062149,higher
stall,0.85,hosts,8,steal,jbsq,p999_us,10,4.285335781600002,-0.8544640480524897,9.443796453645,uncertain
stall,0.85,hosts,8,steal,jbsq,p99_us,10,0.18148024600000098,-0.8250857021550001,1.234347993299997,uncertain
stall,0.85,hosts,8,steal,jbsq,slo_miss_rate,10,1.451971779152,1.2199150015616749,1.70261461878005,higher
stall,0.85,hosts,8,steal,jsw,class0_p99_us,10,-1.1038971031200007,-1.9926971165192502,-0.24821975566400187,lower
stall,0.85,hosts,8,steal,jsw,control_cpu_mean,10,5.286357605357,5.190023262593675,5.392381063058149,higher
stall,0.85,hosts,8,steal,jsw,p999_us,10,-0.24914194459998953,-4.819730595727488,3.8339599570400122,uncertain
stall,0.85,hosts,8,steal,jsw,p99_us,10,-6.567323376300001,-7.6412079350249975,-5.645707128215,lower
stall,0.85,hosts,8,steal,jsw,slo_miss_rate,10,-0.08365810222899991,-0.24132908514962487,0.08744486875747508,uncertain
stall,0.85,hosts,8,steal,qbr,class0_p99_us,10,0.3238084428600018,-0.5609731100667474,1.2604994414392507,uncertain
stall,0.85,hosts,8,steal,qbr,control_cpu_mean,10,3.2429992488160004,3.1315270356973253,3.3670464760278,higher
stall,0.85,hosts,8,steal,qbr,p999_us,10,-1.4895999506999942,-4.843021100249981,2.478361682904991,uncertain
stall,0.85,hosts,8,steal,qbr,p99_us,10,-1.7492114132000012,-2.844084655865009,-0.6541474989375005,lower
stall,0.85,hosts,8,steal,qbr,slo_miss_rate,10,-0.034935224370000045,-0.19232837778122505,0.11945747918082476,uncertain
stall,0.85,hosts,8,steal,threshold,class0_p99_us,10,-0.3605335333899987,-1.2369868296954982,0.5065448569600008,uncertain
stall,0.85,hosts,8,steal,threshold,control_cpu_mean,10,1.4315940278339998,1.2829558118535995,1.588107760354675,higher
stall,0.85,hosts,8,steal,threshold,p999_us,10,2.0192537501999994,-4.579771989262506,8.168367617297509,uncertain
stall,0.85,hosts,8,steal,threshold,p99_us,10,-1.6908594686999976,-2.6857933495075,-0.8576075082999911,lower
stall,0.85,hosts,8,steal,threshold,slo_miss_rate,10,-0.12818358995300003,-0.33100539120924993,0.06085510207714993,uncertain
stall,0.85,hosts,8,threshold,jbsq,class0_p99_us,10,-0.7176341462400011,-1.698509492221502,0.30665917015899746,uncertain
stall,0.85,hosts,8,threshold,jbsq,control_cpu_mean,10,4.253163577527,4.195600636131825,4.309517236117876,higher
stall,0.85,hosts,8,threshold,jbsq,p999_us,10,2.2660820314000034,-1.8337783865800033,6.607905728429992,uncertain
stall,0.85,hosts,8,threshold,jbsq,p99_us,10,1.8723397146999985,1.1693684025050055,2.6874811760000057,higher
stall,0.85,hosts,8,threshold,jbsq,slo_miss_rate,10,1.580155369105,1.4012369220016252,1.7475772758994994,higher
stall,0.85,hosts,8,threshold,jsw,class0_p99_us,10,-0.743363569730002,-1.839529212246252,0.2826777009842483,uncertain
stall,0.85,hosts,8,threshold,jsw,control_cpu_mean,10,3.8547635775230007,3.797200636127825,3.911117236113876,higher
stall,0.85,hosts,8,threshold,jsw,p999_us,10,-2.268395694799989,-7.329886416657494,2.698200683755008,uncertain
stall,0.85,hosts,8,threshold,jsw,p99_us,10,-4.876463907600003,-5.725946222102503,-3.7969075916675026,lower
stall,0.85,hosts,8,threshold,jsw,slo_miss_rate,10,0.04452548772400013,-0.09862754079462481,0.18420723083497484,uncertain
stall,0.85,hosts,8,threshold,qbr,class0_p99_us,10,0.6843419762500005,-0.11385420244849903,1.4816158887550013,uncertain
stall,0.85,hosts,8,threshold,qbr,control_cpu_mean,10,1.8114052209820002,1.7663792166596501,1.8570107902956003,higher
stall,0.85,hosts,8,threshold,qbr,p999_us,10,-3.5088537008999934,-8.161961457667497,1.2947135843575075,uncertain
stall,0.85,hosts,8,threshold,qbr,p99_us,10,-0.05835194450000358,-0.9214659454200015,0.6646808256849979,uncertain
stall,0.85,hosts,8,threshold,qbr,slo_miss_rate,10,0.09324836558300001,-0.023143658056950064,0.22504732493857474,uncertain
stall,0.85,hosts,8,threshold,steal,class0_p99_us,10,0.3605335333899987,-0.506544856960002,1.2369868296954976,uncertain
stall,0.85,hosts,8,threshold,steal,control_cpu_mean,10,-1.4315940278339998,-1.5881077603546752,-1.2829558118535997,lower
stall,0.85,hosts,8,threshold,steal,p999_us,10,-2.0192537501999994,-8.168367617297513,4.579771989262486,uncertain
stall,0.85,hosts,8,threshold,steal,p99_us,10,1.6908594686999976,0.8576075082999901,2.6857933495074997,higher
stall,0.85,hosts,8,threshold,steal,slo_miss_rate,10,0.12818358995300003,-0.06085510207714997,0.3310053912092499,uncertain
stall,0.85,ingress-cpu-us,0.02,jbsq,jsw,class0_p99_us,10,-7.136632313010002,-7.608079829190499,-6.631394072489502,lower
stall,0.85,ingress-cpu-us,0.02,jbsq,jsw,control_cpu_mean,10,-0.398400000004,-0.398400000004,-0.398400000004,lower
stall,0.85,ingress-cpu-us,0.02,jbsq,jsw,p999_us,10,-5.8225291033999955,-9.322540060342506,-2.456473815197506,lower
stall,0.85,ingress-cpu-us,0.02,jbsq,jsw,p99_us,10,-5.664966840300002,-6.146588176487499,-5.0904120897025,lower
stall,0.85,ingress-cpu-us,0.02,jbsq,jsw,slo_miss_rate,10,-0.606772727256,-0.6933930778638,-0.5160750257150001,lower
stall,0.85,ingress-cpu-us,0.02,jbsq,qbr,class0_p99_us,10,-6.813060534909999,-7.400749137978,-5.996451915081499,lower
stall,0.85,ingress-cpu-us,0.02,jbsq,qbr,control_cpu_mean,10,-2.293435662055,-2.3002870730982496,-2.2865115448025,lower
stall,0.85,ingress-cpu-us,0.02,jbsq,qbr,p999_us,10,-5.491745609000003,-10.538029951039997,-0.623974147035009,lower
stall,0.85,ingress-cpu-us,0.02,jbsq,qbr,p99_us,10,-3.382670427000005,-3.8337609462100093,-2.9049209447575053,lower
stall,0.85,ingress-cpu-us,0.02,jbsq,qbr,slo_miss_rate,10,-0.583250050056,-0.6389927507934998,-0.529294700757025,lower
stall,0.85,ingress-cpu-us,0.02,jbsq,steal,class0_p99_us,10,-6.226930247300001,-6.63120370590575,-5.780273684206252,lower
stall,0.85,ingress-cpu-us,0.02,jbsq,steal,control_cpu_mean,10,-6.427100451018999,-6.5068083966443,-6.336030510900451,lower
stall,0.85,ingress-cpu-us,0.02,jbsq,steal,p999_us,10,-3.480955090300006,-7.922474334712507,0.2586283622499962,uncertain
stall,0.85,ingress-cpu-us,0.02,jbsq,steal,p99_us,10,-2.7251352281000036,-3.1360414846275013,-2.4201897294200023,lower
stall,0.85,ingress-cpu-us,0.02,jbsq,steal,slo_miss_rate,10,-0.4731372704440001,-0.5529663705381002,-0.3848179408895001,lower
stall,0.85,ingress-cpu-us,0.02,jbsq,threshold,class0_p99_us,10,-6.841355781330002,-7.502462975414253,-6.161209535150002,lower
stall,0.85,ingress-cpu-us,0.02,jbsq,threshold,control_cpu_mean,10,-3.963327210737,-3.9874996342945748,-3.9387250227510253,lower
stall,0.85,ingress-cpu-us,0.02,jbsq,threshold,p999_us,10,-2.673764858200002,-6.146085886897489,0.5613630133349923,uncertain
stall,0.85,ingress-cpu-us,0.02,jbsq,threshold,p99_us,10,-3.083184675200002,-3.5157547789525063,-2.61716371429,lower
stall,0.85,ingress-cpu-us,0.02,jbsq,threshold,slo_miss_rate,10,-0.5890457791920001,-0.6655318547342752,-0.5114510146454001,lower
stall,0.85,ingress-cpu-us,0.02,jsw,jbsq,class0_p99_us,10,7.136632313010002,6.631394072489502,7.608079829190499,higher
stall,0.85,ingress-cpu-us,0.02,jsw,jbsq,control_cpu_mean,10,0.398400000004,0.398400000004,0.398400000004,higher
stall,0.85,ingress-cpu-us,0.02,jsw,jbsq,p999_us,10,5.8225291033999955,2.456473815197503,9.322540060342504,higher
stall,0.85,ingress-cpu-us,0.02,jsw,jbsq,p99_us,10,5.664966840300002,5.0904120897025,6.146588176487499,higher
stall,0.85,ingress-cpu-us,0.02,jsw,jbsq,slo_miss_rate,10,0.606772727256,0.516075025715,0.6933930778638,higher
stall,0.85,ingress-cpu-us,0.02,jsw,qbr,class0_p99_us,10,0.3235717781000019,-0.21576192369274846,0.8907350122085027,uncertain
stall,0.85,ingress-cpu-us,0.02,jsw,qbr,control_cpu_mean,10,-1.895035662051,-1.90188707309425,-1.8881115447985,lower
stall,0.85,ingress-cpu-us,0.02,jsw,qbr,p999_us,10,0.33078349439999216,-3.4574694072100134,4.298263250299994,uncertain
stall,0.85,ingress-cpu-us,0.02,jsw,qbr,p99_us,10,2.282296413299997,1.4258011891949993,3.0974342217399915,higher
stall,0.85,ingress-cpu-us,0.02,jsw,qbr,slo_miss_rate,10,0.023522677200000043,-0.03576823297417495,0.08553289272977496,uncertain
stall,0.85,ingress-cpu-us,0.02,jsw,steal,class0_p99_us,10,0.909702065710001,0.5038933281735009,1.2290811789487521,higher
stall,0.85,ingress-cpu-us,0.02,jsw,steal,control_cpu_mean,10,-6.028700451015,-6.1084083966403,-5.93763051089645,lower
stall,0.85,ingress-cpu-us,0.02,jsw,steal,p999_us,10,2.341574013099989,0.04355230740748469,4.597230723202487,higher
stall,0.85,ingress-cpu-us,0.02,jsw,steal,p99_us,10,2.939831612199998,2.245833711329998,3.559667622907505,higher
stall,0.85,ingress-cpu-us,0.02,jsw,steal,slo_miss_rate,10,0.13363545681199995,0.0858690596182999,0.1760824484487,higher
stall,0.85,ingress-cpu-us,0.02,jsw,threshold,class0_p99_us,10,0.29527653168000045,-0.30570631801700043,0.8868817244070006,uncertain
stall,0.85,ingress-cpu-us,0.02,jsw,threshold,control_cpu_mean,10,-3.564927210733001,-3.5890996342905743,-3.5403250227470253,lower
stall,0.85,ingress-cpu-us,0.02,jsw,threshold,p999_us,10,3.148764245199993,1.3105818168999874,5.06323421219999,higher
stall,0.85,ingress-cpu-us,0.02,jsw,threshold,p99_us,10,2.5817821651000004,1.850762678159996,3.284152002067504,higher
stall,0.85,ingress-cpu-us,0.02,jsw,threshold,slo_miss_rate,10,0.017726948063999992,-0.05464770084795003,0.08935463317985003,uncertain
stall,0.85,ingress-cpu-us,0.02,qbr,jbsq,class0_p99_us,10,6.813060534909999,5.996451915081499,7.400749137978,higher
stall,0.85,ingress-cpu-us,0.02,qbr,jbsq,control_cpu_mean,10,2.293435662055,2.2865115448025,2.3002870730982496,higher
stall,0.85,ingress-cpu-us,0.02,qbr,jbsq,p999_us,10,5.491745609000003,0.6239741470350081,10.538029951039992,higher
stall,0.85,ingress-cpu-us,0.02,qbr,jbsq,p99_us,10,3.382670427000005,2.904920944757505,3.8337609462100093,higher
stall,0.85,ingress-cpu-us,0.02,qbr,jbsq,slo_miss_rate,10,0.583250050056,0.529294700757025,0.6389927507934997,higher
stall,0.85,ingress-cpu-us,0.02,qbr,jsw,class0_p99_us,10,-0.3235717781000019,-0.8907350122085034,0.21576192369274844,uncertain
stall,0.85,ingress-cpu-us,0.02,qbr,jsw,control_cpu_mean,10,1.895035662051,1.8881115447985,1.90188707309425,higher
stall,0.85,ingress-cpu-us,0.02,qbr,jsw,p999_us,10,-0.33078349439999216,-4.298263250299994,3.457469407210013,uncertain
stall,0.85,ingress-cpu-us,0.02,qbr,jsw,p99_us,10,-2.282296413299997,-3.0974342217399924,-1.4258011891949993,lower
stall,0.85,ingress-cpu-us,0.02,qbr,jsw,slo_miss_rate,10,-0.023522677200000043,-0.08553289272977502,0.03576823297417495,uncertain
stall,0.85,ingress-cpu-us,0.02,qbr,steal,class0_p99_us,10,0.5861302876099991,-0.024648144445000658,1.1667395377019993,uncertain
stall,0.85,ingress-cpu-us,0.02,qbr,steal,control_cpu_mean,10,-4.1336647889639995,-4.215548453786551,-4.03883847308635,lower
stall,0.85,ingress-cpu-us,0.02,qbr,steal,p999_us,10,2.0107905186999973,-1.6507481329850002,6.387469215342497,uncertain
stall,0.85,ingress-cpu-us,0.02,qbr,steal,p99_us,10,0.6575351989000012,0.16918552233500642,1.18501042202,higher
stall,0.85,ingress-cpu-us,0.02,qbr,steal,slo_miss_rate,10,0.11011277961199992,0.04607471212492495,0.17353801925192483,higher
stall,0.85,ingress-cpu-us,0.02,qbr,threshold,class0_p99_us,10,-0.02829524642000152,-0.5260160319952508,0.4800890497952476,uncertain
stall,0.85,ingress-cpu-us,0.02,qbr,threshold,control_cpu_mean,10,-1.6698915486819998,-1.690540254496525,-1.6481038510841497,lower
stall,0.85,ingress-cpu-us,0.02,qbr,threshold,p999_us,10,2.817980750800001,-0.7778641372999991,6.399965598527501,uncertain
stall,0.85,ingress-cpu-us,0.02,qbr,threshold,p99_us,10,0.2994857518000032,-0.07975056419249534,0.6752692655400044,uncertain
stall,0.85,ingress-cpu-us,0.02,qbr,threshold,slo_miss_rate,10,-0.005795729136000051,-0.06236060980300009,0.055424517159799895,uncertain
stall,0.85,ingress-cpu-us,0.02,steal,jbsq,class0_p99_us,10,6.226930247300001,5.780273684206251,6.63120370590575,higher
stall,0.85,ingress-cpu-us,0.02,steal,jbsq,control_cpu_mean,10,6.427100451018999,6.336030510900451,6.5068083966443,higher
stall,0.85,ingress-cpu-us,0.02,steal,jbsq,p999_us,10,3.480955090300006,-0.2586283622499982,7.922474334712502,uncertain
stall,0.85,ingress-cpu-us,0.02,steal,jbsq,p99_us,10,2.7251352281000036,2.4201897294200023,3.1360414846275013,higher
stall,0.85,ingress-cpu-us,0.02,steal,jbsq,slo_miss_rate,10,0.4731372704440001,0.38481794088950005,0.5529663705381,higher
stall,0.85,ingress-cpu-us,0.02,steal,jsw,class0_p99_us,10,-0.909702065710001,-1.2290811789487521,-0.5038933281735011,lower
stall,0.85,ingress-cpu-us,0.02,steal,jsw,control_cpu_mean,10,6.028700451015,5.93763051089645,6.1084083966403,higher
stall,0.85,ingress-cpu-us,0.02,steal,jsw,p999_us,10,-2.341574013099989,-4.597230723202489,-0.04355230740748522,lower
stall,0.85,ingress-cpu-us,0.02,steal,jsw,p99_us,10,-2.939831612199998,-3.5596676229075053,-2.245833711329998,lower
stall,0.85,ingress-cpu-us,0.02,steal,jsw,slo_miss_rate,10,-0.13363545681199995,-0.1760824484487,-0.08586905961829996,lower
stall,0.85,ingress-cpu-us,0.02,steal,qbr,class0_p99_us,10,-0.5861302876099991,-1.1667395377019998,0.024648144445000658,uncertain
stall,0.85,ingress-cpu-us,0.02,steal,qbr,control_cpu_mean,10,4.1336647889639995,4.03883847308635,4.21554845378655,higher
stall,0.85,ingress-cpu-us,0.02,steal,qbr,p999_us,10,-2.0107905186999973,-6.387469215342497,1.650748132985,uncertain
stall,0.85,ingress-cpu-us,0.02,steal,qbr,p99_us,10,-0.6575351989000012,-1.1850104220200002,-0.1691855223350065,lower
stall,0.85,ingress-cpu-us,0.02,steal,qbr,slo_miss_rate,10,-0.11011277961199992,-0.17353801925192486,-0.04607471212492495,lower
stall,0.85,ingress-cpu-us,0.02,steal,threshold,class0_p99_us,10,-0.6144255340300007,-1.0714754120882521,-0.17886964502100108,lower
stall,0.85,ingress-cpu-us,0.02,steal,threshold,control_cpu_mean,10,2.463773240282,2.350135161398376,2.5619053178402744,higher
stall,0.85,ingress-cpu-us,0.02,steal,threshold,p999_us,10,0.8071902321000038,-1.4812457375424928,2.9730236460300046,uncertain
stall,0.85,ingress-cpu-us,0.02,steal,threshold,p99_us,10,-0.35804944709999803,-0.7909314984075004,0.09573427644000775,uncertain
stall,0.85,ingress-cpu-us,0.02,steal,threshold,slo_miss_rate,10,-0.11590850874799999,-0.16379927489082496,-0.07108347050500001,lower
stall,0.85,ingress-cpu-us,0.02,threshold,jbsq,class0_p99_us,10,6.841355781330002,6.161209535150002,7.502462975414253,higher
stall,0.85,ingress-cpu-us,0.02,threshold,jbsq,control_cpu_mean,10,3.963327210737,3.9387250227510253,3.9874996342945748,higher
stall,0.85,ingress-cpu-us,0.02,threshold,jbsq,p999_us,10,2.673764858200002,-0.5613630133349929,6.146085886897489,uncertain
stall,0.85,ingress-cpu-us,0.02,threshold,jbsq,p99_us,10,3.083184675200002,2.61716371429,3.5157547789525063,higher
stall,0.85,ingress-cpu-us,0.02,threshold,jbsq,slo_miss_rate,10,0.5890457791920001,0.5114510146454001,0.6655318547342752,higher
stall,0.85,ingress-cpu-us,0.02,threshold,jsw,class0_p99_us,10,-0.29527653168000045,-0.8868817244070007,0.3057063180170003,uncertain
stall,0.85,ingress-cpu-us,0.02,threshold,jsw,control_cpu_mean,10,3.564927210733001,3.5403250227470253,3.5890996342905743,higher
stall,0.85,ingress-cpu-us,0.02,threshold,jsw,p999_us,10,-3.148764245199993,-5.06323421219999,-1.3105818168999888,lower
stall,0.85,ingress-cpu-us,0.02,threshold,jsw,p99_us,10,-2.5817821651000004,-3.2841520020675046,-1.8507626781599968,lower
stall,0.85,ingress-cpu-us,0.02,threshold,jsw,slo_miss_rate,10,-0.017726948063999992,-0.08935463317985004,0.05464770084795003,uncertain
stall,0.85,ingress-cpu-us,0.02,threshold,qbr,class0_p99_us,10,0.02829524642000152,-0.4800890497952479,0.5260160319952506,uncertain
stall,0.85,ingress-cpu-us,0.02,threshold,qbr,control_cpu_mean,10,1.6698915486819998,1.6481038510841497,1.690540254496525,higher
stall,0.85,ingress-cpu-us,0.02,threshold,qbr,p999_us,10,-2.817980750800001,-6.399965598527502,0.7778641372999991,uncertain
stall,0.85,ingress-cpu-us,0.02,threshold,qbr,p99_us,10,-0.2994857518000032,-0.6752692655400045,0.07975056419249525,uncertain
stall,0.85,ingress-cpu-us,0.02,threshold,qbr,slo_miss_rate,10,0.005795729136000051,-0.0554245171597999,0.06236060980300009,uncertain
stall,0.85,ingress-cpu-us,0.02,threshold,steal,class0_p99_us,10,0.6144255340300007,0.178869645021001,1.0714754120882521,higher
stall,0.85,ingress-cpu-us,0.02,threshold,steal,control_cpu_mean,10,-2.463773240282,-2.5619053178402744,-2.350135161398376,lower
stall,0.85,ingress-cpu-us,0.02,threshold,steal,p999_us,10,-0.8071902321000038,-2.973023646030009,1.4812457375424894,uncertain
stall,0.85,ingress-cpu-us,0.02,threshold,steal,p99_us,10,0.35804944709999803,-0.0957342764400078,0.7909314984075004,uncertain
stall,0.85,ingress-cpu-us,0.02,threshold,steal,slo_miss_rate,10,0.11590850874799999,0.07108347050499998,0.16379927489082488,higher
stall,0.85,ingress-cpu-us,0.1,jbsq,jsw,class0_p99_us,10,-6.886668083229999,-7.676814441663249,-6.063948150675498,lower
stall,0.85,ingress-cpu-us,0.1,jbsq,jsw,control_cpu_mean,10,-0.398400000004,-0.398400000004,-0.398400000004,lower
stall,0.85,ingress-cpu-us,0.1,jbsq,jsw,p999_us,10,-6.475096747600003,-8.731518369330008,-4.486123417817513,lower
stall,0.85,ingress-cpu-us,0.1,jbsq,jsw,p99_us,10,-6.070583646000008,-6.615387563527506,-5.419539303900003,lower
stall,0.85,ingress-cpu-us,0.1,jbsq,jsw,slo_miss_rate,10,-0.6080230972740001,-0.676444177100675,-0.5398484638931752,lower
stall,0.85,ingress-cpu-us,0.1,jbsq,qbr,class0_p99_us,10,-6.4868149528800005,-7.317775943846753,-5.666249507308752,lower
stall,0.85,ingress-cpu-us,0.1,jbsq,qbr,control_cpu_mean,10,-2.301988093431,-2.3143840543685,-2.28987937499,lower
stall,0.85,ingress-cpu-us,0.1,jbsq,qbr,p999_us,10,-7.166037108099999,-9.260214938517493,-5.324874751055016,lower
stall,0.85,ingress-cpu-us,0.1,jbsq,qbr,p99_us,10,-3.520531476800005,-3.9814551477399998,-3.136290438590008,lower
stall,0.85,ingress-cpu-us,0.1,jbsq,qbr,slo_miss_rate,10,-0.5717228140570001,-0.673689528142275,-0.47424513189300005,lower
stall,0.85,ingress-cpu-us,0.1,jbsq,steal,class0_p99_us,10,-6.28472186005,-7.02741729710375,-5.4652899104924995,lower
stall,0.85,ingress-cpu-us,0.1,jbsq,steal,control_cpu_mean,10,-6.421816704935,-6.504461131807801,-6.326939834478675,lower
stall,0.85,ingress-cpu-us,0.1,jbsq,steal,p999_us,10,-3.091678174599997,-5.038185171069998,-1.3259906627699862,lower
stall,0.85,ingress-cpu-us,0.1,jbsq,steal,p99_us,10,-2.635489152300008,-3.2391189480900104,-2.1139831990700113,lower
stall,0.85,ingress-cpu-us,0.1,jbsq,steal,slo_miss_rate,10,-0.524114965044,-0.5961062731757502,-0.45220143876139995,lower
stall,0.85,ingress-cpu-us,0.1,jbsq,threshold,class0_p99_us,10,-6.857485842509999,-7.997305331811248,-5.822259806169,lower
stall,0.85,ingress-cpu-us,0.1,jbsq,threshold,control_cpu_mean,10,-3.9675681733259998,-3.996990220837175,-3.942544505574675,lower
stall,0.85,ingress-cpu-us,0.1,jbsq,threshold,p999_us,10,-6.298953557999999,-8.727515958677502,-3.986959339772508,lower
stall,0.85,ingress-cpu-us,0.1,jbsq,threshold,p99_us,10,-3.2757136844000088,-3.621594137005001,-2.9931645960550117,lower
stall,0.85,ingress-cpu-us,0.1,jbsq,threshold,slo_miss_rate,10,-0.6211397240950001,-0.707738264917,-0.530152092840125,lower
stall,0.85,ingress-cpu-us,0.1,jsw,jbsq,class0_p99_us,10,6.886668083229999,6.063948150675498,7.676814441663248,higher
stall,0.85,ingress-cpu-us,0.1,jsw,jbsq,control_cpu_mean,10,0.398400000004,0.398400000004,0.398400000004,higher
stall,0.85,ingress-cpu-us,0.1,jsw,jbsq,p999_us,10,6.475096747600003,4.486123417817512,8.731518369330008,higher
stall,0.85,ingress-cpu-us,0.1,jsw,jbsq,p99_us,10,6.070583646000008,5.419539303900003,6.615387563527506,higher
stall,0.85,ingress-cpu-us,0.1,jsw,jbsq,slo_miss_rate,10,0.6080230972740001,0.5398484638931751,0.676444177100675,higher
stall,0.85,ingress-cpu-us,0.1,jsw,qbr,class0_p99_us,10,0.39985313034999875,-0.13941891453000324,0.8996666756764985,uncertain
stall,0.85,ingress-cpu-us,0.1,jsw,qbr,control_cpu_mean,10,-1.903588093427,-1.9159840543645,-1.8914793749860002,lower
stall,0.85,ingress-cpu-us,0.1,jsw,qbr,p999_us,10,-0.6909403604999966,-3.792856593934996,2.2303369225999927,uncertain
stall,0.85,ingress-cpu-us,0.1,jsw,qbr,p99_us,10,2.5500521692000033,1.774941634550004,3.2675656980600016,higher
stall,0.85,ingress-cpu-us,0.1,jsw,qbr,slo_miss_rate,10,0.036300283217000004,-0.036601618728025025,0.10147785785392491,uncertain
stall,0.85,ingress-cpu-us,0.1,jsw,steal,class0_p99_us,10,0.6019462231799991,0.07423397280349898,1.0182750085222503,higher
stall,0.85,ingress-cpu-us,0.1,jsw,steal,control_cpu_mean,10,-6.023416704931,-6.1060611318038,-5.928539834474675,lower
stall,0.85,ingress-cpu-us,0.1,jsw,steal,p999_us,10,3.383418573000006,1.9016777351300067,4.8798896317225,higher
stall,0.85,ingress-cpu-us,0.1,jsw,steal,p99_us,10,3.4350944937000008,2.5806042646924987,4.200526169934998,higher
stall,0.85,ingress-cpu-us,0.1,jsw,steal,slo_miss_rate,10,0.08390813223000007,0.029985616901000083,0.126120374323025,higher
stall,0.85,ingress-cpu-us,0.1,jsw,threshold,class0_p99_us,10,0.02918224072000015,-0.50299590343675,0.5541846178000001,uncertain
stall,0.85,ingress-cpu-us,0.1,jsw,threshold,control_cpu_mean,10,-3.569168173322,-3.598590220833175,-3.5441445055706757,lower
stall,0.85,ingress-cpu-us,0.1,jsw,threshold,p999_us,10,0.17614318960000333,-2.272936017237502,2.6137333946900068,uncertain
stall,0.85,ingress-cpu-us,0.1,jsw,threshold,p99_us,10,2.7948699616,2.0961292354999985,3.4542291015649997,higher
stall,0.85,ingress-cpu-us,0.1,jsw,threshold,slo_miss_rate,10,-0.013116626820999908,-0.08080985617522492,0.052025146084075095,uncertain
stall,0.85,ingress-cpu-us,0.1,qbr,jbsq,class0_p99_us,10,6.4868149528800005,5.666249507308749,7.317775943846752,higher
stall,0.85,ingress-cpu-us,0.1,qbr,jbsq,control_cpu_mean,10,2.301988093431,2.28987937499,2.3143840543685,higher
stall,0.85,ingress-cpu-us,0.1,qbr,jbsq,p999_us,10,7.166037108099999,5.324874751055016,9.260214938517493,higher
stall,0.85,ingress-cpu-us,0.1,qbr,jbsq,p99_us,10,3.520531476800005,3.136290438590008,3.9814551477399998,higher
stall,0.85,ingress-cpu-us,0.1,qbr,jbsq,slo_miss_rate,10,0.5717228140570001,0.47424513189300005,0.673689528142275,higher
stall,0.85,ingress-cpu-us,0.1,qbr,jsw,class0_p99_us,10,-0.39985313034999875,-0.8996666756764989,0.13941891453000324,uncertain
stall,0.85,ingress-cpu-us,0.1,qbr,jsw,control_cpu_mean,10,1.903588093427,1.8914793749860002,1.9159840543645,higher
stall,0.85,ingress-cpu-us,0.1,qbr,jsw,p999_us,10,0.6909403604999966,-2.2303369225999927,3.7928565939349945,uncertain
stall,0.85,ingress-cpu-us,0.1,qbr,jsw,p99_us,10,-2.5500521692000033,-3.2675656980600016,-1.7749416345500044,lower
stall,0.85,ingress-cpu-us,0.1,qbr,jsw,slo_miss_rate,10,-0.036300283217000004,-0.10147785785392506,0.03660161872802496,uncertain
stall,0.85,ingress-cpu-us,0.1,qbr,steal,class0_p99_us,10,0.20209309283000038,-0.28782967535125004,0.6623848499160012,uncertain
stall,0.85,ingress-cpu-us,0.1,qbr,steal,control_cpu_mean,10,-4.1198286115039995,-4.2034264421718746,-4.0197254879501,lower
stall,0.85,ingress-cpu-us,0.1,qbr,steal,p999_us,10,4.074358933500003,1.9791713205125065,6.273067877534993,higher
stall,0.85,ingress-cpu-us,0.1,qbr,steal,p99_us,10,0.8850423244999973,0.6236644961099985,1.164159782274994,higher
stall,0.85,ingress-cpu-us,0.1,qbr,steal,slo_miss_rate,10,0.04760784901300006,-0.01906825959294996,0.1112743187782001,uncertain
stall,0.85,ingress-cpu-us,0.1,qbr,threshold,class0_p99_us,10,-0.3706708896299986,-1.0108409978404966,0.2626519866955001,uncertain
stall,0.85,ingress-cpu-us,0.1,qbr,threshold,control_cpu_mean,10,-1.665580079895,-1.69070592542205,-1.6423226277238006,lower
stall,0.85,ingress-cpu-us,0.1,qbr,threshold,p999_us,10,0.8670835500999999,-1.8338994335174934,3.3012196532424944,uncertain
stall,0.85,ingress-cpu-us,0.1,qbr,threshold,p99_us,10,0.2448177923999964,-0.09472616644500477,0.5609179794849952,uncertain
stall,0.85,ingress-cpu-us,0.1,qbr,threshold,slo_miss_rate,10,-0.04941691003799992,-0.13184295985404987,0.0384854787894,uncertain
stall,0.85,ingress-cpu-us,0.1,steal,jbsq,class0_p99_us,10,6.28472186005,5.4652899104924995,7.02741729710375,higher
stall,0.85,ingress-cpu-us,0.1,steal,jbsq,control_cpu_mean,10,6.421816704935,6.326939834478675,6.504461131807801,higher
stall,0.85,ingress-cpu-us,0.1,steal,jbsq,p999_us,10,3.091678174599997,1.3259906627699862,5.038185171069997,higher
stall,0.85,ingress-cpu-us,0.1,steal,jbsq,p99_us,10,2.635489152300008,2.113983199070011,3.2391189480900096,higher
stall,0.85,ingress-cpu-us,0.1,steal,jbsq,slo_miss_rate,10,0.524114965044,0.45220143876139995,0.59610627317575,higher
stall,0.85,ingress-cpu-us,0.1,steal,jsw,class0_p99_us,10,-0.6019462231799991,-1.0182750085222503,-0.07423397280349944,lower
stall,0.85,ingress-cpu-us,0.1,steal,jsw,control_cpu_mean,10,6.023416704931,5.928539834474675,6.1060611318038,higher
stall,0.85,ingress-cpu-us,0.1,steal,jsw,p999_us,10,-3.383418573000006,-4.8798896317225005,-1.9016777351300074,lower
stall,0.85,ingress-cpu-us,0.1,steal,jsw,p99_us,10,-3.4350944937000008,-4.200526169934998,-2.5806042646924996,lower
stall,0.85,ingress-cpu-us,0.1,steal,jsw,slo_miss_rate,10,-0.08390813223000007,-0.1261203743230251,-0.029985616901000083,lower
stall,0.85,ingress-cpu-us,0.1,steal,qbr,class0_p99_us,10,-0.20209309283000038,-0.6623848499160013,0.28782967535124976,uncertain
stall,0.85,ingress-cpu-us,0.1,steal,qbr,control_cpu_mean,10,4.1198286115039995,4.0197254879501,4.2034264421718746,higher
stall,0.85,ingress-cpu-us,0.1,steal,qbr,p999_us,10,-4.074358933500003,-6.273067877534994,-1.9791713205125079,lower
stall,0.85,ingress-cpu-us,0.1,steal,qbr,p99_us,10,-0.8850423244999973,-1.1641597822749943,-0.6236644961099987,lower
stall,0.85,ingress-cpu-us,0.1,steal,qbr,slo_miss_rate,10,-0.04760784901300006,-0.11127431877820013,0.019068259592949947,uncertain
stall,0.85,ingress-cpu-us,0.1,steal,threshold,class0_p99_us,10,-0.572763982459999,-1.2935741785242474,0.13925887857425137,uncertain
stall,0.85,ingress-cpu-us,0.1,steal,threshold,control_cpu_mean,10,2.4542485316089997,2.3323257918133256,2.558346871555,higher
stall,0.85,ingress-cpu-us,0.1,steal,threshold,p999_us,10,-3.2072753834000025,-5.986125966492503,-0.9722908665349991,lower
stall,0.85,ingress-cpu-us,0.1,steal,threshold,p99_us,10,-0.640224532100001,-1.0933142635899984,-0.22577342837499692,lower
stall,0.85,ingress-cpu-us,0.1,steal,threshold,slo_miss_rate,10,-0.09702475905099997,-0.18023140494177503,-0.007777981501300006,lower
stall,0.85,ingress-cpu-us,0.1,threshold,jbsq,class0_p99_us,10,6.857485842509999,5.822259806168999,7.997305331811247,higher
stall,0.85,ingress-cpu-us,0.1,threshold,jbsq,control_cpu_mean,10,3.9675681733259998,3.942544505574675,3.996990220837175,higher
stall,0.85,ingress-cpu-us,0.1,threshold,jbsq,p999_us,10,6.298953557999999,3.9869593397725045,8.727515958677502,higher
stall,0.85,ingress-cpu-us,0.1,threshold,jbsq,p99_us,10,3.2757136844000088,2.9931645960550113,3.621594137005001,higher
stall,0.85,ingress-cpu-us,0.1,threshold,jbsq,slo_miss_rate,10,0.6211397240950001,0.530152092840125,0.707738264917,higher
stall,0.85,ingress-cpu-us,0.1,threshold,jsw,class0_p99_us,10,-0.02918224072000015,-0.5541846178000001,0.5029959034367497,uncertain
stall,0.85,ingress-cpu-us,0.1,threshold,jsw,control_cpu_mean,10,3.569168173322,3.5441445055706757,3.598590220833175,higher
stall,0.85,ingress-cpu-us,0.1,threshold,jsw,p999_us,10,-0.17614318960000333,-2.613733394690009,2.2729360172375013,uncertain
stall,0.85,ingress-cpu-us,0.1,threshold,jsw,p99_us,10,-2.7948699616,-3.4542291015649997,-2.0961292354999985,lower
stall,0.85,ingress-cpu-us,0.1,threshold,jsw,slo_miss_rate,10,0.013116626820999908,-0.052025146084075095,0.0808098561752249,uncertain
stall,0.85,ingress-cpu-us,0.1,threshold,qbr,class0_p99_us,10,0.3706708896299986,-0.26265198669550016,1.0108409978404955,uncertain
stall,0.85,ingress-cpu-us,0.1,threshold,qbr,control_cpu_mean,10,1.665580079895,1.6423226277238006,1.69070592542205,higher
stall,0.85,ingress-cpu-us,0.1,threshold,qbr,p999_us,10,-0.8670835500999999,-3.301219653242495,1.8338994335174923,uncertain
stall,0.85,ingress-cpu-us,0.1,threshold,qbr,p99_us,10,-0.2448177923999964,-0.5609179794849953,0.09472616644500471,uncertain
stall,0.85,ingress-cpu-us,0.1,threshold,qbr,slo_miss_rate,10,0.04941691003799992,-0.03848547878940001,0.13184295985404976,uncertain
stall,0.85,ingress-cpu-us,0.1,threshold,steal,class0_p99_us,10,0.572763982459999,-0.13925887857425157,1.293574178524247,uncertain
stall,0.85,ingress-cpu-us,0.1,threshold,steal,control_cpu_mean,10,-2.4542485316089997,-2.558346871555,-2.3323257918133256,lower
stall,0.85,ingress-cpu-us,0.1,threshold,steal,p999_us,10,3.2072753834000025,0.9722908665349985,5.986125966492503,higher
stall,0.85,ingress-cpu-us,0.1,threshold,steal,p99_us,10,0.640224532100001,0.22577342837499692,1.0933142635899984,higher
stall,0.85,ingress-cpu-us,0.1,threshold,steal,slo_miss_rate,10,0.09702475905099997,0.007777981501299972,0.180231404941775,higher
stall,0.85,ingress-cpu-us,0.25,jbsq,jsw,class0_p99_us,10,2465.725598399,2460.03943275375,2472.0194823591755,higher
stall,0.85,ingress-cpu-us,0.25,jbsq,jsw,control_cpu_mean,10,-0.398400000004,-0.398400000004,-0.398400000004,lower
stall,0.85,ingress-cpu-us,0.25,jbsq,jsw,p999_us,10,2452.3047577040006,2445.613445169,2459.084020642425,higher
stall,0.85,ingress-cpu-us,0.25,jbsq,jsw,p99_us,10,2439.654823796,2429.649674852925,2448.6138450850503,higher
stall,0.85,ingress-cpu-us,0.25,jbsq,jsw,slo_miss_rate,10,0.0,0.0,0.0,uncertain
stall,0.85,ingress-cpu-us,0.25,jbsq,qbr,class0_p99_us,10,2465.905007631,2460.1092733627506,2472.374446797475,higher
stall,0.85,ingress-cpu-us,0.25,jbsq,qbr,control_cpu_mean,10,-2.2048660131720004,-2.21533712365825,-2.1958582172803998,lower
stall,0.85,ingress-cpu-us,0.25,jbsq,qbr,p999_us,10,2452.4551653930002,2445.812262597375,2459.0223804538,higher
stall,0.85,ingress-cpu-us,0.25,jbsq,qbr,p99_us,10,2440.5145266530003,2430.6436501344747,2449.2442485963,higher
stall,0.85,ingress-cpu-us,0.25,jbsq,qbr,slo_miss_rate,10,0.0,0.0,0.0,uncertain
stall,0.85,ingress-cpu-us,0.25,jbsq,steal,class0_p99_us,10,2466.758581659,2460.9444321662245,2473.275936730325,higher
stall,0.85,ingress-cpu-us,0.25,jbsq,steal,control_cpu_mean,10,-7.616449156023999,-7.6628876015401,-7.567020418467751,lower
stall,0.85,ingress-cpu-us,0.25,jbsq,steal,p999_us,10,2453.0021887210005,2446.67369282035,2459.2352011936505,higher
stall,0.85,ingress-cpu-us,0.25,jbsq,steal,p99_us,10,2440.6828187900005,2430.8139019514247,2449.4350627702747,higher
stall,0.85,ingress-cpu-us,0.25,jbsq,steal,slo_miss_rate,10,0.0,0.0,0.0,uncertain
stall,0.85,ingress-cpu-us,0.25,jbsq,threshold,class0_p99_us,10,2465.8986996539998,2460.157259845175,2472.1932880232002,higher
stall,0.85,ingress-cpu-us,0.25,jbsq,threshold,control_cpu_mean,10,-3.4485166657820003,-3.461976238395125,-3.4350337482914752,lower
stall,0.85,ingress-cpu-us,0.25,jbsq,threshold,p999_us,10,2452.500711301,2446.0117739737752,2459.2681806474,higher
stall,0.85,ingress-cpu-us,0.25,jbsq,threshold,p99_us,10,2440.690530161,2430.9925711947244,2449.3218503548997,higher
stall,0.85,ingress-cpu-us,0.25,jbsq,threshold,slo_miss_rate,10,0.0,0.0,0.0,uncertain
stall,0.85,ingress-cpu-us,0.25,jsw,jbsq,class0_p99_us,10,-2465.725598399,-2472.0194823591755,-2460.03943275375,lower
stall,0.85,ingress-cpu-us,0.25,jsw,jbsq,control_cpu_mean,10,0.398400000004,0.398400000004,0.398400000004,higher
stall,0.85,ingress-cpu-us,0.25,jsw,jbsq,p999_us,10,-2452.3047577040006,-2459.084020642425,-2445.613445169,lower
stall,0.85,ingress-cpu-us,0.25,jsw,jbsq,p99_us,10,-2439.654823796,-2448.6138450850503,-2429.649674852925,lower
stall,0.85,ingress-cpu-us,0.25,jsw,jbsq,slo_miss_rate,10,0.0,0.0,0.0,uncertain
stall,0.85,ingress-cpu-us,0.25,jsw,qbr,class0_p99_us,10,0.17940923199998907,0.0,0.5382276959999672,uncertain
stall,0.85,ingress-cpu-us,0.25,jsw,qbr,control_cpu_mean,10,-1.806466013168,-1.8169371236542498,-1.7974582172764002,lower
stall,0.85,ingress-cpu-us,0.25,jsw,qbr,p999_us,10,0.1504076890000306,-0.6423052629999347,0.919592769000019,uncertain
stall,0.85,ingress-cpu-us,0.25,jsw,qbr,p99_us,10,0.8597028570000248,0.3358218090000264,1.3835921078500233,higher
stall,0.85,ingress-cpu-us,0.25,jsw,qbr,slo_miss_rate,10,0.0,0.0,0.0,uncertain
stall,0.85,ingress-cpu-us,0.25,jsw,steal,class0_p99_us,10,1.0329832599999917,0.5047360889999709,1.5523883235749745,higher
stall,0.85,ingress-cpu-us,0.25,jsw,steal,control_cpu_mean,10,-7.218049156019999,-7.2644876015361,-7.16862041846375,lower
stall,0.85,ingress-cpu-us,0.25,jsw,steal,p999_us,10,0.6974310170000309,-0.40077858199995264,1.825463098074996,uncertain
stall,0.85,ingress-cpu-us,0.25,jsw,steal,p99_us,10,1.027994994000028,0.5005593390000058,1.5391589458500503,higher
stall,0.85,ingress-cpu-us,0.25,jsw,steal,slo_miss_rate,10,0.0,0.0,0.0,uncertain
stall,0.85,ingress-cpu-us,0.25,jsw,threshold,class0_p99_us,10,0.17310125499998322,-0.33826602199999345,0.6944467100499562,uncertain
stall,0.85,ingress-cpu-us,0.25,jsw,threshold,control_cpu_mean,10,-3.050116665778,-3.063576238391125,-3.0366337482874752,lower
stall,0.85,ingress-cpu-us,0.25,jsw,threshold,p999_us,10,0.19595359700001608,-0.5420022629999949,0.9390866430000188,uncertain
stall,0.85,ingress-cpu-us,0.25,jsw,threshold,p99_us,10,1.03570636500001,0.511497202999999,1.5584271219500323,higher
stall,0.85,ingress-cpu-us,0.25,jsw,threshold,slo_miss_rate,10,0.0,0.0,0.0,uncertain
stall,0.85,ingress-cpu-us,0.25,qbr,jbsq,class0_p99_us,10,-2465.905007631,-2472.374446797475,-2460.1092733627506,lower
stall,0.85,ingress-cpu-us,0.25,qbr,jbsq,control_cpu_mean,10,2.2048660131720004,2.1958582172803998,2.21533712365825,higher
stall,0.85,ingress-cpu-us,0.25,qbr,jbsq,p999_us,10,-2452.4551653930002,-2459.0223804538,-2445.812262597375,lower
stall,0.85,ingress-cpu-us,0.25,qbr,jbsq,p99_us,10,-2440.5145266530003,-2449.2442485963,-2430.6436501344747,lower
stall,0.85,ingress-cpu-us,0.25,qbr,jbsq,slo_miss_rate,10,0.0,0.0,0.0,uncertain
stall,0.85,ingress-cpu-us,0.25,qbr,jsw,class0_p99_us,10,-0.17940923199998907,-0.5382276959999672,0.0,uncertain
stall,0.85,ingress-cpu-us,0.25,qbr,jsw,control_cpu_mean,10,1.806466013168,1.7974582172764002,1.8169371236542498,higher
stall,0.85,ingress-cpu-us,0.25,qbr,jsw,p999_us,10,-0.1504076890000306,-0.919592769000019,0.6423052629999347,uncertain
stall,0.85,ingress-cpu-us,0.25,qbr,jsw,p99_us,10,-0.8597028570000248,-1.3835921078500235,-0.3358218090000264,lower
stall,0.85,ingress-cpu-us,0.25,qbr,jsw,slo_miss_rate,10,0.0,0.0,0.0,uncertain
stall,0.85,ingress-cpu-us,0.25,qbr,steal,class0_p99_us,10,0.8535740280000027,0.3318157059999976,1.3848861560000567,higher
stall,0.85,ingress-cpu-us,0.25,qbr,steal,control_cpu_mean,10,-5.411583142852,-5.461279305695876,-5.358755092640325,lower
stall,0.85,ingress-cpu-us,0.25,qbr,steal,p999_us,10,0.5470233280000002,-0.401034671800013,1.6390282732000172,uncertain
stall,0.85,ingress-cpu-us,0.25,qbr,steal,p99_us,10,0.1682921370000031,0.0,0.5048764110000092,uncertain
stall,0.85,ingress-cpu-us,0.25,qbr,steal,slo_miss_rate,10,0.0,0.0,0.0,uncertain
stall,0.85,ingress-cpu-us,0.25,qbr,threshold,class0_p99_us,10,-0.006307977000005849,-0.6960762439999598,0.6834602899999481,uncertain
stall,0.85,ingress-cpu-us,0.25,qbr,threshold,control_cpu_mean,10,-1.24365065261,-1.257875995236625,-1.2283829482571251,lower
stall,0.85,ingress-cpu-us,0.25,qbr,threshold,p999_us,10,0.0455459079999855,-0.8688891365999643,0.9559438694999823,uncertain
stall,0.85,ingress-cpu-us,0.25,qbr,threshold,p99_us,10,0.17600350799998524,-0.3462637530000393,0.7061749242749886,uncertain
stall,0.85,ingress-cpu-us,0.25,qbr,threshold,slo_miss_rate,10,0.0,0.0,0.0,uncertain
stall,0.85,ingress-cpu-us,0.25,steal,jbsq,class0_p99_us,10,-2466.758581659,-2473.275936730325,-2460.9444321662245,lower
stall,0.85,ingress-cpu-us,0.25,steal,jbsq,control_cpu_mean,10,7.616449156023999,7.567020418467751,7.6628876015401,higher
stall,0.85,ingress-cpu-us,0.25,steal,jbsq,p999_us,10,-2453.0021887210005,-2459.2352011936505,-2446.67369282035,lower
stall,0.85,ingress-cpu-us,0.25,steal,jbsq,p99_us,10,-2440.6828187900005,-2449.4350627702747,-2430.8139019514247,lower
stall,0.85,ingress-cpu-us,0.25,steal,jbsq,slo_miss_rate,10,0.0,0.0,0.0,uncertain
stall,0.85,ingress-cpu-us,0.25,steal,jsw,class0_p99_us,10,-1.0329832599999917,-1.5523883235749747,-0.5047360889999709,lower
stall,0.85,ingress-cpu-us,0.25,steal,jsw,control_cpu_mean,10,7.218049156019999,7.16862041846375,7.2644876015361,higher
stall,0.85,ingress-cpu-us,0.25,steal,jsw,p999_us,10,-0.6974310170000309,-1.8254630980749966,0.40077858199995264,uncertain
stall,0.85,ingress-cpu-us,0.25,steal,jsw,p99_us,10,-1.027994994000028,-1.5391589458500505,-0.5005593390000058,lower
stall,0.85,ingress-cpu-us,0.25,steal,jsw,slo_miss_rate,10,0.0,0.0,0.0,uncertain
stall,0.85,ingress-cpu-us,0.25,steal,qbr,class0_p99_us,10,-0.8535740280000027,-1.384886156000057,-0.3318157059999976,lower
stall,0.85,ingress-cpu-us,0.25,steal,qbr,control_cpu_mean,10,5.411583142852,5.358755092640325,5.461279305695876,higher
stall,0.85,ingress-cpu-us,0.25,steal,qbr,p999_us,10,-0.5470233280000002,-1.6390282732000172,0.4010346718000122,uncertain
stall,0.85,ingress-cpu-us,0.25,steal,qbr,p99_us,10,-0.1682921370000031,-0.5048764110000092,0.0,uncertain
stall,0.85,ingress-cpu-us,0.25,steal,qbr,slo_miss_rate,10,0.0,0.0,0.0,uncertain
stall,0.85,ingress-cpu-us,0.25,steal,threshold,class0_p99_us,10,-0.8598820050000086,-1.3905694994750224,-0.33711544099999174,lower
stall,0.85,ingress-cpu-us,0.25,steal,threshold,control_cpu_mean,10,4.167932490241999,4.1109135366605,4.2192771256134005,higher
stall,0.85,ingress-cpu-us,0.25,steal,threshold,p999_us,10,-0.5014774200000147,-1.5897341639999922,0.4604289352999137,uncertain
stall,0.85,ingress-cpu-us,0.25,steal,threshold,p99_us,10,0.0077113709999821365,-0.5145558900000424,0.5376900029999888,uncertain
stall,0.85,ingress-cpu-us,0.25,steal,threshold,slo_miss_rate,10,0.0,0.0,0.0,uncertain
stall,0.85,ingress-cpu-us,0.25,threshold,jbsq,class0_p99_us,10,-2465.8986996539998,-2472.1932880232002,-2460.157259845175,lower
stall,0.85,ingress-cpu-us,0.25,threshold,jbsq,control_cpu_mean,10,3.4485166657820003,3.4350337482914752,3.461976238395125,higher
stall,0.85,ingress-cpu-us,0.25,threshold,jbsq,p999_us,10,-2452.500711301,-2459.2681806474,-2446.0117739737752,lower
stall,0.85,ingress-cpu-us,0.25,threshold,jbsq,p99_us,10,-2440.690530161,-2449.3218503548997,-2430.9925711947244,lower
stall,0.85,ingress-cpu-us,0.25,threshold,jbsq,slo_miss_rate,10,0.0,0.0,0.0,uncertain
stall,0.85,ingress-cpu-us,0.25,threshold,jsw,class0_p99_us,10,-0.17310125499998322,-0.6944467100499566,0.33826602199999345,uncertain
stall,0.85,ingress-cpu-us,0.25,threshold,jsw,control_cpu_mean,10,3.050116665778,3.0366337482874752,3.063576238391125,higher
stall,0.85,ingress-cpu-us,0.25,threshold,jsw,p999_us,10,-0.19595359700001608,-0.9390866430000188,0.5420022629999949,uncertain
stall,0.85,ingress-cpu-us,0.25,threshold,jsw,p99_us,10,-1.03570636500001,-1.5584271219500323,-0.511497202999999,lower
stall,0.85,ingress-cpu-us,0.25,threshold,jsw,slo_miss_rate,10,0.0,0.0,0.0,uncertain
stall,0.85,ingress-cpu-us,0.25,threshold,qbr,class0_p99_us,10,0.006307977000005849,-0.6834602899999481,0.6960762439999598,uncertain
stall,0.85,ingress-cpu-us,0.25,threshold,qbr,control_cpu_mean,10,1.24365065261,1.2283829482571251,1.257875995236625,higher
stall,0.85,ingress-cpu-us,0.25,threshold,qbr,p999_us,10,-0.0455459079999855,-0.9559438694999823,0.8688891365999641,uncertain
stall,0.85,ingress-cpu-us,0.25,threshold,qbr,p99_us,10,-0.17600350799998524,-0.7061749242749914,0.3462637530000393,uncertain
stall,0.85,ingress-cpu-us,0.25,threshold,qbr,slo_miss_rate,10,0.0,0.0,0.0,uncertain
stall,0.85,ingress-cpu-us,0.25,threshold,steal,class0_p99_us,10,0.8598820050000086,0.33711544099999174,1.3905694994750224,higher
stall,0.85,ingress-cpu-us,0.25,threshold,steal,control_cpu_mean,10,-4.167932490241999,-4.2192771256134005,-4.1109135366605,lower
stall,0.85,ingress-cpu-us,0.25,threshold,steal,p999_us,10,0.5014774200000147,-0.46042893529991374,1.5897341639999922,uncertain
stall,0.85,ingress-cpu-us,0.25,threshold,steal,p99_us,10,-0.0077113709999821365,-0.5376900029999888,0.5145558900000424,uncertain
stall,0.85,ingress-cpu-us,0.25,threshold,steal,slo_miss_rate,10,0.0,0.0,0.0,uncertain
stall,0.85,max-batch,1,jbsq,jsw,class0_p99_us,10,-7.136632313010002,-7.608079829190499,-6.631394072489502,lower
stall,0.85,max-batch,1,jbsq,jsw,control_cpu_mean,10,-0.398400000004,-0.398400000004,-0.398400000004,lower
stall,0.85,max-batch,1,jbsq,jsw,p999_us,10,-5.8225291033999955,-9.322540060342506,-2.456473815197506,lower
stall,0.85,max-batch,1,jbsq,jsw,p99_us,10,-5.664966840300002,-6.146588176487499,-5.0904120897025,lower
stall,0.85,max-batch,1,jbsq,jsw,slo_miss_rate,10,-0.606772727256,-0.6933930778638,-0.5160750257150001,lower
stall,0.85,max-batch,1,jbsq,qbr,class0_p99_us,10,-6.252232822410001,-6.784865126240251,-5.722945902346502,lower
stall,0.85,max-batch,1,jbsq,qbr,control_cpu_mean,10,-2.247385932827,-2.2561723600998254,-2.2384013993025005,lower
stall,0.85,max-batch,1,jbsq,qbr,p999_us,10,-4.7148611519999974,-7.689896491054995,-1.9238106058299986,lower
stall,0.85,max-batch,1,jbsq,qbr,p99_us,10,-3.894363978900009,-4.399408178132506,-3.4554661385550056,lower
stall,0.85,max-batch,1,jbsq,qbr,slo_miss_rate,10,-0.492667228224,-0.56928181462,-0.41711889876582503,lower
stall,0.85,max-batch,1,jbsq,steal,class0_p99_us,10,-6.086614336800001,-6.710851330029501,-5.392056776427249,lower
stall,0.85,max-batch,1,jbsq,steal,control_cpu_mean,10,-4.836735647896999,-4.88318011314245,-4.782420205411125,lower
stall,0.85,max-batch,1,jbsq,steal,p999_us,10,-5.307043412900003,-8.346293632577497,-2.3043243266625093,lower
stall,0.85,max-batch,1,jbsq,steal,p99_us,10,-3.4803287621000036,-3.9571613082875055,-3.0601528266775024,lower
stall,0.85,max-batch,1,jbsq,steal,slo_miss_rate,10,-0.44612394907800007,-0.501063557939225,-0.38535476994007506,lower
stall,0.85,max-batch,1,jbsq,threshold,class0_p99_us,10,-6.548619797180001,-7.061728874308001,-5.888734612802254,lower
stall,0.85,max-batch,1,jbsq,threshold,control_cpu_mean,10,-3.6578823600710004,-3.6929312525228246,-3.62603221928745,lower
stall,0.85,max-batch,1,jbsq,threshold,p999_us,10,-3.1650046589999987,-6.79084754357749,0.3637209448800048,uncertain
stall,0.85,max-batch,1,jbsq,threshold,p99_us,10,-3.8939721186000043,-4.329783557537507,-3.4467008142249993,lower
stall,0.85,max-batch,1,jbsq,threshold,slo_miss_rate,10,-0.530898090295,-0.5927300354644751,-0.47667176498032515,lower
stall,0.85,max-batch,1,jsw,jbsq,class0_p99_us,10,7.136632313010002,6.631394072489502,7.608079829190499,higher
stall,0.85,max-batch,1,jsw,jbsq,control_cpu_mean,10,0.398400000004,0.398400000004,0.398400000004,higher
stall,0.85,max-batch,1,jsw,jbsq,p999_us,10,5.8225291033999955,2.456473815197503,9.322540060342504,higher
stall,0.85,max-batch,1,jsw,jbsq,p99_us,10,5.664966840300002,5.0904120897025,6.146588176487499,higher
stall,0.85,max-batch,1,jsw,jbsq,slo_miss_rate,10,0.606772727256,0.516075025715,0.6933930778638,higher
stall,0.85,max-batch,1,jsw,qbr,class0_p99_us,10,0.8843994906000013,0.37047959835000055,1.4196109882765011,higher
stall,0.85,max-batch,1,jsw,qbr,control_cpu_mean,10,-1.848985932823,-1.857772360095825,-1.8400013992985,lower
stall,0.85,max-batch,1,jsw,qbr,p999_us,10,1.1076679513999976,-1.5543097463000037,3.9387768848099998,uncertain
stall,0.85,max-batch,1,jsw,qbr,p99_us,10,1.7706028613999933,1.0672924238274877,2.476790729619995,higher
stall,0.85,max-batch,1,jsw,qbr,slo_miss_rate,10,0.11410549903199999,0.05874770814987503,0.176189043246175,higher
stall,0.85,max-batch,1,jsw,steal,class0_p99_us,10,1.050017976210001,0.5006172031447496,1.6016348121960013,higher
stall,0.85,max-batch,1,jsw,steal,control_cpu_mean,10,-4.438335647893001,-4.48478011313845,-4.384020205407126,lower
stall,0.85,max-batch,1,jsw,steal,p999_us,10,0.5154856904999917,-2.9114412193800088,3.71397735525498,uncertain
stall,0.85,max-batch,1,jsw,steal,p99_us,10,2.184638078199998,1.4388093841799965,2.890643923705003,higher
stall,0.85,max-batch,1,jsw,steal,slo_miss_rate,10,0.16064877817800002,0.08183196575677507,0.24676106764325006,higher
stall,0.85,max-batch,1,jsw,threshold,class0_p99_us,10,0.5880125158300004,0.13417630255974997,1.0271706058435,higher
stall,0.85,max-batch,1,jsw,threshold,control_cpu_mean,10,-3.2594823600670004,-3.2945312525188246,-3.22763221928345,lower
stall,0.85,max-batch,1,jsw,threshold,p999_us,10,2.6575244443999964,-0.1600647739150034,5.256772794869983,uncertain
stall,0.85,max-batch,1,jsw,threshold,p99_us,10,1.770994721699998,1.2335345636999933,2.361190089355008,higher
stall,0.85,max-batch,1,jsw,threshold,slo_miss_rate,10,0.07587463696099997,0.011139905348499944,0.14208545709144987,higher
stall,0.85,max-batch,1,qbr,jbsq,class0_p99_us,10,6.252232822410001,5.722945902346501,6.78486512624025,higher
stall,0.85,max-batch,1,qbr,jbsq,control_cpu_mean,10,2.247385932827,2.2384013993025005,2.2561723600998254,higher
stall,0.85,max-batch,1,qbr,jbsq,p999_us,10,4.7148611519999974,1.9238106058299975,7.689896491054994,higher
stall,0.85,max-batch,1,qbr,jbsq,p99_us,10,3.894363978900009,3.4554661385550043,4.399408178132506,higher
stall,0.85,max-batch,1,qbr,jbsq,slo_miss_rate,10,0.492667228224,0.417118898765825,0.5692818146199999,higher
stall,0.85,max-batch,1,qbr,jsw,class0_p99_us,10,-0.8843994906000013,-1.419610988276502,-0.37047959835000055,lower
stall,0.85,max-batch,1,qbr,jsw,control_cpu_mean,10,1.848985932823,1.8400013992985,1.857772360095825,higher
stall,0.85,max-batch,1,qbr,jsw,p999_us,10,-1.1076679513999976,-3.938776884810001,1.5543097463000037,uncertain
stall,0.85,max-batch,1,qbr,jsw,p99_us,10,-1.7706028613999933,-2.476790729619995,-1.0672924238274877,lower
stall,0.85,max-batch,1,qbr,jsw,slo_miss_rate,10,-0.11410549903199999,-0.17618904324617501,-0.05874770814987508,lower
stall,0.85,max-batch,1,qbr,steal,class0_p99_us,10,0.16561848560999975,-0.3263230079082514,0.5951609283937507,uncertain
stall,0.85,max-batch,1,qbr,steal,control_cpu_mean,10,-2.58934971507,-2.6431466281956744,-2.527331159308425,lower
stall,0.85,max-batch,1,qbr,steal,p999_us,10,-0.592182260900006,-3.964409357675008,2.2638214636475,uncertain
stall,0.85,max-batch,1,qbr,steal,p99_us,10,0.41403521680000493,0.1119341378125069,0.7707741655125039,higher
stall,0.85,max-batch,1,qbr,steal,slo_miss_rate,10,0.04654327914600005,-0.014040459912099923,0.10223205411700012,uncertain
stall,0.85,max-batch,1,qbr,threshold,class0_p99_us,10,-0.2963869747700009,-0.747887556265002,0.18945078359874817,uncertain
stall,0.85,max-batch,1,qbr,threshold,control_cpu_mean,10,-1.410496427244,-1.4381969778232748,-1.38455955650345,lower
stall,0.85,max-batch,1,qbr,threshold,p999_us,10,1.5498564929999987,-1.7078467717499957,4.764962477807486,uncertain
stall,0.85,max-batch,1,qbr,threshold,p99_us,10,0.0003918603000045096,-0.5081251676674953,0.47203267297500373,uncertain
stall,0.85,max-batch,1,qbr,threshold,slo_miss_rate,10,-0.03823086207100002,-0.089803128348425,0.016874997643675026,uncertain
stall,0.85,max-batch,1,steal,jbsq,class0_p99_us,10,6.086614336800001,5.392056776427249,6.710851330029501,higher
stall,0.85,max-batch,1,steal,jbsq,control_cpu_mean,10,4.836735647896999,4.782420205411125,4.88318011314245,higher
stall,0.85,max-batch,1,steal,jbsq,p999_us,10,5.307043412900003,2.3043243266625053,8.346293632577495,higher
stall,0.85,max-batch,1,steal,jbsq,p99_us,10,3.4803287621000036,3.060152826677502,3.957161308287505,higher
stall,0.85,max-batch,1,steal,jbsq,slo_miss_rate,10,0.44612394907800007,0.385354769940075,0.501063557939225,higher
stall,0.85,max-batch,1,steal,jsw,class0_p99_us,10,-1.050017976210001,-1.6016348121960013,-0.5006172031447498,lower
stall,0.85,max-batch,1,steal,jsw,control_cpu_mean,10,4.438335647893001,4.384020205407126,4.48478011313845,higher
stall,0.85,max-batch,1,steal,jsw,p999_us,10,-0.5154856904999917,-3.7139773552549835,2.9114412193800083,uncertain
stall,0.85,max-batch,1,steal,jsw,p99_us,10,-2.184638078199998,-2.8906439237050034,-1.4388093841799972,lower
stall,0.85,max-batch,1,steal,jsw,slo_miss_rate,10,-0.16064877817800002,-0.24676106764325006,-0.08183196575677512,lower
stall,0.85,max-batch,1,steal,qbr,class0_p99_us,10,-0.16561848560999975,-0.5951609283937509,0.32632300790825103,uncertain
stall,0.85,max-batch,1,steal,qbr,control_cpu_mean,10,2.58934971507,2.527331159308425,2.6431466281956744,higher
stall,0.85,max-batch,1,steal,qbr,p999_us,10,0.592182260900006,-2.263821463647503,3.964409357675007,uncertain
stall,0.85,max-batch,1,steal,qbr,p99_us,10,-0.41403521680000493,-0.770774165512504,-0.1119341378125069,lower
stall,0.85,max-batch,1,steal,qbr,slo_miss_rate,10,-0.04654327914600005,-0.10223205411700012,0.0140404599120999,uncertain
stall,0.85,max-batch,1,steal,threshold,class0_p99_us,10,-0.4620054603800007,-0.8681010195090002,-0.0654448234175014,lower
stall,0.85,max-batch,1,steal,threshold,control_cpu_mean,10,1.178853287826,1.0900413613500002,1.2554108889576499,higher
stall,0.85,max-batch,1,steal,threshold,p999_us,10,2.1420387539000045,-0.05517200255997359,4.166214748517508,uncertain
stall,0.85,max-batch,1,steal,threshold,p99_us,10,-0.41364335650000045,-0.9240072158999993,0.09485989340000174,uncertain
stall,0.85,max-batch,1,steal,threshold,slo_miss_rate,10,-0.08477414121700007,-0.14784330665540013,-0.019788290778725053,lower
stall,0.85,max-batch,1,threshold,jbsq,class0_p99_us,10,6.548619797180001,5.888734612802253,7.061728874308001,higher
stall,0.85,max-batch,1,threshold,jbsq,control_cpu_mean,10,3.6578823600710004,3.62603221928745,3.6929312525228246,higher
stall,0.85,max-batch,1,threshold,jbsq,p999_us,10,3.1650046589999987,-0.36372094488000484,6.7908475435774855,uncertain
stall,0.85,max-batch,1,threshold,jbsq,p99_us,10,3.8939721186000043,3.4467008142249984,4.329783557537507,higher
stall,0.85,max-batch,1,threshold,jbsq,slo_miss_rate,10,0.530898090295,0.4766717649803251,0.592730035464475,higher
stall,0.85,max-batch,1,threshold,jsw,class0_p99_us,10,-0.5880125158300004,-1.0271706058435002,-0.13417630255975016,lower
stall,0.85,max-batch,1,threshold,jsw,control_cpu_mean,10,3.2594823600670004,3.22763221928345,3.2945312525188246,higher
stall,0.85,max-batch,1,threshold,jsw,p999_us,10,-2.6575244443999964,-5.256772794869983,0.16006477391500273,uncertain
stall,0.85,max-batch,1,threshold,jsw,p99_us,10,-1.770994721699998,-2.3611900893550093,-1.2335345636999933,lower
stall,0.85,max-batch,1,threshold,jsw,slo_miss_rate,10,-0.07587463696099997,-0.14208545709144996,-0.01113990534849995,lower
stall,0.85,max-batch,1,threshold,qbr,class0_p99_us,10,0.2963869747700009,-0.18945078359874842,0.7478875562650019,uncertain
stall,0.85,max-batch,1,threshold,qbr,control_cpu_mean,10,1.410496427244,1.38455955650345,1.4381969778232748,higher
stall,0.85,max-batch,1,threshold,qbr,p999_us,10,-1.5498564929999987,-4.764962477807487,1.707846771749989,uncertain
stall,0.85,max-batch,1,threshold,qbr,p99_us,10,-0.0003918603000045096,-0.4720326729750038,0.5081251676674952,uncertain
stall,0.85,max-batch,1,threshold,qbr,slo_miss_rate,10,0.03823086207100002,-0.01687499764367503,0.08980312834842492,uncertain
stall,0.85,max-batch,1,threshold,steal,class0_p99_us,10,0.4620054603800007,0.06544482341750103,0.8681010195090002,higher
stall,0.85,max-batch,1,threshold,steal,control_cpu_mean,10,-1.178853287826,-1.2554108889576499,-1.0900413613500002,lower
stall,0.85,max-batch,1,threshold,steal,p999_us,10,-2.1420387539000045,-4.1662147485175085,0.05517200255997091,uncertain
stall,0.85,max-batch,1,threshold,steal,p99_us,10,0.41364335650000045,-0.09485989340000174,0.9240072158999993,uncertain
stall,0.85,max-batch,1,threshold,steal,slo_miss_rate,10,0.08477414121700007,0.01978829077872505,0.1478433066554001,higher
stall,0.85,max-batch,16,jbsq,jsw,class0_p99_us,10,-7.136632313010002,-7.608079829190499,-6.631394072489502,lower
stall,0.85,max-batch,16,jbsq,jsw,control_cpu_mean,10,-0.398400000004,-0.398400000004,-0.398400000004,lower
stall,0.85,max-batch,16,jbsq,jsw,p999_us,10,-5.8225291033999955,-9.322540060342506,-2.456473815197506,lower
stall,0.85,max-batch,16,jbsq,jsw,p99_us,10,-5.664966840300002,-6.146588176487499,-5.0904120897025,lower
stall,0.85,max-batch,16,jbsq,jsw,slo_miss_rate,10,-0.606772727256,-0.6933930778638,-0.5160750257150001,lower
stall,0.85,max-batch,16,jbsq,qbr,class0_p99_us,10,-6.77966842379,-7.485860221301248,-6.065814307990001,lower
stall,0.85,max-batch,16,jbsq,qbr,control_cpu_mean,10,-2.269146240136,-2.2767752282304996,-2.2608595892374495,lower
stall,0.85,max-batch,16,jbsq,qbr,p999_us,10,-4.3553794509000054,-6.8784065173824995,-1.861288136100012,lower
stall,0.85,max-batch,16,jbsq,qbr,p99_us,10,-3.5531374604999995,-3.7900814232350024,-3.2802600737250027,lower
stall,0.85,max-batch,16,jbsq,qbr,slo_miss_rate,10,-0.5506055467219999,-0.6441880899346001,-0.47046540249865015,lower
stall,0.85,max-batch,16,jbsq,steal,class0_p99_us,10,-6.480396916870001,-7.068551414083502,-5.852200003878751,lower
stall,0.85,max-batch,16,jbsq,steal,control_cpu_mean,10,-5.651664617572999,-5.7253610068656995,-5.571347095938,lower
stall,0.85,max-batch,16,jbsq,steal,p999_us,10,-2.72112222720001,-5.132359504880006,-0.19165766759501646,lower
stall,0.85,max-batch,16,jbsq,steal,p99_us,10,-2.6691544829000007,-3.1104993693874965,-2.266670877850004,lower
stall,0.85,max-batch,16,jbsq,steal,slo_miss_rate,10,-0.507776480098,-0.5934654283315,-0.42298824034689997,lower
stall,0.85,max-batch,16,jbsq,threshold,class0_p99_us,10,-7.008510682370002,-7.42986251155325,-6.543091247338751,lower
stall,0.85,max-batch,16,jbsq,threshold,control_cpu_mean,10,-3.773586089314,-3.804788528876525,-3.7458501210950246,lower
stall,0.85,max-batch,16,jbsq,threshold,p999_us,10,-3.7309975679000047,-6.916302510007496,-1.0392646595550092,lower
stall,0.85,max-batch,16,jbsq,threshold,p99_us,10,-2.931114903300002,-3.1534928546050027,-2.723384685505003,lower
stall,0.85,max-batch,16,jbsq,threshold,slo_miss_rate,10,-0.610623401589,-0.699455446556875,-0.53008333095175,lower
stall,0.85,max-batch,16,jsw,jbsq,class0_p99_us,10,7.136632313010002,6.631394072489502,7.608079829190499,higher
stall,0.85,max-batch,16,jsw,jbsq,control_cpu_mean,10,0.398400000004,0.398400000004,0.398400000004,higher
stall,0.85,max-batch,16,jsw,jbsq,p999_us,10,5.8225291033999955,2.456473815197503,9.322540060342504,higher
stall,0.85,max-batch,16,jsw,jbsq,p99_us,10,5.664966840300002,5.0904120897025,6.146588176487499,higher
stall,0.85,max-batch,16,jsw,jbsq,slo_miss_rate,10,0.606772727256,0.516075025715,0.6933930778638,higher
stall,0.85,max-batch,16,jsw,qbr,class0_p99_us,10,0.35696388922000183,-0.27329156310999847,1.03912788558675,uncertain
stall,0.85,max-batch,16,jsw,qbr,control_cpu_mean,10,-1.8707462401319996,-1.8783752282264996,-1.8624595892334497,lower
stall,0.85,max-batch,16,jsw,qbr,p999_us,10,1.4671496524999896,-1.5136790164200158,4.426448237989991,uncertain
stall,0.85,max-batch,16,jsw,qbr,p99_us,10,2.1118293798000023,1.445272150192501,2.7124258062475035,higher
stall,0.85,max-batch,16,jsw,qbr,slo_miss_rate,10,0.05616718053399996,-0.02087138534737507,0.14358619875122483,uncertain
stall,0.85,max-batch,16,jsw,steal,class0_p99_us,10,0.6562353961400007,0.39061922279350153,0.8962621082749986,higher
stall,0.85,max-batch,16,jsw,steal,control_cpu_mean,10,-5.253264617569,-5.3269610068617,-5.172947095934,lower
stall,0.85,max-batch,16,jsw,steal,p999_us,10,3.1014068761999853,0.8188208727674781,5.680069674269998,higher
stall,0.85,max-batch,16,jsw,steal,p99_us,10,2.995812357400001,2.255919819369998,3.6779224594124957,higher
stall,0.85,max-batch,16,jsw,steal,slo_miss_rate,10,0.09899624715800001,0.060619907833925096,0.1383736727811749,higher
stall,0.85,max-batch,16,jsw,threshold,class0_p99_us,10,0.12812163064000118,-0.28338420912274753,0.6166562126872529,uncertain
stall,0.85,max-batch,16,jsw,threshold,control_cpu_mean,10,-3.37518608931,-3.406388528872526,-3.3474501210910255,lower
stall,0.85,max-batch,16,jsw,threshold,p999_us,10,2.0915315354999904,-0.6049317710025196,4.920513365572488,uncertain
stall,0.85,max-batch,16,jsw,threshold,p99_us,10,2.733851937,2.16916964156,3.2859184445900085,higher
stall,0.85,max-batch,16,jsw,threshold,slo_miss_rate,10,-0.0038506743330000105,-0.055923053667225095,0.05321838445752497,uncertain
stall,0.85,max-batch,16,qbr,jbsq,class0_p99_us,10,6.77966842379,6.065814307990001,7.485860221301248,higher
stall,0.85,max-batch,16,qbr,jbsq,control_cpu_mean,10,2.269146240136,2.2608595892374495,2.2767752282304996,higher
stall,0.85,max-batch,16,qbr,jbsq,p999_us,10,4.3553794509000054,1.861288136100012,6.878406517382499,higher
stall,0.85,max-batch,16,qbr,jbsq,p99_us,10,3.5531374604999995,3.2802600737250027,3.7900814232350024,higher
stall,0.85,max-batch,16,qbr,jbsq,slo_miss_rate,10,0.5506055467219999,0.47046540249865015,0.6441880899346,higher
stall,0.85,max-batch,16,qbr,jsw,class0_p99_us,10,-0.35696388922000183,-1.0391278855867514,0.27329156310999847,uncertain
stall,0.85,max-batch,16,qbr,jsw,control_cpu_mean,10,1.8707462401319996,1.8624595892334497,1.8783752282264996,higher
stall,0.85,max-batch,16,qbr,jsw,p999_us,10,-1.4671496524999896,-4.426448237989992,1.5136790164200153,uncertain
stall,0.85,max-batch,16,qbr,jsw,p99_us,10,-2.1118293798000023,-2.712425806247504,-1.445272150192501,lower
stall,0.85,max-batch,16,qbr,jsw,slo_miss_rate,10,-0.05616718053399996,-0.1435861987512249,0.02087138534737486,uncertain
stall,0.85,max-batch,16,qbr,steal,class0_p99_us,10,0.2992715069199988,-0.4348150841375017,1.0279249021594985,uncertain
stall,0.85,max-batch,16,qbr,steal,control_cpu_mean,10,-3.3825183774369996,-3.4635869502134,-3.295927067086425,lower
stall,0.85,max-batch,16,qbr,steal,p999_us,10,1.6342572236999957,-0.2176212664024983,3.6910019315999874,uncertain
stall,0.85,max-batch,16,qbr,steal,p99_us,10,0.8839829775999988,0.6013383308349987,1.1457862736425004,higher
stall,0.85,max-batch,16,qbr,steal,slo_miss_rate,10,0.04282906662400005,-0.040982259242499895,0.128008193981425,uncertain
stall,0.85,max-batch,16,qbr,threshold,class0_p99_us,10,-0.22884225858000065,-0.6848701986059996,0.2642123866917492,uncertain
stall,0.85,max-batch,16,qbr,threshold,control_cpu_mean,10,-1.504439849178,-1.5306289805368498,-1.48278519104005,lower
stall,0.85,max-batch,16,qbr,threshold,p999_us,10,0.624381883000001,-2.538308410799998,3.8484593889999927,uncertain
stall,0.85,max-batch,16,qbr,threshold,p99_us,10,0.6220225571999976,0.30327573161249494,0.9283573951949974,higher
stall,0.85,max-batch,16,qbr,threshold,slo_miss_rate,10,-0.06001785486699997,-0.12870739050599994,0.007709264025724944,uncertain
stall,0.85,max-batch,16,steal,jbsq,class0_p99_us,10,6.480396916870001,5.852200003878751,7.068551414083502,higher
stall,0.85,max-batch,16,steal,jbsq,control_cpu_mean,10,5.651664617572999,5.571347095938,5.7253610068656995,higher
stall,0.85,max-batch,16,steal,jbsq,p999_us,10,2.72112222720001,0.19165766759501582,5.1323595048800055,higher
stall,0.85,max-batch,16,steal,jbsq,p99_us,10,2.6691544829000007,2.2666708778500033,3.1104993693874965,higher
stall,0.85,max-batch,16,steal,jbsq,slo_miss_rate,10,0.507776480098,0.4229882403468999,0.5934654283315,higher
stall,0.85,max-batch,16,steal,jsw,class0_p99_us,10,-0.6562353961400007,-0.8962621082749991,-0.39061922279350153,lower
stall,0.85,max-batch,16,steal,jsw,control_cpu_mean,10,5.253264617569,5.172947095934,5.3269610068617,higher
stall,0.85,max-batch,16,steal,jsw,p999_us,10,-3.1014068761999853,-5.680069674269998,-0.8188208727674784,lower
stall,0.85,max-batch,16,steal,jsw,p99_us,10,-2.995812357400001,-3.6779224594124957,-2.255919819369998,lower
stall,0.85,max-batch,16,steal,jsw,slo_miss_rate,10,-0.09899624715800001,-0.138373672781175,-0.060619907833925096,lower
stall,0.85,max-batch,16,steal,qbr,class0_p99_us,10,-0.2992715069199988,-1.0279249021594987,0.43481508413750114,uncertain
stall,0.85,max-batch,16,steal,qbr,control_cpu_mean,10,3.3825183774369996,3.295927067086425,3.4635869502133994,higher
stall,0.85,max-batch,16,steal,qbr,p999_us,10,-1.6342572236999957,-3.6910019315999874,0.21762126640249688,uncertain
stall,0.85,max-batch,16,steal,qbr,p99_us,10,-0.8839829775999988,-1.1457862736425004,-0.6013383308349988,lower
stall,0.85,max-batch,16,steal,qbr,slo_miss_rate,10,-0.04282906662400005,-0.128008193981425,0.04098225924249984,uncertain
stall,0.85,max-batch,16,steal,threshold,class0_p99_us,10,-0.5281137654999994,-1.03158156134925,0.09914557931400152,uncertain
stall,0.85,max-batch,16,steal,threshold,control_cpu_mean,10,1.8780785282590002,1.7693543265263,1.9787370533503503,higher
stall,0.85,max-batch,16,steal,threshold,p999_us,10,-1.0098753406999947,-4.0238151582299855,2.1315946032224953,uncertain
stall,0.85,max-batch,16,steal,threshold,p99_us,10,-0.2619604204000012,-0.6013595181925022,0.09689571654000113,uncertain
stall,0.85,max-batch,16,steal,threshold,slo_miss_rate,10,-0.10284692149100003,-0.16224754283979997,-0.0349189724001501,lower
stall,0.85,max-batch,16,threshold,jbsq,class0_p99_us,10,7.008510682370002,6.543091247338751,7.4298625115532495,higher
stall,0.85,max-batch,16,threshold,jbsq,control_cpu_mean,10,3.773586089314,3.7458501210950246,3.804788528876525,higher
stall,0.85,max-batch,16,threshold,jbsq,p999_us,10,3.7309975679000047,1.0392646595550092,6.916302510007492,higher
stall,0.85,max-batch,16,threshold,jbsq,p99_us,10,2.931114903300002,2.7233846855050023,3.1534928546050027,higher
stall,0.85,max-batch,16,threshold,jbsq,slo_miss_rate,10,0.610623401589,0.53008333095175,0.699455446556875,higher
stall,0.85,max-batch,16,threshold,jsw,class0_p99_us,10,-0.12812163064000118,-0.616656212687253,0.28338420912274753,uncertain
stall,0.85,max-batch,16,threshold,jsw,control_cpu_mean,10,3.37518608931,3.3474501210910255,3.406388528872526,higher
stall,0.85,max-batch,16,threshold,jsw,p999_us,10,-2.0915315354999904,-4.920513365572489,0.6049317710025175,uncertain
stall,0.85,max-batch,16,threshold,jsw,p99_us,10,-2.733851937,-3.285918444590009,-2.16916964156,lower
stall,0.85,max-batch,16,threshold,jsw,slo_miss_rate,10,0.0038506743330000105,-0.053218384457525,0.055923053667225074,uncertain
stall,0.85,max-batch,16,threshold,qbr,class0_p99_us,10,0.22884225858000065,-0.2642123866917499,0.6848701986059991,uncertain
stall,0.85,max-batch,16,threshold,qbr,control_cpu_mean,10,1.504439849178,1.48278519104005,1.5306289805368498,higher
stall,0.85,max-batch,16,threshold,qbr,p999_us,10,-0.624381883000001,-3.8484593889999927,2.5383084107999974,uncertain
stall,0.85,max-batch,16,threshold,qbr,p99_us,10,-0.6220225571999976,-0.9283573951949977,-0.30327573161249494,lower
stall,0.85,max-batch,16,threshold,qbr,slo_miss_rate,10,0.06001785486699997,-0.007709264025725035,0.12870739050599994,uncertain
stall,0.85,max-batch,16,threshold,steal,class0_p99_us,10,0.5281137654999994,-0.09914557931400186,1.0315815613492498,uncertain
stall,0.85,max-batch,16,threshold,steal,control_cpu_mean,10,-1.8780785282590002,-1.9787370533503503,-1.7693543265263003,lower
stall,0.85,max-batch,16,threshold,steal,p999_us,10,1.0098753406999947,-2.1315946032224984,4.023815158229977,uncertain
stall,0.85,max-batch,16,threshold,steal,p99_us,10,0.2619604204000012,-0.09689571654000118,0.6013595181925021,uncertain
stall,0.85,max-batch,16,threshold,steal,slo_miss_rate,10,0.10284692149100003,0.03491897240015008,0.1622475428397999,higher
stall,0.85,max-batch,32,jbsq,jsw,class0_p99_us,10,-7.136632313010002,-7.608079829190499,-6.631394072489502,lower
stall,0.85,max-batch,32,jbsq,jsw,control_cpu_mean,10,-0.398400000004,-0.398400000004,-0.398400000004,lower
stall,0.85,max-batch,32,jbsq,jsw,p999_us,10,-5.8225291033999955,-9.322540060342506,-2.456473815197506,lower
stall,0.85,max-batch,32,jbsq,jsw,p99_us,10,-5.664966840300002,-6.146588176487499,-5.0904120897025,lower
stall,0.85,max-batch,32,jbsq,jsw,slo_miss_rate,10,-0.606772727256,-0.6933930778638,-0.5160750257150001,lower
stall,0.85,max-batch,32,jbsq,qbr,class0_p99_us,10,-6.813060534909999,-7.400749137978,-5.996451915081499,lower
stall,0.85,max-batch,32,jbsq,qbr,control_cpu_mean,10,-2.293435662055,-2.3002870730982496,-2.2865115448025,lower
stall,0.85,max-batch,32,jbsq,qbr,p999_us,10,-5.491745609000003,-10.538029951039997,-0.623974147035009,lower
stall,0.85,max-batch,32,jbsq,qbr,p99_us,10,-3.382670427000005,-3.8337609462100093,-2.9049209447575053,lower
stall,0.85,max-batch,32,jbsq,qbr,slo_miss_rate,10,-0.583250050056,-0.6389927507934998,-0.529294700757025,lower
stall,0.85,max-batch,32,jbsq,steal,class0_p99_us,10,-6.226930247300001,-6.63120370590575,-5.780273684206252,lower
stall,0.85,max-batch,32,jbsq,steal,control_cpu_mean,10,-6.427100451018999,-6.5068083966443,-6.336030510900451,lower
stall,0.85,max-batch,32,jbsq,steal,p999_us,10,-3.480955090300006,-7.922474334712507,0.2586283622499962,uncertain
stall,0.85,max-batch,32,jbsq,steal,p99_us,10,-2.7251352281000036,-3.1360414846275013,-2.4201897294200023,lower
stall,0.85,max-batch,32,jbsq,steal,slo_miss_rate,10,-0.4731372704440001,-0.5529663705381002,-0.3848179408895001,lower
stall,0.85,max-batch,32,jbsq,threshold,class0_p99_us,10,-6.841355781330002,-7.502462975414253,-6.161209535150002,lower
stall,0.85,max-batch,32,jbsq,threshold,control_cpu_mean,10,-3.963327210737,-3.9874996342945748,-3.9387250227510253,lower
stall,0.85,max-batch,32,jbsq,threshold,p999_us,10,-2.673764858200002,-6.146085886897489,0.5613630133349923,uncertain
stall,0.85,max-batch,32,jbsq,threshold,p99_us,10,-3.083184675200002,-3.5157547789525063,-2.61716371429,lower
stall,0.85,max-batch,32,jbsq,threshold,slo_miss_rate,10,-0.5890457791920001,-0.6655318547342752,-0.5114510146454001,lower
stall,0.85,max-batch,32,jsw,jbsq,class0_p99_us,10,7.136632313010002,6.631394072489502,7.608079829190499,higher
stall,0.85,max-batch,32,jsw,jbsq,control_cpu_mean,10,0.398400000004,0.398400000004,0.398400000004,higher
stall,0.85,max-batch,32,jsw,jbsq,p999_us,10,5.8225291033999955,2.456473815197503,9.322540060342504,higher
stall,0.85,max-batch,32,jsw,jbsq,p99_us,10,5.664966840300002,5.0904120897025,6.146588176487499,higher
stall,0.85,max-batch,32,jsw,jbsq,slo_miss_rate,10,0.606772727256,0.516075025715,0.6933930778638,higher
stall,0.85,max-batch,32,jsw,qbr,class0_p99_us,10,0.3235717781000019,-0.21576192369274846,0.8907350122085027,uncertain
stall,0.85,max-batch,32,jsw,qbr,control_cpu_mean,10,-1.895035662051,-1.90188707309425,-1.8881115447985,lower
stall,0.85,max-batch,32,jsw,qbr,p999_us,10,0.33078349439999216,-3.4574694072100134,4.298263250299994,uncertain
stall,0.85,max-batch,32,jsw,qbr,p99_us,10,2.282296413299997,1.4258011891949993,3.0974342217399915,higher
stall,0.85,max-batch,32,jsw,qbr,slo_miss_rate,10,0.023522677200000043,-0.03576823297417495,0.08553289272977496,uncertain
stall,0.85,max-batch,32,jsw,steal,class0_p99_us,10,0.909702065710001,0.5038933281735009,1.2290811789487521,higher
stall,0.85,max-batch,32,jsw,steal,control_cpu_mean,10,-6.028700451015,-6.1084083966403,-5.93763051089645,lower
stall,0.85,max-batch,32,jsw,steal,p999_us,10,2.341574013099989,0.04355230740748469,4.597230723202487,higher
stall,0.85,max-batch,32,jsw,steal,p99_us,10,2.939831612199998,2.245833711329998,3.559667622907505,higher
stall,0.85,max-batch,32,jsw,steal,slo_miss_rate,10,0.13363545681199995,0.0858690596182999,0.1760824484487,higher
stall,0.85,max-batch,32,jsw,threshold,class0_p99_us,10,0.29527653168000045,-0.30570631801700043,0.8868817244070006,uncertain
stall,0.85,max-batch,32,jsw,threshold,control_cpu_mean,10,-3.564927210733001,-3.5890996342905743,-3.5403250227470253,lower
stall,0.85,max-batch,32,jsw,threshold,p999_us,10,3.148764245199993,1.3105818168999874,5.06323421219999,higher
stall,0.85,max-batch,32,jsw,threshold,p99_us,10,2.5817821651000004,1.850762678159996,3.284152002067504,higher
stall,0.85,max-batch,32,jsw,threshold,slo_miss_rate,10,0.017726948063999992,-0.05464770084795003,0.08935463317985003,uncertain
stall,0.85,max-batch,32,qbr,jbsq,class0_p99_us,10,6.813060534909999,5.996451915081499,7.400749137978,higher
stall,0.85,max-batch,32,qbr,jbsq,control_cpu_mean,10,2.293435662055,2.2865115448025,2.3002870730982496,higher
stall,0.85,max-batch,32,qbr,jbsq,p999_us,10,5.491745609000003,0.6239741470350081,10.538029951039992,higher
stall,0.85,max-batch,32,qbr,jbsq,p99_us,10,3.382670427000005,2.904920944757505,3.8337609462100093,higher
stall,0.85,max-batch,32,qbr,jbsq,slo_miss_rate,10,0.583250050056,0.529294700757025,0.6389927507934997,higher
stall,0.85,max-batch,32,qbr,jsw,class0_p99_us,10,-0.3235717781000019,-0.8907350122085034,0.21576192369274844,uncertain
stall,0.85,max-batch,32,qbr,jsw,control_cpu_mean,10,1.895035662051,1.8881115447985,1.90188707309425,higher
stall,0.85,max-batch,32,qbr,jsw,p999_us,10,-0.33078349439999216,-4.298263250299994,3.457469407210013,uncertain
stall,0.85,max-batch,32,qbr,jsw,p99_us,10,-2.282296413299997,-3.0974342217399924,-1.4258011891949993,lower
stall,0.85,max-batch,32,qbr,jsw,slo_miss_rate,10,-0.023522677200000043,-0.08553289272977502,0.03576823297417495,uncertain
stall,0.85,max-batch,32,qbr,steal,class0_p99_us,10,0.5861302876099991,-0.024648144445000658,1.1667395377019993,uncertain
stall,0.85,max-batch,32,qbr,steal,control_cpu_mean,10,-4.1336647889639995,-4.215548453786551,-4.03883847308635,lower
stall,0.85,max-batch,32,qbr,steal,p999_us,10,2.0107905186999973,-1.6507481329850002,6.387469215342497,uncertain
stall,0.85,max-batch,32,qbr,steal,p99_us,10,0.6575351989000012,0.16918552233500642,1.18501042202,higher
stall,0.85,max-batch,32,qbr,steal,slo_miss_rate,10,0.11011277961199992,0.04607471212492495,0.17353801925192483,higher
stall,0.85,max-batch,32,qbr,threshold,class0_p99_us,10,-0.02829524642000152,-0.5260160319952508,0.4800890497952476,uncertain
stall,0.85,max-batch,32,qbr,threshold,control_cpu_mean,10,-1.6698915486819998,-1.690540254496525,-1.6481038510841497,lower
stall,0.85,max-batch,32,qbr,threshold,p999_us,10,2.817980750800001,-0.7778641372999991,6.399965598527501,uncertain
stall,0.85,max-batch,32,qbr,threshold,p99_us,10,0.2994857518000032,-0.07975056419249534,0.6752692655400044,uncertain
stall,0.85,max-batch,32,qbr,threshold,slo_miss_rate,10,-0.005795729136000051,-0.06236060980300009,0.055424517159799895,uncertain
stall,0.85,max-batch,32,steal,jbsq,class0_p99_us,10,6.226930247300001,5.780273684206251,6.63120370590575,higher
stall,0.85,max-batch,32,steal,jbsq,control_cpu_mean,10,6.427100451018999,6.336030510900451,6.5068083966443,higher
stall,0.85,max-batch,32,steal,jbsq,p999_us,10,3.480955090300006,-0.2586283622499982,7.922474334712502,uncertain
stall,0.85,max-batch,32,steal,jbsq,p99_us,10,2.7251352281000036,2.4201897294200023,3.1360414846275013,higher
stall,0.85,max-batch,32,steal,jbsq,slo_miss_rate,10,0.4731372704440001,0.38481794088950005,0.5529663705381,higher
stall,0.85,max-batch,32,steal,jsw,class0_p99_us,10,-0.909702065710001,-1.2290811789487521,-0.5038933281735011,lower
stall,0.85,max-batch,32,steal,jsw,control_cpu_mean,10,6.028700451015,5.93763051089645,6.1084083966403,higher
stall,0.85,max-batch,32,steal,jsw,p999_us,10,-2.341574013099989,-4.597230723202489,-0.04355230740748522,lower
stall,0.85,max-batch,32,steal,jsw,p99_us,10,-2.939831612199998,-3.5596676229075053,-2.245833711329998,lower
stall,0.85,max-batch,32,steal,jsw,slo_miss_rate,10,-0.13363545681199995,-0.1760824484487,-0.08586905961829996,lower
stall,0.85,max-batch,32,steal,qbr,class0_p99_us,10,-0.5861302876099991,-1.1667395377019998,0.024648144445000658,uncertain
stall,0.85,max-batch,32,steal,qbr,control_cpu_mean,10,4.1336647889639995,4.03883847308635,4.21554845378655,higher
stall,0.85,max-batch,32,steal,qbr,p999_us,10,-2.0107905186999973,-6.387469215342497,1.650748132985,uncertain
stall,0.85,max-batch,32,steal,qbr,p99_us,10,-0.6575351989000012,-1.1850104220200002,-0.1691855223350065,lower
stall,0.85,max-batch,32,steal,qbr,slo_miss_rate,10,-0.11011277961199992,-0.17353801925192486,-0.04607471212492495,lower
stall,0.85,max-batch,32,steal,threshold,class0_p99_us,10,-0.6144255340300007,-1.0714754120882521,-0.17886964502100108,lower
stall,0.85,max-batch,32,steal,threshold,control_cpu_mean,10,2.463773240282,2.350135161398376,2.5619053178402744,higher
stall,0.85,max-batch,32,steal,threshold,p999_us,10,0.8071902321000038,-1.4812457375424928,2.9730236460300046,uncertain
stall,0.85,max-batch,32,steal,threshold,p99_us,10,-0.35804944709999803,-0.7909314984075004,0.09573427644000775,uncertain
stall,0.85,max-batch,32,steal,threshold,slo_miss_rate,10,-0.11590850874799999,-0.16379927489082496,-0.07108347050500001,lower
stall,0.85,max-batch,32,threshold,jbsq,class0_p99_us,10,6.841355781330002,6.161209535150002,7.502462975414253,higher
stall,0.85,max-batch,32,threshold,jbsq,control_cpu_mean,10,3.963327210737,3.9387250227510253,3.9874996342945748,higher
stall,0.85,max-batch,32,threshold,jbsq,p999_us,10,2.673764858200002,-0.5613630133349929,6.146085886897489,uncertain
stall,0.85,max-batch,32,threshold,jbsq,p99_us,10,3.083184675200002,2.61716371429,3.5157547789525063,higher
stall,0.85,max-batch,32,threshold,jbsq,slo_miss_rate,10,0.5890457791920001,0.5114510146454001,0.6655318547342752,higher
stall,0.85,max-batch,32,threshold,jsw,class0_p99_us,10,-0.29527653168000045,-0.8868817244070007,0.3057063180170003,uncertain
stall,0.85,max-batch,32,threshold,jsw,control_cpu_mean,10,3.564927210733001,3.5403250227470253,3.5890996342905743,higher
stall,0.85,max-batch,32,threshold,jsw,p999_us,10,-3.148764245199993,-5.06323421219999,-1.3105818168999888,lower
stall,0.85,max-batch,32,threshold,jsw,p99_us,10,-2.5817821651000004,-3.2841520020675046,-1.8507626781599968,lower
stall,0.85,max-batch,32,threshold,jsw,slo_miss_rate,10,-0.017726948063999992,-0.08935463317985004,0.05464770084795003,uncertain
stall,0.85,max-batch,32,threshold,qbr,class0_p99_us,10,0.02829524642000152,-0.4800890497952479,0.5260160319952506,uncertain
stall,0.85,max-batch,32,threshold,qbr,control_cpu_mean,10,1.6698915486819998,1.6481038510841497,1.690540254496525,higher
stall,0.85,max-batch,32,threshold,qbr,p999_us,10,-2.817980750800001,-6.399965598527502,0.7778641372999991,uncertain
stall,0.85,max-batch,32,threshold,qbr,p99_us,10,-0.2994857518000032,-0.6752692655400045,0.07975056419249525,uncertain
stall,0.85,max-batch,32,threshold,qbr,slo_miss_rate,10,0.005795729136000051,-0.0554245171597999,0.06236060980300009,uncertain
stall,0.85,max-batch,32,threshold,steal,class0_p99_us,10,0.6144255340300007,0.178869645021001,1.0714754120882521,higher
stall,0.85,max-batch,32,threshold,steal,control_cpu_mean,10,-2.463773240282,-2.5619053178402744,-2.350135161398376,lower
stall,0.85,max-batch,32,threshold,steal,p999_us,10,-0.8071902321000038,-2.973023646030009,1.4812457375424894,uncertain
stall,0.85,max-batch,32,threshold,steal,p99_us,10,0.35804944709999803,-0.0957342764400078,0.7909314984075004,uncertain
stall,0.85,max-batch,32,threshold,steal,slo_miss_rate,10,0.11590850874799999,0.07108347050499998,0.16379927489082488,higher
stall,0.85,max-batch,4,jbsq,jsw,class0_p99_us,10,-7.136632313010002,-7.608079829190499,-6.631394072489502,lower
stall,0.85,max-batch,4,jbsq,jsw,control_cpu_mean,10,-0.398400000004,-0.398400000004,-0.398400000004,lower
stall,0.85,max-batch,4,jbsq,jsw,p999_us,10,-5.8225291033999955,-9.322540060342506,-2.456473815197506,lower
stall,0.85,max-batch,4,jbsq,jsw,p99_us,10,-5.664966840300002,-6.146588176487499,-5.0904120897025,lower
stall,0.85,max-batch,4,jbsq,jsw,slo_miss_rate,10,-0.606772727256,-0.6933930778638,-0.5160750257150001,lower
stall,0.85,max-batch,4,jbsq,qbr,class0_p99_us,10,-6.865052586170002,-7.380915411125003,-6.363256938964001,lower
stall,0.85,max-batch,4,jbsq,qbr,control_cpu_mean,10,-2.2493127874899996,-2.2563678242087497,-2.24304878499,lower
stall,0.85,max-batch,4,jbsq,qbr,p999_us,10,-4.506105100499991,-6.856285041104986,-2.050798985599989,lower
stall,0.85,max-batch,4,jbsq,qbr,p99_us,10,-3.4772964183,-3.8005168897949995,-3.150550714465003,lower
stall,0.85,max-batch,4,jbsq,qbr,slo_miss_rate,10,-0.586942836848,-0.7010603626274001,-0.481868013549775,lower
stall,0.85,max-batch,4,jbsq,steal,class0_p99_us,10,-6.094926232790002,-6.588578329931252,-5.498435466692,lower
stall,0.85,max-batch,4,jbsq,steal,control_cpu_mean,10,-5.02467172253,-5.075918205658175,-4.968596173900651,lower
stall,0.85,max-batch,4,jbsq,steal,p999_us,10,-3.48196758549999,-6.468719019649988,-0.7082564224324945,lower
stall,0.85,max-batch,4,jbsq,steal,p99_us,10,-2.5773989943,-3.178754785650007,-2.082805282452504,lower
stall,0.85,max-batch,4,jbsq,steal,slo_miss_rate,10,-0.44506576741000003,-0.5321409009077501,-0.3585686908001501,lower
stall,0.85,max-batch,4,jbsq,threshold,class0_p99_us,10,-6.835776900240001,-7.26606099648975,-6.437930566990753,lower
stall,0.85,max-batch,4,jbsq,threshold,control_cpu_mean,10,-3.6405822997789996,-3.67464125113075,-3.6096100466700496,lower
stall,0.85,max-batch,4,jbsq,threshold,p999_us,10,-2.8662685665000085,-6.195392540707512,0.2698822134849818,uncertain
stall,0.85,max-batch,4,jbsq,threshold,p99_us,10,-3.384443885300007,-3.8762345386825046,-2.9003035743700094,lower
stall,0.85,max-batch,4,jbsq,threshold,slo_miss_rate,10,-0.558869145381,-0.6378136008055251,-0.48339637558542503,lower
stall,0.85,max-batch,4,jsw,jbsq,class0_p99_us,10,7.136632313010002,6.631394072489502,7.608079829190499,higher
stall,0.85,max-batch,4,jsw,jbsq,control_cpu_mean,10,0.398400000004,0.398400000004,0.398400000004,higher
stall,0.85,max-batch,4,jsw,jbsq,p999_us,10,5.8225291033999955,2.456473815197503,9.322540060342504,higher
stall,0.85,max-batch,4,jsw,jbsq,p99_us,10,5.664966840300002,5.0904120897025,6.146588176487499,higher
stall,0.85,max-batch,4,jsw,jbsq,slo_miss_rate,10,0.606772727256,0.516075025715,0.6933930778638,higher
stall,0.85,max-batch,4,jsw,qbr,class0_p99_us,10,0.2715797268400003,-0.1097190173972522,0.6256321147300007,uncertain
stall,0.85,max-batch,4,jsw,qbr,control_cpu_mean,10,-1.8509127874859999,-1.8579678242047502,-1.8446487849859998,lower
stall,0.85,max-batch,4,jsw,qbr,p999_us,10,1.316424002900004,-0.5313872166999942,3.136145577435009,uncertain
stall,0.85,max-batch,4,jsw,qbr,p99_us,10,2.1876704220000023,1.5127184032999992,2.835953685535007,higher
stall,0.85,max-batch,4,jsw,qbr,slo_miss_rate,10,0.01982989040800003,-0.03515360601052503,0.07301354718104999,uncertain
stall,0.85,max-batch,4,jsw,steal,class0_p99_us,10,1.0417060802200004,0.6236728852092508,1.4569938234337496,higher
stall,0.85,max-batch,4,jsw,steal,control_cpu_mean,10,-4.626271722526,-4.6775182056541755,-4.57019617389665,lower
stall,0.85,max-batch,4,jsw,steal,p999_us,10,2.340561517900005,0.35733618859751276,4.348426976709998,higher
stall,0.85,max-batch,4,jsw,steal,p99_us,10,3.0875678460000016,2.266662792,3.8458561988000044,higher
stall,0.85,max-batch,4,jsw,steal,slo_miss_rate,10,0.16170695984599998,0.10416983348892492,0.22526344092057493,higher
stall,0.85,max-batch,4,jsw,threshold,class0_p99_us,10,0.3008554127700016,-0.19150771623599797,0.7908496642942511,uncertain
stall,0.85,max-batch,4,jsw,threshold,control_cpu_mean,10,-3.242182299775,-3.2762412511267502,-3.21121004666605,lower
stall,0.85,max-batch,4,jsw,threshold,p999_us,10,2.956260536899987,0.5009369436274803,5.411386273684994,higher
stall,0.85,max-batch,4,jsw,threshold,p99_us,10,2.280522954999995,1.4759780775274967,3.0345642669824953,higher
stall,0.85,max-batch,4,jsw,threshold,slo_miss_rate,10,0.047903581875000004,-0.009766655863275053,0.10598437870574996,uncertain
stall,0.85,max-batch,4,qbr,jbsq,class0_p99_us,10,6.865052586170002,6.363256938964001,7.380915411125003,higher
stall,0.85,max-batch,4,qbr,jbsq,control_cpu_mean,10,2.2493127874899996,2.24304878499,2.2563678242087497,higher
stall,0.85,max-batch,4,qbr,jbsq,p999_us,10,4.506105100499991,2.050798985599989,6.856285041104985,higher
stall,0.85,max-batch,4,qbr,jbsq,p99_us,10,3.4772964183,3.1505507144650027,3.8005168897949995,higher
stall,0.85,max-batch,4,qbr,jbsq,slo_miss_rate,10,0.586942836848,0.48186801354977493,0.7010603626274001,higher
stall,0.85,max-batch,4,qbr,jsw,class0_p99_us,10,-0.2715797268400003,-0.6256321147300007,0.10971901739725207,uncertain
stall,0.85,max-batch,4,qbr,jsw,control_cpu_mean,10,1.8509127874859999,1.8446487849859998,1.8579678242047502,higher
stall,0.85,max-batch,4,qbr,jsw,p999_us,10,-1.316424002900004,-3.136145577435012,0.5313872166999942,uncertain
stall,0.85,max-batch,4,qbr,jsw,p99_us,10,-2.1876704220000023,-2.835953685535007,-1.5127184032999992,lower
stall,0.85,max-batch,4,qbr,jsw,slo_miss_rate,10,-0.01982989040800003,-0.07301354718105002,0.03515360601052498,uncertain
stall,0.85,max-batch,4,qbr,steal,class0_p99_us,10,0.7701263533800002,0.2589908195314995,1.2630114791500013,higher
stall,0.85,max-batch,4,qbr,steal,control_cpu_mean,10,-2.77535893504,-2.831254674231825,-2.71438163719025,lower
stall,0.85,max-batch,4,qbr,steal,p999_us,10,1.024137515000001,-1.3536154961800007,3.18027761230499,uncertain
stall,0.85,max-batch,4,qbr,steal,p99_us,10,0.8998974239999995,0.4861790191424949,1.231399295265001,higher
stall,0.85,max-batch,4,qbr,steal,slo_miss_rate,10,0.14187706943799996,0.06670627534914993,0.22111539798010005,higher
stall,0.85,max-batch,4,qbr,threshold,class0_p99_us,10,0.029275685930001315,-0.5547321869712485,0.544541734875251,uncertain
stall,0.85,max-batch,4,qbr,threshold,control_cpu_mean,10,-1.391269512289,-1.4214151138293751,-1.3640386581766,lower
stall,0.85,max-batch,4,qbr,threshold,p999_us,10,1.6398365339999827,-0.4982157394600097,3.742068257224984,uncertain
stall,0.85,max-batch,4,qbr,threshold,p99_us,10,0.09285253299999283,-0.30202601766500464,0.4522744136174874,uncertain
stall,0.85,max-batch,4,qbr,threshold,slo_miss_rate,10,0.02807369146699996,-0.051387222811850014,0.09615083324577502,uncertain
stall,0.85,max-batch,4,steal,jbsq,class0_p99_us,10,6.094926232790002,5.498435466692,6.588578329931252,higher
stall,0.85,max-batch,4,steal,jbsq,control_cpu_mean,10,5.02467172253,4.968596173900651,5.075918205658175,higher
stall,0.85,max-batch,4,steal,jbsq,p999_us,10,3.48196758549999,0.7082564224324944,6.468719019649988,higher
stall,0.85,max-batch,4,steal,jbsq,p99_us,10,2.5773989943,2.0828052824525036,3.1787547856500056,higher
stall,0.85,max-batch,4,steal,jbsq,slo_miss_rate,10,0.44506576741000003,0.35856869080014997,0.53214090090775,higher
stall,0.85,max-batch,4,steal,jsw,class0_p99_us,10,-1.0417060802200004,-1.4569938234337498,-0.6236728852092509,lower
stall,0.85,max-batch,4,steal,jsw,control_cpu_mean,10,4.626271722526,4.57019617389665,4.6775182056541755,higher
stall,0.85,max-batch,4,steal,jsw,p999_us,10,-2.340561517900005,-4.348426976709998,-0.35733618859751337,lower
stall,0.85,max-batch,4,steal,jsw,p99_us,10,-3.0875678460000016,-3.845856198800005,-2.2666627920000004,lower
stall,0.85,max-batch,4,steal,jsw,slo_miss_rate,10,-0.16170695984599998,-0.22526344092057493,-0.10416983348892493,lower
stall,0.85,max-batch,4,steal,qbr,class0_p99_us,10,-0.7701263533800002,-1.2630114791500013,-0.25899081953149955,lower
stall,0.85,max-batch,4,steal,qbr,control_cpu_mean,10,2.77535893504,2.71438163719025,2.831254674231825,higher
stall,0.85,max-batch,4,steal,qbr,p999_us,10,-1.024137515000001,-3.1802776123049923,1.35361549618,uncertain
stall,0.85,max-batch,4,steal,qbr,p99_us,10,-0.8998974239999995,-1.2313992952650015,-0.486179019142495,lower
stall,0.85,max-batch,4,steal,qbr,slo_miss_rate,10,-0.14187706943799996,-0.22111539798010005,-0.06670627534914993,lower
stall,0.85,max-batch,4,steal,threshold,class0_p99_us,10,-0.740850667449999,-1.347400469812748,-0.16022509697124868,lower
stall,0.85,max-batch,4,steal,threshold,control_cpu_mean,10,1.3840894227509999,1.295202783162,1.4653933929344498,higher
stall,0.85,max-batch,4,steal,threshold,p999_us,10,0.6156990189999817,-2.717532149310011,4.036890149447467,uncertain
stall,0.85,max-batch,4,steal,threshold,p99_us,10,-0.8070448910000068,-1.2432274892350006,-0.29389318071250303,lower
stall,0.85,max-batch,4,steal,threshold,slo_miss_rate,10,-0.113803377971,-0.184801996198975,-0.04769564697097488,lower
stall,0.85,max-batch,4,threshold,jbsq,class0_p99_us,10,6.835776900240001,6.437930566990752,7.26606099648975,higher
stall,0.85,max-batch,4,threshold,jbsq,control_cpu_mean,10,3.6405822997789996,3.6096100466700496,3.67464125113075,higher
stall,0.85,max-batch,4,threshold,jbsq,p999_us,10,2.8662685665000085,-0.2698822134849827,6.195392540707505,uncertain
stall,0.85,max-batch,4,threshold,jbsq,p99_us,10,3.384443885300007,2.9003035743700094,3.8762345386825046,higher
stall,0.85,max-batch,4,threshold,jbsq,slo_miss_rate,10,0.558869145381,0.483396375585425,0.6378136008055251,higher
stall,0.85,max-batch,4,threshold,jsw,class0_p99_us,10,-0.3008554127700016,-0.7908496642942512,0.19150771623599774,uncertain
stall,0.85,max-batch,4,threshold,jsw,control_cpu_mean,10,3.242182299775,3.21121004666605,3.2762412511267502,higher
stall,0.85,max-batch,4,threshold,jsw,p999_us,10,-2.956260536899987,-5.411386273684994,-0.5009369436274833,lower
stall,0.85,max-batch,4,threshold,jsw,p99_us,10,-2.280522954999995,-3.034564266982496,-1.4759780775274973,lower
stall,0.85,max-batch,4,threshold,jsw,slo_miss_rate,10,-0.047903581875000004,-0.10598437870574998,0.009766655863275051,uncertain
stall,0.85,max-batch,4,threshold,qbr,class0_p99_us,10,-0.029275685930001315,-0.5445417348752511,0.5547321869712478,uncertain
stall,0.85,max-batch,4,threshold,qbr,control_cpu_mean,10,1.391269512289,1.3640386581766,1.4214151138293751,higher
stall,0.85,max-batch,4,threshold,qbr,p999_us,10,-1.6398365339999827,-3.742068257224985,0.49821573946000947,uncertain
stall,0.85,max-batch,4,threshold,qbr,p99_us,10,-0.09285253299999283,-0.45227441361748755,0.3020260176650046,uncertain
stall,0.85,max-batch,4,threshold,qbr,slo_miss_rate,10,-0.02807369146699996,-0.09615083324577503,0.05138722281184998,uncertain
stall,0.85,max-batch,4,threshold,steal,class0_p99_us,10,0.740850667449999,0.16022509697124837,1.3474004698127477,higher
stall,0.85,max-batch,4,threshold,steal,control_cpu_mean,10,-1.3840894227509999,-1.46539339293445,-1.295202783162,lower
stall,0.85,max-batch,4,threshold,steal,p999_us,10,-0.6156990189999817,-4.03689014944747,2.717532149310008,uncertain
stall,0.85,max-batch,4,threshold,steal,p99_us,10,0.8070448910000068,0.293893180712503,1.2432274892350004,higher
stall,0.85,max-batch,4,threshold,steal,slo_miss_rate,10,0.113803377971,0.04769564697097482,0.18480199619897492,higher
stall,0.85,max-batch,8,jbsq,jsw,class0_p99_us,10,-7.136632313010002,-7.608079829190499,-6.631394072489502,lower
stall,0.85,max-batch,8,jbsq,jsw,control_cpu_mean,10,-0.398400000004,-0.398400000004,-0.398400000004,lower
stall,0.85,max-batch,8,jbsq,jsw,p999_us,10,-5.8225291033999955,-9.322540060342506,-2.456473815197506,lower
stall,0.85,max-batch,8,jbsq,jsw,p99_us,10,-5.664966840300002,-6.146588176487499,-5.0904120897025,lower
stall,0.85,max-batch,8,jbsq,jsw,slo_miss_rate,10,-0.606772727256,-0.6933930778638,-0.5160750257150001,lower
stall,0.85,max-batch,8,jbsq,qbr,class0_p99_us,10,-6.536274975400002,-7.0271018550147515,-5.887255851833251,lower
stall,0.85,max-batch,8,jbsq,qbr,control_cpu_mean,10,-2.255268085124,-2.2638511361748246,-2.2464224602400007,lower
stall,0.85,max-batch,8,jbsq,qbr,p999_us,10,-3.8164002363000007,-7.1698332166500025,-0.7450950137899975,lower
stall,0.85,max-batch,8,jbsq,qbr,p99_us,10,-3.2515910010000026,-3.5452056294100065,-2.9517274242025024,lower
stall,0.85,max-batch,8,jbsq,qbr,slo_miss_rate,10,-0.532996724735,-0.5816524712309,-0.48677069907545,lower
stall,0.85,max-batch,8,jbsq,steal,class0_p99_us,10,-6.248752912520002,-6.723891976998003,-5.695528430483003,lower
stall,0.85,max-batch,8,jbsq,steal,control_cpu_mean,10,-5.223123789019,-5.278678088576575,-5.155703446761301,lower
stall,0.85,max-batch,8,jbsq,steal,p999_us,10,-2.8855738170000054,-6.151048774422499,0.6493064185599958,uncertain
stall,0.85,max-batch,8,jbsq,steal,p99_us,10,-2.859382243300007,-3.4740498214900075,-2.4005122095825064,lower
stall,0.85,max-batch,8,jbsq,steal,slo_miss_rate,10,-0.47227329444099997,-0.568620579479025,-0.38187124029102504,lower
stall,0.85,max-batch,8,jbsq,threshold,class0_p99_us,10,-6.829677489990002,-7.303284475494,-6.321411821693503,lower
stall,0.85,max-batch,8,jbsq,threshold,control_cpu_mean,10,-3.687657508767,-3.7222829005683002,-3.6579174950602997,lower
stall,0.85,max-batch,8,jbsq,threshold,p999_us,10,-5.2701216858999995,-8.500392004227491,-1.9638146984525182,lower
stall,0.85,max-batch,8,jbsq,threshold,p99_us,10,-3.236702169600008,-3.8520689625250055,-2.6836799209925064,lower
stall,0.85,max-batch,8,jbsq,threshold,slo_miss_rate,10,-0.5857153796319999,-0.6698314504150249,-0.5052036772160751,lower
stall,0.85,max-batch,8,jsw,jbsq,class0_p99_us,10,7.136632313010002,6.631394072489502,7.608079829190499,higher
stall,0.85,max-batch,8,jsw,jbsq,control_cpu_mean,10,0.398400000004,0.398400000004,0.398400000004,higher
stall,0.85,max-batch,8,jsw,jbsq,p999_us,10,5.8225291033999955,2.456473815197503,9.322540060342504,higher
stall,0.85,max-batch,8,jsw,jbsq,p99_us,10,5.664966840300002,5.0904120897025,6.146588176487499,higher
stall,0.85,max-batch,8,jsw,jbsq,slo_miss_rate,10,0.606772727256,0.516075025715,0.6933930778638,higher
stall,0.85,max-batch,8,jsw,qbr,class0_p99_us,10,0.6003573376100008,0.17778595197449956,0.9777865972302507,higher
stall,0.85,max-batch,8,jsw,qbr,control_cpu_mean,10,-1.85686808512,-1.8654511361708248,-1.8480224602359996,lower
stall,0.85,max-batch,8,jsw,qbr,p999_us,10,2.0061288670999944,-1.172504075115007,5.3084754949749815,uncertain
stall,0.85,max-batch,8,jsw,qbr,p99_us,10,2.4133758392999995,1.7432050200799942,3.0377029146375096,higher
stall,0.85,max-batch,8,jsw,qbr,slo_miss_rate,10,0.07377600252100004,0.011374748749500011,0.13046080299677498,higher
stall,0.85,max-batch,8,jsw,steal,class0_p99_us,10,0.8878794004900001,0.4373218949332505,1.326563655027249,higher
stall,0.85,max-batch,8,jsw,steal,control_cpu_mean,10,-4.8247237890150005,-4.880278088572575,-4.757303446757301,lower
stall,0.85,max-batch,8,jsw,steal,p999_us,10,2.93695528639999,1.2349194142599884,4.578407237847467,higher
stall,0.85,max-batch,8,jsw,steal,p99_us,10,2.805584596999995,2.0026694224599915,3.5123979931775073,higher
stall,0.85,max-batch,8,jsw,steal,slo_miss_rate,10,0.13449943281500004,0.06801169945252494,0.20583418651424998,higher
stall,0.85,max-batch,8,jsw,threshold,class0_p99_us,10,0.3069548230199999,0.002488291240249653,0.6406195403677492,higher
stall,0.85,max-batch,8,jsw,threshold,control_cpu_mean,10,-3.289257508763,-3.3238829005643,-3.2595174950562997,lower
stall,0.85,max-batch,8,jsw,threshold,p999_us,10,0.5524074174999953,-2.1587058684700122,3.3639202563324964,uncertain
stall,0.85,max-batch,8,jsw,threshold,p99_us,10,2.428264670699994,1.6925836612149925,3.1220822571524947,higher
stall,0.85,max-batch,8,jsw,threshold,slo_miss_rate,10,0.021057347624000026,-0.020328013857100077,0.07498398218139996,uncertain
stall,0.85,max-batch,8,qbr,jbsq,class0_p99_us,10,6.536274975400002,5.887255851833251,7.0271018550147515,higher
stall,0.85,max-batch,8,qbr,jbsq,control_cpu_mean,10,2.255268085124,2.2464224602400007,2.2638511361748246,higher
stall,0.85,max-batch,8,qbr,jbsq,p999_us,10,3.8164002363000007,0.7450950137899974,7.169833216649999,higher
stall,0.85,max-batch,8,qbr,jbsq,p99_us,10,3.2515910010000026,2.9517274242025024,3.545205629410006,higher
stall,0.85,max-batch,8,qbr,jbsq,slo_miss_rate,10,0.532996724735,0.4867706990754499,0.5816524712309,higher
stall,0.85,max-batch,8,qbr,jsw,class0_p99_us,10,-0.6003573376100008,-0.9777865972302511,-0.1777859519745003,lower
stall,0.85,max-batch,8,qbr,jsw,control_cpu_mean,10,1.85686808512,1.8480224602359996,1.8654511361708248,higher
stall,0.85,max-batch,8,qbr,jsw,p999_us,10,-2.0061288670999944,-5.308475494974983,1.1725040751150047,uncertain
stall,0.85,max-batch,8,qbr,jsw,p99_us,10,-2.4133758392999995,-3.0377029146375096,-1.7432050200799951,lower
stall,0.85,max-batch,8,qbr,jsw,slo_miss_rate,10,-0.07377600252100004,-0.130460802996775,-0.011374748749500034,lower
stall,0.85,max-batch,8,qbr,steal,class0_p99_us,10,0.2875220628799994,-0.20320982199050006,0.7280352955582493,uncertain
stall,0.85,max-batch,8,qbr,steal,control_cpu_mean,10,-2.967855703895,-3.030833901918175,-2.892645470248025,lower
stall,0.85,max-batch,8,qbr,steal,p999_us,10,0.9308264192999957,-2.7244975530449955,4.097721764277491,uncertain
stall,0.85,max-batch,8,qbr,steal,p99_us,10,0.39220875769999564,-0.17636362414500284,0.7718394630749937,uncertain
stall,0.85,max-batch,8,qbr,steal,slo_miss_rate,10,0.06072343029399997,-0.004308398424225001,0.11855193378427488,uncertain
stall,0.85,max-batch,8,qbr,threshold,class0_p99_us,10,-0.2934025145900009,-0.6550806454770004,0.08441899873574914,uncertain
stall,0.85,max-batch,8,qbr,threshold,control_cpu_mean,10,-1.432389423643,-1.4605321830208247,-1.40826818603175,lower
stall,0.85,max-batch,8,qbr,threshold,p999_us,10,-1.453721449599999,-4.388376689700001,1.6296490920474953,uncertain
stall,0.85,max-batch,8,qbr,threshold,p99_us,10,0.014888831399994728,-0.4794985259350089,0.46710640746749804,uncertain
stall,0.85,max-batch,8,qbr,threshold,slo_miss_rate,10,-0.05271865489700002,-0.10579401994705004,0.0028772547804499842,uncertain
stall,0.85,max-batch,8,steal,jbsq,class0_p99_us,10,6.248752912520002,5.6955284304830025,6.723891976998002,higher
stall,0.85,max-batch,8,steal,jbsq,control_cpu_mean,10,5.223123789019,5.155703446761301,5.278678088576575,higher
stall,0.85,max-batch,8,steal,jbsq,p999_us,10,2.8855738170000054,-0.6493064185599974,6.1510487744224935,uncertain
stall,0.85,max-batch,8,steal,jbsq,p99_us,10,2.859382243300007,2.4005122095825064,3.4740498214900075,higher
stall,0.85,max-batch,8,steal,jbsq,slo_miss_rate,10,0.47227329444099997,0.381871240291025,0.568620579479025,higher
stall,0.85,max-batch,8,steal,jsw,class0_p99_us,10,-0.8878794004900001,-1.3265636550272493,-0.43732189493325174,lower
stall,0.85,max-batch,8,steal,jsw,control_cpu_mean,10,4.8247237890150005,4.757303446757301,4.880278088572575,higher
stall,0.85,max-batch,8,steal,jsw,p999_us,10,-2.93695528639999,-4.57840723784747,-1.2349194142599889,lower
stall,0.85,max-batch,8,steal,jsw,p99_us,10,-2.805584596999995,-3.5123979931775073,-2.0026694224599915,lower
stall,0.85,max-batch,8,steal,jsw,slo_miss_rate,10,-0.13449943281500004,-0.20583418651425,-0.06801169945252504,lower
stall,0.85,max-batch,8,steal,qbr,class0_p99_us,10,-0.2875220628799994,-0.7280352955582496,0.20320982199050003,uncertain
stall,0.85,max-batch,8,steal,qbr,control_cpu_mean,10,2.967855703895,2.892645470248025,3.030833901918175,higher
stall,0.85,max-batch,8,steal,qbr,p999_us,10,-0.9308264192999957,-4.097721764277492,2.7244975530449937,uncertain
stall,0.85,max-batch,8,steal,qbr,p99_us,10,-0.39220875769999564,-0.7718394630749937,0.1763636241450028,uncertain
stall,0.85,max-batch,8,steal,qbr,slo_miss_rate,10,-0.06072343029399997,-0.11855193378427496,0.004308398424224968,uncertain
stall,0.85,max-batch,8,steal,threshold,class0_p99_us,10,-0.5809245774700003,-1.0263617792849997,-0.12565894967575236,lower
stall,0.85,max-batch,8,steal,threshold,control_cpu_mean,10,1.535466280252,1.4341303827275251,1.61995883483,higher
stall,0.85,max-batch,8,steal,threshold,p999_us,10,-2.3845478688999946,-6.022833222702502,1.690249529547495,uncertain
stall,0.85,max-batch,8,steal,threshold,p99_us,10,-0.37731992630000094,-0.6780968476574986,-0.11367955329999688,lower
stall,0.85,max-batch,8,steal,threshold,slo_miss_rate,10,-0.11344208519099999,-0.17159973943499993,-0.054785484755599995,lower
stall,0.85,max-batch,8,threshold,jbsq,class0_p99_us,10,6.829677489990002,6.321411821693502,7.303284475494,higher
stall,0.85,max-batch,8,threshold,jbsq,control_cpu_mean,10,3.687657508767,3.6579174950602997,3.7222829005683,higher
stall,0.85,max-batch,8,threshold,jbsq,p999_us,10,5.2701216858999995,1.963814698452516,8.500392004227491,higher
stall,0.85,max-batch,8,threshold,jbsq,p99_us,10,3.236702169600008,2.683679920992506,3.8520689625250046,higher
stall,0.85,max-batch,8,threshold,jbsq,slo_miss_rate,10,0.5857153796319999,0.505203677216075,0.6698314504150249,higher
stall,0.85,max-batch,8,threshold,jsw,class0_p99_us,10,-0.3069548230199999,-0.6406195403677492,-0.002488291240249735,lower
stall,0.85,max-batch,8,threshold,jsw,control_cpu_mean,10,3.289257508763,3.2595174950562997,3.3238829005643,higher
stall,0.85,max-batch,8,threshold,jsw,p999_us,10,-0.5524074174999953,-3.363920256332498,2.158705868470012,uncertain
stall,0.85,max-batch,8,threshold,jsw,p99_us,10,-2.428264670699994,-3.1220822571524947,-1.6925836612149927,lower
stall,0.85,max-batch,8,threshold,jsw,slo_miss_rate,10,-0.021057347624000026,-0.07498398218140011,0.020328013857100074,uncertain
stall,0.85,max-batch,8,threshold,qbr,class0_p99_us,10,0.2934025145900009,-0.08441899873574926,0.6550806454770003,uncertain
stall,0.85,max-batch,8,threshold,qbr,control_cpu_mean,10,1.432389423643,1.40826818603175,1.4605321830208247,higher
stall,0.85,max-batch,8,threshold,qbr,p999_us,10,1.453721449599999,-1.6296490920474953,4.388376689699999,uncertain
stall,0.85,max-batch,8,threshold,qbr,p99_us,10,-0.014888831399994728,-0.4671064074674981,0.47949852593500886,uncertain
stall,0.85,max-batch,8,threshold,qbr,slo_miss_rate,10,0.05271865489700002,-0.0028772547804499994,0.10579401994705004,uncertain
stall,0.85,max-batch,8,threshold,steal,class0_p99_us,10,0.5809245774700003,0.1256589496757516,1.0263617792849997,higher
stall,0.85,max-batch,8,threshold,steal,control_cpu_mean,10,-1.535466280252,-1.61995883483,-1.4341303827275251,lower
stall,0.85,max-batch,8,threshold,steal,p999_us,10,2.3845478688999946,-1.6902495295474955,6.0228332227025,uncertain
stall,0.85,max-batch,8,threshold,steal,p99_us,10,0.37731992630000094,0.11367955329999688,0.6780968476574986,higher
stall,0.85,max-batch,8,threshold,steal,slo_miss_rate,10,0.11344208519099999,0.054785484755599995,0.17159973943499987,higher
stall,0.85,network-us,1,jbsq,jsw,class0_p99_us,10,-15.92033768879,-16.464636034697,-15.408471371371501,lower
stall,0.85,network-us,1,jbsq,jsw,control_cpu_mean,10,-0.398400000004,-0.398400000004,-0.398400000004,lower
stall,0.85,network-us,1,jbsq,jsw,p999_us,10,-10.482618860000002,-13.16662790300499,-7.842427670479998,lower
stall,0.85,network-us,1,jbsq,jsw,p99_us,10,-6.4039805207,-6.947788312355001,-5.810170614100006,lower
stall,0.85,network-us,1,jbsq,jsw,slo_miss_rate,10,-0.3787334350882,-0.453399663547305,-0.3118892462079851,lower
stall,0.85,network-us,1,jbsq,qbr,class0_p99_us,10,-15.539921134599998,-16.074824948148496,-15.02130500666825,lower
stall,0.85,network-us,1,jbsq,qbr,control_cpu_mean,10,-2.931385184943,-2.9554781307733,-2.9076762566630245,lower
stall,0.85,network-us,1,jbsq,qbr,p999_us,10,-7.946505877600009,-12.97156806867251,-3.36821396865252,lower
stall,0.85,network-us,1,jbsq,qbr,p99_us,10,-4.263054609399998,-4.645139749540005,-3.9057482943250004,lower
stall,0.85,network-us,1,jbsq,qbr,slo_miss_rate,10,-0.3311376233191,-0.38382046258668995,-0.27624121074898256,lower
stall,0.85,network-us,1,jbsq,steal,class0_p99_us,10,-14.822259493569998,-15.229335661588001,-14.414642017317002,lower
stall,0.85,network-us,1,jbsq,steal,control_cpu_mean,10,-7.125621339070001,-7.2444609170318515,-6.9874496609244,lower
stall,0.85,network-us,1,jbsq,steal,p999_us,10,-6.6361648294000135,-9.373994592080026,-3.7196647013500215,lower
stall,0.85,network-us,1,jbsq,steal,p99_us,10,-3.9335659093999964,-4.373407824875002,-3.537034944147489,lower
stall,0.85,network-us,1,jbsq,steal,slo_miss_rate,10,-0.2874833416382,-0.35250072814241246,-0.22097648258065006,lower
stall,0.85,network-us,1,jbsq,threshold,class0_p99_us,10,-15.249104108290002,-15.72981639979225,-14.855640701945001,lower
stall,0.85,network-us,1,jbsq,threshold,control_cpu_mean,10,-4.977134571944001,-5.0295241179016,-4.92381959577465,lower
stall,0.85,network-us,1,jbsq,threshold,p999_us,10,-6.840177109799998,-10.67639589410499,-3.124162798400005,lower
stall,0.85,network-us,1,jbsq,threshold,p99_us,10,-3.969620704899995,-4.306254369962497,-3.610094776537497,lower
stall,0.85,network-us,1,jbsq,threshold,slo_miss_rate,10,-0.2884401331809,-0.34389276009549496,-0.23921647286566003,lower
stall,0.85,network-us,1,jsw,jbsq,class0_p99_us,10,15.92033768879,15.408471371371501,16.464636034697,higher
stall,0.85,network-us,1,jsw,jbsq,control_cpu_mean,10,0.398400000004,0.398400000004,0.398400000004,higher
stall,0.85,network-us,1,jsw,jbsq,p999_us,10,10.482618860000002,7.842427670479998,13.166627903004988,higher
stall,0.85,network-us,1,jsw,jbsq,p99_us,10,6.4039805207,5.810170614100005,6.947788312355001,higher
stall,0.85,network-us,1,jsw,jbsq,slo_miss_rate,10,0.3787334350882,0.3118892462079851,0.45339966354730493,higher
stall,0.85,network-us,1,jsw,qbr,class0_p99_us,10,0.3804165541900019,-0.16938770730024627,1.0120513702907525,uncertain
stall,0.85,network-us,1,jsw,qbr,control_cpu_mean,10,-2.5329851849389997,-2.5570781307693,-2.5092762566590245,lower
stall,0.85,network-us,1,jsw,qbr,p999_us,10,2.536112982399993,-0.9177754315775113,5.831382667834994,uncertain
stall,0.85,network-us,1,jsw,qbr,p99_us,10,2.140925911300002,1.4234518795024989,2.908056303227499,higher
stall,0.85,network-us,1,jsw,qbr,slo_miss_rate,10,0.04759581176909998,-0.008571086325455026,0.11225654558436751,uncertain
stall,0.85,network-us,1,jsw,steal,class0_p99_us,10,1.0980781952200005,0.6634809073052502,1.5551366223442507,higher
stall,0.85,network-us,1,jsw,steal,control_cpu_mean,10,-6.727221339066,-6.84606091702785,-6.5890496609204,lower
stall,0.85,network-us,1,jsw,steal,p999_us,10,3.846454030599989,1.7638921117249917,6.018376135102486,higher
stall,0.85,network-us,1,jsw,steal,p99_us,10,2.4704146113000034,1.7719656184124999,3.183462768467505,higher
stall,0.85,network-us,1,jsw,steal,slo_miss_rate,10,0.09125009344999999,0.0529052262690775,0.13275835277206252,higher
stall,0.85,network-us,1,jsw,threshold,class0_p99_us,10,0.6712335805000003,0.045498876268501014,1.2783726777264999,higher
stall,0.85,network-us,1,jsw,threshold,control_cpu_mean,10,-4.578734571939999,-4.6311241178976,-4.525419595770651,lower
stall,0.85,network-us,1,jsw,threshold,p999_us,10,3.642441750200004,1.6488348833225088,5.4951545787175045,higher
stall,0.85,network-us,1,jsw,threshold,p99_us,10,2.434359815800005,1.6607725962100073,3.1828262243950034,higher
stall,0.85,network-us,1,jsw,threshold,slo_miss_rate,10,0.09029330190730002,0.032447126088910004,0.15215082282131248,higher
stall,0.85,network-us,1,qbr,jbsq,class0_p99_us,10,15.539921134599998,15.02130500666825,16.074824948148496,higher
stall,0.85,network-us,1,qbr,jbsq,control_cpu_mean,10,2.931385184943,2.9076762566630245,2.9554781307733,higher
stall,0.85,network-us,1,qbr,jbsq,p999_us,10,7.946505877600009,3.368213968652516,12.97156806867251,higher
stall,0.85,network-us,1,qbr,jbsq,p99_us,10,4.263054609399998,3.9057482943250004,4.645139749540005,higher
stall,0.85,network-us,1,qbr,jbsq,slo_miss_rate,10,0.3311376233191,0.2762412107489825,0.3838204625866899,higher
stall,0.85,network-us,1,qbr,jsw,class0_p99_us,10,-0.3804165541900019,-1.0120513702907525,0.1693877073002459,uncertain
stall,0.85,network-us,1,qbr,jsw,control_cpu_mean,10,2.5329851849389997,2.5092762566590245,2.5570781307693,higher
stall,0.85,network-us,1,qbr,jsw,p999_us,10,-2.536112982399993,-5.831382667834996,0.9177754315775094,uncertain
stall,0.85,network-us,1,qbr,jsw,p99_us,10,-2.140925911300002,-2.9080563032274993,-1.4234518795024989,lower
stall,0.85,network-us,1,qbr,jsw,slo_miss_rate,10,-0.04759581176909998,-0.11225654558436753,0.008571086325454998,uncertain
stall,0.85,network-us,1,qbr,steal,class0_p99_us,10,0.7176616410299985,0.19652628502649913,1.1769508511447475,higher
stall,0.85,network-us,1,qbr,steal,control_cpu_mean,10,-4.194236154127,-4.331547660451651,-4.036363893655725,lower
stall,0.85,network-us,1,qbr,steal,p999_us,10,1.3103410481999958,-2.6823353459425054,5.287450571249987,uncertain
stall,0.85,network-us,1,qbr,steal,p99_us,10,0.3294887000000017,-0.16681227388749903,0.7888670309799997,uncertain
stall,0.85,network-us,1,qbr,steal,slo_miss_rate,10,0.0436542816809,-0.0064238595649650145,0.0869510666812225,uncertain
stall,0.85,network-us,1,qbr,threshold,class0_p99_us,10,0.2908170263099983,-0.12216847568225084,0.6517161234457474,uncertain
stall,0.85,network-us,1,qbr,threshold,control_cpu_mean,10,-2.045749387001,-2.0777935923522244,-2.0130028196923497,lower
stall,0.85,network-us,1,qbr,threshold,p999_us,10,1.1063287678000109,-2.985708716152485,5.339715909719999,uncertain
stall,0.85,network-us,1,qbr,threshold,p99_us,10,0.293433904500003,-0.18202781788748706,0.8241274777425026,uncertain
stall,0.85,network-us,1,qbr,threshold,slo_miss_rate,10,0.042697490138200025,-0.011125034479002474,0.08987927724540502,uncertain
stall,0.85,network-us,1,steal,jbsq,class0_p99_us,10,14.822259493569998,14.414642017317,15.229335661588,higher
stall,0.85,network-us,1,steal,jbsq,control_cpu_mean,10,7.125621339070001,6.9874496609244,7.2444609170318515,higher
stall,0.85,network-us,1,steal,jbsq,p999_us,10,6.6361648294000135,3.7196647013500197,9.373994592080026,higher
stall,0.85,network-us,1,steal,jbsq,p99_us,10,3.9335659093999964,3.5370349441474884,4.373407824875002,higher
stall,0.85,network-us,1,steal,jbsq,slo_miss_rate,10,0.2874833416382,0.22097648258065003,0.3525007281424123,higher
stall,0.85,network-us,1,steal,jsw,class0_p99_us,10,-1.0980781952200005,-1.5551366223442509,-0.6634809073052503,lower
stall,0.85,network-us,1,steal,jsw,control_cpu_mean,10,6.727221339066,6.5890496609204,6.84606091702785,higher
stall,0.85,network-us,1,steal,jsw,p999_us,10,-3.846454030599989,-6.018376135102486,-1.7638921117249922,lower
stall,0.85,network-us,1,steal,jsw,p99_us,10,-2.4704146113000034,-3.183462768467506,-1.7719656184125012,lower
stall,0.85,network-us,1,steal,jsw,slo_miss_rate,10,-0.09125009344999999,-0.13275835277206252,-0.0529052262690775,lower
stall,0.85,network-us,1,steal,qbr,class0_p99_us,10,-0.7176616410299985,-1.1769508511447475,-0.1965262850264994,lower
stall,0.85,network-us,1,steal,qbr,control_cpu_mean,10,4.194236154127,4.036363893655725,4.331547660451651,higher
stall,0.85,network-us,1,steal,qbr,p999_us,10,-1.3103410481999958,-5.2874505712499875,2.682335345942505,uncertain
stall,0.85,network-us,1,steal,qbr,p99_us,10,-0.3294887000000017,-0.7888670309799997,0.16681227388749897,uncertain
stall,0.85,network-us,1,steal,qbr,slo_miss_rate,10,-0.0436542816809,-0.08695106668122252,0.006423859564964964,uncertain
stall,0.85,network-us,1,steal,threshold,class0_p99_us,10,-0.42684461472000024,-0.8201958500895,-0.015645627460749774,lower
stall,0.85,network-us,1,steal,threshold,control_cpu_mean,10,2.148486767126,1.9648510845903002,2.31324728358905,higher
stall,0.85,network-us,1,steal,threshold,p999_us,10,-0.204012280399985,-2.854488052429988,2.095416382457516,uncertain
stall,0.85,network-us,1,steal,threshold,p99_us,10,-0.0360547954999987,-0.4038233688724961,0.366276467575,uncertain
stall,0.85,network-us,1,steal,threshold,slo_miss_rate,10,-0.0009567915426999813,-0.04714989221613251,0.04566371216726,uncertain
stall,0.85,network-us,1,threshold,jbsq,class0_p99_us,10,15.249104108290002,14.855640701945001,15.72981639979225,higher
stall,0.85,network-us,1,threshold,jbsq,control_cpu_mean,10,4.977134571944001,4.92381959577465,5.0295241179016,higher
stall,0.85,network-us,1,threshold,jbsq,p999_us,10,6.840177109799998,3.124162798400005,10.676395894104989,higher
stall,0.85,network-us,1,threshold,jbsq,p99_us,10,3.969620704899995,3.610094776537497,4.306254369962497,higher
stall,0.85,network-us,1,threshold,jbsq,slo_miss_rate,10,0.2884401331809,0.23921647286566003,0.3438927600954949,higher
stall,0.85,network-us,1,threshold,jsw,class0_p99_us,10,-0.6712335805000003,-1.2783726777265003,-0.04549887626850129,lower
stall,0.85,network-us,1,threshold,jsw,control_cpu_mean,10,4.578734571939999,4.525419595770651,4.6311241178976,higher
stall,0.85,network-us,1,threshold,jsw,p999_us,10,-3.642441750200004,-5.495154578717507,-1.648834883322513,lower
stall,0.85,network-us,1,threshold,jsw,p99_us,10,-2.434359815800005,-3.182826224395004,-1.6607725962100073,lower
stall,0.85,network-us,1,threshold,jsw,slo_miss_rate,10,-0.09029330190730002,-0.1521508228213125,-0.032447126088910004,lower
stall,0.85,network-us,1,threshold,qbr,class0_p99_us,10,-0.2908170263099983,-0.6517161234457477,0.12216847568225028,uncertain
stall,0.85,network-us,1,threshold,qbr,control_cpu_mean,10,2.045749387001,2.0130028196923497,2.0777935923522244,higher
stall,0.85,network-us,1,threshold,qbr,p999_us,10,-1.1063287678000109,-5.3397159097200015,2.9857087161524793,uncertain
stall,0.85,network-us,1,threshold,qbr,p99_us,10,-0.293433904500003,-0.8241274777425027,0.182027817887487,uncertain
stall,0.85,network-us,1,threshold,qbr,slo_miss_rate,10,-0.042697490138200025,-0.08987927724540504,0.011125034479002397,uncertain
stall,0.85,network-us,1,threshold,steal,class0_p99_us,10,0.42684461472000024,0.015645627460749763,0.8201958500894999,higher
stall,0.85,network-us,1,threshold,steal,control_cpu_mean,10,-2.148486767126,-2.31324728358905,-1.9648510845903002,lower
stall,0.85,network-us,1,threshold,steal,p999_us,10,0.204012280399985,-2.0954163824575165,2.854488052429988,uncertain
stall,0.85,network-us,1,threshold,steal,p99_us,10,0.0360547954999987,-0.3662764675750001,0.4038233688724961,uncertain
stall,0.85,network-us,1,threshold,steal,slo_miss_rate,10,0.0009567915426999813,-0.04566371216726002,0.04714989221613248,uncertain
stall,0.85,network-us,12,jbsq,jsw,class0_p99_us,10,14.159813012260003,13.245022699069999,14.90202584069075,higher
stall,0.85,network-us,12,jbsq,jsw,control_cpu_mean,10,-0.398400000004,-0.398400000004,-0.398400000004,lower
stall,0.85,network-us,12,jbsq,jsw,p999_us,10,-5.700498886599997,-10.241966872854988,-0.9422765884499994,lower
stall,0.85,network-us,12,jbsq,jsw,p99_us,10,-1.1777856087999965,-2.5418643903374942,0.07951226005499804,uncertain
stall,0.85,network-us,12,jbsq,jsw,slo_miss_rate,10,-4.9868510834399995,-5.40922703264225,-4.55822796485875,lower
stall,0.85,network-us,12,jbsq,qbr,class0_p99_us,10,14.59478175895,13.939803655553751,15.274651689897253,higher
stall,0.85,network-us,12,jbsq,qbr,control_cpu_mean,10,-2.019125778564,-2.0205774414361497,-2.01751960515205,lower
stall,0.85,network-us,12,jbsq,qbr,p999_us,10,-4.037121063199999,-8.954631608639996,1.3227370962374942,uncertain
stall,0.85,network-us,12,jbsq,qbr,p99_us,10,1.470987815500007,0.6106545728575097,2.315346566002507,higher
stall,0.85,network-us,12,jbsq,qbr,slo_miss_rate,10,-5.1038874197299995,-5.589595800351499,-4.642513349414252,lower
stall,0.85,network-us,12,jbsq,steal,class0_p99_us,10,12.07768317808,11.20107848642125,12.794639102795498,higher
stall,0.85,network-us,12,jbsq,steal,control_cpu_mean,10,-4.677507065572,-4.713652733425574,-4.636373392588201,lower
stall,0.85,network-us,12,jbsq,steal,p999_us,10,-3.604077817099994,-8.061501371742493,0.9614697262400068,uncertain
stall,0.85,network-us,12,jbsq,steal,p99_us,10,3.9436322604000082,3.2553457186725057,4.507233980352504,higher
stall,0.85,network-us,12,jbsq,steal,slo_miss_rate,10,-6.2509007602599995,-6.632844742746999,-5.88087496797375,lower
stall,0.85,network-us,12,jbsq,threshold,class0_p99_us,10,12.783579977119997,11.908857491871498,13.661609772502748,higher
stall,0.85,network-us,12,jbsq,threshold,control_cpu_mean,10,-3.2357654425899995,-3.2431822680357496,-3.228347216881,lower
stall,0.85,network-us,12,jbsq,threshold,p999_us,10,-4.676040123500002,-9.071509023829995,-0.018832427722503226,lower
stall,0.85,network-us,12,jbsq,threshold,p99_us,10,1.8761580637000066,1.4336595195675044,2.3085011129425097,higher
stall,0.85,network-us,12,jbsq,threshold,slo_miss_rate,10,-5.3502404142,-5.8252012467280005,-4.8919914561875,lower
stall,0.85,network-us,12,jsw,jbsq,class0_p99_us,10,-14.159813012260003,-14.90202584069075,-13.24502269907,lower
stall,0.85,network-us,12,jsw,jbsq,control_cpu_mean,10,0.398400000004,0.398400000004,0.398400000004,higher
stall,0.85,network-us,12,jsw,jbsq,p999_us,10,5.700498886599997,0.9422765884499993,10.241966872854986,higher
stall,0.85,network-us,12,jsw,jbsq,p99_us,10,1.1777856087999965,-0.07951226005499853,2.5418643903374942,uncertain
stall,0.85,network-us,12,jsw,jbsq,slo_miss_rate,10,4.9868510834399995,4.55822796485875,5.40922703264225,higher
stall,0.85,network-us,12,jsw,qbr,class0_p99_us,10,0.43496874668999935,-0.17384033179125163,1.0496225794672491,uncertain
stall,0.85,network-us,12,jsw,qbr,control_cpu_mean,10,-1.62072577856,-1.62217744143215,-1.6191196051480499,lower
stall,0.85,network-us,12,jsw,qbr,p999_us,10,1.6633778233999976,-1.2864727335974988,4.385706476444985,uncertain
stall,0.85,network-us,12,jsw,qbr,p99_us,10,2.6487734243000034,1.5290965876725011,3.734509336090006,higher
stall,0.85,network-us,12,jsw,qbr,slo_miss_rate,10,-0.11703633628999983,-0.3105543959669987,0.0766819034137503,uncertain
stall,0.85,network-us,12,jsw,steal,class0_p99_us,10,-2.0821298341800016,-2.749240067087003,-1.421469531075502,lower
stall,0.85,network-us,12,jsw,steal,control_cpu_mean,10,-4.279107065568001,-4.315252733421576,-4.237973392584201,lower
stall,0.85,network-us,12,jsw,steal,p999_us,10,2.096421069500002,-2.16759947953751,6.196992654400003,uncertain
stall,0.85,network-us,12,jsw,steal,p99_us,10,5.1214178692000045,3.7257522078075023,6.4728298212675,higher
stall,0.85,network-us,12,jsw,steal,slo_miss_rate,10,-1.2640496768200002,-1.4593667526200003,-1.0865750367682505,lower
stall,0.85,network-us,12,jsw,threshold,class0_p99_us,10,-1.3762330351400038,-2.024030624397504,-0.611585665133003,lower
stall,0.85,network-us,12,jsw,threshold,control_cpu_mean,10,-2.8373654425859995,-2.8447822680317496,-2.829947216877,lower
stall,0.85,network-us,12,jsw,threshold,p999_us,10,1.0244587630999944,-1.9679871010624996,4.140389328044985,uncertain
stall,0.85,network-us,12,jsw,threshold,p99_us,10,3.053943672500003,1.9266619221525043,4.1973943849875015,higher
stall,0.85,network-us,12,jsw,threshold,slo_miss_rate,10,-0.36338933076,-0.5714239203287507,-0.15057981300975012,lower
stall,0.85,network-us,12,qbr,jbsq,class0_p99_us,10,-14.59478175895,-15.274651689897253,-13.939803655553753,lower
stall,0.85,network-us,12,qbr,jbsq,control_cpu_mean,10,2.019125778564,2.01751960515205,2.0205774414361497,higher
stall,0.85,network-us,12,qbr,jbsq,p999_us,10,4.037121063199999,-1.3227370962374945,8.954631608639993,uncertain
stall,0.85,network-us,12,qbr,jbsq,p99_us,10,-1.470987815500007,-2.3153465660025088,-0.6106545728575099,lower
stall,0.85,network-us,12,qbr,jbsq,slo_miss_rate,10,5.1038874197299995,4.642513349414251,5.589595800351499,higher
stall,0.85,network-us,12,qbr,jsw,class0_p99_us,10,-0.43496874668999935,-1.0496225794672491,0.17384033179125147,uncertain
stall,0.85,network-us,12,qbr,jsw,control_cpu_mean,10,1.62072577856,1.6191196051480499,1.62217744143215,higher
stall,0.85,network-us,12,qbr,jsw,p999_us,10,-1.6633778233999976,-4.385706476444986,1.2864727335974986,uncertain
stall,0.85,network-us,12,qbr,jsw,p99_us,10,-2.6487734243000034,-3.734509336090006,-1.5290965876725011,lower
stall,0.85,network-us,12,qbr,jsw,slo_miss_rate,10,0.11703633628999983,-0.07668190341375034,0.3105543959669987,uncertain
stall,0.85,network-us,12,qbr,steal,class0_p99_us,10,-2.517098580870001,-3.19012339343675,-1.7710247453867511,lower
stall,0.85,network-us,12,qbr,steal,control_cpu_mean,10,-2.658381287008,-2.6949119727665747,-2.6173577280387255,lower
stall,0.85,network-us,12,qbr,steal,p999_us,10,0.43304324610000433,-2.2294885283549966,3.030393946717512,uncertain
stall,0.85,network-us,12,qbr,steal,p99_us,10,2.472644444900001,1.6093914259549955,3.2640605407774985,higher
stall,0.85,network-us,12,qbr,steal,slo_miss_rate,10,-1.1470133405300005,-1.3217311294997498,-0.948946801825501,lower
stall,0.85,network-us,12,qbr,threshold,class0_p99_us,10,-1.8112017818300032,-2.2913672267547542,-1.3096675004220022,lower
stall,0.85,network-us,12,qbr,threshold,control_cpu_mean,10,-1.2166396640259998,-1.2241055717791245,-1.2090211272048248,lower
stall,0.85,network-us,12,qbr,threshold,p999_us,10,-0.6389190603000031,-3.2550912400150014,1.457285970132501,uncertain
stall,0.85,network-us,12,qbr,threshold,p99_us,10,0.4051702481999996,-0.2476771371725013,1.1236619860650001,uncertain
stall,0.85,network-us,12,qbr,threshold,slo_miss_rate,10,-0.2463529944700002,-0.42780672295075034,-0.07698419688800037,lower
stall,0.85,network-us,12,steal,jbsq,class0_p99_us,10,-12.07768317808,-12.7946391027955,-11.20107848642125,lower
stall,0.85,network-us,12,steal,jbsq,control_cpu_mean,10,4.677507065572,4.636373392588201,4.713652733425574,higher
stall,0.85,network-us,12,steal,jbsq,p999_us,10,3.604077817099994,-0.9614697262400077,8.061501371742489,uncertain
stall,0.85,network-us,12,steal,jbsq,p99_us,10,-3.9436322604000082,-4.507233980352505,-3.2553457186725065,lower
stall,0.85,network-us,12,steal,jbsq,slo_miss_rate,10,6.2509007602599995,5.88087496797375,6.632844742746999,higher
stall,0.85,network-us,12,steal,jsw,class0_p99_us,10,2.0821298341800016,1.4214695310755017,2.749240067087003,higher
stall,0.85,network-us,12,steal,jsw,control_cpu_mean,10,4.279107065568001,4.237973392584201,4.315252733421576,higher
stall,0.85,network-us,12,steal,jsw,p999_us,10,-2.096421069500002,-6.196992654400003,2.1675994795375,uncertain
stall,0.85,network-us,12,steal,jsw,p99_us,10,-5.1214178692000045,-6.472829821267501,-3.7257522078075027,lower
stall,0.85,network-us,12,steal,jsw,slo_miss_rate,10,1.2640496768200002,1.0865750367682503,1.4593667526200003,higher
stall,0.85,network-us,12,steal,qbr,class0_p99_us,10,2.517098580870001,1.7710247453867511,3.1901233934367497,higher
stall,0.85,network-us,12,steal,qbr,control_cpu_mean,10,2.658381287008,2.6173577280387255,2.6949119727665747,higher
stall,0.85,network-us,12,steal,qbr,p999_us,10,-0.43304324610000433,-3.030393946717513,2.229488528354996,uncertain
stall,0.85,network-us,12,steal,qbr,p99_us,10,-2.472644444900001,-3.2640605407775007,-1.6093914259549962,lower
stall,0.85,network-us,12,steal,qbr,slo_miss_rate,10,1.1470133405300005,0.948946801825501,1.3217311294997498,higher
stall,0.85,network-us,12,steal,threshold,class0_p99_us,10,0.7058967990399978,0.1302724634152476,1.2798028612937484,higher
stall,0.85,network-us,12,steal,threshold,control_cpu_mean,10,1.4417416229820001,1.3934422980917,1.4846955047299002,higher
stall,0.85,network-us,12,steal,threshold,p999_us,10,-1.0719623064000074,-3.5461879149250155,1.849480917697505,uncertain
stall,0.85,network-us,12,steal,threshold,p99_us,10,-2.067474196700002,-2.401570945224997,-1.6980753854350017,lower
stall,0.85,network-us,12,steal,threshold,slo_miss_rate,10,0.9006603460600002,0.72614629469625,1.0863321380945,higher
stall,0.85,network-us,12,threshold,jbsq,class0_p99_us,10,-12.783579977119997,-13.66160977250275,-11.9088574918715,lower
stall,0.85,network-us,12,threshold,jbsq,control_cpu_mean,10,3.2357654425899995,3.228347216881,3.2431822680357496,higher
stall,0.85,network-us,12,threshold,jbsq,p999_us,10,4.676040123500002,0.018832427722502574,9.071509023829995,higher
stall,0.85,network-us,12,threshold,jbsq,p99_us,10,-1.8761580637000066,-2.3085011129425106,-1.4336595195675053,lower
stall,0.85,network-us,12,threshold,jbsq,slo_miss_rate,10,5.3502404142,4.8919914561875,5.825201246728,higher
stall,0.85,network-us,12,threshold,jsw,class0_p99_us,10,1.3762330351400038,0.6115856651330028,2.024030624397504,higher
stall,0.85,network-us,12,threshold,jsw,control_cpu_mean,10,2.8373654425859995,2.829947216877,2.8447822680317496,higher
stall,0.85,network-us,12,threshold,jsw,p999_us,10,-1.0244587630999944,-4.140389328044988,1.9679871010624992,uncertain
stall,0.85,network-us,12,threshold,jsw,p99_us,10,-3.053943672500003,-4.197394384987502,-1.9266619221525043,lower
stall,0.85,network-us,12,threshold,jsw,slo_miss_rate,10,0.36338933076,0.15057981300975004,0.5714239203287506,higher
stall,0.85,network-us,12,threshold,qbr,class0_p99_us,10,1.8112017818300032,1.3096675004220022,2.2913672267547542,higher
stall,0.85,network-us,12,threshold,qbr,control_cpu_mean,10,1.2166396640259998,1.2090211272048248,1.2241055717791245,higher
stall,0.85,network-us,12,threshold,qbr,p999_us,10,0.6389190603000031,-1.4572859701325045,3.2550912400149996,uncertain
stall,0.85,network-us,12,threshold,qbr,p99_us,10,-0.4051702481999996,-1.1236619860650006,0.2476771371725013,uncertain
stall,0.85,network-us,12,threshold,qbr,slo_miss_rate,10,0.2463529944700002,0.07698419688800036,0.4278067229507502,higher
stall,0.85,network-us,12,threshold,steal,class0_p99_us,10,-0.7058967990399978,-1.2798028612937484,-0.13027246341524873,lower
stall,0.85,network-us,12,threshold,steal,control_cpu_mean,10,-1.4417416229820001,-1.4846955047299002,-1.3934422980917,lower
stall,0.85,network-us,12,threshold,steal,p999_us,10,1.0719623064000074,-1.8494809176975056,3.5461879149250146,uncertain
stall,0.85,network-us,12,threshold,steal,p99_us,10,2.067474196700002,1.6980753854350017,2.401570945224997,higher
stall,0.85,network-us,12,threshold,steal,slo_miss_rate,10,-0.9006603460600002,-1.0863321380945001,-0.7261462946962501,lower
stall,0.85,network-us,20,jbsq,jsw,class0_p99_us,10,2909.3218913686196,2838.2586066694894,2984.7374257985457,higher
stall,0.85,network-us,20,jbsq,jsw,control_cpu_mean,10,-0.398400000004,-0.398400000004,-0.398400000004,lower
stall,0.85,network-us,20,jbsq,jsw,p999_us,10,2770.7786730433004,2697.9475524964773,2846.9828427811876,higher
stall,0.85,network-us,20,jbsq,jsw,p99_us,10,2780.4125818498005,2707.2281389236528,2857.0870813504375,higher
stall,0.85,network-us,20,jbsq,jsw,slo_miss_rate,10,18.121975250180004,18.076735658904248,18.17233352793725,higher
stall,0.85,network-us,20,jbsq,qbr,class0_p99_us,10,2909.4818776034,2838.1640495833512,2985.1347786338224,higher
stall,0.85,network-us,20,jbsq,qbr,control_cpu_mean,10,-2.0082506112400003,-2.00910456208375,-2.00743542674,lower
stall,0.85,network-us,20,jbsq,qbr,p999_us,10,2771.3676828085,2700.5297526743725,2846.3840809950525,higher
stall,0.85,network-us,20,jbsq,qbr,p99_us,10,2783.8400058336,2710.43855264585,2860.2783172725726,higher
stall,0.85,network-us,20,jbsq,qbr,slo_miss_rate,10,18.12858141456,18.0862496150135,18.17554197918875,higher
stall,0.85,network-us,20,jbsq,steal,class0_p99_us,10,2903.26592628454,2832.0155620980127,2978.8580972497894,higher
stall,0.85,network-us,20,jbsq,steal,control_cpu_mean,10,-3.92676479713,-3.9510690487269255,-3.9025965688094,lower
stall,0.85,network-us,20,jbsq,steal,p999_us,10,2771.5032526772,2699.8589294100225,2847.62843476348,higher
stall,0.85,network-us,20,jbsq,steal,p99_us,10,2787.0986241435003,2713.870634017118,2863.5248926153504,higher
stall,0.85,network-us,20,jbsq,steal,slo_miss_rate,10,18.1387793945,18.099940663123753,18.184071366132496,higher
stall,0.85,network-us,20,jbsq,threshold,class0_p99_us,10,2905.95548022157,2834.5393960662923,2981.7677759015005,higher
stall,0.85,network-us,20,jbsq,threshold,control_cpu_mean,10,-2.916840954057,-2.9226248846664746,-2.911353957739,lower
stall,0.85,network-us,20,jbsq,threshold,p999_us,10,2771.4402792387004,2698.526833264175,2847.7427723467645,higher
stall,0.85,network-us,20,jbsq,threshold,p99_us,10,2783.3837231148,2710.0267839852945,2860.36330586279,higher
stall,0.85,network-us,20,jbsq,threshold,slo_miss_rate,10,18.12306693414,18.077542870917746,18.173831880864498,higher
stall,0.85,network-us,20,jsw,jbsq,class0_p99_us,10,-2909.3218913686196,-2984.737425798546,-2838.2586066694894,lower
stall,0.85,network-us,20,jsw,jbsq,control_cpu_mean,10,0.398400000004,0.398400000004,0.398400000004,higher
stall,0.85,network-us,20,jsw,jbsq,p999_us,10,-2770.7786730433004,-2846.9828427811876,-2697.9475524964773,lower
stall,0.85,network-us,20,jsw,jbsq,p99_us,10,-2780.4125818498005,-2857.0870813504375,-2707.2281389236528,lower
stall,0.85,network-us,20,jsw,jbsq,slo_miss_rate,10,-18.121975250180004,-18.17233352793725,-18.076735658904248,lower
stall,0.85,network-us,20,jsw,qbr,class0_p99_us,10,0.15998623477999843,-0.5964863833720003,0.9041149032549987,uncertain
stall,0.85,network-us,20,jsw,qbr,control_cpu_mean,10,-1.6098506112359998,-1.6107045620797498,-1.6090354267359999,lower
stall,0.85,network-us,20,jsw,qbr,p999_us,10,0.5890097651999952,-1.7705653813349918,2.974111254549989,uncertain
stall,0.85,network-us,20,jsw,qbr,p99_us,10,3.4274239838,2.4743259649074942,4.4304040305875025,higher
stall,0.85,network-us,20,jsw,qbr,slo_miss_rate,10,0.006606164379999724,-0.003362386840252196,0.016240684871750424,uncertain
stall,0.85,network-us,20,jsw,steal,class0_p99_us,10,-6.05596508408,-6.609702280017999,-5.460674683966502,lower
stall,0.85,network-us,20,jsw,steal,control_cpu_mean,10,-3.528364797126,-3.552669048722925,-3.5041965688054004,lower
stall,0.85,network-us,20,jsw,steal,p999_us,10,0.724579633899998,-2.126736416204989,3.483600726779991,uncertain
stall,0.85,network-us,20,jsw,steal,p99_us,10,6.686042293700001,5.244964885385001,8.151521962802498,higher
stall,0.85,network-us,20,jsw,steal,slo_miss_rate,10,0.016804144319997327,0.0035425417172465228,0.03053997809600122,higher
stall,0.85,network-us,20,jsw,threshold,class0_p99_us,10,-3.3664111470500004,-4.172793805872252,-2.578556061247749,lower
stall,0.85,network-us,20,jsw,threshold,control_cpu_mean,10,-2.5184409540529997,-2.524224884662475,-2.512953957735,lower
stall,0.85,network-us,20,jsw,threshold,p999_us,10,0.6616061953999918,-2.9398509292825143,4.055315628917482,uncertain
stall,0.85,network-us,20,jsw,threshold,p99_us,10,2.971141264999994,1.9218144775699852,4.073160925420002,higher
stall,0.85,network-us,20,jsw,threshold,slo_miss_rate,10,0.0010916839599972583,-0.007074543300253061,0.009130787481499007,uncertain
stall,0.85,network-us,20,qbr,jbsq,class0_p99_us,10,-2909.4818776034,-2985.1347786338224,-2838.1640495833517,lower
stall,0.85,network-us,20,qbr,jbsq,control_cpu_mean,10,2.0082506112400003,2.00743542674,2.00910456208375,higher
stall,0.85,network-us,20,qbr,jbsq,p999_us,10,-2771.3676828085,-2846.3840809950525,-2700.5297526743725,lower
stall,0.85,network-us,20,qbr,jbsq,p99_us,10,-2783.8400058336,-2860.2783172725726,-2710.43855264585,lower
stall,0.85,network-us,20,qbr,jbsq,slo_miss_rate,10,-18.12858141456,-18.17554197918875,-18.0862496150135,lower
stall,0.85,network-us,20,qbr,jsw,class0_p99_us,10,-0.15998623477999843,-0.904114903254999,0.596486383372,uncertain
stall,0.85,network-us,20,qbr,jsw,control_cpu_mean,10,1.6098506112359998,1.6090354267359999,1.6107045620797498,higher
stall,0.85,network-us,20,qbr,jsw,p999_us,10,-0.5890097651999952,-2.97411125454999,1.7705653813349915,uncertain
stall,0.85,network-us,20,qbr,jsw,p99_us,10,-3.4274239838,-4.4304040305875025,-2.4743259649074942,lower
stall,0.85,network-us,20,qbr,jsw,slo_miss_rate,10,-0.006606164379999724,-0.016240684871750427,0.0033623868402521944,uncertain
stall,0.85,network-us,20,qbr,steal,class0_p99_us,10,-6.215951318859998,-6.965451187021748,-5.292781800639503,lower
stall,0.85,network-us,20,qbr,steal,control_cpu_mean,10,-1.91851418589,-1.9429374052182498,-1.8945347542057254,lower
stall,0.85,network-us,20,qbr,steal,p999_us,10,0.13556986870000287,-2.5934512100149947,2.7024734858199952,uncertain
stall,0.85,network-us,20,qbr,steal,p99_us,10,3.258618309900001,2.5780366779000046,3.9795456962374938,higher
stall,0.85,network-us,20,qbr,steal,slo_miss_rate,10,0.010197979939997603,-4.6313889252274805e-05,0.020954936091497425,uncertain
stall,0.85,network-us,20,qbr,threshold,class0_p99_us,10,-3.526397381829999,-4.140434426376997,-2.877414559799999,lower
stall,0.85,network-us,20,qbr,threshold,control_cpu_mean,10,-0.9085903428169999,-0.9145867877179,-0.9030043922391752,lower
stall,0.85,network-us,20,qbr,threshold,p999_us,10,0.07259643019999658,-4.398270401850024,3.6836328503999995,uncertain
stall,0.85,network-us,20,qbr,threshold,p99_us,10,-0.4562827188000057,-1.211788820167504,0.2983643665074951,uncertain
stall,0.85,network-us,20,qbr,threshold,slo_miss_rate,10,-0.0055144804200024655,-0.01807795247775318,0.007787414295997826,uncertain
stall,0.85,network-us,20,steal,jbsq,class0_p99_us,10,-2903.26592628454,-2978.8580972497894,-2832.0155620980127,lower
stall,0.85,network-us,20,steal,jbsq,control_cpu_mean,10,3.92676479713,3.9025965688094,3.9510690487269255,higher
stall,0.85,network-us,20,steal,jbsq,p999_us,10,-2771.5032526772,-2847.62843476348,-2699.8589294100225,lower
stall,0.85,network-us,20,steal,jbsq,p99_us,10,-2787.0986241435003,-2863.5248926153504,-2713.870634017118,lower
stall,0.85,network-us,20,steal,jbsq,slo_miss_rate,10,-18.1387793945,-18.184071366132496,-18.099940663123753,lower
stall,0.85,network-us,20,steal,jsw,class0_p99_us,10,6.05596508408,5.460674683966502,6.609702280017999,higher
stall,0.85,network-us,20,steal,jsw,control_cpu_mean,10,3.528364797126,3.5041965688054004,3.552669048722925,higher
stall,0.85,network-us,20,steal,jsw,p999_us,10,-0.724579633899998,-3.4836007267799913,2.126736416204986,uncertain
stall,0.85,network-us,20,steal,jsw,p99_us,10,-6.686042293700001,-8.1515219628025,-5.244964885385001,lower
stall,0.85,network-us,20,steal,jsw,slo_miss_rate,10,-0.016804144319997327,-0.03053997809600123,-0.003542541717246532,lower
stall,0.85,network-us,20,steal,qbr,class0_p99_us,10,6.215951318859998,5.292781800639501,6.965451187021748,higher
stall,0.85,network-us,20,steal,qbr,control_cpu_mean,10,1.91851418589,1.8945347542057254,1.9429374052182498,higher
stall,0.85,network-us,20,steal,qbr,p999_us,10,-0.13556986870000287,-2.702473485820001,2.5934512100149933,uncertain
stall,0.85,network-us,20,steal,qbr,p99_us,10,-3.258618309900001,-3.979545696237494,-2.5780366779000046,lower
stall,0.85,network-us,20,steal,qbr,slo_miss_rate,10,-0.010197979939997603,-0.020954936091497428,4.6313889252258454e-05,uncertain
stall,0.85,network-us,20,steal,threshold,class0_p99_us,10,2.68955393703,1.8185838823510032,3.5088623913407484,higher
stall,0.85,network-us,20,steal,threshold,control_cpu_mean,10,1.009923843073,0.9842581965547998,1.03350884505385,higher
stall,0.85,network-us,20,steal,threshold,p999_us,10,-0.06297343850000629,-3.054794801895009,2.982985288782499,uncertain
stall,0.85,network-us,20,steal,threshold,p99_us,10,-3.7149010287000066,-4.667190990645004,-2.6252669734650094,lower
stall,0.85,network-us,20,steal,threshold,slo_miss_rate,10,-0.01571246036000007,-0.025861311114749347,-0.0034628909997499358,lower
stall,0.85,network-us,20,threshold,jbsq,class0_p99_us,10,-2905.95548022157,-2981.7677759015005,-2834.5393960662923,lower
stall,0.85,network-us,20,threshold,jbsq,control_cpu_mean,10,2.916840954057,2.911353957739,2.9226248846664746,higher
stall,0.85,network-us,20,threshold,jbsq,p999_us,10,-2771.4402792387004,-2847.7427723467645,-2698.526833264175,lower
stall,0.85,network-us,20,threshold,jbsq,p99_us,10,-2783.3837231148,-2860.36330586279,-2710.026783985295,lower
stall,0.85,network-us,20,threshold,jbsq,slo_miss_rate,10,-18.12306693414,-18.173831880864498,-18.077542870917746,lower
stall,0.85,network-us,20,threshold,jsw,class0_p99_us,10,3.3664111470500004,2.5785560612477485,4.172793805872252,higher
stall,0.85,network-us,20,threshold,jsw,control_cpu_mean,10,2.5184409540529997,2.512953957735,2.524224884662475,higher
stall,0.85,network-us,20,threshold,jsw,p999_us,10,-0.6616061953999918,-4.055315628917484,2.939850929282514,uncertain
stall,0.85,network-us,20,threshold,jsw,p99_us,10,-2.971141264999994,-4.0731609254200025,-1.9218144775699861,lower
stall,0.85,network-us,20,threshold,jsw,slo_miss_rate,10,-0.0010916839599972583,-0.009130787481499009,0.00707454330025306,uncertain
stall,0.85,network-us,20,threshold,qbr,class0_p99_us,10,3.526397381829999,2.877414559799999,4.140434426376997,higher
stall,0.85,network-us,20,threshold,qbr,control_cpu_mean,10,0.9085903428169999,0.9030043922391752,0.9145867877179,higher
stall,0.85,network-us,20,threshold,qbr,p999_us,10,-0.07259643019999658,-3.6836328503999995,4.398270401850019,uncertain
stall,0.85,network-us,20,threshold,qbr,p99_us,10,0.4562827188000057,-0.2983643665074956,1.211788820167504,uncertain
stall,0.85,network-us,20,threshold,qbr,slo_miss_rate,10,0.0055144804200024655,-0.00778741429599783,0.018077952477753175,uncertain
stall,0.85,network-us,20,threshold,steal,class0_p99_us,10,-2.68955393703,-3.5088623913407506,-1.818583882351004,lower
stall,0.85,network-us,20,threshold,steal,control_cpu_mean,10,-1.009923843073,-1.03350884505385,-0.9842581965548,lower
stall,0.85,network-us,20,threshold,steal,p999_us,10,0.06297343850000629,-2.9829852887825004,3.0547948018950084,uncertain
stall,0.85,network-us,20,threshold,steal,p99_us,10,3.7149010287000066,2.6252669734650094,4.667190990645004,higher
stall,0.85,network-us,20,threshold,steal,slo_miss_rate,10,0.01571246036000007,0.0034628909997499184,0.025861311114749336,higher
stall,0.85,network-us,3.15,jbsq,jsw,class0_p99_us,10,-7.136632313010002,-7.608079829190499,-6.631394072489502,lower
stall,0.85,network-us,3.15,jbsq,jsw,control_cpu_mean,10,-0.398400000004,-0.398400000004,-0.398400000004,lower
stall,0.85,network-us,3.15,jbsq,jsw,p999_us,10,-5.8225291033999955,-9.322540060342506,-2.456473815197506,lower
stall,0.85,network-us,3.15,jbsq,jsw,p99_us,10,-5.664966840300002,-6.146588176487499,-5.0904120897025,lower
stall,0.85,network-us,3.15,jbsq,jsw,slo_miss_rate,10,-0.606772727256,-0.6933930778638,-0.5160750257150001,lower
stall,0.85,network-us,3.15,jbsq,qbr,class0_p99_us,10,-6.813060534909999,-7.400749137978,-5.996451915081499,lower
stall,0.85,network-us,3.15,jbsq,qbr,control_cpu_mean,10,-2.293435662055,-2.3002870730982496,-2.2865115448025,lower
stall,0.85,network-us,3.15,jbsq,qbr,p999_us,10,-5.491745609000003,-10.538029951039997,-0.623974147035009,lower
stall,0.85,network-us,3.15,jbsq,qbr,p99_us,10,-3.382670427000005,-3.8337609462100093,-2.9049209447575053,lower
stall,0.85,network-us,3.15,jbsq,qbr,slo_miss_rate,10,-0.583250050056,-0.6389927507934998,-0.529294700757025,lower
stall,0.85,network-us,3.15,jbsq,steal,class0_p99_us,10,-6.226930247300001,-6.63120370590575,-5.780273684206252,lower
stall,0.85,network-us,3.15,jbsq,steal,control_cpu_mean,10,-6.427100451018999,-6.5068083966443,-6.336030510900451,lower
stall,0.85,network-us,3.15,jbsq,steal,p999_us,10,-3.480955090300006,-7.922474334712507,0.2586283622499962,uncertain
stall,0.85,network-us,3.15,jbsq,steal,p99_us,10,-2.7251352281000036,-3.1360414846275013,-2.4201897294200023,lower
stall,0.85,network-us,3.15,jbsq,steal,slo_miss_rate,10,-0.4731372704440001,-0.5529663705381002,-0.3848179408895001,lower
stall,0.85,network-us,3.15,jbsq,threshold,class0_p99_us,10,-6.841355781330002,-7.502462975414253,-6.161209535150002,lower
stall,0.85,network-us,3.15,jbsq,threshold,control_cpu_mean,10,-3.963327210737,-3.9874996342945748,-3.9387250227510253,lower
stall,0.85,network-us,3.15,jbsq,threshold,p999_us,10,-2.673764858200002,-6.146085886897489,0.5613630133349923,uncertain
stall,0.85,network-us,3.15,jbsq,threshold,p99_us,10,-3.083184675200002,-3.5157547789525063,-2.61716371429,lower
stall,0.85,network-us,3.15,jbsq,threshold,slo_miss_rate,10,-0.5890457791920001,-0.6655318547342752,-0.5114510146454001,lower
stall,0.85,network-us,3.15,jsw,jbsq,class0_p99_us,10,7.136632313010002,6.631394072489502,7.608079829190499,higher
stall,0.85,network-us,3.15,jsw,jbsq,control_cpu_mean,10,0.398400000004,0.398400000004,0.398400000004,higher
stall,0.85,network-us,3.15,jsw,jbsq,p999_us,10,5.8225291033999955,2.456473815197503,9.322540060342504,higher
stall,0.85,network-us,3.15,jsw,jbsq,p99_us,10,5.664966840300002,5.0904120897025,6.146588176487499,higher
stall,0.85,network-us,3.15,jsw,jbsq,slo_miss_rate,10,0.606772727256,0.516075025715,0.6933930778638,higher
stall,0.85,network-us,3.15,jsw,qbr,class0_p99_us,10,0.3235717781000019,-0.21576192369274846,0.8907350122085027,uncertain
stall,0.85,network-us,3.15,jsw,qbr,control_cpu_mean,10,-1.895035662051,-1.90188707309425,-1.8881115447985,lower
stall,0.85,network-us,3.15,jsw,qbr,p999_us,10,0.33078349439999216,-3.4574694072100134,4.298263250299994,uncertain
stall,0.85,network-us,3.15,jsw,qbr,p99_us,10,2.282296413299997,1.4258011891949993,3.0974342217399915,higher
stall,0.85,network-us,3.15,jsw,qbr,slo_miss_rate,10,0.023522677200000043,-0.03576823297417495,0.08553289272977496,uncertain
stall,0.85,network-us,3.15,jsw,steal,class0_p99_us,10,0.909702065710001,0.5038933281735009,1.2290811789487521,higher
stall,0.85,network-us,3.15,jsw,steal,control_cpu_mean,10,-6.028700451015,-6.1084083966403,-5.93763051089645,lower
stall,0.85,network-us,3.15,jsw,steal,p999_us,10,2.341574013099989,0.04355230740748469,4.597230723202487,higher
stall,0.85,network-us,3.15,jsw,steal,p99_us,10,2.939831612199998,2.245833711329998,3.559667622907505,higher
stall,0.85,network-us,3.15,jsw,steal,slo_miss_rate,10,0.13363545681199995,0.0858690596182999,0.1760824484487,higher
stall,0.85,network-us,3.15,jsw,threshold,class0_p99_us,10,0.29527653168000045,-0.30570631801700043,0.8868817244070006,uncertain
stall,0.85,network-us,3.15,jsw,threshold,control_cpu_mean,10,-3.564927210733001,-3.5890996342905743,-3.5403250227470253,lower
stall,0.85,network-us,3.15,jsw,threshold,p999_us,10,3.148764245199993,1.3105818168999874,5.06323421219999,higher
stall,0.85,network-us,3.15,jsw,threshold,p99_us,10,2.5817821651000004,1.850762678159996,3.284152002067504,higher
stall,0.85,network-us,3.15,jsw,threshold,slo_miss_rate,10,0.017726948063999992,-0.05464770084795003,0.08935463317985003,uncertain
stall,0.85,network-us,3.15,qbr,jbsq,class0_p99_us,10,6.813060534909999,5.996451915081499,7.400749137978,higher
stall,0.85,network-us,3.15,qbr,jbsq,control_cpu_mean,10,2.293435662055,2.2865115448025,2.3002870730982496,higher
stall,0.85,network-us,3.15,qbr,jbsq,p999_us,10,5.491745609000003,0.6239741470350081,10.538029951039992,higher
stall,0.85,network-us,3.15,qbr,jbsq,p99_us,10,3.382670427000005,2.904920944757505,3.8337609462100093,higher
stall,0.85,network-us,3.15,qbr,jbsq,slo_miss_rate,10,0.583250050056,0.529294700757025,0.6389927507934997,higher
stall,0.85,network-us,3.15,qbr,jsw,class0_p99_us,10,-0.3235717781000019,-0.8907350122085034,0.21576192369274844,uncertain
stall,0.85,network-us,3.15,qbr,jsw,control_cpu_mean,10,1.895035662051,1.8881115447985,1.90188707309425,higher
stall,0.85,network-us,3.15,qbr,jsw,p999_us,10,-0.33078349439999216,-4.298263250299994,3.457469407210013,uncertain
stall,0.85,network-us,3.15,qbr,jsw,p99_us,10,-2.282296413299997,-3.0974342217399924,-1.4258011891949993,lower
stall,0.85,network-us,3.15,qbr,jsw,slo_miss_rate,10,-0.023522677200000043,-0.08553289272977502,0.03576823297417495,uncertain
stall,0.85,network-us,3.15,qbr,steal,class0_p99_us,10,0.5861302876099991,-0.024648144445000658,1.1667395377019993,uncertain
stall,0.85,network-us,3.15,qbr,steal,control_cpu_mean,10,-4.1336647889639995,-4.215548453786551,-4.03883847308635,lower
stall,0.85,network-us,3.15,qbr,steal,p999_us,10,2.0107905186999973,-1.6507481329850002,6.387469215342497,uncertain
stall,0.85,network-us,3.15,qbr,steal,p99_us,10,0.6575351989000012,0.16918552233500642,1.18501042202,higher
stall,0.85,network-us,3.15,qbr,steal,slo_miss_rate,10,0.11011277961199992,0.04607471212492495,0.17353801925192483,higher
stall,0.85,network-us,3.15,qbr,threshold,class0_p99_us,10,-0.02829524642000152,-0.5260160319952508,0.4800890497952476,uncertain
stall,0.85,network-us,3.15,qbr,threshold,control_cpu_mean,10,-1.6698915486819998,-1.690540254496525,-1.6481038510841497,lower
stall,0.85,network-us,3.15,qbr,threshold,p999_us,10,2.817980750800001,-0.7778641372999991,6.399965598527501,uncertain
stall,0.85,network-us,3.15,qbr,threshold,p99_us,10,0.2994857518000032,-0.07975056419249534,0.6752692655400044,uncertain
stall,0.85,network-us,3.15,qbr,threshold,slo_miss_rate,10,-0.005795729136000051,-0.06236060980300009,0.055424517159799895,uncertain
stall,0.85,network-us,3.15,steal,jbsq,class0_p99_us,10,6.226930247300001,5.780273684206251,6.63120370590575,higher
stall,0.85,network-us,3.15,steal,jbsq,control_cpu_mean,10,6.427100451018999,6.336030510900451,6.5068083966443,higher
stall,0.85,network-us,3.15,steal,jbsq,p999_us,10,3.480955090300006,-0.2586283622499982,7.922474334712502,uncertain
stall,0.85,network-us,3.15,steal,jbsq,p99_us,10,2.7251352281000036,2.4201897294200023,3.1360414846275013,higher
stall,0.85,network-us,3.15,steal,jbsq,slo_miss_rate,10,0.4731372704440001,0.38481794088950005,0.5529663705381,higher
stall,0.85,network-us,3.15,steal,jsw,class0_p99_us,10,-0.909702065710001,-1.2290811789487521,-0.5038933281735011,lower
stall,0.85,network-us,3.15,steal,jsw,control_cpu_mean,10,6.028700451015,5.93763051089645,6.1084083966403,higher
stall,0.85,network-us,3.15,steal,jsw,p999_us,10,-2.341574013099989,-4.597230723202489,-0.04355230740748522,lower
stall,0.85,network-us,3.15,steal,jsw,p99_us,10,-2.939831612199998,-3.5596676229075053,-2.245833711329998,lower
stall,0.85,network-us,3.15,steal,jsw,slo_miss_rate,10,-0.13363545681199995,-0.1760824484487,-0.08586905961829996,lower
stall,0.85,network-us,3.15,steal,qbr,class0_p99_us,10,-0.5861302876099991,-1.1667395377019998,0.024648144445000658,uncertain
stall,0.85,network-us,3.15,steal,qbr,control_cpu_mean,10,4.1336647889639995,4.03883847308635,4.21554845378655,higher
stall,0.85,network-us,3.15,steal,qbr,p999_us,10,-2.0107905186999973,-6.387469215342497,1.650748132985,uncertain
stall,0.85,network-us,3.15,steal,qbr,p99_us,10,-0.6575351989000012,-1.1850104220200002,-0.1691855223350065,lower
stall,0.85,network-us,3.15,steal,qbr,slo_miss_rate,10,-0.11011277961199992,-0.17353801925192486,-0.04607471212492495,lower
stall,0.85,network-us,3.15,steal,threshold,class0_p99_us,10,-0.6144255340300007,-1.0714754120882521,-0.17886964502100108,lower
stall,0.85,network-us,3.15,steal,threshold,control_cpu_mean,10,2.463773240282,2.350135161398376,2.5619053178402744,higher
stall,0.85,network-us,3.15,steal,threshold,p999_us,10,0.8071902321000038,-1.4812457375424928,2.9730236460300046,uncertain
stall,0.85,network-us,3.15,steal,threshold,p99_us,10,-0.35804944709999803,-0.7909314984075004,0.09573427644000775,uncertain
stall,0.85,network-us,3.15,steal,threshold,slo_miss_rate,10,-0.11590850874799999,-0.16379927489082496,-0.07108347050500001,lower
stall,0.85,network-us,3.15,threshold,jbsq,class0_p99_us,10,6.841355781330002,6.161209535150002,7.502462975414253,higher
stall,0.85,network-us,3.15,threshold,jbsq,control_cpu_mean,10,3.963327210737,3.9387250227510253,3.9874996342945748,higher
stall,0.85,network-us,3.15,threshold,jbsq,p999_us,10,2.673764858200002,-0.5613630133349929,6.146085886897489,uncertain
stall,0.85,network-us,3.15,threshold,jbsq,p99_us,10,3.083184675200002,2.61716371429,3.5157547789525063,higher
stall,0.85,network-us,3.15,threshold,jbsq,slo_miss_rate,10,0.5890457791920001,0.5114510146454001,0.6655318547342752,higher
stall,0.85,network-us,3.15,threshold,jsw,class0_p99_us,10,-0.29527653168000045,-0.8868817244070007,0.3057063180170003,uncertain
stall,0.85,network-us,3.15,threshold,jsw,control_cpu_mean,10,3.564927210733001,3.5403250227470253,3.5890996342905743,higher
stall,0.85,network-us,3.15,threshold,jsw,p999_us,10,-3.148764245199993,-5.06323421219999,-1.3105818168999888,lower
stall,0.85,network-us,3.15,threshold,jsw,p99_us,10,-2.5817821651000004,-3.2841520020675046,-1.8507626781599968,lower
stall,0.85,network-us,3.15,threshold,jsw,slo_miss_rate,10,-0.017726948063999992,-0.08935463317985004,0.05464770084795003,uncertain
stall,0.85,network-us,3.15,threshold,qbr,class0_p99_us,10,0.02829524642000152,-0.4800890497952479,0.5260160319952506,uncertain
stall,0.85,network-us,3.15,threshold,qbr,control_cpu_mean,10,1.6698915486819998,1.6481038510841497,1.690540254496525,higher
stall,0.85,network-us,3.15,threshold,qbr,p999_us,10,-2.817980750800001,-6.399965598527502,0.7778641372999991,uncertain
stall,0.85,network-us,3.15,threshold,qbr,p99_us,10,-0.2994857518000032,-0.6752692655400045,0.07975056419249525,uncertain
stall,0.85,network-us,3.15,threshold,qbr,slo_miss_rate,10,0.005795729136000051,-0.0554245171597999,0.06236060980300009,uncertain
stall,0.85,network-us,3.15,threshold,steal,class0_p99_us,10,0.6144255340300007,0.178869645021001,1.0714754120882521,higher
stall,0.85,network-us,3.15,threshold,steal,control_cpu_mean,10,-2.463773240282,-2.5619053178402744,-2.350135161398376,lower
stall,0.85,network-us,3.15,threshold,steal,p999_us,10,-0.8071902321000038,-2.973023646030009,1.4812457375424894,uncertain
stall,0.85,network-us,3.15,threshold,steal,p99_us,10,0.35804944709999803,-0.0957342764400078,0.7909314984075004,uncertain
stall,0.85,network-us,3.15,threshold,steal,slo_miss_rate,10,0.11590850874799999,0.07108347050499998,0.16379927489082488,higher
stall,0.85,network-us,6,jbsq,jsw,class0_p99_us,10,2.929130689370001,2.369520944787251,3.5080764433937497,higher
stall,0.85,network-us,6,jbsq,jsw,control_cpu_mean,10,-0.398400000004,-0.398400000004,-0.398400000004,lower
stall,0.85,network-us,6,jbsq,jsw,p999_us,10,-8.284172347799995,-11.480352455127475,-4.853398102477499,lower
stall,0.85,network-us,6,jbsq,jsw,p99_us,10,-5.178371828499993,-5.973382180557504,-4.392218142492492,lower
stall,0.85,network-us,6,jbsq,jsw,slo_miss_rate,10,-1.1143419056300004,-1.2519981739894999,-0.9950434655336252,lower
stall,0.85,network-us,6,jbsq,qbr,class0_p99_us,10,3.2480503496100015,2.377860566395001,4.058729018468751,higher
stall,0.85,network-us,6,jbsq,qbr,control_cpu_mean,10,-2.05807656249,-2.0620974140525,-2.05372603514625,lower
stall,0.85,network-us,6,jbsq,qbr,p999_us,10,-5.378689637000003,-7.135121452132497,-3.588208912485,lower
stall,0.85,network-us,6,jbsq,qbr,p99_us,10,-1.653276686399994,-1.9857369241899943,-1.3015252324199897,lower
stall,0.85,network-us,6,jbsq,qbr,slo_miss_rate,10,-1.008682148293,-1.1712862405921503,-0.8592666696706999,lower
stall,0.85,network-us,6,jbsq,steal,class0_p99_us,10,2.8596088353600004,2.2028803830277517,3.5244670737097503,higher
stall,0.85,network-us,6,jbsq,steal,control_cpu_mean,10,-5.011695886366001,-5.059525298530424,-4.956229525305975,lower
stall,0.85,network-us,6,jbsq,steal,p999_us,10,-5.230085404299996,-7.840413143560002,-3.0764827641824852,lower
stall,0.85,network-us,6,jbsq,steal,p99_us,10,-1.0298338148999933,-1.59734009906499,-0.485499192457498,lower
stall,0.85,network-us,6,jbsq,steal,slo_miss_rate,10,-1.242809454846,-1.3562254054554248,-1.1387350455739251,lower
stall,0.85,network-us,6,jbsq,threshold,class0_p99_us,10,2.61694555343,1.8874798788312508,3.2320926900637508,higher
stall,0.85,network-us,6,jbsq,threshold,control_cpu_mean,10,-3.6287115898209996,-3.6408029166858746,-3.616675050380075,lower
stall,0.85,network-us,6,jbsq,threshold,p999_us,10,-7.353195829999999,-10.475030589202499,-4.059038593742496,lower
stall,0.85,network-us,6,jbsq,threshold,p99_us,10,-1.5726394102,-1.9329379883649953,-1.2632426931999958,lower
stall,0.85,network-us,6,jbsq,threshold,slo_miss_rate,10,-1.263680077284,-1.3932190006439,-1.1350936922964752,lower
stall,0.85,network-us,6,jsw,jbsq,class0_p99_us,10,-2.929130689370001,-3.5080764433937497,-2.369520944787251,lower
stall,0.85,network-us,6,jsw,jbsq,control_cpu_mean,10,0.398400000004,0.398400000004,0.398400000004,higher
stall,0.85,network-us,6,jsw,jbsq,p999_us,10,8.284172347799995,4.853398102477495,11.480352455127473,higher
stall,0.85,network-us,6,jsw,jbsq,p99_us,10,5.178371828499993,4.392218142492491,5.973382180557504,higher
stall,0.85,network-us,6,jsw,jbsq,slo_miss_rate,10,1.1143419056300004,0.9950434655336251,1.2519981739894999,higher
stall,0.85,network-us,6,jsw,qbr,class0_p99_us,10,0.3189196602400003,-0.22806764017224973,0.8498281690832485,uncertain
stall,0.85,network-us,6,jsw,qbr,control_cpu_mean,10,-1.6596765624859997,-1.6636974140485,-1.65532603514225,lower
stall,0.85,network-us,6,jsw,qbr,p999_us,10,2.9054827107999928,-0.6847134150000216,6.512612628764985,uncertain
stall,0.85,network-us,6,jsw,qbr,p99_us,10,3.5250951420999996,2.7348210686624976,4.228223582447496,higher
stall,0.85,network-us,6,jsw,qbr,slo_miss_rate,10,0.10565975733700002,-0.04563664887762494,0.25696930429639986,uncertain
stall,0.85,network-us,6,jsw,steal,class0_p99_us,10,-0.0695218540100008,-0.4781988610235001,0.36992627632349706,uncertain
stall,0.85,network-us,6,jsw,steal,control_cpu_mean,10,-4.613295886362001,-4.661125298526425,-4.557829525301975,lower
stall,0.85,network-us,6,jsw,steal,p999_us,10,3.054086943499999,-0.2888142518200028,6.4152603161849955,uncertain
stall,0.85,network-us,6,jsw,steal,p99_us,10,4.1485380136000005,3.335988223752499,4.880441303392492,higher
stall,0.85,network-us,6,jsw,steal,slo_miss_rate,10,-0.128467549216,-0.20486798507879994,-0.05061109720877503,lower
stall,0.85,network-us,6,jsw,threshold,class0_p99_us,10,-0.31218513594000113,-0.7604953055225043,0.16632421367174938,uncertain
stall,0.85,network-us,6,jsw,threshold,control_cpu_mean,10,-3.2303115898170005,-3.2424029166818746,-3.218275050376075,lower
stall,0.85,network-us,6,jsw,threshold,p999_us,10,0.9309765177999964,-3.3920190767000067,5.104817856847502,uncertain
stall,0.85,network-us,6,jsw,threshold,p99_us,10,3.6057324182999935,2.819586835097493,4.461905937564993,higher
stall,0.85,network-us,6,jsw,threshold,slo_miss_rate,10,-0.149338171654,-0.29144717932725,-0.02803051277680012,lower
stall,0.85,network-us,6,qbr,jbsq,class0_p99_us,10,-3.2480503496100015,-4.0587290184687514,-2.3778605663950017,lower
stall,0.85,network-us,6,qbr,jbsq,control_cpu_mean,10,2.05807656249,2.05372603514625,2.0620974140525,higher
stall,0.85,network-us,6,qbr,jbsq,p999_us,10,5.378689637000003,3.5882089124849994,7.135121452132496,higher
stall,0.85,network-us,6,qbr,jbsq,p99_us,10,1.653276686399994,1.3015252324199897,1.985736924189994,higher
stall,0.85,network-us,6,qbr,jbsq,slo_miss_rate,10,1.008682148293,0.8592666696706998,1.17128624059215,higher
stall,0.85,network-us,6,qbr,jsw,class0_p99_us,10,-0.3189196602400003,-0.8498281690832485,0.22806764017224973,uncertain
stall,0.85,network-us,6,qbr,jsw,control_cpu_mean,10,1.6596765624859997,1.65532603514225,1.6636974140485,higher
stall,0.85,network-us,6,qbr,jsw,p999_us,10,-2.9054827107999928,-6.512612628764987,0.6847134150000216,uncertain
stall,0.85,network-us,6,qbr,jsw,p99_us,10,-3.5250951420999996,-4.228223582447496,-2.7348210686624976,lower
stall,0.85,network-us,6,qbr,jsw,slo_miss_rate,10,-0.10565975733700002,-0.2569693042964,0.045636648877624794,uncertain
stall,0.85,network-us,6,qbr,steal,class0_p99_us,10,-0.38844151425000106,-1.026170677008,0.19926423720899747,uncertain
stall,0.85,network-us,6,qbr,steal,control_cpu_mean,10,-2.953619323876,-3.003588968729875,-2.895934343422125,lower
stall,0.85,network-us,6,qbr,steal,p999_us,10,0.1486042327000064,-2.4196396242099927,2.7741155246949805,uncertain
stall,0.85,network-us,6,qbr,steal,p99_us,10,0.6234428715000007,0.2514985473825064,1.0887781322674943,higher
stall,0.85,network-us,6,qbr,steal,slo_miss_rate,10,-0.23412730655300007,-0.3614545591689,-0.11417606827842505,lower
stall,0.85,network-us,6,qbr,threshold,class0_p99_us,10,-0.6311047961800014,-1.1473172639340021,-0.16188578403375145,lower
stall,0.85,network-us,6,qbr,threshold,control_cpu_mean,10,-1.5706350273310001,-1.5828261939014,-1.5588492813250503,lower
stall,0.85,network-us,6,qbr,threshold,p999_us,10,-1.9745061929999963,-4.99308927751749,0.6701103661749871,uncertain
stall,0.85,network-us,6,qbr,threshold,p99_us,10,0.08063727619999383,-0.3269966763074987,0.5142229850999837,uncertain
stall,0.85,network-us,6,qbr,threshold,slo_miss_rate,10,-0.254997928991,-0.38516682857834994,-0.12783415176522492,lower
stall,0.85,network-us,6,steal,jbsq,class0_p99_us,10,-2.8596088353600004,-3.5244670737097503,-2.202880383027752,lower
stall,0.85,network-us,6,steal,jbsq,control_cpu_mean,10,5.011695886366001,4.956229525305975,5.059525298530424,higher
stall,0.85,network-us,6,steal,jbsq,p999_us,10,5.230085404299996,3.0764827641824812,7.840413143560001,higher
stall,0.85,network-us,6,steal,jbsq,p99_us,10,1.0298338148999933,0.48549919245749784,1.59734009906499,higher
stall,0.85,network-us,6,steal,jbsq,slo_miss_rate,10,1.242809454846,1.1387350455739251,1.3562254054554248,higher
stall,0.85,network-us,6,steal,jsw,class0_p99_us,10,0.0695218540100008,-0.36992627632349706,0.47819886102350007,uncertain
stall,0.85,network-us,6,steal,jsw,control_cpu_mean,10,4.613295886362001,4.557829525301975,4.661125298526425,higher
stall,0.85,network-us,6,steal,jsw,p999_us,10,-3.054086943499999,-6.415260316184996,0.28881425182000076,uncertain
stall,0.85,network-us,6,steal,jsw,p99_us,10,-4.1485380136000005,-4.880441303392493,-3.3359882237524996,lower
stall,0.85,network-us,6,steal,jsw,slo_miss_rate,10,0.128467549216,0.05061109720877502,0.2048679850787999,higher
stall,0.85,network-us,6,steal,qbr,class0_p99_us,10,0.38844151425000106,-0.19926423720899766,1.0261706770079992,uncertain
stall,0.85,network-us,6,steal,qbr,control_cpu_mean,10,2.953619323876,2.895934343422125,3.003588968729875,higher
stall,0.85,network-us,6,steal,qbr,p999_us,10,-0.1486042327000064,-2.7741155246949836,2.419639624209992,uncertain
stall,0.85,network-us,6,steal,qbr,p99_us,10,-0.6234428715000007,-1.0887781322674943,-0.25149854738250643,lower
stall,0.85,network-us,6,steal,qbr,slo_miss_rate,10,0.23412730655300007,0.11417606827842497,0.36145455916889996,higher
stall,0.85,network-us,6,steal,threshold,class0_p99_us,10,-0.24266328193000036,-0.8970688311600012,0.40535003600374886,uncertain
stall,0.85,network-us,6,steal,threshold,control_cpu_mean,10,1.3829842965449999,1.318288412456075,1.4397903866509247,higher
stall,0.85,network-us,6,steal,threshold,p999_us,10,-2.123110425700003,-5.576869390985005,1.1538111528699981,uncertain
stall,0.85,network-us,6,steal,threshold,p99_us,10,-0.5428055953000068,-1.171058944265009,0.1200053278199932,uncertain
stall,0.85,network-us,6,steal,threshold,slo_miss_rate,10,-0.02087062243800002,-0.12718076152642496,0.08631510616999954,uncertain
stall,0.85,network-us,6,threshold,jbsq,class0_p99_us,10,-2.61694555343,-3.2320926900637508,-1.8874798788312515,lower
stall,0.85,network-us,6,threshold,jbsq,control_cpu_mean,10,3.6287115898209996,3.616675050380075,3.6408029166858746,higher
stall,0.85,network-us,6,threshold,jbsq,p999_us,10,7.353195829999999,4.059038593742493,10.475030589202495,higher
stall,0.85,network-us,6,threshold,jbsq,p99_us,10,1.5726394102,1.2632426931999958,1.9329379883649946,higher
stall,0.85,network-us,6,threshold,jbsq,slo_miss_rate,10,1.263680077284,1.135093692296475,1.3932190006438998,higher
stall,0.85,network-us,6,threshold,jsw,class0_p99_us,10,0.31218513594000113,-0.16632421367174952,0.7604953055225042,uncertain
stall,0.85,network-us,6,threshold,jsw,control_cpu_mean,10,3.2303115898170005,3.218275050376075,3.2424029166818746,higher
stall,0.85,network-us,6,threshold,jsw,p999_us,10,-0.9309765177999964,-5.104817856847502,3.3920190767000067,uncertain
stall,0.85,network-us,6,threshold,jsw,p99_us,10,-3.6057324182999935,-4.461905937564993,-2.819586835097493,lower
stall,0.85,network-us,6,threshold,jsw,slo_miss_rate,10,0.149338171654,0.02803051277680008,0.29144717932724995,higher
stall,0.85,network-us,6,threshold,qbr,class0_p99_us,10,0.6311047961800014,0.16188578403375123,1.1473172639340021,higher
stall,0.85,network-us,6,threshold,qbr,control_cpu_mean,10,1.5706350273310001,1.5588492813250503,1.5828261939014,higher
stall,0.85,network-us,6,threshold,qbr,p999_us,10,1.9745061929999963,-0.6701103661749875,4.993089277517488,uncertain
stall,0.85,network-us,6,threshold,qbr,p99_us,10,-0.08063727619999383,-0.5142229850999886,0.3269966763074983,uncertain
stall,0.85,network-us,6,threshold,qbr,slo_miss_rate,10,0.254997928991,0.12783415176522492,0.3851668285783499,higher
stall,0.85,network-us,6,threshold,steal,class0_p99_us,10,0.24266328193000036,-0.40535003600374986,0.8970688311600006,uncertain
stall,0.85,network-us,6,threshold,steal,control_cpu_mean,10,-1.3829842965449999,-1.439790386650925,-1.318288412456075,lower
stall,0.85,network-us,6,threshold,steal,p999_us,10,2.123110425700003,-1.1538111528699986,5.576869390984995,uncertain
stall,0.85,network-us,6,threshold,steal,p99_us,10,0.5428055953000068,-0.12000532781999325,1.1710589442650088,uncertain
stall,0.85,network-us,6,threshold,steal,slo_miss_rate,10,0.02087062243800002,-0.08631510616999993,0.12718076152642493,uncertain
stall,0.85,report-us,20,jbsq,jsw,class0_p99_us,10,-7.136632313010002,-7.608079829190499,-6.631394072489502,lower
stall,0.85,report-us,20,jbsq,jsw,control_cpu_mean,10,-0.398400000004,-0.398400000004,-0.398400000004,lower
stall,0.85,report-us,20,jbsq,jsw,p999_us,10,-5.8225291033999955,-9.322540060342506,-2.456473815197506,lower
stall,0.85,report-us,20,jbsq,jsw,p99_us,10,-5.664966840300002,-6.146588176487499,-5.0904120897025,lower
stall,0.85,report-us,20,jbsq,jsw,slo_miss_rate,10,-0.606772727256,-0.6933930778638,-0.5160750257150001,lower
stall,0.85,report-us,20,jbsq,qbr,class0_p99_us,10,-6.813060534909999,-7.400749137978,-5.996451915081499,lower
stall,0.85,report-us,20,jbsq,qbr,control_cpu_mean,10,-2.293435662055,-2.3002870730982496,-2.2865115448025,lower
stall,0.85,report-us,20,jbsq,qbr,p999_us,10,-5.491745609000003,-10.538029951039997,-0.623974147035009,lower
stall,0.85,report-us,20,jbsq,qbr,p99_us,10,-3.382670427000005,-3.8337609462100093,-2.9049209447575053,lower
stall,0.85,report-us,20,jbsq,qbr,slo_miss_rate,10,-0.583250050056,-0.6389927507934998,-0.529294700757025,lower
stall,0.85,report-us,20,jbsq,steal,class0_p99_us,10,-6.226930247300001,-6.63120370590575,-5.780273684206252,lower
stall,0.85,report-us,20,jbsq,steal,control_cpu_mean,10,-6.427100451018999,-6.5068083966443,-6.336030510900451,lower
stall,0.85,report-us,20,jbsq,steal,p999_us,10,-3.480955090300006,-7.922474334712507,0.2586283622499962,uncertain
stall,0.85,report-us,20,jbsq,steal,p99_us,10,-2.7251352281000036,-3.1360414846275013,-2.4201897294200023,lower
stall,0.85,report-us,20,jbsq,steal,slo_miss_rate,10,-0.4731372704440001,-0.5529663705381002,-0.3848179408895001,lower
stall,0.85,report-us,20,jbsq,threshold,class0_p99_us,10,-6.841355781330002,-7.502462975414253,-6.161209535150002,lower
stall,0.85,report-us,20,jbsq,threshold,control_cpu_mean,10,-3.963327210737,-3.9874996342945748,-3.9387250227510253,lower
stall,0.85,report-us,20,jbsq,threshold,p999_us,10,-2.673764858200002,-6.146085886897489,0.5613630133349923,uncertain
stall,0.85,report-us,20,jbsq,threshold,p99_us,10,-3.083184675200002,-3.5157547789525063,-2.61716371429,lower
stall,0.85,report-us,20,jbsq,threshold,slo_miss_rate,10,-0.5890457791920001,-0.6655318547342752,-0.5114510146454001,lower
stall,0.85,report-us,20,jsw,jbsq,class0_p99_us,10,7.136632313010002,6.631394072489502,7.608079829190499,higher
stall,0.85,report-us,20,jsw,jbsq,control_cpu_mean,10,0.398400000004,0.398400000004,0.398400000004,higher
stall,0.85,report-us,20,jsw,jbsq,p999_us,10,5.8225291033999955,2.456473815197503,9.322540060342504,higher
stall,0.85,report-us,20,jsw,jbsq,p99_us,10,5.664966840300002,5.0904120897025,6.146588176487499,higher
stall,0.85,report-us,20,jsw,jbsq,slo_miss_rate,10,0.606772727256,0.516075025715,0.6933930778638,higher
stall,0.85,report-us,20,jsw,qbr,class0_p99_us,10,0.3235717781000019,-0.21576192369274846,0.8907350122085027,uncertain
stall,0.85,report-us,20,jsw,qbr,control_cpu_mean,10,-1.895035662051,-1.90188707309425,-1.8881115447985,lower
stall,0.85,report-us,20,jsw,qbr,p999_us,10,0.33078349439999216,-3.4574694072100134,4.298263250299994,uncertain
stall,0.85,report-us,20,jsw,qbr,p99_us,10,2.282296413299997,1.4258011891949993,3.0974342217399915,higher
stall,0.85,report-us,20,jsw,qbr,slo_miss_rate,10,0.023522677200000043,-0.03576823297417495,0.08553289272977496,uncertain
stall,0.85,report-us,20,jsw,steal,class0_p99_us,10,0.909702065710001,0.5038933281735009,1.2290811789487521,higher
stall,0.85,report-us,20,jsw,steal,control_cpu_mean,10,-6.028700451015,-6.1084083966403,-5.93763051089645,lower
stall,0.85,report-us,20,jsw,steal,p999_us,10,2.341574013099989,0.04355230740748469,4.597230723202487,higher
stall,0.85,report-us,20,jsw,steal,p99_us,10,2.939831612199998,2.245833711329998,3.559667622907505,higher
stall,0.85,report-us,20,jsw,steal,slo_miss_rate,10,0.13363545681199995,0.0858690596182999,0.1760824484487,higher
stall,0.85,report-us,20,jsw,threshold,class0_p99_us,10,0.29527653168000045,-0.30570631801700043,0.8868817244070006,uncertain
stall,0.85,report-us,20,jsw,threshold,control_cpu_mean,10,-3.564927210733001,-3.5890996342905743,-3.5403250227470253,lower
stall,0.85,report-us,20,jsw,threshold,p999_us,10,3.148764245199993,1.3105818168999874,5.06323421219999,higher
stall,0.85,report-us,20,jsw,threshold,p99_us,10,2.5817821651000004,1.850762678159996,3.284152002067504,higher
stall,0.85,report-us,20,jsw,threshold,slo_miss_rate,10,0.017726948063999992,-0.05464770084795003,0.08935463317985003,uncertain
stall,0.85,report-us,20,qbr,jbsq,class0_p99_us,10,6.813060534909999,5.996451915081499,7.400749137978,higher
stall,0.85,report-us,20,qbr,jbsq,control_cpu_mean,10,2.293435662055,2.2865115448025,2.3002870730982496,higher
stall,0.85,report-us,20,qbr,jbsq,p999_us,10,5.491745609000003,0.6239741470350081,10.538029951039992,higher
stall,0.85,report-us,20,qbr,jbsq,p99_us,10,3.382670427000005,2.904920944757505,3.8337609462100093,higher
stall,0.85,report-us,20,qbr,jbsq,slo_miss_rate,10,0.583250050056,0.529294700757025,0.6389927507934997,higher
stall,0.85,report-us,20,qbr,jsw,class0_p99_us,10,-0.3235717781000019,-0.8907350122085034,0.21576192369274844,uncertain
stall,0.85,report-us,20,qbr,jsw,control_cpu_mean,10,1.895035662051,1.8881115447985,1.90188707309425,higher
stall,0.85,report-us,20,qbr,jsw,p999_us,10,-0.33078349439999216,-4.298263250299994,3.457469407210013,uncertain
stall,0.85,report-us,20,qbr,jsw,p99_us,10,-2.282296413299997,-3.0974342217399924,-1.4258011891949993,lower
stall,0.85,report-us,20,qbr,jsw,slo_miss_rate,10,-0.023522677200000043,-0.08553289272977502,0.03576823297417495,uncertain
stall,0.85,report-us,20,qbr,steal,class0_p99_us,10,0.5861302876099991,-0.024648144445000658,1.1667395377019993,uncertain
stall,0.85,report-us,20,qbr,steal,control_cpu_mean,10,-4.1336647889639995,-4.215548453786551,-4.03883847308635,lower
stall,0.85,report-us,20,qbr,steal,p999_us,10,2.0107905186999973,-1.6507481329850002,6.387469215342497,uncertain
stall,0.85,report-us,20,qbr,steal,p99_us,10,0.6575351989000012,0.16918552233500642,1.18501042202,higher
stall,0.85,report-us,20,qbr,steal,slo_miss_rate,10,0.11011277961199992,0.04607471212492495,0.17353801925192483,higher
stall,0.85,report-us,20,qbr,threshold,class0_p99_us,10,-0.02829524642000152,-0.5260160319952508,0.4800890497952476,uncertain
stall,0.85,report-us,20,qbr,threshold,control_cpu_mean,10,-1.6698915486819998,-1.690540254496525,-1.6481038510841497,lower
stall,0.85,report-us,20,qbr,threshold,p999_us,10,2.817980750800001,-0.7778641372999991,6.399965598527501,uncertain
stall,0.85,report-us,20,qbr,threshold,p99_us,10,0.2994857518000032,-0.07975056419249534,0.6752692655400044,uncertain
stall,0.85,report-us,20,qbr,threshold,slo_miss_rate,10,-0.005795729136000051,-0.06236060980300009,0.055424517159799895,uncertain
stall,0.85,report-us,20,steal,jbsq,class0_p99_us,10,6.226930247300001,5.780273684206251,6.63120370590575,higher
stall,0.85,report-us,20,steal,jbsq,control_cpu_mean,10,6.427100451018999,6.336030510900451,6.5068083966443,higher
stall,0.85,report-us,20,steal,jbsq,p999_us,10,3.480955090300006,-0.2586283622499982,7.922474334712502,uncertain
stall,0.85,report-us,20,steal,jbsq,p99_us,10,2.7251352281000036,2.4201897294200023,3.1360414846275013,higher
stall,0.85,report-us,20,steal,jbsq,slo_miss_rate,10,0.4731372704440001,0.38481794088950005,0.5529663705381,higher
stall,0.85,report-us,20,steal,jsw,class0_p99_us,10,-0.909702065710001,-1.2290811789487521,-0.5038933281735011,lower
stall,0.85,report-us,20,steal,jsw,control_cpu_mean,10,6.028700451015,5.93763051089645,6.1084083966403,higher
stall,0.85,report-us,20,steal,jsw,p999_us,10,-2.341574013099989,-4.597230723202489,-0.04355230740748522,lower
stall,0.85,report-us,20,steal,jsw,p99_us,10,-2.939831612199998,-3.5596676229075053,-2.245833711329998,lower
stall,0.85,report-us,20,steal,jsw,slo_miss_rate,10,-0.13363545681199995,-0.1760824484487,-0.08586905961829996,lower
stall,0.85,report-us,20,steal,qbr,class0_p99_us,10,-0.5861302876099991,-1.1667395377019998,0.024648144445000658,uncertain
stall,0.85,report-us,20,steal,qbr,control_cpu_mean,10,4.1336647889639995,4.03883847308635,4.21554845378655,higher
stall,0.85,report-us,20,steal,qbr,p999_us,10,-2.0107905186999973,-6.387469215342497,1.650748132985,uncertain
stall,0.85,report-us,20,steal,qbr,p99_us,10,-0.6575351989000012,-1.1850104220200002,-0.1691855223350065,lower
stall,0.85,report-us,20,steal,qbr,slo_miss_rate,10,-0.11011277961199992,-0.17353801925192486,-0.04607471212492495,lower
stall,0.85,report-us,20,steal,threshold,class0_p99_us,10,-0.6144255340300007,-1.0714754120882521,-0.17886964502100108,lower
stall,0.85,report-us,20,steal,threshold,control_cpu_mean,10,2.463773240282,2.350135161398376,2.5619053178402744,higher
stall,0.85,report-us,20,steal,threshold,p999_us,10,0.8071902321000038,-1.4812457375424928,2.9730236460300046,uncertain
stall,0.85,report-us,20,steal,threshold,p99_us,10,-0.35804944709999803,-0.7909314984075004,0.09573427644000775,uncertain
stall,0.85,report-us,20,steal,threshold,slo_miss_rate,10,-0.11590850874799999,-0.16379927489082496,-0.07108347050500001,lower
stall,0.85,report-us,20,threshold,jbsq,class0_p99_us,10,6.841355781330002,6.161209535150002,7.502462975414253,higher
stall,0.85,report-us,20,threshold,jbsq,control_cpu_mean,10,3.963327210737,3.9387250227510253,3.9874996342945748,higher
stall,0.85,report-us,20,threshold,jbsq,p999_us,10,2.673764858200002,-0.5613630133349929,6.146085886897489,uncertain
stall,0.85,report-us,20,threshold,jbsq,p99_us,10,3.083184675200002,2.61716371429,3.5157547789525063,higher
stall,0.85,report-us,20,threshold,jbsq,slo_miss_rate,10,0.5890457791920001,0.5114510146454001,0.6655318547342752,higher
stall,0.85,report-us,20,threshold,jsw,class0_p99_us,10,-0.29527653168000045,-0.8868817244070007,0.3057063180170003,uncertain
stall,0.85,report-us,20,threshold,jsw,control_cpu_mean,10,3.564927210733001,3.5403250227470253,3.5890996342905743,higher
stall,0.85,report-us,20,threshold,jsw,p999_us,10,-3.148764245199993,-5.06323421219999,-1.3105818168999888,lower
stall,0.85,report-us,20,threshold,jsw,p99_us,10,-2.5817821651000004,-3.2841520020675046,-1.8507626781599968,lower
stall,0.85,report-us,20,threshold,jsw,slo_miss_rate,10,-0.017726948063999992,-0.08935463317985004,0.05464770084795003,uncertain
stall,0.85,report-us,20,threshold,qbr,class0_p99_us,10,0.02829524642000152,-0.4800890497952479,0.5260160319952506,uncertain
stall,0.85,report-us,20,threshold,qbr,control_cpu_mean,10,1.6698915486819998,1.6481038510841497,1.690540254496525,higher
stall,0.85,report-us,20,threshold,qbr,p999_us,10,-2.817980750800001,-6.399965598527502,0.7778641372999991,uncertain
stall,0.85,report-us,20,threshold,qbr,p99_us,10,-0.2994857518000032,-0.6752692655400045,0.07975056419249525,uncertain
stall,0.85,report-us,20,threshold,qbr,slo_miss_rate,10,0.005795729136000051,-0.0554245171597999,0.06236060980300009,uncertain
stall,0.85,report-us,20,threshold,steal,class0_p99_us,10,0.6144255340300007,0.178869645021001,1.0714754120882521,higher
stall,0.85,report-us,20,threshold,steal,control_cpu_mean,10,-2.463773240282,-2.5619053178402744,-2.350135161398376,lower
stall,0.85,report-us,20,threshold,steal,p999_us,10,-0.8071902321000038,-2.973023646030009,1.4812457375424894,uncertain
stall,0.85,report-us,20,threshold,steal,p99_us,10,0.35804944709999803,-0.0957342764400078,0.7909314984075004,uncertain
stall,0.85,report-us,20,threshold,steal,slo_miss_rate,10,0.11590850874799999,0.07108347050499998,0.16379927489082488,higher
stall,0.85,report-us,5,jbsq,jsw,class0_p99_us,10,-4.382166120390001,-4.8525066838325,-3.7742034389422514,lower
stall,0.85,report-us,5,jbsq,jsw,control_cpu_mean,10,-1.5748000000100002,-1.5748000000100002,-1.5748000000100002,lower
stall,0.85,report-us,5,jbsq,jsw,p999_us,10,-2.2937886054000045,-5.069681208727501,0.7169122811374915,uncertain
stall,0.85,report-us,5,jbsq,jsw,p99_us,10,-3.5719449240000016,-4.094253469285002,-3.123559111527501,lower
stall,0.85,report-us,5,jbsq,jsw,slo_miss_rate,10,-0.21700001865,-0.2799064177136499,-0.15401071689309997,lower
stall,0.85,report-us,5,jbsq,qbr,class0_p99_us,10,-4.422405128760001,-4.89445836767475,-3.916474421181252,lower
stall,0.85,report-us,5,jbsq,qbr,control_cpu_mean,10,-5.075197680211,-5.078183358886751,-5.0715496393491994,lower
stall,0.85,report-us,5,jbsq,qbr,p999_us,10,-5.207350865500001,-8.173051063277503,-2.452532173157499,lower
stall,0.85,report-us,5,jbsq,qbr,p99_us,10,-2.666723080600005,-2.9618695772900043,-2.3867296402700036,lower
stall,0.85,report-us,5,jbsq,qbr,slo_miss_rate,10,-0.23021369352199997,-0.3094062103633,-0.14716738210435001,lower
stall,0.85,report-us,5,jbsq,steal,class0_p99_us,10,-4.909797484180002,-5.539639417719501,-4.211044584060253,lower
stall,0.85,report-us,5,jbsq,steal,control_cpu_mean,10,-9.202347919589,-9.2751037672986,-9.121148235382076,lower
stall,0.85,report-us,5,jbsq,steal,p999_us,10,-1.4014029303000028,-4.6632348516299915,1.8356957394274822,uncertain
stall,0.85,report-us,5,jbsq,steal,p99_us,10,-1.9178671146000057,-2.222579600907507,-1.6197364635475082,lower
stall,0.85,report-us,5,jbsq,steal,slo_miss_rate,10,-0.27973522706899995,-0.34753368412815006,-0.21406822458744998,lower
stall,0.85,report-us,5,jbsq,threshold,class0_p99_us,10,-5.877529030520001,-6.605250814626,-5.13392530471625,lower
stall,0.85,report-us,5,jbsq,threshold,control_cpu_mean,10,-6.7646890770170005,-6.79255709728655,-6.739449339495801,lower
stall,0.85,report-us,5,jbsq,threshold,p999_us,10,0.5844615606999923,-2.579489033012502,3.95982563875249,uncertain
stall,0.85,report-us,5,jbsq,threshold,p99_us,10,-2.2173794621000043,-2.686937021067502,-1.7710499984624994,lower
stall,0.85,report-us,5,jbsq,threshold,slo_miss_rate,10,-0.416885773024,-0.475022225871925,-0.35698707780070005,lower
stall,0.85,report-us,5,jsw,jbsq,class0_p99_us,10,4.382166120390001,3.774203438942251,4.8525066838325,higher
stall,0.85,report-us,5,jsw,jbsq,control_cpu_mean,10,1.5748000000100002,1.5748000000100002,1.5748000000100002,higher
stall,0.85,report-us,5,jsw,jbsq,p999_us,10,2.2937886054000045,-0.7169122811374932,5.069681208727501,uncertain
stall,0.85,report-us,5,jsw,jbsq,p99_us,10,3.5719449240000016,3.123559111527501,4.094253469285002,higher
stall,0.85,report-us,5,jsw,jbsq,slo_miss_rate,10,0.21700001865,0.15401071689309995,0.2799064177136499,higher
stall,0.85,report-us,5,jsw,qbr,class0_p99_us,10,-0.040239008370000565,-0.3547555010172525,0.27006769867800084,uncertain
stall,0.85,report-us,5,jsw,qbr,control_cpu_mean,10,-3.500397680201,-3.5033833588767496,-3.4967496393392,lower
stall,0.85,report-us,5,jsw,qbr,p999_us,10,-2.9135622600999964,-6.0919873425849875,0.10756590198997835,uncertain
stall,0.85,report-us,5,jsw,qbr,p99_us,10,0.9052218433999968,0.5647869214075012,1.2838140470374995,higher
stall,0.85,report-us,5,jsw,qbr,slo_miss_rate,10,-0.013213674872000028,-0.054249047158025025,0.027886166900674938,uncertain
stall,0.85,report-us,5,jsw,steal,class0_p99_us,10,-0.527631363790001,-0.817475027960501,-0.1872666917930019,lower
stall,0.85,report-us,5,jsw,steal,control_cpu_mean,10,-7.6275479195789995,-7.700303767288601,-7.546348235372074,lower
stall,0.85,report-us,5,jsw,steal,p999_us,10,0.8923856751000017,-1.742646201534995,3.0796880560324977,uncertain
stall,0.85,report-us,5,jsw,steal,p99_us,10,1.6540778093999962,1.2789966670924997,2.0134939121325033,higher
stall,0.85,report-us,5,jsw,steal,slo_miss_rate,10,-0.06273520841900002,-0.095209211559,-0.022720981781950034,lower
stall,0.85,report-us,5,jsw,threshold,class0_p99_us,10,-1.4953629101300003,-1.9554481929395005,-1.0575159536792502,lower
stall,0.85,report-us,5,jsw,threshold,control_cpu_mean,10,-5.189889077007,-5.217757097276551,-5.1646493394858,lower
stall,0.85,report-us,5,jsw,threshold,p999_us,10,2.878250166099997,0.5827402377250027,5.3904127614774895,higher
stall,0.85,report-us,5,jsw,threshold,p99_us,10,1.3545654618999976,0.8993956499224948,1.8418008385574955,higher
stall,0.85,report-us,5,jsw,threshold,slo_miss_rate,10,-0.19988575437400002,-0.25632891212992504,-0.13933481706767503,lower
stall,0.85,report-us,5,qbr,jbsq,class0_p99_us,10,4.422405128760001,3.9164744211812517,4.89445836767475,higher
stall,0.85,report-us,5,qbr,jbsq,control_cpu_mean,10,5.075197680211,5.0715496393491994,5.078183358886751,higher
stall,0.85,report-us,5,qbr,jbsq,p999_us,10,5.207350865500001,2.4525321731574947,8.173051063277502,higher
stall,0.85,report-us,5,qbr,jbsq,p99_us,10,2.666723080600005,2.3867296402700036,2.9618695772900043,higher
stall,0.85,report-us,5,qbr,jbsq,slo_miss_rate,10,0.23021369352199997,0.14716738210435,0.3094062103633,higher
stall,0.85,report-us,5,qbr,jsw,class0_p99_us,10,0.040239008370000565,-0.27006769867800096,0.3547555010172524,uncertain
stall,0.85,report-us,5,qbr,jsw,control_cpu_mean,10,3.500397680201,3.4967496393392,3.5033833588767496,higher
stall,0.85,report-us,5,qbr,jsw,p999_us,10,2.9135622600999964,-0.10756590198997855,6.091987342584987,uncertain
stall,0.85,report-us,5,qbr,jsw,p99_us,10,-0.9052218433999968,-1.2838140470374995,-0.5647869214075012,lower
stall,0.85,report-us,5,qbr,jsw,slo_miss_rate,10,0.013213674872000028,-0.02788616690067495,0.05424904715802501,uncertain
stall,0.85,report-us,5,qbr,steal,class0_p99_us,10,-0.4873923554200005,-0.905942287810002,-0.08377627073825086,lower
stall,0.85,report-us,5,qbr,steal,control_cpu_mean,10,-4.127150239377999,-4.20029789396885,-4.0452088293321,lower
stall,0.85,report-us,5,qbr,steal,p999_us,10,3.805947935199998,0.3704899244675072,7.0271788920124925,higher
stall,0.85,report-us,5,qbr,steal,p99_us,10,0.7488559659999993,0.5232830634624973,0.9557725292424945,higher
stall,0.85,report-us,5,qbr,steal,slo_miss_rate,10,-0.04952153354699997,-0.0930694390738499,-0.005157381605250092,lower
stall,0.85,report-us,5,qbr,threshold,class0_p99_us,10,-1.4551239017599997,-1.8975563876092516,-1.0137618658814977,lower
stall,0.85,report-us,5,qbr,threshold,control_cpu_mean,10,-1.689491396806,-1.7161753311194,-1.665876957768625,lower
stall,0.85,report-us,5,qbr,threshold,p999_us,10,5.791812426199994,2.7137429894724865,8.85344287518998,higher
stall,0.85,report-us,5,qbr,threshold,p99_us,10,0.4493436185000007,0.07340475869749895,0.8796477343400009,higher
stall,0.85,report-us,5,qbr,threshold,slo_miss_rate,10,-0.18667207950200004,-0.24131485736754996,-0.13036897866155,lower
stall,0.85,report-us,5,steal,jbsq,class0_p99_us,10,4.909797484180002,4.211044584060252,5.539639417719501,higher
stall,0.85,report-us,5,steal,jbsq,control_cpu_mean,10,9.202347919589,9.121148235382076,9.2751037672986,higher
stall,0.85,report-us,5,steal,jbsq,p999_us,10,1.4014029303000028,-1.8356957394274827,4.663234851629991,uncertain
stall,0.85,report-us,5,steal,jbsq,p99_us,10,1.9178671146000057,1.6197364635475082,2.222579600907507,higher
stall,0.85,report-us,5,steal,jbsq,slo_miss_rate,10,0.27973522706899995,0.21406822458744995,0.34753368412815,higher
stall,0.85,report-us,5,steal,jsw,class0_p99_us,10,0.527631363790001,0.18726669179300182,0.817475027960501,higher
stall,0.85,report-us,5,steal,jsw,control_cpu_mean,10,7.6275479195789995,7.546348235372074,7.700303767288601,higher
stall,0.85,report-us,5,steal,jsw,p999_us,10,-0.8923856751000017,-3.0796880560325004,1.7426462015349944,uncertain
stall,0.85,report-us,5,steal,jsw,p99_us,10,-1.6540778093999962,-2.0134939121325033,-1.2789966670925,lower
stall,0.85,report-us,5,steal,jsw,slo_miss_rate,10,0.06273520841900002,0.02272098178195,0.095209211559,higher
stall,0.85,report-us,5,steal,qbr,class0_p99_us,10,0.4873923554200005,0.08377627073825081,0.9059422878100019,higher
stall,0.85,report-us,5,steal,qbr,control_cpu_mean,10,4.127150239377999,4.0452088293321,4.20029789396885,higher
stall,0.85,report-us,5,steal,qbr,p999_us,10,-3.805947935199998,-7.027178892012493,-0.37048992446751544,lower
stall,0.85,report-us,5,steal,qbr,p99_us,10,-0.7488559659999993,-0.9557725292424945,-0.5232830634624973,lower
stall,0.85,report-us,5,steal,qbr,slo_miss_rate,10,0.04952153354699997,0.005157381605250021,0.09306943907384989,higher
stall,0.85,report-us,5,steal,threshold,class0_p99_us,10,-0.9677315463399992,-1.3792218711499975,-0.5721528422697503,lower
stall,0.85,report-us,5,steal,threshold,control_cpu_mean,10,2.4376588425719996,2.3315407173186746,2.5332686672084996,higher
stall,0.85,report-us,5,steal,threshold,p999_us,10,1.9858644909999952,-0.6838787721250069,5.165206569232483,uncertain
stall,0.85,report-us,5,steal,threshold,p99_us,10,-0.29951234749999855,-0.7140516589874982,0.1331602845349995,uncertain
stall,0.85,report-us,5,steal,threshold,slo_miss_rate,10,-0.13715054595500004,-0.19589285885682506,-0.07639664847662506,lower
stall,0.85,report-us,5,threshold,jbsq,class0_p99_us,10,5.877529030520001,5.13392530471625,6.605250814626,higher
stall,0.85,report-us,5,threshold,jbsq,control_cpu_mean,10,6.7646890770170005,6.739449339495801,6.79255709728655,higher
stall,0.85,report-us,5,threshold,jbsq,p999_us,10,-0.5844615606999923,-3.9598256387524904,2.5794890330124995,uncertain
stall,0.85,report-us,5,threshold,jbsq,p99_us,10,2.2173794621000043,1.7710499984624992,2.686937021067502,higher
stall,0.85,report-us,5,threshold,jbsq,slo_miss_rate,10,0.416885773024,0.35698707780070005,0.4750222258719249,higher
stall,0.85,report-us,5,threshold,jsw,class0_p99_us,10,1.4953629101300003,1.0575159536792502,1.9554481929395005,higher
stall,0.85,report-us,5,threshold,jsw,control_cpu_mean,10,5.189889077007,5.1646493394858,5.217757097276551,higher
stall,0.85,report-us,5,threshold,jsw,p999_us,10,-2.878250166099997,-5.39041276147749,-0.5827402377250059,lower
stall,0.85,report-us,5,threshold,jsw,p99_us,10,-1.3545654618999976,-1.8418008385574955,-0.8993956499224949,lower
stall,0.85,report-us,5,threshold,jsw,slo_miss_rate,10,0.19988575437400002,0.139334817067675,0.25632891212992504,higher
stall,0.85,report-us,5,threshold,qbr,class0_p99_us,10,1.4551239017599997,1.0137618658814977,1.8975563876092512,higher
stall,0.85,report-us,5,threshold,qbr,control_cpu_mean,10,1.689491396806,1.665876957768625,1.7161753311194,higher
stall,0.85,report-us,5,threshold,qbr,p999_us,10,-5.791812426199994,-8.853442875189984,-2.71374298947249,lower
stall,0.85,report-us,5,threshold,qbr,p99_us,10,-0.4493436185000007,-0.879647734340001,-0.07340475869749911,lower
stall,0.85,report-us,5,threshold,qbr,slo_miss_rate,10,0.18667207950200004,0.13036897866155,0.24131485736754973,higher
stall,0.85,report-us,5,threshold,steal,class0_p99_us,10,0.9677315463399992,0.5721528422697502,1.379221871149997,higher
stall,0.85,report-us,5,threshold,steal,control_cpu_mean,10,-2.4376588425719996,-2.5332686672084996,-2.331540717318675,lower
stall,0.85,report-us,5,threshold,steal,p999_us,10,-1.9858644909999952,-5.165206569232484,0.6838787721249998,uncertain
stall,0.85,report-us,5,threshold,steal,p99_us,10,0.29951234749999855,-0.13316028453499962,0.7140516589874981,uncertain
stall,0.85,report-us,5,threshold,steal,slo_miss_rate,10,0.13715054595500004,0.07639664847662506,0.195892858856825,higher
stall,0.85,report-us,80,jbsq,jsw,class0_p99_us,10,-29.566168403020004,-30.246340500113,-28.890417741792003,lower
stall,0.85,report-us,80,jbsq,jsw,control_cpu_mean,10,-0.09990000000090002,-0.09990000000090002,-0.09990000000090002,lower
stall,0.85,report-us,80,jbsq,jsw,p999_us,10,-16.8471816565,-20.555308597007496,-13.964961598859992,lower
stall,0.85,report-us,80,jbsq,jsw,p99_us,10,-18.6653942724,-19.3895497122375,-17.972751825615003,lower
stall,0.85,report-us,80,jbsq,jsw,slo_miss_rate,10,-11.210837098862001,-11.68727322016235,-10.765841556996001,lower
stall,0.85,report-us,80,jbsq,qbr,class0_p99_us,10,-33.86865299375001,-34.5248698972295,-33.262376226408,lower
stall,0.85,report-us,80,jbsq,qbr,control_cpu_mean,10,-4.209046166914,-4.229253037692625,-4.189692809350524,lower
stall,0.85,report-us,80,jbsq,qbr,p999_us,10,-14.912545804699999,-18.181120677580004,-11.376956555585,lower
stall,0.85,report-us,80,jbsq,qbr,p99_us,10,-14.265048898900005,-14.74402736625001,-13.790908291160001,lower
stall,0.85,report-us,80,jbsq,qbr,slo_miss_rate,10,-11.598817741872,-11.96575913794105,-11.238570420261176,lower
stall,0.85,report-us,80,jbsq,steal,class0_p99_us,10,-30.365832617790005,-31.170187608782754,-29.485065901710755,lower
stall,0.85,report-us,80,jbsq,steal,control_cpu_mean,10,-2.253544109085,-2.2828167300845745,-2.22399784317005,lower
stall,0.85,report-us,80,jbsq,steal,p999_us,10,-12.9550487111,-15.571926609122501,-10.395574208265002,lower
stall,0.85,report-us,80,jbsq,steal,p99_us,10,-13.550835611300005,-14.136007181650003,-12.972971134737508,lower
stall,0.85,report-us,80,jbsq,steal,slo_miss_rate,10,-11.120765464832001,-11.593366548495851,-10.669034737099178,lower
stall,0.85,report-us,80,jbsq,threshold,class0_p99_us,10,-34.92455430861,-36.0241921677775,-33.959756350555004,lower
stall,0.85,report-us,80,jbsq,threshold,control_cpu_mean,10,-4.326178184303,-4.361058749763625,-4.297972726032625,lower
stall,0.85,report-us,80,jbsq,threshold,p999_us,10,-13.926941676300014,-17.03517807150002,-10.501990010217511,lower
stall,0.85,report-us,80,jbsq,threshold,p99_us,10,-14.649219853100002,-15.214023167259999,-14.139232732665,lower
stall,0.85,report-us,80,jbsq,threshold,slo_miss_rate,10,-11.917263352862001,-12.26347107252425,-11.521691622812273,lower
stall,0.85,report-us,80,jsw,jbsq,class0_p99_us,10,29.566168403020004,28.890417741792003,30.246340500113,higher
stall,0.85,report-us,80,jsw,jbsq,control_cpu_mean,10,0.09990000000090002,0.09990000000090002,0.09990000000090002,higher
stall,0.85,report-us,80,jsw,jbsq,p999_us,10,16.8471816565,13.96496159885999,20.55530859700749,higher
stall,0.85,report-us,80,jsw,jbsq,p99_us,10,18.6653942724,17.972751825615003,19.3895497122375,higher
stall,0.85,report-us,80,jsw,jbsq,slo_miss_rate,10,11.210837098862001,10.765841556996001,11.687273220162348,higher
stall,0.85,report-us,80,jsw,qbr,class0_p99_us,10,-4.302484590730002,-4.669473459354004,-3.9509631011850046,lower
stall,0.85,report-us,80,jsw,qbr,control_cpu_mean,10,-4.109146166913099,-4.129353037691725,-4.089792809349625,lower
stall,0.85,report-us,80,jsw,qbr,p999_us,10,1.9346358517999989,0.20444664850249553,3.899056652032502,higher
stall,0.85,report-us,80,jsw,qbr,p99_us,10,4.400345373499997,3.6335265797974947,5.175389304279995,higher
stall,0.85,report-us,80,jsw,qbr,slo_miss_rate,10,-0.38798064300999946,-0.5879948603117491,-0.13706279181999903,lower
stall,0.85,report-us,80,jsw,steal,class0_p99_us,10,-0.7996642147700023,-1.642214000462,0.02976154850149844,uncertain
stall,0.85,report-us,80,jsw,steal,control_cpu_mean,10,-2.1536441090841003,-2.182916730083675,-2.1240978431691504,lower
stall,0.85,report-us,80,jsw,steal,p999_us,10,3.892132945399999,1.0007298037999874,6.375520289642497,higher
stall,0.85,report-us,80,jsw,steal,p99_us,10,5.114558661099997,4.231206385060002,5.909442464919997,higher
stall,0.85,report-us,80,jsw,steal,slo_miss_rate,10,0.09007163403000021,-0.13464670943449952,0.3247704317800001,uncertain
stall,0.85,report-us,80,jsw,threshold,class0_p99_us,10,-5.3583859055900005,-5.970148187391247,-4.785754969930253,lower
stall,0.85,report-us,80,jsw,threshold,control_cpu_mean,10,-4.226278184302101,-4.261158749762725,-4.198072726031724,lower
stall,0.85,report-us,80,jsw,threshold,p999_us,10,2.920239980199983,0.7344623319349739,5.12842558626499,higher
stall,0.85,report-us,80,jsw,threshold,p99_us,10,4.0161744193,3.1694690125425007,4.997778671257499,higher
stall,0.85,report-us,80,jsw,threshold,slo_miss_rate,10,-0.7064262539999999,-0.95019902786925,-0.44426654236225005,lower
stall,0.85,report-us,80,qbr,jbsq,class0_p99_us,10,33.86865299375001,33.262376226408,34.5248698972295,higher
stall,0.85,report-us,80,qbr,jbsq,control_cpu_mean,10,4.209046166914,4.189692809350524,4.229253037692625,higher
stall,0.85,report-us,80,qbr,jbsq,p999_us,10,14.912545804699999,11.376956555584997,18.18112067758,higher
stall,0.85,report-us,80,qbr,jbsq,p99_us,10,14.265048898900005,13.790908291160001,14.74402736625001,higher
stall,0.85,report-us,80,qbr,jbsq,slo_miss_rate,10,11.598817741872,11.238570420261174,11.965759137941049,higher
stall,0.85,report-us,80,qbr,jsw,class0_p99_us,10,4.302484590730002,3.950963101185004,4.669473459354003,higher
stall,0.85,report-us,80,qbr,jsw,control_cpu_mean,10,4.109146166913099,4.089792809349625,4.129353037691725,higher
stall,0.85,report-us,80,qbr,jsw,p999_us,10,-1.9346358517999989,-3.899056652032504,-0.20444664850249603,lower
stall,0.85,report-us,80,qbr,jsw,p99_us,10,-4.400345373499997,-5.175389304279995,-3.6335265797974947,lower
stall,0.85,report-us,80,qbr,jsw,slo_miss_rate,10,0.38798064300999946,0.137062791819999,0.5879948603117489,higher
stall,0.85,report-us,80,qbr,steal,class0_p99_us,10,3.50282037596,2.6925598210254993,4.32397497594775,higher
stall,0.85,report-us,80,qbr,steal,control_cpu_mean,10,1.955502057829,1.925238516764125,1.98623705130395,higher
stall,0.85,report-us,80,qbr,steal,p999_us,10,1.9574970936,-0.2048783004700078,4.0163368011075065,uncertain
stall,0.85,report-us,80,qbr,steal,p99_us,10,0.7142132876000005,-0.09846897513500238,1.5044633466125095,uncertain
stall,0.85,report-us,80,qbr,steal,slo_miss_rate,10,0.4780522770399996,0.16575227566699985,0.7791849980959993,higher
stall,0.85,report-us,80,qbr,threshold,class0_p99_us,10,-1.0559013148599987,-1.6090685779077507,-0.49476412135549924,lower
stall,0.85,report-us,80,qbr,threshold,control_cpu_mean,10,-0.11713201738900003,-0.1387906574310001,-0.0991743436001751,lower
stall,0.85,report-us,80,qbr,threshold,p999_us,10,0.9856041283999843,-0.2168392339900243,2.2145426039349827,uncertain
stall,0.85,report-us,80,qbr,threshold,p99_us,10,-0.38417095419999614,-1.2065870711374964,0.3951356896300065,uncertain
stall,0.85,report-us,80,qbr,threshold,slo_miss_rate,10,-0.3184456109900007,-0.4339797491290004,-0.19944327744125112,lower
stall,0.85,report-us,80,steal,jbsq,class0_p99_us,10,30.365832617790005,29.485065901710755,31.170187608782754,higher
stall,0.85,report-us,80,steal,jbsq,control_cpu_mean,10,2.253544109085,2.2239978431700496,2.2828167300845745,higher
stall,0.85,report-us,80,steal,jbsq,p999_us,10,12.9550487111,10.395574208265,15.571926609122501,higher
stall,0.85,report-us,80,steal,jbsq,p99_us,10,13.550835611300005,12.972971134737508,14.136007181650003,higher
stall,0.85,report-us,80,steal,jbsq,slo_miss_rate,10,11.120765464832001,10.669034737099178,11.593366548495851,higher
stall,0.85,report-us,80,steal,jsw,class0_p99_us,10,0.7996642147700023,-0.029761548501498848,1.6422140004619996,uncertain
stall,0.85,report-us,80,steal,jsw,control_cpu_mean,10,2.1536441090841003,2.12409784316915,2.182916730083675,higher
stall,0.85,report-us,80,steal,jsw,p999_us,10,-3.892132945399999,-6.375520289642505,-1.0007298037999874,lower
stall,0.85,report-us,80,steal,jsw,p99_us,10,-5.114558661099997,-5.909442464919998,-4.231206385060002,lower
stall,0.85,report-us,80,steal,jsw,slo_miss_rate,10,-0.09007163403000021,-0.3247704317800001,0.1346467094344994,uncertain
stall,0.85,report-us,80,steal,qbr,class0_p99_us,10,-3.50282037596,-4.32397497594775,-2.6925598210254993,lower
stall,0.85,report-us,80,steal,qbr,control_cpu_mean,10,-1.955502057829,-1.98623705130395,-1.925238516764125,lower
stall,0.85,report-us,80,steal,qbr,p999_us,10,-1.9574970936,-4.016336801107507,0.2048783004700053,uncertain
stall,0.85,report-us,80,steal,qbr,p99_us,10,-0.7142132876000005,-1.5044633466125095,0.09846897513500234,uncertain
stall,0.85,report-us,80,steal,qbr,slo_miss_rate,10,-0.4780522770399996,-0.7791849980959994,-0.16575227566699988,lower
stall,0.85,report-us,80,steal,threshold,class0_p99_us,10,-4.558721690819999,-5.6686202778639965,-3.4297943621157527,lower
stall,0.85,report-us,80,steal,threshold,control_cpu_mean,10,-2.072634075218,-2.1195533514525495,-2.028587605103675,lower
stall,0.85,report-us,80,steal,threshold,p999_us,10,-0.9718929652000157,-2.958944703960017,0.980005633899981,uncertain
stall,0.85,report-us,80,steal,threshold,p99_us,10,-1.0983842417999967,-1.7571172350624993,-0.36010538654499685,lower
stall,0.85,report-us,80,steal,threshold,slo_miss_rate,10,-0.7964978880300003,-1.138624710857,-0.4442375564487512,lower
stall,0.85,report-us,80,threshold,jbsq,class0_p99_us,10,34.92455430861,33.959756350555004,36.0241921677775,higher
stall,0.85,report-us,80,threshold,jbsq,control_cpu_mean,10,4.326178184303,4.297972726032625,4.361058749763625,higher
stall,0.85,report-us,80,threshold,jbsq,p999_us,10,13.926941676300014,10.501990010217511,17.03517807150002,higher
stall,0.85,report-us,80,threshold,jbsq,p99_us,10,14.649219853100002,14.139232732665,15.214023167259999,higher
stall,0.85,report-us,80,threshold,jbsq,slo_miss_rate,10,11.917263352862001,11.521691622812273,12.26347107252425,higher
stall,0.85,report-us,80,threshold,jsw,class0_p99_us,10,5.3583859055900005,4.785754969930253,5.9701481873912465,higher
stall,0.85,report-us,80,threshold,jsw,control_cpu_mean,10,4.226278184302101,4.198072726031724,4.261158749762725,higher
stall,0.85,report-us,80,threshold,jsw,p999_us,10,-2.920239980199983,-5.128425586264992,-0.7344623319349751,lower
stall,0.85,report-us,80,threshold,jsw,p99_us,10,-4.0161744193,-4.997778671257499,-3.169469012542501,lower
stall,0.85,report-us,80,threshold,jsw,slo_miss_rate,10,0.7064262539999999,0.44426654236225,0.95019902786925,higher
stall,0.85,report-us,80,threshold,qbr,class0_p99_us,10,1.0559013148599987,0.49476412135549885,1.6090685779077505,higher
stall,0.85,report-us,80,threshold,qbr,control_cpu_mean,10,0.11713201738900003,0.09917434360017509,0.1387906574310001,higher
stall,0.85,report-us,80,threshold,qbr,p999_us,10,-0.9856041283999843,-2.214542603934983,0.2168392339900209,uncertain
stall,0.85,report-us,80,threshold,qbr,p99_us,10,0.38417095419999614,-0.3951356896300065,1.2065870711374913,uncertain
stall,0.85,report-us,80,threshold,qbr,slo_miss_rate,10,0.3184456109900007,0.19944327744125104,0.43397974912900034,higher
stall,0.85,report-us,80,threshold,steal,class0_p99_us,10,4.558721690819999,3.429794362115751,5.668620277863994,higher
stall,0.85,report-us,80,threshold,steal,control_cpu_mean,10,2.072634075218,2.028587605103675,2.1195533514525495,higher
stall,0.85,report-us,80,threshold,steal,p999_us,10,0.9718929652000157,-0.980005633899981,2.9589447039600167,uncertain
stall,0.85,report-us,80,threshold,steal,p99_us,10,1.0983842417999967,0.36010538654499674,1.7571172350624988,higher
stall,0.85,report-us,80,threshold,steal,slo_miss_rate,10,0.7964978880300003,0.4442375564487505,1.138624710857,higher
steady,0.85,ablation,steady,fixed_batch,jsw,class0_p99_us,10,0.40826928359999926,-0.0009056400725007278,0.799916933564499,uncertain
steady,0.85,ablation,steady,fixed_batch,jsw,control_cpu_mean,10,3.2922102763290004,3.2708832036100004,3.3141578933157003,higher
steady,0.85,ablation,steady,fixed_batch,jsw,p999_us,10,-0.04826316619999602,-1.0977556412499967,0.9698324480624987,uncertain
steady,0.85,ablation,steady,fixed_batch,jsw,p99_us,10,-0.19982792809999522,-0.4008751353599964,0.037177834700013145,uncertain
steady,0.85,ablation,steady,fixed_batch,jsw,slo_miss_rate,10,0.0468529062504,-0.006833225071924972,0.10112447160340499,uncertain
steady,0.85,ablation,steady,fixed_batch,qbr,class0_p99_us,10,0.6070999175399997,0.05904046166099848,1.15687428090425,higher
steady,0.85,ablation,steady,fixed_batch,qbr,control_cpu_mean,10,1.4614057752540002,1.4435373530702253,1.479513220165775,higher
steady,0.85,ablation,steady,fixed_batch,qbr,p999_us,10,-0.19960150559999193,-0.7123517871549934,0.2927828508975177,uncertain
steady,0.85,ablation,steady,fixed_batch,qbr,p99_us,10,0.036758850299997904,-0.18182074335250312,0.29118943036749173,uncertain
steady,0.85,ablation,steady,fixed_batch,qbr,slo_miss_rate,10,0.06955052944119997,-0.0033884285039150557,0.14132310197155493,uncertain
steady,0.85,ablation,steady,jbsq_depth1,jsw,class0_p99_us,10,1558.53649067995,1478.663741381449,1641.1110319787156,higher
steady,0.85,ablation,steady,jbsq_depth1,jsw,control_cpu_mean,10,-0.398400000004,-0.398400000004,-0.398400000004,lower
steady,0.85,ablation,steady,jbsq_depth1,jsw,p999_us,10,1483.1025573124,1398.4232510486074,1568.0815370861649,higher
steady,0.85,ablation,steady,jbsq_depth1,jsw,p99_us,10,1460.8330263661996,1374.1834740896898,1545.602242225945,higher
steady,0.85,ablation,steady,jbsq_depth1,jsw,slo_miss_rate,10,98.8290657469884,98.72241270072934,98.92285314783395,higher
steady,0.85,ablation,steady,jbsq_depth1,qbr,class0_p99_us,10,1558.7353213138904,1478.464873958674,1640.965832782613,higher
steady,0.85,ablation,steady,jbsq_depth1,qbr,control_cpu_mean,10,-2.229204501079,-2.2364644233922246,-2.22185103607425,lower
steady,0.85,ablation,steady,jbsq_depth1,qbr,p999_us,10,1482.951218973,1397.8311819878877,1568.2827632758322,higher
steady,0.85,ablation,steady,jbsq_depth1,qbr,p99_us,10,1461.0696131446,1374.6665086914575,1545.5547286232422,higher
steady,0.85,ablation,steady,jbsq_depth1,qbr,slo_miss_rate,10,98.85176337017921,98.77415702188816,98.92863977393928,higher
steady,0.85,ablation,steady,jbsq_depth2,jsw,class0_p99_us,10,-9.216366535289998,-9.609225101433749,-8.74124976009175,lower
steady,0.85,ablation,steady,jbsq_depth2,jsw,control_cpu_mean,10,-0.398400000004,-0.398400000004,-0.398400000004,lower
steady,0.85,ablation,steady,jbsq_depth2,jsw,p999_us,10,-3.5867705643999956,-4.377198143889992,-2.9000181213674914,lower
steady,0.85,ablation,steady,jbsq_depth2,jsw,p99_us,10,-3.696989780399991,-3.8685733937599953,-3.5202418003749854,lower
steady,0.85,ablation,steady,jbsq_depth2,jsw,slo_miss_rate,10,-0.3925438819792,-0.468944361623215,-0.3349934154756726,lower
steady,0.85,ablation,steady,jbsq_depth2,qbr,class0_p99_us,10,-9.017535901349998,-9.595953068962,-8.386732652311748,lower
steady,0.85,ablation,steady,jbsq_depth2,qbr,control_cpu_mean,10,-2.229204501079,-2.2364644233922246,-2.22185103607425,lower
steady,0.85,ablation,steady,jbsq_depth2,qbr,p999_us,10,-3.7381089037999913,-4.622135503994992,-2.875576002782492,lower
steady,0.85,ablation,steady,jbsq_depth2,qbr,p99_us,10,-3.4604030019999983,-3.6687403794599978,-3.223525740132503,lower
steady,0.85,ablation,steady,jbsq_depth2,qbr,slo_miss_rate,10,-0.36984625878840005,-0.4274747763914775,-0.3163073397275301,lower
steady,0.85,ablation,steady,jbsq_depth4,jsw,class0_p99_us,10,-9.216366535289998,-9.609225101433749,-8.74124976009175,lower
steady,0.85,ablation,steady,jbsq_depth4,jsw,control_cpu_mean,10,-0.398400000004,-0.398400000004,-0.398400000004,lower
steady,0.85,ablation,steady,jbsq_depth4,jsw,p999_us,10,-3.5867705643999956,-4.377198143889992,-2.9000181213674914,lower
steady,0.85,ablation,steady,jbsq_depth4,jsw,p99_us,10,-3.696989780399991,-3.8685733937599953,-3.5202418003749854,lower
steady,0.85,ablation,steady,jbsq_depth4,jsw,slo_miss_rate,10,-0.3925438819792,-0.468944361623215,-0.3349934154756726,lower
steady,0.85,ablation,steady,jbsq_depth4,qbr,class0_p99_us,10,-9.017535901349998,-9.595953068962,-8.386732652311748,lower
steady,0.85,ablation,steady,jbsq_depth4,qbr,control_cpu_mean,10,-2.229204501079,-2.2364644233922246,-2.22185103607425,lower
steady,0.85,ablation,steady,jbsq_depth4,qbr,p999_us,10,-3.7381089037999913,-4.622135503994992,-2.875576002782492,lower
steady,0.85,ablation,steady,jbsq_depth4,qbr,p99_us,10,-3.4604030019999983,-3.6687403794599978,-3.223525740132503,lower
steady,0.85,ablation,steady,jbsq_depth4,qbr,slo_miss_rate,10,-0.36984625878840005,-0.4274747763914775,-0.3163073397275301,lower
steady,0.85,ablation,steady,jbsq_depth8,jsw,class0_p99_us,10,-9.216366535289998,-9.609225101433749,-8.74124976009175,lower
steady,0.85,ablation,steady,jbsq_depth8,jsw,control_cpu_mean,10,-0.398400000004,-0.398400000004,-0.398400000004,lower
steady,0.85,ablation,steady,jbsq_depth8,jsw,p999_us,10,-3.5867705643999956,-4.377198143889992,-2.9000181213674914,lower
steady,0.85,ablation,steady,jbsq_depth8,jsw,p99_us,10,-3.696989780399991,-3.8685733937599953,-3.5202418003749854,lower
steady,0.85,ablation,steady,jbsq_depth8,jsw,slo_miss_rate,10,-0.3925438819792,-0.468944361623215,-0.3349934154756726,lower
steady,0.85,ablation,steady,jbsq_depth8,qbr,class0_p99_us,10,-9.017535901349998,-9.595953068962,-8.386732652311748,lower
steady,0.85,ablation,steady,jbsq_depth8,qbr,control_cpu_mean,10,-2.229204501079,-2.2364644233922246,-2.22185103607425,lower
steady,0.85,ablation,steady,jbsq_depth8,qbr,p999_us,10,-3.7381089037999913,-4.622135503994992,-2.875576002782492,lower
steady,0.85,ablation,steady,jbsq_depth8,qbr,p99_us,10,-3.4604030019999983,-3.6687403794599978,-3.223525740132503,lower
steady,0.85,ablation,steady,jbsq_depth8,qbr,slo_miss_rate,10,-0.36984625878840005,-0.4274747763914775,-0.3163073397275301,lower
steady,0.85,ablation,steady,jsw,qbr,class0_p99_us,10,0.19883063394000047,-0.4019731465737506,0.9110889049504992,uncertain
steady,0.85,ablation,steady,jsw,qbr,control_cpu_mean,10,-1.830804501075,-1.838064423388225,-1.8234510360702498,lower
steady,0.85,ablation,steady,jsw,qbr,p999_us,10,-0.1513383393999959,-1.0142796105799916,0.6523253614399943,uncertain
steady,0.85,ablation,steady,jsw,qbr,p99_us,10,0.23658677839999315,-0.055442987912506896,0.546642515024996,uncertain
steady,0.85,ablation,steady,jsw,qbr,slo_miss_rate,10,0.022697623190799966,-0.06297586190815503,0.12205813970460001,uncertain
steady,0.85,ablation,steady,no_reserve,jsw,class0_p99_us,10,0.09232608482999964,-0.38266551629800083,0.6412584218529994,uncertain
steady,0.85,ablation,steady,no_reserve,jsw,control_cpu_mean,10,1.8319734975789999,1.826545451045425,1.837451663691325,higher
steady,0.85,ablation,steady,no_reserve,jsw,p999_us,10,0.24696728189999817,-0.4921592799925037,0.9427209251000022,uncertain
steady,0.85,ablation,steady,no_reserve,jsw,p99_us,10,-0.32718840289999773,-0.6732515427150002,0.055619903117505136,uncertain
steady,0.85,ablation,steady,no_reserve,jsw,slo_miss_rate,10,0.006708398216400041,-0.05612483253608498,0.08571965710946991,uncertain
steady,0.85,ablation,steady,no_reserve,qbr,class0_p99_us,10,0.2911567187700001,-0.23520994423999966,0.8806898059647497,uncertain
steady,0.85,ablation,steady,no_reserve,qbr,control_cpu_mean,10,0.0011689965040000486,-0.0041022488643249365,0.007820092265025029,uncertain
steady,0.85,ablation,steady,no_reserve,qbr,p999_us,10,0.09562894250000227,-0.8208585751374943,1.0023473762000037,uncertain
steady,0.85,ablation,steady,no_reserve,qbr,p99_us,10,-0.09060162450000461,-0.29051981307000546,0.10958845695499767,uncertain
steady,0.85,ablation,steady,no_reserve,qbr,slo_miss_rate,10,0.02940602140720001,-0.045529056412785006,0.11054995992005506,uncertain
steady,0.85,ablation,steady,qbr,jsw,class0_p99_us,10,-0.19883063394000047,-0.9110889049504995,0.4019731465737505,uncertain
steady,0.85,ablation,steady,qbr,jsw,control_cpu_mean,10,1.830804501075,1.8234510360702498,1.838064423388225,higher
steady,0.85,ablation,steady,qbr,jsw,p999_us,10,0.1513383393999959,-0.6523253614399979,1.0142796105799907,uncertain
steady,0.85,ablation,steady,qbr,jsw,p99_us,10,-0.23658677839999315,-0.546642515024996,0.055442987912506896,uncertain
steady,0.85,ablation,steady,qbr,jsw,slo_miss_rate,10,-0.022697623190799966,-0.12205813970460001,0.062975861908155,uncertain
